<?xml version="1.0"?>
<VTKFile type="UnstructuredGrid" version="2.2">
  <UnstructuredGrid>
    <Piece NumberOfPoints="11168" NumberOfCells="3704">
      <Points>
        <DataArray type="Float64" NumberOfComponents="3" format="ascii">0.4062499999999999 0.2812499999999999 0 0.4304029454646247 0.2812500000000001 0 0.4143009818215415 0.2812499999999999 0 0.4223519636430832 0.2812500000000001 0 0.4062499999999999 0.3124999999999999 0 0.4062499999999999 0.2916666666666666 0 0.4062500000000001 0.3020833333333334 0 0.4304029454646247 0.3125000000000001 0 0.4143009818215415 0.3124999999999999 0 0.4223519636430832 0.3125000000000001 0 0.4304029454646246 0.2812499999999999 0 0.4374999999999999 0.2812499999999999 0 0.4327686303097497 0.2812499999999999 0 0.435134315154875 0.2812500000000001 0 0.4375000000000001 0.3100164480803667 0 0.4374999999999999 0.2908388160267888 0 0.4375000000000001 0.3004276320535778 0 0.4304029454646246 0.3124999999999999 0 0.4327686303097497 0.3116387966443914 0 0.435134315154875 0.3108110919488859 0 0.5624999999999999 0.2812499999999999 0 0.5695970545353755 0.2812500000000001 0 0.564865684845125 0.2812499999999999 0 0.5672313696902503 0.2812500000000001 0 0.5624999999999999 0.3100164480803666 0 0.5624999999999999 0.2908388160267888 0 0.5625000000000001 0.3004276320535778 0 0.5695970545353755 0.3125000000000001 0 0.564865684845125 0.3108110919488858 0 0.5672313696902503 0.3116387966443915 0 0.5695970545353752 0.2812499999999999 0 0.5937499999999999 0.2812499999999999 0 0.5776480363569169 0.2812499999999999 0 0.5856990181784586 0.2812500000000001 0 0.5937500000000001 0.3125000000000001 0 0.5937499999999999 0.2916666666666666 0 0.5937500000000001 0.3020833333333334 0 0.5695970545353752 0.3124999999999999 0 0.5776480363569169 0.3124999999999999 0 0.5856990181784586 0.3125000000000001 0 0.3749999999999999 0.3124999999999999 0 0.3751563477785113 0.3125000000000001 0 0.3750521159261704 0.3124999999999999 0 0.3751042318523409 0.3125000000000001 0 0.3749999999999999 0.3437499999999999 0 0.3749999999999999 0.3229166666666666 0 0.3750000000000001 0.3333333333333334 0 0.3751563477785113 0.3437500000000001 0 0.3750521159261704 0.3437499999999999 0 0.3751042318523409 0.3437500000000001 0 0.3751563477785112 0.3124999999999999 0 0.4062499999999999 0.3124999999999999 0 0.3855208985190074 0.3124999999999999 0 0.3958854492595038 0.3125000000000001 0 0.4062500000000001 0.3233338246862179 0 0.4062499999999999 0.3161112748954059 0 0.4062500000000001 0.3197225497908119 0 0.3751563477785112 0.3437499999999999 0 0.3855208985190074 0.3360044655360864 0 0.3958854492595038 0.3292365369169838 0 0.4062499999999999 0.3124999999999999 0 0.4304029454646245 0.3125000000000001 0 0.4143009818215415 0.3124999999999999 0 0.4223519636430831 0.3125000000000001 0 0.4062499999999999 0.3233338246862177 0 0.4062499999999999 0.3161112748954059 0 0.4062500000000001 0.3197225497908119 0 0.4304029454646245 0.3125000000000001 0 0.4143009818215415 0.3192911781808971 0 0.4223519636430831 0.3156883550886844 0 0.5695970545353755 0.3124999999999999 0 0.5937499999999999 0.3124999999999999 0 0.577648036356917 0.3124999999999999 0 0.5856990181784586 0.3125000000000001 0 0.5937500000000001 0.3233338246862179 0 0.5937499999999999 0.3161112748954059 0 0.5937500000000001 0.3197225497908119 0 0.5695970545353755 0.3124999999999999 0 0.577648036356917 0.3156883550886843 0 0.5856990181784586 0.3192911781808972 0 0.5937499999999999 0.3124999999999999 0 0.6248436522214889 0.3125000000000001 0 0.6041145507404961 0.3124999999999999 0 0.6144791014809926 0.3125000000000001 0 0.5937499999999999 0.3233338246862177 0 0.5937499999999999 0.3161112748954059 0 0.5937500000000001 0.3197225497908119 0 0.6248436522214889 0.3437500000000001 0 0.6041145507404961 0.3292365369169836 0 0.6144791014809926 0.3360044655360865 0 0.6248436522214886 0.3124999999999999 0 0.6249999999999999 0.3124999999999999 0 0.624895768147659 0.3124999999999999 0 0.6249478840738297 0.3125000000000001 0 0.6250000000000001 0.3437500000000001 0 0.6249999999999999 0.3229166666666666 0 0.6250000000000001 0.3333333333333334 0 0.6248436522214886 0.3437499999999999 0 0.624895768147659 0.3437499999999999 0 0.6249478840738297 0.3437500000000001 0 0.3437499999999999 0.3437499999999999 0 0.3438750500400399 0.3437500000000001 0 0.3437916833466799 0.3437499999999999 0 0.34383336669336 0.3437500000000001 0 0.3437499999999999 0.3749999999999999 0 0.3437499999999999 0.3541666666666666 0 0.3437500000000001 0.3645833333333334 0 0.3438750500400399 0.3750000000000001 0 0.3437916833466799 0.3749999999999999 0 0.34383336669336 0.3750000000000001 0 0.3438750500400398 0.3437499999999999 0 0.3749999999999999 0.3437499999999999 0 0.3542500333600265 0.3437499999999999 0 0.3646250166800133 0.3437500000000001 0 0.3750000000000001 0.34387505004004 0 0.3749999999999999 0.3437916833466799 0 0.3750000000000001 0.34383336669336 0 0.3438750500400398 0.3749999999999999 0 0.3542500333600265 0.3630439952961291 0 0.3646250166800133 0.3527803889044895 0 0.3749999999999999 0.3437499999999999 0 0.3751563477785113 0.3437500000000001 0 0.3750521159261704 0.3437499999999999 0 0.3751042318523409 0.3437500000000001 0 0.3749999999999999 0.3438750500400399 0 0.3749999999999999 0.3437916833466799 0 0.3750000000000001 0.34383336669336 0 0.3751563477785113 0.3437500000000001 0 0.3750521159261704 0.3438333381752914 0 0.3751042318523409 0.3437916548362214 0 0.6248436522214886 0.3437499999999999 0 0.6249999999999999 0.3437499999999999 0 0.624895768147659 0.3437499999999999 0 0.6249478840738297 0.3437500000000001 0 0.6250000000000001 0.34387505004004 0 0.6249999999999999 0.3437916833466799 0 0.6250000000000001 0.34383336669336 0 0.6248436522214886 0.3437499999999999 0 0.624895768147659 0.3437916548362213 0 0.6249478840738297 0.3438333381752915 0 0.6249999999999999 0.3437499999999999 0 0.6561249499599603 0.3437500000000001 0 0.6353749833199867 0.3437499999999999 0 0.6457499666399735 0.3437500000000001 0 0.6249999999999999 0.3438750500400398 0 0.6249999999999999 0.3437916833466799 0 0.6250000000000001 0.34383336669336 0 0.6561249499599603 0.3750000000000001 0 0.6353749833199867 0.3527803889044894 0 0.6457499666399735 0.3630439952961292 0 0.6561249499599601 0.3437499999999999 0 0.6562499999999999 0.3437499999999999 0 0.65616663330664 0.3437499999999999 0 0.6562083166533201 0.3437500000000001 0 0.6562500000000001 0.3750000000000001 0 0.6562499999999999 0.3541666666666666 0 0.6562500000000001 0.3645833333333334 0 0.6561249499599601 0.3749999999999999 0 0.65616663330664 0.3749999999999999 0 0.6562083166533201 0.3750000000000001 0 0.3124999999999999 0.3749999999999999 0 0.3125000000000001 0.3751563477785113 0 0.3124999999999999 0.3750521159261704 0 0.3125000000000001 0.3751042318523409 0 0.3437499999999999 0.3749999999999999 0 0.3229166666666666 0.3749999999999999 0 0.3333333333333334 0.3750000000000001 0 0.3437500000000001 0.3751563477785113 0 0.3437499999999999 0.3750521159261704 0 0.3437500000000001 0.3751042318523409 0 0.3124999999999999 0.3751563477785112 0 0.3124999999999999 0.4062499999999999 0 0.3124999999999999 0.3855208985190074 0 0.3125000000000001 0.3958854492595038 0 0.3233338246862177 0.4062500000000001 0 0.3161112748954059 0.4062499999999999 0 0.3197225497908118 0.4062500000000001 0 0.3437499999999999 0.3751563477785112 0 0.3360044655360864 0.3855208985190074 0 0.3292365369169837 0.3958854492595038 0 0.3437499999999999 0.3749999999999999 0 0.3437500000000001 0.3751563477785113 0 0.3437499999999999 0.3750521159261704 0 0.3437500000000001 0.3751042318523409 0 0.3438750500400399 0.3749999999999999 0 0.3437916833466799 0.3749999999999999 0 0.34383336669336 0.3750000000000001 0 0.3437500000000001 0.3751563477785113 0 0.3438333381752914 0.3750521159261704 0 0.3437916548362214 0.3751042318523409 0 0.65612494995996 0.3749999999999999 0 0.6562500000000001 0.3751563477785113 0 0.6561666618247084 0.3750521159261704 0 0.6562083451637787 0.3751042318523409 0 0.6562499999999999 0.3749999999999999 0 0.6561666333066399 0.3749999999999999 0 0.6562083166533201 0.3750000000000001 0 0.6562500000000001 0.3751563477785113 0 0.6562499999999999 0.3750521159261704 0 0.6562500000000001 0.3751042318523409 0 0.6562499999999999 0.3749999999999999 0 0.6562500000000001 0.3751563477785113 0 0.6562499999999999 0.3750521159261704 0 0.6562500000000001 0.3751042318523409 0 0.6874999999999999 0.3749999999999999 0 0.6666666666666665 0.3749999999999999 0 0.6770833333333335 0.3750000000000001 0 0.6875000000000001 0.3751563477785113 0 0.6874999999999999 0.3750521159261704 0 0.6875000000000001 0.3751042318523409 0 0.6562499999999999 0.3751563477785112 0 0.6766661753137821 0.4062499999999999 0 0.6639955344639135 0.3855208985190074 0 0.6707634630830165 0.3958854492595038 0 0.6875000000000001 0.4062500000000001 0 0.6802774502091881 0.4062499999999999 0 0.6838887251045942 0.4062500000000001 0 0.6874999999999999 0.3751563477785112 0 0.6874999999999999 0.3855208985190074 0 0.6875000000000001 0.3958854492595038 0 0.2812499999999999 0.4062499999999999 0 0.2812500000000001 0.4304029454646245 0 0.2812499999999999 0.4143009818215415 0 0.2812500000000001 0.4223519636430831 0 0.3124999999999999 0.4062499999999999 0 0.2916666666666666 0.4062499999999999 0 0.3020833333333334 0.4062500000000001 0 0.3125000000000001 0.4304029454646245 0 0.3124999999999999 0.4143009818215415 0 0.3125000000000001 0.4223519636430831 0 0.2812499999999999 0.4304029454646244 0 0.2812499999999999 0.4374999999999999 0 0.2812499999999999 0.4327686303097496 0 0.2812500000000001 0.4351343151548749 0 0.3100164480803667 0.4375000000000001 0 0.2908388160267888 0.4374999999999999 0 0.3004276320535778 0.4375000000000001 0 0.3124999999999999 0.4304029454646244 0 0.3116387966443914 0.4327686303097496 0 0.3108110919488859 0.4351343151548749 0 0.3124999999999999 0.4062499999999999 0 0.3125000000000001 0.4304029454646245 0 0.3124999999999999 0.4143009818215415 0 0.3125000000000001 0.4223519636430831 0 0.3233338246862177 0.4062499999999999 0 0.3161112748954059 0.4062499999999999 0 0.3197225497908119 0.4062500000000001 0 0.3125000000000001 0.4304029454646245 0 0.3192911781808971 0.4143009818215415 0 0.3156883550886844 0.4223519636430831 0 0.6766661753137821 0.4062499999999999 0 0.6875000000000001 0.4304029454646245 0 0.6807088218191027 0.4143009818215415 0 0.6843116449113158 0.4223519636430831 0 0.6874999999999999 0.4062499999999999 0 0.6802774502091881 0.4062499999999999 0 0.6838887251045942 0.4062500000000001 0 0.6875000000000001 0.4304029454646245 0 0.6874999999999999 0.4143009818215415 0 0.6875000000000001 0.4223519636430831 0 0.6874999999999999 0.4062499999999999 0 0.6875000000000001 0.4304029454646246 0 0.6874999999999999 0.4143009818215415 0 0.6875000000000001 0.4223519636430831 0 0.7187499999999999 0.4062499999999999 0 0.6979166666666665 0.4062499999999999 0 0.7083333333333335 0.4062500000000001 0 0.7187500000000001 0.4304029454646246 0 0.7187499999999999 0.4143009818215415 0 0.7187500000000001 0.4223519636430831 0 0.6874999999999999 0.4304029454646245 0 0.6899835519196332 0.4374999999999999 0 0.6883612033556085 0.4327686303097496 0 0.6891889080511143 0.4351343151548749 0 0.7187500000000001 0.4375000000000001 0 0.6995723679464222 0.4374999999999999 0 0.7091611839732113 0.4375000000000001 0 0.7187499999999999 0.4304029454646245 0 0.7187499999999999 0.4327686303097496 0 0.7187500000000001 0.4351343151548749 0 0.2812499999999999 0.5624999999999999 0 0.2812500000000001 0.5695970545353757 0 0.2812499999999999 0.5648656848451251 0 0.2812500000000001 0.5672313696902505 0 0.3100164480803665 0.5624999999999999 0 0.2908388160267888 0.5624999999999999 0 0.3004276320535778 0.5625000000000001 0 0.3125000000000001 0.5695970545353757 0 0.3108110919488858 0.5648656848451251 0 0.3116387966443915 0.5672313696902505 0 0.2812499999999999 0.5695970545353755 0 0.2812499999999999 0.5937499999999999 0 0.2812499999999999 0.5776480363569169 0 0.2812500000000001 0.5856990181784586 0 0.3125000000000001 0.5937500000000001 0 0.2916666666666666 0.5937499999999999 0 0.3020833333333334 0.5937500000000001 0 0.3124999999999999 0.5695970545353755 0 0.3124999999999999 0.5776480363569169 0 0.3125000000000001 0.5856990181784586 0 0.3124999999999999 0.5695970545353755 0 0.3124999999999999 0.5937499999999999 0 0.3124999999999999 0.5776480363569169 0 0.3125000000000001 0.5856990181784586 0 0.3233338246862179 0.5937500000000001 0 0.3161112748954059 0.5937499999999999 0 0.3197225497908119 0.5937500000000001 0 0.3124999999999999 0.5695970545353755 0 0.3156883550886843 0.5776480363569169 0 0.3192911781808972 0.5856990181784586 0 0.6874999999999999 0.5695970545353755 0 0.6766661753137821 0.5937499999999999 0 0.6843116449113156 0.5776480363569169 0 0.680708821819103 0.5856990181784586 0 0.6875000000000001 0.5937500000000001 0 0.6802774502091881 0.5937499999999999 0 0.6838887251045942 0.5937500000000001 0 0.6874999999999999 0.5695970545353755 0 0.6874999999999999 0.5776480363569169 0 0.6875000000000001 0.5856990181784586 0 0.6899835519196332 0.5624999999999999 0 0.6875000000000001 0.5695970545353756 0 0.6891889080511141 0.564865684845125 0 0.6883612033556087 0.5672313696902505 0 0.7187499999999999 0.5624999999999999 0 0.6995723679464222 0.5624999999999999 0 0.7091611839732113 0.5625000000000001 0 0.7187500000000001 0.5695970545353756 0 0.7187499999999999 0.564865684845125 0 0.7187500000000001 0.5672313696902505 0 0.6874999999999999 0.5695970545353753 0 0.6874999999999999 0.5937499999999999 0 0.6874999999999999 0.5776480363569169 0 0.6875000000000001 0.5856990181784586 0 0.7187500000000001 0.5937500000000001 0 0.6979166666666665 0.5937499999999999 0 0.7083333333333335 0.5937500000000001 0 0.7187499999999999 0.5695970545353753 0 0.7187499999999999 0.5776480363569169 0 0.7187500000000001 0.5856990181784586 0 0.3124999999999999 0.5937499999999999 0 0.3125000000000001 0.6248436522214889 0 0.3124999999999999 0.6041145507404961 0 0.3125000000000001 0.6144791014809926 0 0.3233338246862176 0.5937499999999999 0 0.3161112748954059 0.5937499999999999 0 0.3197225497908118 0.5937500000000001 0 0.3437500000000001 0.6248436522214889 0 0.3292365369169836 0.6041145507404961 0 0.3360044655360865 0.6144791014809926 0 0.3124999999999999 0.6248436522214886 0 0.3124999999999999 0.6249999999999999 0 0.3124999999999999 0.624895768147659 0 0.3125000000000001 0.6249478840738297 0 0.3437500000000001 0.6250000000000001 0 0.3229166666666666 0.6249999999999999 0 0.3333333333333334 0.6250000000000001 0 0.3437499999999999 0.6248436522214886 0 0.3437499999999999 0.624895768147659 0 0.3437500000000001 0.6249478840738297 0 0.3437499999999999 0.6248436522214886 0 0.3437499999999999 0.6249999999999999 0 0.3437499999999999 0.624895768147659 0 0.3437500000000001 0.6249478840738297 0 0.34387505004004 0.6250000000000001 0 0.3437916833466799 0.6249999999999999 0 0.34383336669336 0.6250000000000001 0 0.3437499999999999 0.6248436522214886 0 0.3437916548362213 0.624895768147659 0 0.3438333381752915 0.6249478840738297 0 0.6562499999999999 0.6248436522214886 0 0.65612494995996 0.6249999999999999 0 0.6562083451637785 0.624895768147659 0 0.6561666618247086 0.6249478840738297 0 0.6562500000000001 0.6250000000000001 0 0.6561666333066399 0.6249999999999999 0 0.6562083166533201 0.6250000000000001 0 0.6562499999999999 0.6248436522214886 0 0.6562499999999999 0.624895768147659 0 0.6562500000000001 0.6249478840738297 0 0.6766661753137821 0.5937499999999999 0 0.6562500000000001 0.6248436522214889 0 0.6707634630830163 0.6041145507404961 0 0.6639955344639137 0.6144791014809926 0 0.6874999999999999 0.5937499999999999 0 0.6802774502091881 0.5937499999999999 0 0.6838887251045942 0.5937500000000001 0 0.6875000000000001 0.6248436522214889 0 0.6874999999999999 0.6041145507404961 0 0.6875000000000001 0.6144791014809926 0 0.6562499999999999 0.6248436522214886 0 0.6562499999999999 0.6249999999999999 0 0.6562499999999999 0.624895768147659 0 0.6562500000000001 0.6249478840738297 0 0.6875000000000001 0.6250000000000001 0 0.6666666666666665 0.6249999999999999 0 0.6770833333333335 0.6250000000000001 0 0.6874999999999999 0.6248436522214886 0 0.6874999999999999 0.624895768147659 0 0.6875000000000001 0.6249478840738297 0 0.3437499999999999 0.6249999999999999 0 0.3438750500400399 0.6250000000000001 0 0.3437916833466799 0.6249999999999999 0 0.34383336669336 0.6250000000000001 0 0.3437499999999999 0.6562499999999999 0 0.3437499999999999 0.6354166666666665 0 0.3437500000000001 0.6458333333333335 0 0.3438750500400399 0.6562500000000001 0 0.3437916833466799 0.6562499999999999 0 0.34383336669336 0.6562500000000001 0 0.3438750500400398 0.6249999999999999 0 0.3749999999999999 0.65612494995996 0 0.3542500333600265 0.6369560047038707 0 0.3646250166800133 0.6472196110955106 0 0.3750000000000001 0.6562500000000001 0 0.3749999999999999 0.6561666333066399 0 0.3750000000000001 0.6562083166533201 0 0.3438750500400398 0.6562499999999999 0 0.3542500333600265 0.6562499999999999 0 0.3646250166800133 0.6562500000000001 0 0.3749999999999999 0.65612494995996 0 0.3751563477785113 0.6562500000000001 0 0.3750521159261704 0.6561666618247084 0 0.3751042318523409 0.6562083451637787 0 0.3749999999999999 0.6562499999999999 0 0.3749999999999999 0.6561666333066399 0 0.3750000000000001 0.6562083166533201 0 0.3751563477785113 0.6562500000000001 0 0.3750521159261704 0.6562499999999999 0 0.3751042318523409 0.6562500000000001 0 0.6248436522214886 0.6562499999999999 0 0.6249999999999999 0.65612494995996 0 0.624895768147659 0.6562083451637785 0 0.6249478840738297 0.6561666618247086 0 0.6250000000000001 0.6562500000000001 0 0.6249999999999999 0.6561666333066399 0 0.6250000000000001 0.6562083166533201 0 0.6248436522214886 0.6562499999999999 0 0.624895768147659 0.6562499999999999 0 0.6249478840738297 0.6562500000000001 0 0.6249999999999999 0.65612494995996 0 0.6561249499599603 0.6250000000000001 0 0.6353749833199867 0.6472196110955104 0 0.6457499666399735 0.6369560047038709 0 0.6249999999999999 0.6562499999999999 0 0.6249999999999999 0.6561666333066399 0 0.6250000000000001 0.6562083166533201 0 0.6561249499599603 0.6562500000000001 0 0.6353749833199867 0.6562499999999999 0 0.6457499666399735 0.6562500000000001 0 0.6561249499599601 0.6249999999999999 0 0.6562499999999999 0.6249999999999999 0 0.65616663330664 0.6249999999999999 0 0.6562083166533201 0.6250000000000001 0 0.6562500000000001 0.6562500000000001 0 0.6562499999999999 0.6354166666666665 0 0.6562500000000001 0.6458333333333335 0 0.6561249499599601 0.6562499999999999 0 0.65616663330664 0.6562499999999999 0 0.6562083166533201 0.6562500000000001 0 0.3749999999999999 0.6562499999999999 0 0.3751563477785113 0.6562500000000001 0 0.3750521159261704 0.6562499999999999 0 0.3751042318523409 0.6562500000000001 0 0.3749999999999999 0.6874999999999999 0 0.3749999999999999 0.6666666666666665 0 0.3750000000000001 0.6770833333333335 0 0.3751563477785113 0.6875000000000001 0 0.3750521159261704 0.6874999999999999 0 0.3751042318523409 0.6875000000000001 0 0.3751563477785112 0.6562499999999999 0 0.4062499999999999 0.6766661753137821 0 0.3855208985190074 0.6639955344639135 0 0.3958854492595038 0.6707634630830164 0 0.4062500000000001 0.6875000000000001 0 0.4062499999999999 0.6802774502091881 0 0.4062500000000001 0.6838887251045942 0 0.3751563477785112 0.6874999999999999 0 0.3855208985190074 0.6874999999999999 0 0.3958854492595038 0.6875000000000001 0 0.4062499999999999 0.6766661753137821 0 0.4304029454646245 0.6875000000000001 0 0.4143009818215415 0.6807088218191027 0 0.4223519636430831 0.6843116449113158 0 0.4062499999999999 0.6874999999999999 0 0.4062499999999999 0.6802774502091881 0 0.4062500000000001 0.6838887251045942 0 0.4304029454646245 0.6875000000000001 0 0.4143009818215415 0.6874999999999999 0 0.4223519636430831 0.6875000000000001 0 0.5695970545353755 0.6874999999999999 0 0.5937499999999999 0.6766661753137821 0 0.577648036356917 0.6843116449113156 0 0.5856990181784586 0.680708821819103 0 0.5937500000000001 0.6875000000000001 0 0.5937499999999999 0.6802774502091881 0 0.5937500000000001 0.6838887251045942 0 0.5695970545353755 0.6874999999999999 0 0.577648036356917 0.6874999999999999 0 0.5856990181784586 0.6875000000000001 0 0.5937499999999999 0.6766661753137821 0 0.6248436522214889 0.6562500000000001 0 0.6041145507404961 0.6707634630830162 0 0.6144791014809926 0.6639955344639137 0 0.5937499999999999 0.6874999999999999 0 0.5937499999999999 0.6802774502091881 0 0.5937500000000001 0.6838887251045942 0 0.6248436522214889 0.6875000000000001 0 0.6041145507404961 0.6874999999999999 0 0.6144791014809926 0.6875000000000001 0 0.6248436522214886 0.6562499999999999 0 0.6249999999999999 0.6562499999999999 0 0.624895768147659 0.6562499999999999 0 0.6249478840738297 0.6562500000000001 0 0.6250000000000001 0.6875000000000001 0 0.6249999999999999 0.6666666666666665 0 0.6250000000000001 0.6770833333333335 0 0.6248436522214886 0.6874999999999999 0 0.624895768147659 0.6874999999999999 0 0.6249478840738297 0.6875000000000001 0 0.4062499999999999 0.6874999999999999 0 0.4304029454646247 0.6875000000000001 0 0.4143009818215415 0.6874999999999999 0 0.4223519636430832 0.6875000000000001 0 0.4062499999999999 0.7187499999999999 0 0.4062499999999999 0.6979166666666665 0 0.4062500000000001 0.7083333333333335 0 0.4304029454646247 0.7187500000000001 0 0.4143009818215415 0.7187499999999999 0 0.4223519636430832 0.7187500000000001 0 0.4304029454646246 0.6874999999999999 0 0.4374999999999999 0.6899835519196332 0 0.4327686303097497 0.6883612033556085 0 0.435134315154875 0.6891889080511142 0 0.4375000000000001 0.7187500000000001 0 0.4374999999999999 0.6995723679464221 0 0.4375000000000001 0.7091611839732113 0 0.4304029454646246 0.7187499999999999 0 0.4327686303097497 0.7187499999999999 0 0.435134315154875 0.7187500000000001 0 0.5624999999999999 0.6899835519196332 0 0.5695970545353755 0.6875000000000001 0 0.564865684845125 0.689188908051114 0 0.5672313696902503 0.6883612033556087 0 0.5624999999999999 0.7187499999999999 0 0.5624999999999999 0.6995723679464221 0 0.5625000000000001 0.7091611839732113 0 0.5695970545353755 0.7187500000000001 0 0.564865684845125 0.7187499999999999 0 0.5672313696902503 0.7187500000000001 0 0.5695970545353752 0.6874999999999999 0 0.5937499999999999 0.6874999999999999 0 0.5776480363569169 0.6874999999999999 0 0.5856990181784586 0.6875000000000001 0 0.5937500000000001 0.7187500000000001 0 0.5937499999999999 0.6979166666666665 0 0.5937500000000001 0.7083333333333335 0 0.5695970545353752 0.7187499999999999 0 0.5776480363569169 0.7187499999999999 0 0.5856990181784586 0.7187500000000001 0 0.4374999999999999 0.2812499999999999 0 0.4374999999999999 0.3100164480803666 0 0.4374999999999999 0.2908388160267888 0 0.4375000000000001 0.3004276320535778 0 0.4687499999999999 0.2812499999999999 0 0.4479166666666666 0.2812499999999999 0 0.4583333333333334 0.2812500000000001 0 0.4687500000000001 0.3024564921340112 0 0.4479166666666666 0.3069007343647083 0 0.4583333333333334 0.3043884234282416 0 0.4687499999999999 0.288318830711337 0 0.4687500000000001 0.2953876614226741 0 0.4687499999999999 0.2812499999999999 0 0.4687499999999999 0.302456492134011 0 0.4687499999999999 0.288318830711337 0 0.4687500000000001 0.2953876614226741 0 0.4999999999999999 0.2812499999999999 0 0.4791666666666666 0.2812499999999999 0 0.4895833333333334 0.2812500000000001 0 0.5 0.3 0 0.4791666666666666 0.3010880289619997 0 0.4895833333333334 0.3002714515760064 0 0.4999999999999999 0.2874999999999999 0 0.5000000000000001 0.29375 0 0.4999999999999999 0.2812499999999999 0 0.4999999999999999 0.2999999999999999 0 0.4999999999999999 0.2874999999999999 0 0.5000000000000001 0.29375 0 0.5312499999999999 0.2812499999999999 0 0.5104166666666665 0.2812499999999999 0 0.5208333333333335 0.2812500000000001 0 0.5312500000000001 0.3024564921340112 0 0.5104166666666665 0.3002714515760063 0 0.5208333333333335 0.3010880289619998 0 0.5312499999999999 0.288318830711337 0 0.5312500000000001 0.2953876614226741 0 0.5312499999999999 0.2812499999999999 0 0.5312499999999999 0.302456492134011 0 0.5312499999999999 0.288318830711337 0 0.5312500000000001 0.2953876614226741 0 0.5624999999999999 0.2812499999999999 0 0.5416666666666665 0.2812499999999999 0 0.5520833333333335 0.2812500000000001 0 0.5625000000000001 0.3100164480803667 0 0.5416666666666665 0.3043884234282415 0 0.5520833333333335 0.3069007343647084 0 0.5624999999999999 0.2908388160267888 0 0.5625000000000001 0.3004276320535778 0 0.2812499999999999 0.4374999999999999 0 0.2812499999999999 0.4687499999999999 0 0.2812499999999999 0.4479166666666666 0 0.2812500000000001 0.4583333333333334 0 0.3100164480803665 0.4374999999999999 0 0.2908388160267888 0.4374999999999999 0 0.3004276320535778 0.4375000000000001 0 0.3024564921340111 0.4687500000000001 0 0.288318830711337 0.4687499999999999 0 0.2953876614226741 0.4687500000000001 0 0.3069007343647083 0.4479166666666666 0 0.3043884234282416 0.4583333333333334 0 0.6899835519196332 0.4374999999999999 0 0.6975435078659888 0.4687499999999999 0 0.6930992656352916 0.4479166666666666 0 0.6956115765717585 0.4583333333333334 0 0.7187499999999999 0.4374999999999999 0 0.6995723679464222 0.4374999999999999 0 0.7091611839732113 0.4375000000000001 0 0.7187500000000001 0.4687500000000001 0 0.7046123385773259 0.4687499999999999 0 0.7116811692886631 0.4687500000000001 0 0.7187499999999999 0.4479166666666666 0 0.7187500000000001 0.4583333333333334 0 0.2812499999999999 0.4687499999999999 0 0.2812499999999999 0.4999999999999999 0 0.2812499999999999 0.4791666666666666 0 0.2812500000000001 0.4895833333333334 0 0.302456492134011 0.4687499999999999 0 0.288318830711337 0.4687499999999999 0 0.2953876614226741 0.4687500000000001 0 0.3 0.5 0 0.2874999999999999 0.4999999999999999 0 0.29375 0.5000000000000001 0 0.3010880289619997 0.4791666666666666 0 0.3002714515760064 0.4895833333333334 0 0.6975435078659888 0.4687499999999999 0 0.7 0.4999999999999999 0 0.6989119710380002 0.4791666666666666 0 0.6997285484239938 0.4895833333333334 0 0.7187499999999999 0.4687499999999999 0 0.7046123385773259 0.4687499999999999 0 0.7116811692886631 0.4687500000000001 0 0.7187500000000001 0.5 0 0.7062499999999999 0.4999999999999999 0 0.7125000000000001 0.5000000000000001 0 0.7187499999999999 0.4791666666666666 0 0.7187500000000001 0.4895833333333334 0 0.2812499999999999 0.4999999999999999 0 0.2812499999999999 0.5312499999999999 0 0.2812499999999999 0.5104166666666665 0 0.2812500000000001 0.5208333333333335 0 0.2999999999999999 0.4999999999999999 0 0.2874999999999999 0.4999999999999999 0 0.29375 0.5000000000000001 0 0.3024564921340111 0.5312500000000001 0 0.288318830711337 0.5312499999999999 0 0.2953876614226741 0.5312500000000001 0 0.3002714515760063 0.5104166666666665 0 0.3010880289619998 0.5208333333333335 0 0.7 0.4999999999999999 0 0.6975435078659888 0.5312499999999999 0 0.6997285484239936 0.5104166666666665 0 0.6989119710380004 0.5208333333333335 0 0.7187499999999999 0.4999999999999999 0 0.7062499999999999 0.4999999999999999 0 0.7125000000000001 0.5000000000000001 0 0.7187500000000001 0.5312500000000001 0 0.7046123385773259 0.5312499999999999 0 0.7116811692886631 0.5312500000000001 0 0.7187499999999999 0.5104166666666665 0 0.7187500000000001 0.5208333333333335 0 0.2812499999999999 0.5312499999999999 0 0.2812499999999999 0.5624999999999999 0 0.2812499999999999 0.5416666666666665 0 0.2812500000000001 0.5520833333333335 0 0.302456492134011 0.5312499999999999 0 0.288318830711337 0.5312499999999999 0 0.2953876614226741 0.5312500000000001 0 0.3100164480803667 0.5625000000000001 0 0.2908388160267888 0.5624999999999999 0 0.3004276320535778 0.5625000000000001 0 0.3043884234282415 0.5416666666666665 0 0.3069007343647084 0.5520833333333335 0 0.6975435078659888 0.5312499999999999 0 0.6899835519196332 0.5624999999999999 0 0.6956115765717583 0.5416666666666665 0 0.6930992656352918 0.5520833333333335 0 0.7187499999999999 0.5312499999999999 0 0.7046123385773259 0.5312499999999999 0 0.7116811692886631 0.5312500000000001 0 0.7187500000000001 0.5625000000000001 0 0.6995723679464222 0.5624999999999999 0 0.7091611839732113 0.5625000000000001 0 0.7187499999999999 0.5416666666666665 0 0.7187500000000001 0.5520833333333335 0 0.4374999999999999 0.6899835519196332 0 0.4374999999999999 0.7187499999999999 0 0.4374999999999999 0.6995723679464221 0 0.4375000000000001 0.7091611839732113 0 0.4687499999999999 0.6975435078659888 0 0.4479166666666666 0.6930992656352915 0 0.4583333333333334 0.6956115765717585 0 0.4687500000000001 0.7187500000000001 0 0.4479166666666666 0.7187499999999999 0 0.4583333333333334 0.7187500000000001 0 0.4687499999999999 0.7046123385773259 0 0.4687500000000001 0.7116811692886631 0 0.4687499999999999 0.6975435078659888 0 0.4687499999999999 0.7187499999999999 0 0.4687499999999999 0.7046123385773259 0 0.4687500000000001 0.7116811692886631 0 0.4999999999999999 0.7 0 0.4791666666666666 0.6989119710380002 0 0.4895833333333334 0.6997285484239938 0 0.5 0.7187500000000001 0 0.4791666666666666 0.7187499999999999 0 0.4895833333333334 0.7187500000000001 0 0.4999999999999999 0.7062499999999999 0 0.5000000000000001 0.7125000000000001 0 0.4999999999999999 0.7 0 0.4999999999999999 0.7187499999999999 0 0.4999999999999999 0.7062499999999999 0 0.5000000000000001 0.7125000000000001 0 0.5312499999999999 0.6975435078659888 0 0.5104166666666665 0.6997285484239936 0 0.5208333333333335 0.6989119710380004 0 0.5312500000000001 0.7187500000000001 0 0.5104166666666665 0.7187499999999999 0 0.5208333333333335 0.7187500000000001 0 0.5312499999999999 0.7046123385773259 0 0.5312500000000001 0.7116811692886631 0 0.5312499999999999 0.6975435078659888 0 0.5312499999999999 0.7187499999999999 0 0.5312499999999999 0.7046123385773259 0 0.5312500000000001 0.7116811692886631 0 0.5624999999999999 0.6899835519196332 0 0.5416666666666665 0.6956115765717583 0 0.5520833333333335 0.6930992656352917 0 0.5625000000000001 0.7187500000000001 0 0.5416666666666665 0.7187499999999999 0 0.5520833333333335 0.7187500000000001 0 0.5624999999999999 0.6995723679464221 0 0.5625000000000001 0.7091611839732113 0 -2.891205793294678e-19 0 0 -2.891205793294678e-19 0.03125 0 0 0.01041666666666666 0 0 0.02083333333333334 0 0.03125 -2.891205793294678e-19 0 0.01041666666666666 0 0 0.02083333333333334 0 0 0.03125 0.03125 0 0.01041666666666666 0.03124999999999999 0 0.02083333333333334 0.03125000000000001 0 0.03124999999999999 0.01041666666666666 0 0.03125000000000001 0.02083333333333334 0 0.03125 0 0 0.03125 0.03125 0 0.03124999999999999 0.01041666666666666 0 0.03125000000000001 0.02083333333333334 0 0.06249999999999999 -2.891205793294678e-19 0 0.04166666666666666 0 0 0.05208333333333334 0 0 0.0625 0.03125 0 0.04166666666666666 0.03124999999999999 0 0.05208333333333334 0.03125000000000001 0 0.06249999999999999 0.01041666666666666 0 0.06250000000000001 0.02083333333333334 0 0.06249999999999999 0 0 0.06249999999999999 0.03125 0 0.06249999999999999 0.01041666666666666 0 0.06250000000000001 0.02083333333333334 0 0.09374999999999999 -2.891205793294678e-19 0 0.07291666666666666 0 0 0.08333333333333334 0 0 0.09375000000000001 0.03125 0 0.07291666666666666 0.03124999999999999 0 0.08333333333333334 0.03125000000000001 0 0.09374999999999999 0.01041666666666666 0 0.09375000000000001 0.02083333333333334 0 0.09374999999999999 0 0 0.09374999999999999 0.03125 0 0.09374999999999999 0.01041666666666666 0 0.09375000000000001 0.02083333333333334 0 0.125 -2.891205793294678e-19 0 0.1041666666666667 0 0 0.1145833333333334 0 0 0.125 0.03125 0 0.1041666666666667 0.03124999999999999 0 0.1145833333333334 0.03125000000000001 0 0.125 0.01041666666666666 0 0.125 0.02083333333333334 0 0.125 0 0 0.125 0.03125 0 0.125 0.01041666666666666 0 0.125 0.02083333333333334 0 0.15625 -2.891205793294678e-19 0 0.1354166666666666 0 0 0.1458333333333334 0 0 0.15625 0.03125 0 0.1354166666666666 0.03124999999999999 0 0.1458333333333334 0.03125000000000001 0 0.15625 0.01041666666666666 0 0.15625 0.02083333333333334 0 0.15625 0 0 0.15625 0.03125 0 0.15625 0.01041666666666666 0 0.15625 0.02083333333333334 0 0.1875 -2.891205793294678e-19 0 0.1666666666666666 0 0 0.1770833333333334 0 0 0.1875 0.03125 0 0.1666666666666666 0.03124999999999999 0 0.1770833333333334 0.03125000000000001 0 0.1875 0.01041666666666666 0 0.1875 0.02083333333333334 0 0.1875 0 0 0.1875 0.03125 0 0.1875 0.01041666666666666 0 0.1875 0.02083333333333334 0 0.21875 -2.891205793294678e-19 0 0.1979166666666666 0 0 0.2083333333333334 0 0 0.21875 0.03125 0 0.1979166666666666 0.03124999999999999 0 0.2083333333333334 0.03125000000000001 0 0.21875 0.01041666666666666 0 0.2187500000000001 0.02083333333333334 0 0.21875 0 0 0.21875 0.03125 0 0.21875 0.01041666666666666 0 0.2187500000000001 0.02083333333333334 0 0.25 -2.891205793294678e-19 0 0.2291666666666666 0 0 0.2395833333333334 0 0 0.25 0.03125 0 0.2291666666666666 0.03124999999999999 0 0.2395833333333334 0.03125000000000001 0 0.2499999999999999 0.01041666666666666 0 0.2500000000000001 0.02083333333333334 0 0.25 0 0 0.25 0.03125 0 0.2499999999999999 0.01041666666666666 0 0.2500000000000001 0.02083333333333334 0 0.2812499999999999 -2.891205793294678e-19 0 0.2604166666666666 0 0 0.2708333333333334 0 0 0.2812500000000001 0.03125 0 0.2604166666666666 0.03124999999999999 0 0.2708333333333334 0.03125000000000001 0 0.2812499999999999 0.01041666666666666 0 0.2812500000000001 0.02083333333333334 0 0.2812499999999999 0 0 0.2812499999999999 0.03125 0 0.2812499999999999 0.01041666666666666 0 0.2812500000000001 0.02083333333333334 0 0.3124999999999999 -2.891205793294678e-19 0 0.2916666666666666 0 0 0.3020833333333334 0 0 0.3125000000000001 0.03125 0 0.2916666666666666 0.03124999999999999 0 0.3020833333333334 0.03125000000000001 0 0.3124999999999999 0.01041666666666666 0 0.3125000000000001 0.02083333333333334 0 0.3124999999999999 0 0 0.3124999999999999 0.03125 0 0.3124999999999999 0.01041666666666666 0 0.3125000000000001 0.02083333333333334 0 0.3437499999999999 -2.891205793294678e-19 0 0.3229166666666666 0 0 0.3333333333333334 0 0 0.3437500000000001 0.03125 0 0.3229166666666666 0.03124999999999999 0 0.3333333333333334 0.03125000000000001 0 0.3437499999999999 0.01041666666666666 0 0.3437500000000001 0.02083333333333334 0 0.3437499999999999 0 0 0.3437499999999999 0.03125 0 0.3437499999999999 0.01041666666666666 0 0.3437500000000001 0.02083333333333334 0 0.3749999999999999 -2.891205793294678e-19 0 0.3541666666666666 0 0 0.3645833333333334 0 0 0.3750000000000001 0.03125 0 0.3541666666666666 0.03124999999999999 0 0.3645833333333334 0.03125000000000001 0 0.3749999999999999 0.01041666666666666 0 0.3750000000000001 0.02083333333333334 0 0.3749999999999999 0 0 0.3749999999999999 0.03125 0 0.3749999999999999 0.01041666666666666 0 0.3750000000000001 0.02083333333333334 0 0.4062499999999999 -2.891205793294678e-19 0 0.3854166666666666 0 0 0.3958333333333334 0 0 0.4062500000000001 0.03125 0 0.3854166666666666 0.03124999999999999 0 0.3958333333333334 0.03125000000000001 0 0.4062499999999999 0.01041666666666666 0 0.4062500000000001 0.02083333333333334 0 0.4062499999999999 0 0 0.4062499999999999 0.03125 0 0.4062499999999999 0.01041666666666666 0 0.4062500000000001 0.02083333333333334 0 0.4374999999999999 -2.891205793294678e-19 0 0.4166666666666666 0 0 0.4270833333333334 0 0 0.4375000000000001 0.03125 0 0.4166666666666666 0.03124999999999999 0 0.4270833333333334 0.03125000000000001 0 0.4374999999999999 0.01041666666666666 0 0.4375000000000001 0.02083333333333334 0 0.4374999999999999 0 0 0.4374999999999999 0.03125 0 0.4374999999999999 0.01041666666666666 0 0.4375000000000001 0.02083333333333334 0 0.4687499999999999 -2.891205793294678e-19 0 0.4479166666666666 0 0 0.4583333333333334 0 0 0.4687500000000001 0.03125 0 0.4479166666666666 0.03124999999999999 0 0.4583333333333334 0.03125000000000001 0 0.4687499999999999 0.01041666666666666 0 0.4687500000000001 0.02083333333333334 0 0.4687499999999999 0 0 0.4687499999999999 0.03125 0 0.4687499999999999 0.01041666666666666 0 0.4687500000000001 0.02083333333333334 0 0.4999999999999999 -2.891205793294678e-19 0 0.4791666666666666 0 0 0.4895833333333334 0 0 0.5 0.03125 0 0.4791666666666666 0.03124999999999999 0 0.4895833333333334 0.03125000000000001 0 0.4999999999999999 0.01041666666666666 0 0.5000000000000001 0.02083333333333334 0 0.4999999999999999 0 0 0.4999999999999999 0.03125 0 0.4999999999999999 0.01041666666666666 0 0.5000000000000001 0.02083333333333334 0 0.5312499999999999 -2.891205793294678e-19 0 0.5104166666666665 0 0 0.5208333333333335 0 0 0.5312500000000001 0.03125 0 0.5104166666666665 0.03124999999999999 0 0.5208333333333335 0.03125000000000001 0 0.5312499999999999 0.01041666666666666 0 0.5312500000000001 0.02083333333333334 0 0.5312499999999999 0 0 0.5312499999999999 0.03125 0 0.5312499999999999 0.01041666666666666 0 0.5312500000000001 0.02083333333333334 0 0.5624999999999999 -2.891205793294678e-19 0 0.5416666666666665 0 0 0.5520833333333335 0 0 0.5625000000000001 0.03125 0 0.5416666666666665 0.03124999999999999 0 0.5520833333333335 0.03125000000000001 0 0.5624999999999999 0.01041666666666666 0 0.5625000000000001 0.02083333333333334 0 0.5624999999999999 0 0 0.5624999999999999 0.03125 0 0.5624999999999999 0.01041666666666666 0 0.5625000000000001 0.02083333333333334 0 0.5937499999999999 -2.891205793294678e-19 0 0.5729166666666665 0 0 0.5833333333333335 0 0 0.5937500000000001 0.03125 0 0.5729166666666665 0.03124999999999999 0 0.5833333333333335 0.03125000000000001 0 0.5937499999999999 0.01041666666666666 0 0.5937500000000001 0.02083333333333334 0 0.5937499999999999 0 0 0.5937499999999999 0.03125 0 0.5937499999999999 0.01041666666666666 0 0.5937500000000001 0.02083333333333334 0 0.6249999999999999 -2.891205793294678e-19 0 0.6041666666666665 0 0 0.6145833333333335 0 0 0.6250000000000001 0.03125 0 0.6041666666666665 0.03124999999999999 0 0.6145833333333335 0.03125000000000001 0 0.6249999999999999 0.01041666666666666 0 0.6250000000000001 0.02083333333333334 0 0.6249999999999999 0 0 0.6249999999999999 0.03125 0 0.6249999999999999 0.01041666666666666 0 0.6250000000000001 0.02083333333333334 0 0.6562499999999999 -2.891205793294678e-19 0 0.6354166666666665 0 0 0.6458333333333335 0 0 0.6562500000000001 0.03125 0 0.6354166666666665 0.03124999999999999 0 0.6458333333333335 0.03125000000000001 0 0.6562499999999999 0.01041666666666666 0 0.6562500000000001 0.02083333333333334 0 0.6562499999999999 0 0 0.6562499999999999 0.03125 0 0.6562499999999999 0.01041666666666666 0 0.6562500000000001 0.02083333333333334 0 0.6874999999999999 -2.891205793294678e-19 0 0.6666666666666665 0 0 0.6770833333333335 0 0 0.6875000000000001 0.03125 0 0.6666666666666665 0.03124999999999999 0 0.6770833333333335 0.03125000000000001 0 0.6874999999999999 0.01041666666666666 0 0.6875000000000001 0.02083333333333334 0 0.6874999999999999 0 0 0.6874999999999999 0.03125 0 0.6874999999999999 0.01041666666666666 0 0.6875000000000001 0.02083333333333334 0 0.7187499999999999 -2.891205793294678e-19 0 0.6979166666666665 0 0 0.7083333333333335 0 0 0.7187500000000001 0.03125 0 0.6979166666666665 0.03124999999999999 0 0.7083333333333335 0.03125000000000001 0 0.7187499999999999 0.01041666666666666 0 0.7187500000000001 0.02083333333333334 0 0.7187499999999999 0 0 0.7187499999999999 0.03125 0 0.7187499999999999 0.01041666666666666 0 0.7187500000000001 0.02083333333333334 0 0.7499999999999999 -2.891205793294678e-19 0 0.7291666666666665 0 0 0.7395833333333335 0 0 0.7500000000000001 0.03125 0 0.7291666666666665 0.03124999999999999 0 0.7395833333333335 0.03125000000000001 0 0.7499999999999999 0.01041666666666666 0 0.7500000000000001 0.02083333333333334 0 0.7499999999999999 0 0 0.7499999999999999 0.03125 0 0.7499999999999999 0.01041666666666666 0 0.7500000000000001 0.02083333333333334 0 0.7812499999999999 -2.891205793294678e-19 0 0.7604166666666665 0 0 0.7708333333333335 0 0 0.7812500000000001 0.03125 0 0.7604166666666665 0.03124999999999999 0 0.7708333333333335 0.03125000000000001 0 0.7812499999999999 0.01041666666666666 0 0.7812500000000001 0.02083333333333334 0 0.7812499999999999 0 0 0.7812499999999999 0.03125 0 0.7812499999999999 0.01041666666666666 0 0.7812500000000001 0.02083333333333334 0 0.8124999999999999 -2.891205793294678e-19 0 0.7916666666666665 0 0 0.8020833333333335 0 0 0.8125000000000001 0.03125 0 0.7916666666666665 0.03124999999999999 0 0.8020833333333335 0.03125000000000001 0 0.8124999999999999 0.01041666666666666 0 0.8125000000000002 0.02083333333333334 0 0.8124999999999999 0 0 0.8124999999999999 0.03125 0 0.8124999999999999 0.01041666666666666 0 0.8125000000000002 0.02083333333333334 0 0.8437499999999999 -2.891205793294678e-19 0 0.8229166666666665 0 0 0.8333333333333336 0 0 0.8437500000000001 0.03125 0 0.8229166666666665 0.03124999999999999 0 0.8333333333333336 0.03125000000000001 0 0.8437499999999999 0.01041666666666666 0 0.8437500000000002 0.02083333333333334 0 0.8437499999999999 0 0 0.8437499999999999 0.03125 0 0.8437499999999999 0.01041666666666666 0 0.8437500000000002 0.02083333333333334 0 0.8749999999999999 -2.891205793294678e-19 0 0.8541666666666665 0 0 0.8645833333333336 0 0 0.8750000000000001 0.03125 0 0.8541666666666665 0.03124999999999999 0 0.8645833333333336 0.03125000000000001 0 0.8749999999999999 0.01041666666666666 0 0.8750000000000002 0.02083333333333334 0 0.8749999999999999 0 0 0.8749999999999999 0.03125 0 0.8749999999999999 0.01041666666666666 0 0.8750000000000002 0.02083333333333334 0 0.9062499999999999 -2.891205793294678e-19 0 0.8854166666666665 0 0 0.8958333333333336 0 0 0.9062500000000001 0.03125 0 0.8854166666666665 0.03124999999999999 0 0.8958333333333336 0.03125000000000001 0 0.9062499999999999 0.01041666666666666 0 0.9062500000000002 0.02083333333333334 0 0.9062499999999999 0 0 0.9062499999999999 0.03125 0 0.9062499999999999 0.01041666666666666 0 0.9062500000000002 0.02083333333333334 0 0.9374999999999999 -2.891205793294678e-19 0 0.9166666666666665 0 0 0.9270833333333336 0 0 0.9375000000000001 0.03125 0 0.9166666666666665 0.03124999999999999 0 0.9270833333333336 0.03125000000000001 0 0.9374999999999999 0.01041666666666666 0 0.9375000000000002 0.02083333333333334 0 0.9374999999999999 0 0 0.9374999999999999 0.03125 0 0.9374999999999999 0.01041666666666666 0 0.9375000000000002 0.02083333333333334 0 0.9687499999999999 -2.891205793294678e-19 0 0.9479166666666665 0 0 0.9583333333333336 0 0 0.9687500000000001 0.03125 0 0.9479166666666665 0.03124999999999999 0 0.9583333333333336 0.03125000000000001 0 0.9687499999999999 0.01041666666666666 0 0.9687500000000002 0.02083333333333334 0 0.9687499999999999 0 0 0.9687499999999999 0.03125 0 0.9687499999999999 0.01041666666666666 0 0.9687500000000002 0.02083333333333334 0 0.9999999999999999 -2.891205793294678e-19 0 0.9791666666666665 0 0 0.9895833333333336 0 0 1 0.03125 0 0.9791666666666665 0.03124999999999999 0 0.9895833333333336 0.03125000000000001 0 0.9999999999999998 0.01041666666666666 0 1 0.02083333333333334 0 -2.891205793294678e-19 0.03125 0 -2.891205793294678e-19 0.06249999999999999 0 0 0.04166666666666666 0 0 0.05208333333333334 0 0.03125 0.03125 0 0.01041666666666666 0.03124999999999999 0 0.02083333333333334 0.03125000000000001 0 0.03125 0.0625 0 0.01041666666666666 0.06249999999999999 0 0.02083333333333334 0.06250000000000001 0 0.03124999999999999 0.04166666666666666 0 0.03125000000000001 0.05208333333333334 0 0.03125 0.03125 0 0.03125 0.06249999999999999 0 0.03124999999999999 0.04166666666666666 0 0.03125000000000001 0.05208333333333334 0 0.06249999999999999 0.03125 0 0.04166666666666666 0.03124999999999999 0 0.05208333333333334 0.03125000000000001 0 0.0625 0.0625 0 0.04166666666666666 0.06249999999999999 0 0.05208333333333334 0.06250000000000001 0 0.06249999999999999 0.04166666666666666 0 0.06250000000000001 0.05208333333333334 0 0.06249999999999999 0.03125 0 0.06249999999999999 0.06249999999999999 0 0.06249999999999999 0.04166666666666666 0 0.06250000000000001 0.05208333333333334 0 0.09374999999999999 0.03125 0 0.07291666666666666 0.03124999999999999 0 0.08333333333333334 0.03125000000000001 0 0.09375000000000001 0.0625 0 0.07291666666666666 0.06249999999999999 0 0.08333333333333334 0.06250000000000001 0 0.09374999999999999 0.04166666666666666 0 0.09375000000000001 0.05208333333333334 0 0.09374999999999999 0.03125 0 0.09374999999999999 0.06249999999999999 0 0.09374999999999999 0.04166666666666666 0 0.09375000000000001 0.05208333333333334 0 0.125 0.03125 0 0.1041666666666667 0.03124999999999999 0 0.1145833333333334 0.03125000000000001 0 0.125 0.0625 0 0.1041666666666667 0.06249999999999999 0 0.1145833333333334 0.06250000000000001 0 0.125 0.04166666666666666 0 0.125 0.05208333333333334 0 0.125 0.03125 0 0.125 0.06249999999999999 0 0.125 0.04166666666666666 0 0.125 0.05208333333333334 0 0.15625 0.03125 0 0.1354166666666666 0.03124999999999999 0 0.1458333333333334 0.03125000000000001 0 0.15625 0.0625 0 0.1354166666666666 0.06249999999999999 0 0.1458333333333334 0.06250000000000001 0 0.15625 0.04166666666666666 0 0.15625 0.05208333333333334 0 0.15625 0.03125 0 0.15625 0.06249999999999999 0 0.15625 0.04166666666666666 0 0.15625 0.05208333333333334 0 0.1875 0.03125 0 0.1666666666666666 0.03124999999999999 0 0.1770833333333334 0.03125000000000001 0 0.1875 0.0625 0 0.1666666666666666 0.06249999999999999 0 0.1770833333333334 0.06250000000000001 0 0.1875 0.04166666666666666 0 0.1875 0.05208333333333334 0 0.1875 0.03125 0 0.1875 0.06249999999999999 0 0.1875 0.04166666666666666 0 0.1875 0.05208333333333334 0 0.21875 0.03125 0 0.1979166666666666 0.03124999999999999 0 0.2083333333333334 0.03125000000000001 0 0.21875 0.0625 0 0.1979166666666666 0.06249999999999999 0 0.2083333333333334 0.06250000000000001 0 0.21875 0.04166666666666666 0 0.2187500000000001 0.05208333333333334 0 0.21875 0.03125 0 0.21875 0.06249999999999999 0 0.21875 0.04166666666666666 0 0.2187500000000001 0.05208333333333334 0 0.25 0.03125 0 0.2291666666666666 0.03124999999999999 0 0.2395833333333334 0.03125000000000001 0 0.25 0.0625 0 0.2291666666666666 0.06249999999999999 0 0.2395833333333334 0.06250000000000001 0 0.2499999999999999 0.04166666666666666 0 0.2500000000000001 0.05208333333333334 0 0.25 0.03125 0 0.25 0.06249999999999999 0 0.2499999999999999 0.04166666666666666 0 0.2500000000000001 0.05208333333333334 0 0.2812499999999999 0.03125 0 0.2604166666666666 0.03124999999999999 0 0.2708333333333334 0.03125000000000001 0 0.2812500000000001 0.0625 0 0.2604166666666666 0.06249999999999999 0 0.2708333333333334 0.06250000000000001 0 0.2812499999999999 0.04166666666666666 0 0.2812500000000001 0.05208333333333334 0 0.2812499999999999 0.03125 0 0.2812499999999999 0.06249999999999999 0 0.2812499999999999 0.04166666666666666 0 0.2812500000000001 0.05208333333333334 0 0.3124999999999999 0.03125 0 0.2916666666666666 0.03124999999999999 0 0.3020833333333334 0.03125000000000001 0 0.3125000000000001 0.0625 0 0.2916666666666666 0.06249999999999999 0 0.3020833333333334 0.06250000000000001 0 0.3124999999999999 0.04166666666666666 0 0.3125000000000001 0.05208333333333334 0 0.3124999999999999 0.03125 0 0.3124999999999999 0.06249999999999999 0 0.3124999999999999 0.04166666666666666 0 0.3125000000000001 0.05208333333333334 0 0.3437499999999999 0.03125 0 0.3229166666666666 0.03124999999999999 0 0.3333333333333334 0.03125000000000001 0 0.3437500000000001 0.0625 0 0.3229166666666666 0.06249999999999999 0 0.3333333333333334 0.06250000000000001 0 0.3437499999999999 0.04166666666666666 0 0.3437500000000001 0.05208333333333334 0 0.3437499999999999 0.03125 0 0.3437499999999999 0.06249999999999999 0 0.3437499999999999 0.04166666666666666 0 0.3437500000000001 0.05208333333333334 0 0.3749999999999999 0.03125 0 0.3541666666666666 0.03124999999999999 0 0.3645833333333334 0.03125000000000001 0 0.3750000000000001 0.0625 0 0.3541666666666666 0.06249999999999999 0 0.3645833333333334 0.06250000000000001 0 0.3749999999999999 0.04166666666666666 0 0.3750000000000001 0.05208333333333334 0 0.3749999999999999 0.03125 0 0.3749999999999999 0.06249999999999999 0 0.3749999999999999 0.04166666666666666 0 0.3750000000000001 0.05208333333333334 0 0.4062499999999999 0.03125 0 0.3854166666666666 0.03124999999999999 0 0.3958333333333334 0.03125000000000001 0 0.4062500000000001 0.0625 0 0.3854166666666666 0.06249999999999999 0 0.3958333333333334 0.06250000000000001 0 0.4062499999999999 0.04166666666666666 0 0.4062500000000001 0.05208333333333334 0 0.4062499999999999 0.03125 0 0.4062499999999999 0.06249999999999999 0 0.4062499999999999 0.04166666666666666 0 0.4062500000000001 0.05208333333333334 0 0.4374999999999999 0.03125 0 0.4166666666666666 0.03124999999999999 0 0.4270833333333334 0.03125000000000001 0 0.4375000000000001 0.0625 0 0.4166666666666666 0.06249999999999999 0 0.4270833333333334 0.06250000000000001 0 0.4374999999999999 0.04166666666666666 0 0.4375000000000001 0.05208333333333334 0 0.4374999999999999 0.03125 0 0.4374999999999999 0.06249999999999999 0 0.4374999999999999 0.04166666666666666 0 0.4375000000000001 0.05208333333333334 0 0.4687499999999999 0.03125 0 0.4479166666666666 0.03124999999999999 0 0.4583333333333334 0.03125000000000001 0 0.4687500000000001 0.0625 0 0.4479166666666666 0.06249999999999999 0 0.4583333333333334 0.06250000000000001 0 0.4687499999999999 0.04166666666666666 0 0.4687500000000001 0.05208333333333334 0 0.4687499999999999 0.03125 0 0.4687499999999999 0.06249999999999999 0 0.4687499999999999 0.04166666666666666 0 0.4687500000000001 0.05208333333333334 0 0.4999999999999999 0.03125 0 0.4791666666666666 0.03124999999999999 0 0.4895833333333334 0.03125000000000001 0 0.5 0.0625 0 0.4791666666666666 0.06249999999999999 0 0.4895833333333334 0.06250000000000001 0 0.4999999999999999 0.04166666666666666 0 0.5000000000000001 0.05208333333333334 0 0.4999999999999999 0.03125 0 0.4999999999999999 0.06249999999999999 0 0.4999999999999999 0.04166666666666666 0 0.5000000000000001 0.05208333333333334 0 0.5312499999999999 0.03125 0 0.5104166666666665 0.03124999999999999 0 0.5208333333333335 0.03125000000000001 0 0.5312500000000001 0.0625 0 0.5104166666666665 0.06249999999999999 0 0.5208333333333335 0.06250000000000001 0 0.5312499999999999 0.04166666666666666 0 0.5312500000000001 0.05208333333333334 0 0.5312499999999999 0.03125 0 0.5312499999999999 0.06249999999999999 0 0.5312499999999999 0.04166666666666666 0 0.5312500000000001 0.05208333333333334 0 0.5624999999999999 0.03125 0 0.5416666666666665 0.03124999999999999 0 0.5520833333333335 0.03125000000000001 0 0.5625000000000001 0.0625 0 0.5416666666666665 0.06249999999999999 0 0.5520833333333335 0.06250000000000001 0 0.5624999999999999 0.04166666666666666 0 0.5625000000000001 0.05208333333333334 0 0.5624999999999999 0.03125 0 0.5624999999999999 0.06249999999999999 0 0.5624999999999999 0.04166666666666666 0 0.5625000000000001 0.05208333333333334 0 0.5937499999999999 0.03125 0 0.5729166666666665 0.03124999999999999 0 0.5833333333333335 0.03125000000000001 0 0.5937500000000001 0.0625 0 0.5729166666666665 0.06249999999999999 0 0.5833333333333335 0.06250000000000001 0 0.5937499999999999 0.04166666666666666 0 0.5937500000000001 0.05208333333333334 0 0.5937499999999999 0.03125 0 0.5937499999999999 0.06249999999999999 0 0.5937499999999999 0.04166666666666666 0 0.5937500000000001 0.05208333333333334 0 0.6249999999999999 0.03125 0 0.6041666666666665 0.03124999999999999 0 0.6145833333333335 0.03125000000000001 0 0.6250000000000001 0.0625 0 0.6041666666666665 0.06249999999999999 0 0.6145833333333335 0.06250000000000001 0 0.6249999999999999 0.04166666666666666 0 0.6250000000000001 0.05208333333333334 0 0.6249999999999999 0.03125 0 0.6249999999999999 0.06249999999999999 0 0.6249999999999999 0.04166666666666666 0 0.6250000000000001 0.05208333333333334 0 0.6562499999999999 0.03125 0 0.6354166666666665 0.03124999999999999 0 0.6458333333333335 0.03125000000000001 0 0.6562500000000001 0.0625 0 0.6354166666666665 0.06249999999999999 0 0.6458333333333335 0.06250000000000001 0 0.6562499999999999 0.04166666666666666 0 0.6562500000000001 0.05208333333333334 0 0.6562499999999999 0.03125 0 0.6562499999999999 0.06249999999999999 0 0.6562499999999999 0.04166666666666666 0 0.6562500000000001 0.05208333333333334 0 0.6874999999999999 0.03125 0 0.6666666666666665 0.03124999999999999 0 0.6770833333333335 0.03125000000000001 0 0.6875000000000001 0.0625 0 0.6666666666666665 0.06249999999999999 0 0.6770833333333335 0.06250000000000001 0 0.6874999999999999 0.04166666666666666 0 0.6875000000000001 0.05208333333333334 0 0.6874999999999999 0.03125 0 0.6874999999999999 0.06249999999999999 0 0.6874999999999999 0.04166666666666666 0 0.6875000000000001 0.05208333333333334 0 0.7187499999999999 0.03125 0 0.6979166666666665 0.03124999999999999 0 0.7083333333333335 0.03125000000000001 0 0.7187500000000001 0.0625 0 0.6979166666666665 0.06249999999999999 0 0.7083333333333335 0.06250000000000001 0 0.7187499999999999 0.04166666666666666 0 0.7187500000000001 0.05208333333333334 0 0.7187499999999999 0.03125 0 0.7187499999999999 0.06249999999999999 0 0.7187499999999999 0.04166666666666666 0 0.7187500000000001 0.05208333333333334 0 0.7499999999999999 0.03125 0 0.7291666666666665 0.03124999999999999 0 0.7395833333333335 0.03125000000000001 0 0.7500000000000001 0.0625 0 0.7291666666666665 0.06249999999999999 0 0.7395833333333335 0.06250000000000001 0 0.7499999999999999 0.04166666666666666 0 0.7500000000000001 0.05208333333333334 0 0.7499999999999999 0.03125 0 0.7499999999999999 0.06249999999999999 0 0.7499999999999999 0.04166666666666666 0 0.7500000000000001 0.05208333333333334 0 0.7812499999999999 0.03125 0 0.7604166666666665 0.03124999999999999 0 0.7708333333333335 0.03125000000000001 0 0.7812500000000001 0.0625 0 0.7604166666666665 0.06249999999999999 0 0.7708333333333335 0.06250000000000001 0 0.7812499999999999 0.04166666666666666 0 0.7812500000000001 0.05208333333333334 0 0.7812499999999999 0.03125 0 0.7812499999999999 0.06249999999999999 0 0.7812499999999999 0.04166666666666666 0 0.7812500000000001 0.05208333333333334 0 0.8124999999999999 0.03125 0 0.7916666666666665 0.03124999999999999 0 0.8020833333333335 0.03125000000000001 0 0.8125000000000001 0.0625 0 0.7916666666666665 0.06249999999999999 0 0.8020833333333335 0.06250000000000001 0 0.8124999999999999 0.04166666666666666 0 0.8125000000000002 0.05208333333333334 0 0.8124999999999999 0.03125 0 0.8124999999999999 0.06249999999999999 0 0.8124999999999999 0.04166666666666666 0 0.8125000000000002 0.05208333333333334 0 0.8437499999999999 0.03125 0 0.8229166666666665 0.03124999999999999 0 0.8333333333333336 0.03125000000000001 0 0.8437500000000001 0.0625 0 0.8229166666666665 0.06249999999999999 0 0.8333333333333336 0.06250000000000001 0 0.8437499999999999 0.04166666666666666 0 0.8437500000000002 0.05208333333333334 0 0.8437499999999999 0.03125 0 0.8437499999999999 0.06249999999999999 0 0.8437499999999999 0.04166666666666666 0 0.8437500000000002 0.05208333333333334 0 0.8749999999999999 0.03125 0 0.8541666666666665 0.03124999999999999 0 0.8645833333333336 0.03125000000000001 0 0.8750000000000001 0.0625 0 0.8541666666666665 0.06249999999999999 0 0.8645833333333336 0.06250000000000001 0 0.8749999999999999 0.04166666666666666 0 0.8750000000000002 0.05208333333333334 0 0.8749999999999999 0.03125 0 0.8749999999999999 0.06249999999999999 0 0.8749999999999999 0.04166666666666666 0 0.8750000000000002 0.05208333333333334 0 0.9062499999999999 0.03125 0 0.8854166666666665 0.03124999999999999 0 0.8958333333333336 0.03125000000000001 0 0.9062500000000001 0.0625 0 0.8854166666666665 0.06249999999999999 0 0.8958333333333336 0.06250000000000001 0 0.9062499999999999 0.04166666666666666 0 0.9062500000000002 0.05208333333333334 0 0.9062499999999999 0.03125 0 0.9062499999999999 0.06249999999999999 0 0.9062499999999999 0.04166666666666666 0 0.9062500000000002 0.05208333333333334 0 0.9374999999999999 0.03125 0 0.9166666666666665 0.03124999999999999 0 0.9270833333333336 0.03125000000000001 0 0.9375000000000001 0.0625 0 0.9166666666666665 0.06249999999999999 0 0.9270833333333336 0.06250000000000001 0 0.9374999999999999 0.04166666666666666 0 0.9375000000000002 0.05208333333333334 0 0.9374999999999999 0.03125 0 0.9374999999999999 0.06249999999999999 0 0.9374999999999999 0.04166666666666666 0 0.9375000000000002 0.05208333333333334 0 0.9687499999999999 0.03125 0 0.9479166666666665 0.03124999999999999 0 0.9583333333333336 0.03125000000000001 0 0.9687500000000001 0.0625 0 0.9479166666666665 0.06249999999999999 0 0.9583333333333336 0.06250000000000001 0 0.9687499999999999 0.04166666666666666 0 0.9687500000000002 0.05208333333333334 0 0.9687499999999999 0.03125 0 0.9687499999999999 0.06249999999999999 0 0.9687499999999999 0.04166666666666666 0 0.9687500000000002 0.05208333333333334 0 0.9999999999999999 0.03125 0 0.9791666666666665 0.03124999999999999 0 0.9895833333333336 0.03125000000000001 0 1 0.0625 0 0.9791666666666665 0.06249999999999999 0 0.9895833333333336 0.06250000000000001 0 0.9999999999999998 0.04166666666666666 0 1 0.05208333333333334 0 -2.891205793294678e-19 0.06249999999999999 0 -2.891205793294678e-19 0.09374999999999999 0 0 0.07291666666666666 0 0 0.08333333333333334 0 0.03125 0.06249999999999999 0 0.01041666666666666 0.06249999999999999 0 0.02083333333333334 0.06250000000000001 0 0.03125 0.09375000000000001 0 0.01041666666666666 0.09374999999999999 0 0.02083333333333334 0.09375000000000001 0 0.03124999999999999 0.07291666666666666 0 0.03125000000000001 0.08333333333333334 0 0.03125 0.06249999999999999 0 0.03125 0.09374999999999999 0 0.03124999999999999 0.07291666666666666 0 0.03125000000000001 0.08333333333333334 0 0.06249999999999999 0.06249999999999999 0 0.04166666666666666 0.06249999999999999 0 0.05208333333333334 0.06250000000000001 0 0.0625 0.09375000000000001 0 0.04166666666666666 0.09374999999999999 0 0.05208333333333334 0.09375000000000001 0 0.06249999999999999 0.07291666666666666 0 0.06250000000000001 0.08333333333333334 0 0.06249999999999999 0.06249999999999999 0 0.06249999999999999 0.09374999999999999 0 0.06249999999999999 0.07291666666666666 0 0.06250000000000001 0.08333333333333334 0 0.09374999999999999 0.06249999999999999 0 0.07291666666666666 0.06249999999999999 0 0.08333333333333334 0.06250000000000001 0 0.09375000000000001 0.09375000000000001 0 0.07291666666666666 0.09374999999999999 0 0.08333333333333334 0.09375000000000001 0 0.09374999999999999 0.07291666666666666 0 0.09375000000000001 0.08333333333333334 0 0.09374999999999999 0.06249999999999999 0 0.09374999999999999 0.09374999999999999 0 0.09374999999999999 0.07291666666666666 0 0.09375000000000001 0.08333333333333334 0 0.125 0.06249999999999999 0 0.1041666666666667 0.06249999999999999 0 0.1145833333333334 0.06250000000000001 0 0.125 0.09375000000000001 0 0.1041666666666667 0.09374999999999999 0 0.1145833333333334 0.09375000000000001 0 0.125 0.07291666666666666 0 0.125 0.08333333333333334 0 0.125 0.06249999999999999 0 0.125 0.09374999999999999 0 0.125 0.07291666666666666 0 0.125 0.08333333333333334 0 0.15625 0.06249999999999999 0 0.1354166666666666 0.06249999999999999 0 0.1458333333333334 0.06250000000000001 0 0.15625 0.09375000000000001 0 0.1354166666666666 0.09374999999999999 0 0.1458333333333334 0.09375000000000001 0 0.15625 0.07291666666666666 0 0.15625 0.08333333333333334 0 0.15625 0.06249999999999999 0 0.15625 0.09374999999999999 0 0.15625 0.07291666666666666 0 0.15625 0.08333333333333334 0 0.1875 0.06249999999999999 0 0.1666666666666666 0.06249999999999999 0 0.1770833333333334 0.06250000000000001 0 0.1875 0.09375000000000001 0 0.1666666666666666 0.09374999999999999 0 0.1770833333333334 0.09375000000000001 0 0.1875 0.07291666666666666 0 0.1875 0.08333333333333334 0 0.1875 0.06249999999999999 0 0.1875 0.09374999999999999 0 0.1875 0.07291666666666666 0 0.1875 0.08333333333333334 0 0.21875 0.06249999999999999 0 0.1979166666666666 0.06249999999999999 0 0.2083333333333334 0.06250000000000001 0 0.21875 0.09375000000000001 0 0.1979166666666666 0.09374999999999999 0 0.2083333333333334 0.09375000000000001 0 0.21875 0.07291666666666666 0 0.2187500000000001 0.08333333333333334 0 0.21875 0.06249999999999999 0 0.21875 0.09374999999999999 0 0.21875 0.07291666666666666 0 0.2187500000000001 0.08333333333333334 0 0.25 0.06249999999999999 0 0.2291666666666666 0.06249999999999999 0 0.2395833333333334 0.06250000000000001 0 0.25 0.09375000000000001 0 0.2291666666666666 0.09374999999999999 0 0.2395833333333334 0.09375000000000001 0 0.2499999999999999 0.07291666666666666 0 0.2500000000000001 0.08333333333333334 0 0.25 0.06249999999999999 0 0.25 0.09374999999999999 0 0.2499999999999999 0.07291666666666666 0 0.2500000000000001 0.08333333333333334 0 0.2812499999999999 0.06249999999999999 0 0.2604166666666666 0.06249999999999999 0 0.2708333333333334 0.06250000000000001 0 0.2812500000000001 0.09375000000000001 0 0.2604166666666666 0.09374999999999999 0 0.2708333333333334 0.09375000000000001 0 0.2812499999999999 0.07291666666666666 0 0.2812500000000001 0.08333333333333334 0 0.2812499999999999 0.06249999999999999 0 0.2812499999999999 0.09374999999999999 0 0.2812499999999999 0.07291666666666666 0 0.2812500000000001 0.08333333333333334 0 0.3124999999999999 0.06249999999999999 0 0.2916666666666666 0.06249999999999999 0 0.3020833333333334 0.06250000000000001 0 0.3125000000000001 0.09375000000000001 0 0.2916666666666666 0.09374999999999999 0 0.3020833333333334 0.09375000000000001 0 0.3124999999999999 0.07291666666666666 0 0.3125000000000001 0.08333333333333334 0 0.3124999999999999 0.06249999999999999 0 0.3124999999999999 0.09374999999999999 0 0.3124999999999999 0.07291666666666666 0 0.3125000000000001 0.08333333333333334 0 0.3437499999999999 0.06249999999999999 0 0.3229166666666666 0.06249999999999999 0 0.3333333333333334 0.06250000000000001 0 0.3437500000000001 0.09375000000000001 0 0.3229166666666666 0.09374999999999999 0 0.3333333333333334 0.09375000000000001 0 0.3437499999999999 0.07291666666666666 0 0.3437500000000001 0.08333333333333334 0 0.3437499999999999 0.06249999999999999 0 0.3437499999999999 0.09374999999999999 0 0.3437499999999999 0.07291666666666666 0 0.3437500000000001 0.08333333333333334 0 0.3749999999999999 0.06249999999999999 0 0.3541666666666666 0.06249999999999999 0 0.3645833333333334 0.06250000000000001 0 0.3750000000000001 0.09375000000000001 0 0.3541666666666666 0.09374999999999999 0 0.3645833333333334 0.09375000000000001 0 0.3749999999999999 0.07291666666666666 0 0.3750000000000001 0.08333333333333334 0 0.3749999999999999 0.06249999999999999 0 0.3749999999999999 0.09374999999999999 0 0.3749999999999999 0.07291666666666666 0 0.3750000000000001 0.08333333333333334 0 0.4062499999999999 0.06249999999999999 0 0.3854166666666666 0.06249999999999999 0 0.3958333333333334 0.06250000000000001 0 0.4062500000000001 0.09375000000000001 0 0.3854166666666666 0.09374999999999999 0 0.3958333333333334 0.09375000000000001 0 0.4062499999999999 0.07291666666666666 0 0.4062500000000001 0.08333333333333334 0 0.4062499999999999 0.06249999999999999 0 0.4062499999999999 0.09374999999999999 0 0.4062499999999999 0.07291666666666666 0 0.4062500000000001 0.08333333333333334 0 0.4374999999999999 0.06249999999999999 0 0.4166666666666666 0.06249999999999999 0 0.4270833333333334 0.06250000000000001 0 0.4375000000000001 0.09375000000000001 0 0.4166666666666666 0.09374999999999999 0 0.4270833333333334 0.09375000000000001 0 0.4374999999999999 0.07291666666666666 0 0.4375000000000001 0.08333333333333334 0 0.4374999999999999 0.06249999999999999 0 0.4374999999999999 0.09374999999999999 0 0.4374999999999999 0.07291666666666666 0 0.4375000000000001 0.08333333333333334 0 0.4687499999999999 0.06249999999999999 0 0.4479166666666666 0.06249999999999999 0 0.4583333333333334 0.06250000000000001 0 0.4687500000000001 0.09375000000000001 0 0.4479166666666666 0.09374999999999999 0 0.4583333333333334 0.09375000000000001 0 0.4687499999999999 0.07291666666666666 0 0.4687500000000001 0.08333333333333334 0 0.4687499999999999 0.06249999999999999 0 0.4687499999999999 0.09374999999999999 0 0.4687499999999999 0.07291666666666666 0 0.4687500000000001 0.08333333333333334 0 0.4999999999999999 0.06249999999999999 0 0.4791666666666666 0.06249999999999999 0 0.4895833333333334 0.06250000000000001 0 0.5 0.09375000000000001 0 0.4791666666666666 0.09374999999999999 0 0.4895833333333334 0.09375000000000001 0 0.4999999999999999 0.07291666666666666 0 0.5000000000000001 0.08333333333333334 0 0.4999999999999999 0.06249999999999999 0 0.4999999999999999 0.09374999999999999 0 0.4999999999999999 0.07291666666666666 0 0.5000000000000001 0.08333333333333334 0 0.5312499999999999 0.06249999999999999 0 0.5104166666666665 0.06249999999999999 0 0.5208333333333335 0.06250000000000001 0 0.5312500000000001 0.09375000000000001 0 0.5104166666666665 0.09374999999999999 0 0.5208333333333335 0.09375000000000001 0 0.5312499999999999 0.07291666666666666 0 0.5312500000000001 0.08333333333333334 0 0.5312499999999999 0.06249999999999999 0 0.5312499999999999 0.09374999999999999 0 0.5312499999999999 0.07291666666666666 0 0.5312500000000001 0.08333333333333334 0 0.5624999999999999 0.06249999999999999 0 0.5416666666666665 0.06249999999999999 0 0.5520833333333335 0.06250000000000001 0 0.5625000000000001 0.09375000000000001 0 0.5416666666666665 0.09374999999999999 0 0.5520833333333335 0.09375000000000001 0 0.5624999999999999 0.07291666666666666 0 0.5625000000000001 0.08333333333333334 0 0.5624999999999999 0.06249999999999999 0 0.5624999999999999 0.09374999999999999 0 0.5624999999999999 0.07291666666666666 0 0.5625000000000001 0.08333333333333334 0 0.5937499999999999 0.06249999999999999 0 0.5729166666666665 0.06249999999999999 0 0.5833333333333335 0.06250000000000001 0 0.5937500000000001 0.09375000000000001 0 0.5729166666666665 0.09374999999999999 0 0.5833333333333335 0.09375000000000001 0 0.5937499999999999 0.07291666666666666 0 0.5937500000000001 0.08333333333333334 0 0.5937499999999999 0.06249999999999999 0 0.5937499999999999 0.09374999999999999 0 0.5937499999999999 0.07291666666666666 0 0.5937500000000001 0.08333333333333334 0 0.6249999999999999 0.06249999999999999 0 0.6041666666666665 0.06249999999999999 0 0.6145833333333335 0.06250000000000001 0 0.6250000000000001 0.09375000000000001 0 0.6041666666666665 0.09374999999999999 0 0.6145833333333335 0.09375000000000001 0 0.6249999999999999 0.07291666666666666 0 0.6250000000000001 0.08333333333333334 0 0.6249999999999999 0.06249999999999999 0 0.6249999999999999 0.09374999999999999 0 0.6249999999999999 0.07291666666666666 0 0.6250000000000001 0.08333333333333334 0 0.6562499999999999 0.06249999999999999 0 0.6354166666666665 0.06249999999999999 0 0.6458333333333335 0.06250000000000001 0 0.6562500000000001 0.09375000000000001 0 0.6354166666666665 0.09374999999999999 0 0.6458333333333335 0.09375000000000001 0 0.6562499999999999 0.07291666666666666 0 0.6562500000000001 0.08333333333333334 0 0.6562499999999999 0.06249999999999999 0 0.6562499999999999 0.09374999999999999 0 0.6562499999999999 0.07291666666666666 0 0.6562500000000001 0.08333333333333334 0 0.6874999999999999 0.06249999999999999 0 0.6666666666666665 0.06249999999999999 0 0.6770833333333335 0.06250000000000001 0 0.6875000000000001 0.09375000000000001 0 0.6666666666666665 0.09374999999999999 0 0.6770833333333335 0.09375000000000001 0 0.6874999999999999 0.07291666666666666 0 0.6875000000000001 0.08333333333333334 0 0.6874999999999999 0.06249999999999999 0 0.6874999999999999 0.09374999999999999 0 0.6874999999999999 0.07291666666666666 0 0.6875000000000001 0.08333333333333334 0 0.7187499999999999 0.06249999999999999 0 0.6979166666666665 0.06249999999999999 0 0.7083333333333335 0.06250000000000001 0 0.7187500000000001 0.09375000000000001 0 0.6979166666666665 0.09374999999999999 0 0.7083333333333335 0.09375000000000001 0 0.7187499999999999 0.07291666666666666 0 0.7187500000000001 0.08333333333333334 0 0.7187499999999999 0.06249999999999999 0 0.7187499999999999 0.09374999999999999 0 0.7187499999999999 0.07291666666666666 0 0.7187500000000001 0.08333333333333334 0 0.7499999999999999 0.06249999999999999 0 0.7291666666666665 0.06249999999999999 0 0.7395833333333335 0.06250000000000001 0 0.7500000000000001 0.09375000000000001 0 0.7291666666666665 0.09374999999999999 0 0.7395833333333335 0.09375000000000001 0 0.7499999999999999 0.07291666666666666 0 0.7500000000000001 0.08333333333333334 0 0.7499999999999999 0.06249999999999999 0 0.7499999999999999 0.09374999999999999 0 0.7499999999999999 0.07291666666666666 0 0.7500000000000001 0.08333333333333334 0 0.7812499999999999 0.06249999999999999 0 0.7604166666666665 0.06249999999999999 0 0.7708333333333335 0.06250000000000001 0 0.7812500000000001 0.09375000000000001 0 0.7604166666666665 0.09374999999999999 0 0.7708333333333335 0.09375000000000001 0 0.7812499999999999 0.07291666666666666 0 0.7812500000000001 0.08333333333333334 0 0.7812499999999999 0.06249999999999999 0 0.7812499999999999 0.09374999999999999 0 0.7812499999999999 0.07291666666666666 0 0.7812500000000001 0.08333333333333334 0 0.8124999999999999 0.06249999999999999 0 0.7916666666666665 0.06249999999999999 0 0.8020833333333335 0.06250000000000001 0 0.8125000000000001 0.09375000000000001 0 0.7916666666666665 0.09374999999999999 0 0.8020833333333335 0.09375000000000001 0 0.8124999999999999 0.07291666666666666 0 0.8125000000000002 0.08333333333333334 0 0.8124999999999999 0.06249999999999999 0 0.8124999999999999 0.09374999999999999 0 0.8124999999999999 0.07291666666666666 0 0.8125000000000002 0.08333333333333334 0 0.8437499999999999 0.06249999999999999 0 0.8229166666666665 0.06249999999999999 0 0.8333333333333336 0.06250000000000001 0 0.8437500000000001 0.09375000000000001 0 0.8229166666666665 0.09374999999999999 0 0.8333333333333336 0.09375000000000001 0 0.8437499999999999 0.07291666666666666 0 0.8437500000000002 0.08333333333333334 0 0.8437499999999999 0.06249999999999999 0 0.8437499999999999 0.09374999999999999 0 0.8437499999999999 0.07291666666666666 0 0.8437500000000002 0.08333333333333334 0 0.8749999999999999 0.06249999999999999 0 0.8541666666666665 0.06249999999999999 0 0.8645833333333336 0.06250000000000001 0 0.8750000000000001 0.09375000000000001 0 0.8541666666666665 0.09374999999999999 0 0.8645833333333336 0.09375000000000001 0 0.8749999999999999 0.07291666666666666 0 0.8750000000000002 0.08333333333333334 0 0.8749999999999999 0.06249999999999999 0 0.8749999999999999 0.09374999999999999 0 0.8749999999999999 0.07291666666666666 0 0.8750000000000002 0.08333333333333334 0 0.9062499999999999 0.06249999999999999 0 0.8854166666666665 0.06249999999999999 0 0.8958333333333336 0.06250000000000001 0 0.9062500000000001 0.09375000000000001 0 0.8854166666666665 0.09374999999999999 0 0.8958333333333336 0.09375000000000001 0 0.9062499999999999 0.07291666666666666 0 0.9062500000000002 0.08333333333333334 0 0.9062499999999999 0.06249999999999999 0 0.9062499999999999 0.09374999999999999 0 0.9062499999999999 0.07291666666666666 0 0.9062500000000002 0.08333333333333334 0 0.9374999999999999 0.06249999999999999 0 0.9166666666666665 0.06249999999999999 0 0.9270833333333336 0.06250000000000001 0 0.9375000000000001 0.09375000000000001 0 0.9166666666666665 0.09374999999999999 0 0.9270833333333336 0.09375000000000001 0 0.9374999999999999 0.07291666666666666 0 0.9375000000000002 0.08333333333333334 0 0.9374999999999999 0.06249999999999999 0 0.9374999999999999 0.09374999999999999 0 0.9374999999999999 0.07291666666666666 0 0.9375000000000002 0.08333333333333334 0 0.9687499999999999 0.06249999999999999 0 0.9479166666666665 0.06249999999999999 0 0.9583333333333336 0.06250000000000001 0 0.9687500000000001 0.09375000000000001 0 0.9479166666666665 0.09374999999999999 0 0.9583333333333336 0.09375000000000001 0 0.9687499999999999 0.07291666666666666 0 0.9687500000000002 0.08333333333333334 0 0.9687499999999999 0.06249999999999999 0 0.9687499999999999 0.09374999999999999 0 0.9687499999999999 0.07291666666666666 0 0.9687500000000002 0.08333333333333334 0 0.9999999999999999 0.06249999999999999 0 0.9791666666666665 0.06249999999999999 0 0.9895833333333336 0.06250000000000001 0 1 0.09375000000000001 0 0.9791666666666665 0.09374999999999999 0 0.9895833333333336 0.09375000000000001 0 0.9999999999999998 0.07291666666666666 0 1 0.08333333333333334 0 -2.891205793294678e-19 0.09374999999999999 0 -2.891205793294678e-19 0.125 0 0 0.1041666666666667 0 0 0.1145833333333334 0 0.03125 0.09374999999999999 0 0.01041666666666666 0.09374999999999999 0 0.02083333333333334 0.09375000000000001 0 0.03125 0.125 0 0.01041666666666666 0.125 0 0.02083333333333334 0.125 0 0.03124999999999999 0.1041666666666667 0 0.03125000000000001 0.1145833333333334 0 0.03125 0.09374999999999999 0 0.03125 0.125 0 0.03124999999999999 0.1041666666666667 0 0.03125000000000001 0.1145833333333334 0 0.06249999999999999 0.09374999999999999 0 0.04166666666666666 0.09374999999999999 0 0.05208333333333334 0.09375000000000001 0 0.0625 0.125 0 0.04166666666666666 0.125 0 0.05208333333333334 0.125 0 0.06249999999999999 0.1041666666666667 0 0.06250000000000001 0.1145833333333334 0 0.06249999999999999 0.09374999999999999 0 0.06249999999999999 0.125 0 0.06249999999999999 0.1041666666666667 0 0.06250000000000001 0.1145833333333334 0 0.09374999999999999 0.09374999999999999 0 0.07291666666666666 0.09374999999999999 0 0.08333333333333334 0.09375000000000001 0 0.09375000000000001 0.125 0 0.07291666666666666 0.125 0 0.08333333333333334 0.125 0 0.09374999999999999 0.1041666666666667 0 0.09375000000000001 0.1145833333333334 0 0.09374999999999999 0.09374999999999999 0 0.09374999999999999 0.125 0 0.09374999999999999 0.1041666666666667 0 0.09375000000000001 0.1145833333333334 0 0.125 0.09374999999999999 0 0.1041666666666667 0.09374999999999999 0 0.1145833333333334 0.09375000000000001 0 0.125 0.125 0 0.1041666666666667 0.125 0 0.1145833333333334 0.125 0 0.125 0.1041666666666667 0 0.125 0.1145833333333334 0 0.125 0.09374999999999999 0 0.125 0.125 0 0.125 0.1041666666666667 0 0.125 0.1145833333333334 0 0.15625 0.09374999999999999 0 0.1354166666666666 0.09374999999999999 0 0.1458333333333334 0.09375000000000001 0 0.15625 0.125 0 0.1354166666666666 0.125 0 0.1458333333333334 0.125 0 0.15625 0.1041666666666667 0 0.15625 0.1145833333333334 0 0.15625 0.09374999999999999 0 0.15625 0.125 0 0.15625 0.1041666666666667 0 0.15625 0.1145833333333334 0 0.1875 0.09374999999999999 0 0.1666666666666666 0.09374999999999999 0 0.1770833333333334 0.09375000000000001 0 0.1875 0.125 0 0.1666666666666666 0.125 0 0.1770833333333334 0.125 0 0.1875 0.1041666666666667 0 0.1875 0.1145833333333334 0 0.1875 0.09374999999999999 0 0.1875 0.125 0 0.1875 0.1041666666666667 0 0.1875 0.1145833333333334 0 0.21875 0.09374999999999999 0 0.1979166666666666 0.09374999999999999 0 0.2083333333333334 0.09375000000000001 0 0.21875 0.125 0 0.1979166666666666 0.125 0 0.2083333333333334 0.125 0 0.21875 0.1041666666666667 0 0.2187500000000001 0.1145833333333334 0 0.21875 0.09374999999999999 0 0.21875 0.125 0 0.21875 0.1041666666666667 0 0.2187500000000001 0.1145833333333334 0 0.25 0.09374999999999999 0 0.2291666666666666 0.09374999999999999 0 0.2395833333333334 0.09375000000000001 0 0.25 0.125 0 0.2291666666666666 0.125 0 0.2395833333333334 0.125 0 0.2499999999999999 0.1041666666666667 0 0.2500000000000001 0.1145833333333334 0 0.25 0.09374999999999999 0 0.25 0.125 0 0.2499999999999999 0.1041666666666667 0 0.2500000000000001 0.1145833333333334 0 0.2812499999999999 0.09374999999999999 0 0.2604166666666666 0.09374999999999999 0 0.2708333333333334 0.09375000000000001 0 0.2812500000000001 0.125 0 0.2604166666666666 0.125 0 0.2708333333333334 0.125 0 0.2812499999999999 0.1041666666666667 0 0.2812500000000001 0.1145833333333334 0 0.2812499999999999 0.09374999999999999 0 0.2812499999999999 0.125 0 0.2812499999999999 0.1041666666666667 0 0.2812500000000001 0.1145833333333334 0 0.3124999999999999 0.09374999999999999 0 0.2916666666666666 0.09374999999999999 0 0.3020833333333334 0.09375000000000001 0 0.3125000000000001 0.125 0 0.2916666666666666 0.125 0 0.3020833333333334 0.125 0 0.3124999999999999 0.1041666666666667 0 0.3125000000000001 0.1145833333333334 0 0.3124999999999999 0.09374999999999999 0 0.3124999999999999 0.125 0 0.3124999999999999 0.1041666666666667 0 0.3125000000000001 0.1145833333333334 0 0.3437499999999999 0.09374999999999999 0 0.3229166666666666 0.09374999999999999 0 0.3333333333333334 0.09375000000000001 0 0.3437500000000001 0.125 0 0.3229166666666666 0.125 0 0.3333333333333334 0.125 0 0.3437499999999999 0.1041666666666667 0 0.3437500000000001 0.1145833333333334 0 0.3437499999999999 0.09374999999999999 0 0.3437499999999999 0.125 0 0.3437499999999999 0.1041666666666667 0 0.3437500000000001 0.1145833333333334 0 0.3749999999999999 0.09374999999999999 0 0.3541666666666666 0.09374999999999999 0 0.3645833333333334 0.09375000000000001 0 0.3750000000000001 0.125 0 0.3541666666666666 0.125 0 0.3645833333333334 0.125 0 0.3749999999999999 0.1041666666666667 0 0.3750000000000001 0.1145833333333334 0 0.3749999999999999 0.09374999999999999 0 0.3749999999999999 0.125 0 0.3749999999999999 0.1041666666666667 0 0.3750000000000001 0.1145833333333334 0 0.4062499999999999 0.09374999999999999 0 0.3854166666666666 0.09374999999999999 0 0.3958333333333334 0.09375000000000001 0 0.4062500000000001 0.125 0 0.3854166666666666 0.125 0 0.3958333333333334 0.125 0 0.4062499999999999 0.1041666666666667 0 0.4062500000000001 0.1145833333333334 0 0.4062499999999999 0.09374999999999999 0 0.4062499999999999 0.125 0 0.4062499999999999 0.1041666666666667 0 0.4062500000000001 0.1145833333333334 0 0.4374999999999999 0.09374999999999999 0 0.4166666666666666 0.09374999999999999 0 0.4270833333333334 0.09375000000000001 0 0.4375000000000001 0.125 0 0.4166666666666666 0.125 0 0.4270833333333334 0.125 0 0.4374999999999999 0.1041666666666667 0 0.4375000000000001 0.1145833333333334 0 0.4374999999999999 0.09374999999999999 0 0.4374999999999999 0.125 0 0.4374999999999999 0.1041666666666667 0 0.4375000000000001 0.1145833333333334 0 0.4687499999999999 0.09374999999999999 0 0.4479166666666666 0.09374999999999999 0 0.4583333333333334 0.09375000000000001 0 0.4687500000000001 0.125 0 0.4479166666666666 0.125 0 0.4583333333333334 0.125 0 0.4687499999999999 0.1041666666666667 0 0.4687500000000001 0.1145833333333334 0 0.4687499999999999 0.09374999999999999 0 0.4687499999999999 0.125 0 0.4687499999999999 0.1041666666666667 0 0.4687500000000001 0.1145833333333334 0 0.4999999999999999 0.09374999999999999 0 0.4791666666666666 0.09374999999999999 0 0.4895833333333334 0.09375000000000001 0 0.5 0.125 0 0.4791666666666666 0.125 0 0.4895833333333334 0.125 0 0.4999999999999999 0.1041666666666667 0 0.5000000000000001 0.1145833333333334 0 0.4999999999999999 0.09374999999999999 0 0.4999999999999999 0.125 0 0.4999999999999999 0.1041666666666667 0 0.5000000000000001 0.1145833333333334 0 0.5312499999999999 0.09374999999999999 0 0.5104166666666665 0.09374999999999999 0 0.5208333333333335 0.09375000000000001 0 0.5312500000000001 0.125 0 0.5104166666666665 0.125 0 0.5208333333333335 0.125 0 0.5312499999999999 0.1041666666666667 0 0.5312500000000001 0.1145833333333334 0 0.5312499999999999 0.09374999999999999 0 0.5312499999999999 0.125 0 0.5312499999999999 0.1041666666666667 0 0.5312500000000001 0.1145833333333334 0 0.5624999999999999 0.09374999999999999 0 0.5416666666666665 0.09374999999999999 0 0.5520833333333335 0.09375000000000001 0 0.5625000000000001 0.125 0 0.5416666666666665 0.125 0 0.5520833333333335 0.125 0 0.5624999999999999 0.1041666666666667 0 0.5625000000000001 0.1145833333333334 0 0.5624999999999999 0.09374999999999999 0 0.5624999999999999 0.125 0 0.5624999999999999 0.1041666666666667 0 0.5625000000000001 0.1145833333333334 0 0.5937499999999999 0.09374999999999999 0 0.5729166666666665 0.09374999999999999 0 0.5833333333333335 0.09375000000000001 0 0.5937500000000001 0.125 0 0.5729166666666665 0.125 0 0.5833333333333335 0.125 0 0.5937499999999999 0.1041666666666667 0 0.5937500000000001 0.1145833333333334 0 0.5937499999999999 0.09374999999999999 0 0.5937499999999999 0.125 0 0.5937499999999999 0.1041666666666667 0 0.5937500000000001 0.1145833333333334 0 0.6249999999999999 0.09374999999999999 0 0.6041666666666665 0.09374999999999999 0 0.6145833333333335 0.09375000000000001 0 0.6250000000000001 0.125 0 0.6041666666666665 0.125 0 0.6145833333333335 0.125 0 0.6249999999999999 0.1041666666666667 0 0.6250000000000001 0.1145833333333334 0 0.6249999999999999 0.09374999999999999 0 0.6249999999999999 0.125 0 0.6249999999999999 0.1041666666666667 0 0.6250000000000001 0.1145833333333334 0 0.6562499999999999 0.09374999999999999 0 0.6354166666666665 0.09374999999999999 0 0.6458333333333335 0.09375000000000001 0 0.6562500000000001 0.125 0 0.6354166666666665 0.125 0 0.6458333333333335 0.125 0 0.6562499999999999 0.1041666666666667 0 0.6562500000000001 0.1145833333333334 0 0.6562499999999999 0.09374999999999999 0 0.6562499999999999 0.125 0 0.6562499999999999 0.1041666666666667 0 0.6562500000000001 0.1145833333333334 0 0.6874999999999999 0.09374999999999999 0 0.6666666666666665 0.09374999999999999 0 0.6770833333333335 0.09375000000000001 0 0.6875000000000001 0.125 0 0.6666666666666665 0.125 0 0.6770833333333335 0.125 0 0.6874999999999999 0.1041666666666667 0 0.6875000000000001 0.1145833333333334 0 0.6874999999999999 0.09374999999999999 0 0.6874999999999999 0.125 0 0.6874999999999999 0.1041666666666667 0 0.6875000000000001 0.1145833333333334 0 0.7187499999999999 0.09374999999999999 0 0.6979166666666665 0.09374999999999999 0 0.7083333333333335 0.09375000000000001 0 0.7187500000000001 0.125 0 0.6979166666666665 0.125 0 0.7083333333333335 0.125 0 0.7187499999999999 0.1041666666666667 0 0.7187500000000001 0.1145833333333334 0 0.7187499999999999 0.09374999999999999 0 0.7187499999999999 0.125 0 0.7187499999999999 0.1041666666666667 0 0.7187500000000001 0.1145833333333334 0 0.7499999999999999 0.09374999999999999 0 0.7291666666666665 0.09374999999999999 0 0.7395833333333335 0.09375000000000001 0 0.7500000000000001 0.125 0 0.7291666666666665 0.125 0 0.7395833333333335 0.125 0 0.7499999999999999 0.1041666666666667 0 0.7500000000000001 0.1145833333333334 0 0.7499999999999999 0.09374999999999999 0 0.7499999999999999 0.125 0 0.7499999999999999 0.1041666666666667 0 0.7500000000000001 0.1145833333333334 0 0.7812499999999999 0.09374999999999999 0 0.7604166666666665 0.09374999999999999 0 0.7708333333333335 0.09375000000000001 0 0.7812500000000001 0.125 0 0.7604166666666665 0.125 0 0.7708333333333335 0.125 0 0.7812499999999999 0.1041666666666667 0 0.7812500000000001 0.1145833333333334 0 0.7812499999999999 0.09374999999999999 0 0.7812499999999999 0.125 0 0.7812499999999999 0.1041666666666667 0 0.7812500000000001 0.1145833333333334 0 0.8124999999999999 0.09374999999999999 0 0.7916666666666665 0.09374999999999999 0 0.8020833333333335 0.09375000000000001 0 0.8125000000000001 0.125 0 0.7916666666666665 0.125 0 0.8020833333333335 0.125 0 0.8124999999999999 0.1041666666666667 0 0.8125000000000002 0.1145833333333334 0 0.8124999999999999 0.09374999999999999 0 0.8124999999999999 0.125 0 0.8124999999999999 0.1041666666666667 0 0.8125000000000002 0.1145833333333334 0 0.8437499999999999 0.09374999999999999 0 0.8229166666666665 0.09374999999999999 0 0.8333333333333336 0.09375000000000001 0 0.8437500000000001 0.125 0 0.8229166666666665 0.125 0 0.8333333333333336 0.125 0 0.8437499999999999 0.1041666666666667 0 0.8437500000000002 0.1145833333333334 0 0.8437499999999999 0.09374999999999999 0 0.8437499999999999 0.125 0 0.8437499999999999 0.1041666666666667 0 0.8437500000000002 0.1145833333333334 0 0.8749999999999999 0.09374999999999999 0 0.8541666666666665 0.09374999999999999 0 0.8645833333333336 0.09375000000000001 0 0.8750000000000001 0.125 0 0.8541666666666665 0.125 0 0.8645833333333336 0.125 0 0.8749999999999999 0.1041666666666667 0 0.8750000000000002 0.1145833333333334 0 0.8749999999999999 0.09374999999999999 0 0.8749999999999999 0.125 0 0.8749999999999999 0.1041666666666667 0 0.8750000000000002 0.1145833333333334 0 0.9062499999999999 0.09374999999999999 0 0.8854166666666665 0.09374999999999999 0 0.8958333333333336 0.09375000000000001 0 0.9062500000000001 0.125 0 0.8854166666666665 0.125 0 0.8958333333333336 0.125 0 0.9062499999999999 0.1041666666666667 0 0.9062500000000002 0.1145833333333334 0 0.9062499999999999 0.09374999999999999 0 0.9062499999999999 0.125 0 0.9062499999999999 0.1041666666666667 0 0.9062500000000002 0.1145833333333334 0 0.9374999999999999 0.09374999999999999 0 0.9166666666666665 0.09374999999999999 0 0.9270833333333336 0.09375000000000001 0 0.9375000000000001 0.125 0 0.9166666666666665 0.125 0 0.9270833333333336 0.125 0 0.9374999999999999 0.1041666666666667 0 0.9375000000000002 0.1145833333333334 0 0.9374999999999999 0.09374999999999999 0 0.9374999999999999 0.125 0 0.9374999999999999 0.1041666666666667 0 0.9375000000000002 0.1145833333333334 0 0.9687499999999999 0.09374999999999999 0 0.9479166666666665 0.09374999999999999 0 0.9583333333333336 0.09375000000000001 0 0.9687500000000001 0.125 0 0.9479166666666665 0.125 0 0.9583333333333336 0.125 0 0.9687499999999999 0.1041666666666667 0 0.9687500000000002 0.1145833333333334 0 0.9687499999999999 0.09374999999999999 0 0.9687499999999999 0.125 0 0.9687499999999999 0.1041666666666667 0 0.9687500000000002 0.1145833333333334 0 0.9999999999999999 0.09374999999999999 0 0.9791666666666665 0.09374999999999999 0 0.9895833333333336 0.09375000000000001 0 1 0.125 0 0.9791666666666665 0.125 0 0.9895833333333336 0.125 0 0.9999999999999998 0.1041666666666667 0 1 0.1145833333333334 0 -2.891205793294678e-19 0.125 0 -2.891205793294678e-19 0.15625 0 0 0.1354166666666666 0 0 0.1458333333333334 0 0.03125 0.125 0 0.01041666666666666 0.125 0 0.02083333333333334 0.125 0 0.03125 0.15625 0 0.01041666666666666 0.15625 0 0.02083333333333334 0.15625 0 0.03124999999999999 0.1354166666666666 0 0.03125000000000001 0.1458333333333334 0 0.03125 0.125 0 0.03125 0.15625 0 0.03124999999999999 0.1354166666666666 0 0.03125000000000001 0.1458333333333334 0 0.06249999999999999 0.125 0 0.04166666666666666 0.125 0 0.05208333333333334 0.125 0 0.0625 0.15625 0 0.04166666666666666 0.15625 0 0.05208333333333334 0.15625 0 0.06249999999999999 0.1354166666666666 0 0.06250000000000001 0.1458333333333334 0 0.06249999999999999 0.125 0 0.06249999999999999 0.15625 0 0.06249999999999999 0.1354166666666666 0 0.06250000000000001 0.1458333333333334 0 0.09374999999999999 0.125 0 0.07291666666666666 0.125 0 0.08333333333333334 0.125 0 0.09375000000000001 0.15625 0 0.07291666666666666 0.15625 0 0.08333333333333334 0.15625 0 0.09374999999999999 0.1354166666666666 0 0.09375000000000001 0.1458333333333334 0 0.09374999999999999 0.125 0 0.09374999999999999 0.15625 0 0.09374999999999999 0.1354166666666666 0 0.09375000000000001 0.1458333333333334 0 0.125 0.125 0 0.1041666666666667 0.125 0 0.1145833333333334 0.125 0 0.125 0.15625 0 0.1041666666666667 0.15625 0 0.1145833333333334 0.15625 0 0.125 0.1354166666666666 0 0.125 0.1458333333333334 0 0.125 0.125 0 0.125 0.15625 0 0.125 0.1354166666666666 0 0.125 0.1458333333333334 0 0.15625 0.125 0 0.1354166666666666 0.125 0 0.1458333333333334 0.125 0 0.15625 0.15625 0 0.1354166666666666 0.15625 0 0.1458333333333334 0.15625 0 0.15625 0.1354166666666666 0 0.15625 0.1458333333333334 0 0.15625 0.125 0 0.15625 0.15625 0 0.15625 0.1354166666666666 0 0.15625 0.1458333333333334 0 0.1875 0.125 0 0.1666666666666666 0.125 0 0.1770833333333334 0.125 0 0.1875 0.15625 0 0.1666666666666666 0.15625 0 0.1770833333333334 0.15625 0 0.1875 0.1354166666666666 0 0.1875 0.1458333333333334 0 0.1875 0.125 0 0.1875 0.15625 0 0.1875 0.1354166666666666 0 0.1875 0.1458333333333334 0 0.21875 0.125 0 0.1979166666666666 0.125 0 0.2083333333333334 0.125 0 0.21875 0.15625 0 0.1979166666666666 0.15625 0 0.2083333333333334 0.15625 0 0.21875 0.1354166666666666 0 0.2187500000000001 0.1458333333333334 0 0.21875 0.125 0 0.21875 0.15625 0 0.21875 0.1354166666666666 0 0.2187500000000001 0.1458333333333334 0 0.25 0.125 0 0.2291666666666666 0.125 0 0.2395833333333334 0.125 0 0.25 0.15625 0 0.2291666666666666 0.15625 0 0.2395833333333334 0.15625 0 0.2499999999999999 0.1354166666666666 0 0.2500000000000001 0.1458333333333334 0 0.25 0.125 0 0.25 0.15625 0 0.2499999999999999 0.1354166666666666 0 0.2500000000000001 0.1458333333333334 0 0.2812499999999999 0.125 0 0.2604166666666666 0.125 0 0.2708333333333334 0.125 0 0.2812500000000001 0.15625 0 0.2604166666666666 0.15625 0 0.2708333333333334 0.15625 0 0.2812499999999999 0.1354166666666666 0 0.2812500000000001 0.1458333333333334 0 0.2812499999999999 0.125 0 0.2812499999999999 0.15625 0 0.2812499999999999 0.1354166666666666 0 0.2812500000000001 0.1458333333333334 0 0.3124999999999999 0.125 0 0.2916666666666666 0.125 0 0.3020833333333334 0.125 0 0.3125000000000001 0.15625 0 0.2916666666666666 0.15625 0 0.3020833333333334 0.15625 0 0.3124999999999999 0.1354166666666666 0 0.3125000000000001 0.1458333333333334 0 0.3124999999999999 0.125 0 0.3124999999999999 0.15625 0 0.3124999999999999 0.1354166666666666 0 0.3125000000000001 0.1458333333333334 0 0.3437499999999999 0.125 0 0.3229166666666666 0.125 0 0.3333333333333334 0.125 0 0.3437500000000001 0.15625 0 0.3229166666666666 0.15625 0 0.3333333333333334 0.15625 0 0.3437499999999999 0.1354166666666666 0 0.3437500000000001 0.1458333333333334 0 0.3437499999999999 0.125 0 0.3437499999999999 0.15625 0 0.3437499999999999 0.1354166666666666 0 0.3437500000000001 0.1458333333333334 0 0.3749999999999999 0.125 0 0.3541666666666666 0.125 0 0.3645833333333334 0.125 0 0.3750000000000001 0.15625 0 0.3541666666666666 0.15625 0 0.3645833333333334 0.15625 0 0.3749999999999999 0.1354166666666666 0 0.3750000000000001 0.1458333333333334 0 0.3749999999999999 0.125 0 0.3749999999999999 0.15625 0 0.3749999999999999 0.1354166666666666 0 0.3750000000000001 0.1458333333333334 0 0.4062499999999999 0.125 0 0.3854166666666666 0.125 0 0.3958333333333334 0.125 0 0.4062500000000001 0.15625 0 0.3854166666666666 0.15625 0 0.3958333333333334 0.15625 0 0.4062499999999999 0.1354166666666666 0 0.4062500000000001 0.1458333333333334 0 0.4062499999999999 0.125 0 0.4062499999999999 0.15625 0 0.4062499999999999 0.1354166666666666 0 0.4062500000000001 0.1458333333333334 0 0.4374999999999999 0.125 0 0.4166666666666666 0.125 0 0.4270833333333334 0.125 0 0.4375000000000001 0.15625 0 0.4166666666666666 0.15625 0 0.4270833333333334 0.15625 0 0.4374999999999999 0.1354166666666666 0 0.4375000000000001 0.1458333333333334 0 0.4374999999999999 0.125 0 0.4374999999999999 0.15625 0 0.4374999999999999 0.1354166666666666 0 0.4375000000000001 0.1458333333333334 0 0.4687499999999999 0.125 0 0.4479166666666666 0.125 0 0.4583333333333334 0.125 0 0.4687500000000001 0.15625 0 0.4479166666666666 0.15625 0 0.4583333333333334 0.15625 0 0.4687499999999999 0.1354166666666666 0 0.4687500000000001 0.1458333333333334 0 0.4687499999999999 0.125 0 0.4687499999999999 0.15625 0 0.4687499999999999 0.1354166666666666 0 0.4687500000000001 0.1458333333333334 0 0.4999999999999999 0.125 0 0.4791666666666666 0.125 0 0.4895833333333334 0.125 0 0.5 0.15625 0 0.4791666666666666 0.15625 0 0.4895833333333334 0.15625 0 0.4999999999999999 0.1354166666666666 0 0.5000000000000001 0.1458333333333334 0 0.4999999999999999 0.125 0 0.4999999999999999 0.15625 0 0.4999999999999999 0.1354166666666666 0 0.5000000000000001 0.1458333333333334 0 0.5312499999999999 0.125 0 0.5104166666666665 0.125 0 0.5208333333333335 0.125 0 0.5312500000000001 0.15625 0 0.5104166666666665 0.15625 0 0.5208333333333335 0.15625 0 0.5312499999999999 0.1354166666666666 0 0.5312500000000001 0.1458333333333334 0 0.5312499999999999 0.125 0 0.5312499999999999 0.15625 0 0.5312499999999999 0.1354166666666666 0 0.5312500000000001 0.1458333333333334 0 0.5624999999999999 0.125 0 0.5416666666666665 0.125 0 0.5520833333333335 0.125 0 0.5625000000000001 0.15625 0 0.5416666666666665 0.15625 0 0.5520833333333335 0.15625 0 0.5624999999999999 0.1354166666666666 0 0.5625000000000001 0.1458333333333334 0 0.5624999999999999 0.125 0 0.5624999999999999 0.15625 0 0.5624999999999999 0.1354166666666666 0 0.5625000000000001 0.1458333333333334 0 0.5937499999999999 0.125 0 0.5729166666666665 0.125 0 0.5833333333333335 0.125 0 0.5937500000000001 0.15625 0 0.5729166666666665 0.15625 0 0.5833333333333335 0.15625 0 0.5937499999999999 0.1354166666666666 0 0.5937500000000001 0.1458333333333334 0 0.5937499999999999 0.125 0 0.5937499999999999 0.15625 0 0.5937499999999999 0.1354166666666666 0 0.5937500000000001 0.1458333333333334 0 0.6249999999999999 0.125 0 0.6041666666666665 0.125 0 0.6145833333333335 0.125 0 0.6250000000000001 0.15625 0 0.6041666666666665 0.15625 0 0.6145833333333335 0.15625 0 0.6249999999999999 0.1354166666666666 0 0.6250000000000001 0.1458333333333334 0 0.6249999999999999 0.125 0 0.6249999999999999 0.15625 0 0.6249999999999999 0.1354166666666666 0 0.6250000000000001 0.1458333333333334 0 0.6562499999999999 0.125 0 0.6354166666666665 0.125 0 0.6458333333333335 0.125 0 0.6562500000000001 0.15625 0 0.6354166666666665 0.15625 0 0.6458333333333335 0.15625 0 0.6562499999999999 0.1354166666666666 0 0.6562500000000001 0.1458333333333334 0 0.6562499999999999 0.125 0 0.6562499999999999 0.15625 0 0.6562499999999999 0.1354166666666666 0 0.6562500000000001 0.1458333333333334 0 0.6874999999999999 0.125 0 0.6666666666666665 0.125 0 0.6770833333333335 0.125 0 0.6875000000000001 0.15625 0 0.6666666666666665 0.15625 0 0.6770833333333335 0.15625 0 0.6874999999999999 0.1354166666666666 0 0.6875000000000001 0.1458333333333334 0 0.6874999999999999 0.125 0 0.6874999999999999 0.15625 0 0.6874999999999999 0.1354166666666666 0 0.6875000000000001 0.1458333333333334 0 0.7187499999999999 0.125 0 0.6979166666666665 0.125 0 0.7083333333333335 0.125 0 0.7187500000000001 0.15625 0 0.6979166666666665 0.15625 0 0.7083333333333335 0.15625 0 0.7187499999999999 0.1354166666666666 0 0.7187500000000001 0.1458333333333334 0 0.7187499999999999 0.125 0 0.7187499999999999 0.15625 0 0.7187499999999999 0.1354166666666666 0 0.7187500000000001 0.1458333333333334 0 0.7499999999999999 0.125 0 0.7291666666666665 0.125 0 0.7395833333333335 0.125 0 0.7500000000000001 0.15625 0 0.7291666666666665 0.15625 0 0.7395833333333335 0.15625 0 0.7499999999999999 0.1354166666666666 0 0.7500000000000001 0.1458333333333334 0 0.7499999999999999 0.125 0 0.7499999999999999 0.15625 0 0.7499999999999999 0.1354166666666666 0 0.7500000000000001 0.1458333333333334 0 0.7812499999999999 0.125 0 0.7604166666666665 0.125 0 0.7708333333333335 0.125 0 0.7812500000000001 0.15625 0 0.7604166666666665 0.15625 0 0.7708333333333335 0.15625 0 0.7812499999999999 0.1354166666666666 0 0.7812500000000001 0.1458333333333334 0 0.7812499999999999 0.125 0 0.7812499999999999 0.15625 0 0.7812499999999999 0.1354166666666666 0 0.7812500000000001 0.1458333333333334 0 0.8124999999999999 0.125 0 0.7916666666666665 0.125 0 0.8020833333333335 0.125 0 0.8125000000000001 0.15625 0 0.7916666666666665 0.15625 0 0.8020833333333335 0.15625 0 0.8124999999999999 0.1354166666666666 0 0.8125000000000002 0.1458333333333334 0 0.8124999999999999 0.125 0 0.8124999999999999 0.15625 0 0.8124999999999999 0.1354166666666666 0 0.8125000000000002 0.1458333333333334 0 0.8437499999999999 0.125 0 0.8229166666666665 0.125 0 0.8333333333333336 0.125 0 0.8437500000000001 0.15625 0 0.8229166666666665 0.15625 0 0.8333333333333336 0.15625 0 0.8437499999999999 0.1354166666666666 0 0.8437500000000002 0.1458333333333334 0 0.8437499999999999 0.125 0 0.8437499999999999 0.15625 0 0.8437499999999999 0.1354166666666666 0 0.8437500000000002 0.1458333333333334 0 0.8749999999999999 0.125 0 0.8541666666666665 0.125 0 0.8645833333333336 0.125 0 0.8750000000000001 0.15625 0 0.8541666666666665 0.15625 0 0.8645833333333336 0.15625 0 0.8749999999999999 0.1354166666666666 0 0.8750000000000002 0.1458333333333334 0 0.8749999999999999 0.125 0 0.8749999999999999 0.15625 0 0.8749999999999999 0.1354166666666666 0 0.8750000000000002 0.1458333333333334 0 0.9062499999999999 0.125 0 0.8854166666666665 0.125 0 0.8958333333333336 0.125 0 0.9062500000000001 0.15625 0 0.8854166666666665 0.15625 0 0.8958333333333336 0.15625 0 0.9062499999999999 0.1354166666666666 0 0.9062500000000002 0.1458333333333334 0 0.9062499999999999 0.125 0 0.9062499999999999 0.15625 0 0.9062499999999999 0.1354166666666666 0 0.9062500000000002 0.1458333333333334 0 0.9374999999999999 0.125 0 0.9166666666666665 0.125 0 0.9270833333333336 0.125 0 0.9375000000000001 0.15625 0 0.9166666666666665 0.15625 0 0.9270833333333336 0.15625 0 0.9374999999999999 0.1354166666666666 0 0.9375000000000002 0.1458333333333334 0 0.9374999999999999 0.125 0 0.9374999999999999 0.15625 0 0.9374999999999999 0.1354166666666666 0 0.9375000000000002 0.1458333333333334 0 0.9687499999999999 0.125 0 0.9479166666666665 0.125 0 0.9583333333333336 0.125 0 0.9687500000000001 0.15625 0 0.9479166666666665 0.15625 0 0.9583333333333336 0.15625 0 0.9687499999999999 0.1354166666666666 0 0.9687500000000002 0.1458333333333334 0 0.9687499999999999 0.125 0 0.9687499999999999 0.15625 0 0.9687499999999999 0.1354166666666666 0 0.9687500000000002 0.1458333333333334 0 0.9999999999999999 0.125 0 0.9791666666666665 0.125 0 0.9895833333333336 0.125 0 1 0.15625 0 0.9791666666666665 0.15625 0 0.9895833333333336 0.15625 0 0.9999999999999998 0.1354166666666666 0 1 0.1458333333333334 0 -2.891205793294678e-19 0.15625 0 -2.891205793294678e-19 0.1875 0 0 0.1666666666666666 0 0 0.1770833333333334 0 0.03125 0.15625 0 0.01041666666666666 0.15625 0 0.02083333333333334 0.15625 0 0.03125 0.1875 0 0.01041666666666666 0.1875 0 0.02083333333333334 0.1875 0 0.03124999999999999 0.1666666666666666 0 0.03125000000000001 0.1770833333333334 0 0.03125 0.15625 0 0.03125 0.1875 0 0.03124999999999999 0.1666666666666666 0 0.03125000000000001 0.1770833333333334 0 0.06249999999999999 0.15625 0 0.04166666666666666 0.15625 0 0.05208333333333334 0.15625 0 0.0625 0.1875 0 0.04166666666666666 0.1875 0 0.05208333333333334 0.1875 0 0.06249999999999999 0.1666666666666666 0 0.06250000000000001 0.1770833333333334 0 0.06249999999999999 0.15625 0 0.06249999999999999 0.1875 0 0.06249999999999999 0.1666666666666666 0 0.06250000000000001 0.1770833333333334 0 0.09374999999999999 0.15625 0 0.07291666666666666 0.15625 0 0.08333333333333334 0.15625 0 0.09375000000000001 0.1875 0 0.07291666666666666 0.1875 0 0.08333333333333334 0.1875 0 0.09374999999999999 0.1666666666666666 0 0.09375000000000001 0.1770833333333334 0 0.09374999999999999 0.15625 0 0.09374999999999999 0.1875 0 0.09374999999999999 0.1666666666666666 0 0.09375000000000001 0.1770833333333334 0 0.125 0.15625 0 0.1041666666666667 0.15625 0 0.1145833333333334 0.15625 0 0.125 0.1875 0 0.1041666666666667 0.1875 0 0.1145833333333334 0.1875 0 0.125 0.1666666666666666 0 0.125 0.1770833333333334 0 0.125 0.15625 0 0.125 0.1875 0 0.125 0.1666666666666666 0 0.125 0.1770833333333334 0 0.15625 0.15625 0 0.1354166666666666 0.15625 0 0.1458333333333334 0.15625 0 0.15625 0.1875 0 0.1354166666666666 0.1875 0 0.1458333333333334 0.1875 0 0.15625 0.1666666666666666 0 0.15625 0.1770833333333334 0 0.15625 0.15625 0 0.15625 0.1875 0 0.15625 0.1666666666666666 0 0.15625 0.1770833333333334 0 0.1875 0.15625 0 0.1666666666666666 0.15625 0 0.1770833333333334 0.15625 0 0.1875 0.1875 0 0.1666666666666666 0.1875 0 0.1770833333333334 0.1875 0 0.1875 0.1666666666666666 0 0.1875 0.1770833333333334 0 0.1875 0.15625 0 0.1875 0.1875 0 0.1875 0.1666666666666666 0 0.1875 0.1770833333333334 0 0.21875 0.15625 0 0.1979166666666666 0.15625 0 0.2083333333333334 0.15625 0 0.21875 0.1875 0 0.1979166666666666 0.1875 0 0.2083333333333334 0.1875 0 0.21875 0.1666666666666666 0 0.2187500000000001 0.1770833333333334 0 0.21875 0.15625 0 0.21875 0.1875 0 0.21875 0.1666666666666666 0 0.2187500000000001 0.1770833333333334 0 0.25 0.15625 0 0.2291666666666666 0.15625 0 0.2395833333333334 0.15625 0 0.25 0.1875 0 0.2291666666666666 0.1875 0 0.2395833333333334 0.1875 0 0.2499999999999999 0.1666666666666666 0 0.2500000000000001 0.1770833333333334 0 0.25 0.15625 0 0.25 0.1875 0 0.2499999999999999 0.1666666666666666 0 0.2500000000000001 0.1770833333333334 0 0.2812499999999999 0.15625 0 0.2604166666666666 0.15625 0 0.2708333333333334 0.15625 0 0.2812500000000001 0.1875 0 0.2604166666666666 0.1875 0 0.2708333333333334 0.1875 0 0.2812499999999999 0.1666666666666666 0 0.2812500000000001 0.1770833333333334 0 0.2812499999999999 0.15625 0 0.2812499999999999 0.1875 0 0.2812499999999999 0.1666666666666666 0 0.2812500000000001 0.1770833333333334 0 0.3124999999999999 0.15625 0 0.2916666666666666 0.15625 0 0.3020833333333334 0.15625 0 0.3125000000000001 0.1875 0 0.2916666666666666 0.1875 0 0.3020833333333334 0.1875 0 0.3124999999999999 0.1666666666666666 0 0.3125000000000001 0.1770833333333334 0 0.3124999999999999 0.15625 0 0.3124999999999999 0.1875 0 0.3124999999999999 0.1666666666666666 0 0.3125000000000001 0.1770833333333334 0 0.3437499999999999 0.15625 0 0.3229166666666666 0.15625 0 0.3333333333333334 0.15625 0 0.3437500000000001 0.1875 0 0.3229166666666666 0.1875 0 0.3333333333333334 0.1875 0 0.3437499999999999 0.1666666666666666 0 0.3437500000000001 0.1770833333333334 0 0.3437499999999999 0.15625 0 0.3437499999999999 0.1875 0 0.3437499999999999 0.1666666666666666 0 0.3437500000000001 0.1770833333333334 0 0.3749999999999999 0.15625 0 0.3541666666666666 0.15625 0 0.3645833333333334 0.15625 0 0.3750000000000001 0.1875 0 0.3541666666666666 0.1875 0 0.3645833333333334 0.1875 0 0.3749999999999999 0.1666666666666666 0 0.3750000000000001 0.1770833333333334 0 0.3749999999999999 0.15625 0 0.3749999999999999 0.1875 0 0.3749999999999999 0.1666666666666666 0 0.3750000000000001 0.1770833333333334 0 0.4062499999999999 0.15625 0 0.3854166666666666 0.15625 0 0.3958333333333334 0.15625 0 0.4062500000000001 0.1875 0 0.3854166666666666 0.1875 0 0.3958333333333334 0.1875 0 0.4062499999999999 0.1666666666666666 0 0.4062500000000001 0.1770833333333334 0 0.4062499999999999 0.15625 0 0.4062499999999999 0.1875 0 0.4062499999999999 0.1666666666666666 0 0.4062500000000001 0.1770833333333334 0 0.4374999999999999 0.15625 0 0.4166666666666666 0.15625 0 0.4270833333333334 0.15625 0 0.4375000000000001 0.1875 0 0.4166666666666666 0.1875 0 0.4270833333333334 0.1875 0 0.4374999999999999 0.1666666666666666 0 0.4375000000000001 0.1770833333333334 0 0.4374999999999999 0.15625 0 0.4374999999999999 0.1875 0 0.4374999999999999 0.1666666666666666 0 0.4375000000000001 0.1770833333333334 0 0.4687499999999999 0.15625 0 0.4479166666666666 0.15625 0 0.4583333333333334 0.15625 0 0.4687500000000001 0.1875 0 0.4479166666666666 0.1875 0 0.4583333333333334 0.1875 0 0.4687499999999999 0.1666666666666666 0 0.4687500000000001 0.1770833333333334 0 0.4687499999999999 0.15625 0 0.4687499999999999 0.1875 0 0.4687499999999999 0.1666666666666666 0 0.4687500000000001 0.1770833333333334 0 0.4999999999999999 0.15625 0 0.4791666666666666 0.15625 0 0.4895833333333334 0.15625 0 0.5 0.1875 0 0.4791666666666666 0.1875 0 0.4895833333333334 0.1875 0 0.4999999999999999 0.1666666666666666 0 0.5000000000000001 0.1770833333333334 0 0.4999999999999999 0.15625 0 0.4999999999999999 0.1875 0 0.4999999999999999 0.1666666666666666 0 0.5000000000000001 0.1770833333333334 0 0.5312499999999999 0.15625 0 0.5104166666666665 0.15625 0 0.5208333333333335 0.15625 0 0.5312500000000001 0.1875 0 0.5104166666666665 0.1875 0 0.5208333333333335 0.1875 0 0.5312499999999999 0.1666666666666666 0 0.5312500000000001 0.1770833333333334 0 0.5312499999999999 0.15625 0 0.5312499999999999 0.1875 0 0.5312499999999999 0.1666666666666666 0 0.5312500000000001 0.1770833333333334 0 0.5624999999999999 0.15625 0 0.5416666666666665 0.15625 0 0.5520833333333335 0.15625 0 0.5625000000000001 0.1875 0 0.5416666666666665 0.1875 0 0.5520833333333335 0.1875 0 0.5624999999999999 0.1666666666666666 0 0.5625000000000001 0.1770833333333334 0 0.5624999999999999 0.15625 0 0.5624999999999999 0.1875 0 0.5624999999999999 0.1666666666666666 0 0.5625000000000001 0.1770833333333334 0 0.5937499999999999 0.15625 0 0.5729166666666665 0.15625 0 0.5833333333333335 0.15625 0 0.5937500000000001 0.1875 0 0.5729166666666665 0.1875 0 0.5833333333333335 0.1875 0 0.5937499999999999 0.1666666666666666 0 0.5937500000000001 0.1770833333333334 0 0.5937499999999999 0.15625 0 0.5937499999999999 0.1875 0 0.5937499999999999 0.1666666666666666 0 0.5937500000000001 0.1770833333333334 0 0.6249999999999999 0.15625 0 0.6041666666666665 0.15625 0 0.6145833333333335 0.15625 0 0.6250000000000001 0.1875 0 0.6041666666666665 0.1875 0 0.6145833333333335 0.1875 0 0.6249999999999999 0.1666666666666666 0 0.6250000000000001 0.1770833333333334 0 0.6249999999999999 0.15625 0 0.6249999999999999 0.1875 0 0.6249999999999999 0.1666666666666666 0 0.6250000000000001 0.1770833333333334 0 0.6562499999999999 0.15625 0 0.6354166666666665 0.15625 0 0.6458333333333335 0.15625 0 0.6562500000000001 0.1875 0 0.6354166666666665 0.1875 0 0.6458333333333335 0.1875 0 0.6562499999999999 0.1666666666666666 0 0.6562500000000001 0.1770833333333334 0 0.6562499999999999 0.15625 0 0.6562499999999999 0.1875 0 0.6562499999999999 0.1666666666666666 0 0.6562500000000001 0.1770833333333334 0 0.6874999999999999 0.15625 0 0.6666666666666665 0.15625 0 0.6770833333333335 0.15625 0 0.6875000000000001 0.1875 0 0.6666666666666665 0.1875 0 0.6770833333333335 0.1875 0 0.6874999999999999 0.1666666666666666 0 0.6875000000000001 0.1770833333333334 0 0.6874999999999999 0.15625 0 0.6874999999999999 0.1875 0 0.6874999999999999 0.1666666666666666 0 0.6875000000000001 0.1770833333333334 0 0.7187499999999999 0.15625 0 0.6979166666666665 0.15625 0 0.7083333333333335 0.15625 0 0.7187500000000001 0.1875 0 0.6979166666666665 0.1875 0 0.7083333333333335 0.1875 0 0.7187499999999999 0.1666666666666666 0 0.7187500000000001 0.1770833333333334 0 0.7187499999999999 0.15625 0 0.7187499999999999 0.1875 0 0.7187499999999999 0.1666666666666666 0 0.7187500000000001 0.1770833333333334 0 0.7499999999999999 0.15625 0 0.7291666666666665 0.15625 0 0.7395833333333335 0.15625 0 0.7500000000000001 0.1875 0 0.7291666666666665 0.1875 0 0.7395833333333335 0.1875 0 0.7499999999999999 0.1666666666666666 0 0.7500000000000001 0.1770833333333334 0 0.7499999999999999 0.15625 0 0.7499999999999999 0.1875 0 0.7499999999999999 0.1666666666666666 0 0.7500000000000001 0.1770833333333334 0 0.7812499999999999 0.15625 0 0.7604166666666665 0.15625 0 0.7708333333333335 0.15625 0 0.7812500000000001 0.1875 0 0.7604166666666665 0.1875 0 0.7708333333333335 0.1875 0 0.7812499999999999 0.1666666666666666 0 0.7812500000000001 0.1770833333333334 0 0.7812499999999999 0.15625 0 0.7812499999999999 0.1875 0 0.7812499999999999 0.1666666666666666 0 0.7812500000000001 0.1770833333333334 0 0.8124999999999999 0.15625 0 0.7916666666666665 0.15625 0 0.8020833333333335 0.15625 0 0.8125000000000001 0.1875 0 0.7916666666666665 0.1875 0 0.8020833333333335 0.1875 0 0.8124999999999999 0.1666666666666666 0 0.8125000000000002 0.1770833333333334 0 0.8124999999999999 0.15625 0 0.8124999999999999 0.1875 0 0.8124999999999999 0.1666666666666666 0 0.8125000000000002 0.1770833333333334 0 0.8437499999999999 0.15625 0 0.8229166666666665 0.15625 0 0.8333333333333336 0.15625 0 0.8437500000000001 0.1875 0 0.8229166666666665 0.1875 0 0.8333333333333336 0.1875 0 0.8437499999999999 0.1666666666666666 0 0.8437500000000002 0.1770833333333334 0 0.8437499999999999 0.15625 0 0.8437499999999999 0.1875 0 0.8437499999999999 0.1666666666666666 0 0.8437500000000002 0.1770833333333334 0 0.8749999999999999 0.15625 0 0.8541666666666665 0.15625 0 0.8645833333333336 0.15625 0 0.8750000000000001 0.1875 0 0.8541666666666665 0.1875 0 0.8645833333333336 0.1875 0 0.8749999999999999 0.1666666666666666 0 0.8750000000000002 0.1770833333333334 0 0.8749999999999999 0.15625 0 0.8749999999999999 0.1875 0 0.8749999999999999 0.1666666666666666 0 0.8750000000000002 0.1770833333333334 0 0.9062499999999999 0.15625 0 0.8854166666666665 0.15625 0 0.8958333333333336 0.15625 0 0.9062500000000001 0.1875 0 0.8854166666666665 0.1875 0 0.8958333333333336 0.1875 0 0.9062499999999999 0.1666666666666666 0 0.9062500000000002 0.1770833333333334 0 0.9062499999999999 0.15625 0 0.9062499999999999 0.1875 0 0.9062499999999999 0.1666666666666666 0 0.9062500000000002 0.1770833333333334 0 0.9374999999999999 0.15625 0 0.9166666666666665 0.15625 0 0.9270833333333336 0.15625 0 0.9375000000000001 0.1875 0 0.9166666666666665 0.1875 0 0.9270833333333336 0.1875 0 0.9374999999999999 0.1666666666666666 0 0.9375000000000002 0.1770833333333334 0 0.9374999999999999 0.15625 0 0.9374999999999999 0.1875 0 0.9374999999999999 0.1666666666666666 0 0.9375000000000002 0.1770833333333334 0 0.9687499999999999 0.15625 0 0.9479166666666665 0.15625 0 0.9583333333333336 0.15625 0 0.9687500000000001 0.1875 0 0.9479166666666665 0.1875 0 0.9583333333333336 0.1875 0 0.9687499999999999 0.1666666666666666 0 0.9687500000000002 0.1770833333333334 0 0.9687499999999999 0.15625 0 0.9687499999999999 0.1875 0 0.9687499999999999 0.1666666666666666 0 0.9687500000000002 0.1770833333333334 0 0.9999999999999999 0.15625 0 0.9791666666666665 0.15625 0 0.9895833333333336 0.15625 0 1 0.1875 0 0.9791666666666665 0.1875 0 0.9895833333333336 0.1875 0 0.9999999999999998 0.1666666666666666 0 1 0.1770833333333334 0 -2.891205793294678e-19 0.1875 0 -2.891205793294678e-19 0.21875 0 0 0.1979166666666666 0 0 0.2083333333333334 0 0.03125 0.1875 0 0.01041666666666666 0.1875 0 0.02083333333333334 0.1875 0 0.03125 0.21875 0 0.01041666666666666 0.21875 0 0.02083333333333334 0.2187500000000001 0 0.03124999999999999 0.1979166666666666 0 0.03125000000000001 0.2083333333333334 0 0.03125 0.1875 0 0.03125 0.21875 0 0.03124999999999999 0.1979166666666666 0 0.03125000000000001 0.2083333333333334 0 0.06249999999999999 0.1875 0 0.04166666666666666 0.1875 0 0.05208333333333334 0.1875 0 0.0625 0.21875 0 0.04166666666666666 0.21875 0 0.05208333333333334 0.2187500000000001 0 0.06249999999999999 0.1979166666666666 0 0.06250000000000001 0.2083333333333334 0 0.06249999999999999 0.1875 0 0.06249999999999999 0.21875 0 0.06249999999999999 0.1979166666666666 0 0.06250000000000001 0.2083333333333334 0 0.09374999999999999 0.1875 0 0.07291666666666666 0.1875 0 0.08333333333333334 0.1875 0 0.09375000000000001 0.21875 0 0.07291666666666666 0.21875 0 0.08333333333333334 0.2187500000000001 0 0.09374999999999999 0.1979166666666666 0 0.09375000000000001 0.2083333333333334 0 0.09374999999999999 0.1875 0 0.09374999999999999 0.21875 0 0.09374999999999999 0.1979166666666666 0 0.09375000000000001 0.2083333333333334 0 0.125 0.1875 0 0.1041666666666667 0.1875 0 0.1145833333333334 0.1875 0 0.125 0.21875 0 0.1041666666666667 0.21875 0 0.1145833333333334 0.2187500000000001 0 0.125 0.1979166666666666 0 0.125 0.2083333333333334 0 0.125 0.1875 0 0.125 0.21875 0 0.125 0.1979166666666666 0 0.125 0.2083333333333334 0 0.15625 0.1875 0 0.1354166666666666 0.1875 0 0.1458333333333334 0.1875 0 0.15625 0.21875 0 0.1354166666666666 0.21875 0 0.1458333333333334 0.2187500000000001 0 0.15625 0.1979166666666666 0 0.15625 0.2083333333333334 0 0.15625 0.1875 0 0.15625 0.21875 0 0.15625 0.1979166666666666 0 0.15625 0.2083333333333334 0 0.1875 0.1875 0 0.1666666666666666 0.1875 0 0.1770833333333334 0.1875 0 0.1875 0.21875 0 0.1666666666666666 0.21875 0 0.1770833333333334 0.2187500000000001 0 0.1875 0.1979166666666666 0 0.1875 0.2083333333333334 0 0.1875 0.1875 0 0.1875 0.21875 0 0.1875 0.1979166666666666 0 0.1875 0.2083333333333334 0 0.21875 0.1875 0 0.1979166666666666 0.1875 0 0.2083333333333334 0.1875 0 0.21875 0.21875 0 0.1979166666666666 0.21875 0 0.2083333333333334 0.2187500000000001 0 0.21875 0.1979166666666666 0 0.2187500000000001 0.2083333333333334 0 0.21875 0.1875 0 0.21875 0.21875 0 0.21875 0.1979166666666666 0 0.2187500000000001 0.2083333333333334 0 0.25 0.1875 0 0.2291666666666666 0.1875 0 0.2395833333333334 0.1875 0 0.25 0.21875 0 0.2291666666666666 0.21875 0 0.2395833333333334 0.2187500000000001 0 0.2499999999999999 0.1979166666666666 0 0.2500000000000001 0.2083333333333334 0 0.25 0.1875 0 0.25 0.21875 0 0.2499999999999999 0.1979166666666666 0 0.2500000000000001 0.2083333333333334 0 0.2812499999999999 0.1875 0 0.2604166666666666 0.1875 0 0.2708333333333334 0.1875 0 0.2812500000000001 0.21875 0 0.2604166666666666 0.21875 0 0.2708333333333334 0.2187500000000001 0 0.2812499999999999 0.1979166666666666 0 0.2812500000000001 0.2083333333333334 0 0.2812499999999999 0.1875 0 0.2812499999999999 0.21875 0 0.2812499999999999 0.1979166666666666 0 0.2812500000000001 0.2083333333333334 0 0.3124999999999999 0.1875 0 0.2916666666666666 0.1875 0 0.3020833333333334 0.1875 0 0.3125000000000001 0.21875 0 0.2916666666666666 0.21875 0 0.3020833333333334 0.2187500000000001 0 0.3124999999999999 0.1979166666666666 0 0.3125000000000001 0.2083333333333334 0 0.3124999999999999 0.1875 0 0.3124999999999999 0.21875 0 0.3124999999999999 0.1979166666666666 0 0.3125000000000001 0.2083333333333334 0 0.3437499999999999 0.1875 0 0.3229166666666666 0.1875 0 0.3333333333333334 0.1875 0 0.3437500000000001 0.21875 0 0.3229166666666666 0.21875 0 0.3333333333333334 0.2187500000000001 0 0.3437499999999999 0.1979166666666666 0 0.3437500000000001 0.2083333333333334 0 0.3437499999999999 0.1875 0 0.3437499999999999 0.21875 0 0.3437499999999999 0.1979166666666666 0 0.3437500000000001 0.2083333333333334 0 0.3749999999999999 0.1875 0 0.3541666666666666 0.1875 0 0.3645833333333334 0.1875 0 0.3750000000000001 0.21875 0 0.3541666666666666 0.21875 0 0.3645833333333334 0.2187500000000001 0 0.3749999999999999 0.1979166666666666 0 0.3750000000000001 0.2083333333333334 0 0.3749999999999999 0.1875 0 0.3749999999999999 0.21875 0 0.3749999999999999 0.1979166666666666 0 0.3750000000000001 0.2083333333333334 0 0.4062499999999999 0.1875 0 0.3854166666666666 0.1875 0 0.3958333333333334 0.1875 0 0.4062500000000001 0.21875 0 0.3854166666666666 0.21875 0 0.3958333333333334 0.2187500000000001 0 0.4062499999999999 0.1979166666666666 0 0.4062500000000001 0.2083333333333334 0 0.4062499999999999 0.1875 0 0.4062499999999999 0.21875 0 0.4062499999999999 0.1979166666666666 0 0.4062500000000001 0.2083333333333334 0 0.4374999999999999 0.1875 0 0.4166666666666666 0.1875 0 0.4270833333333334 0.1875 0 0.4375000000000001 0.21875 0 0.4166666666666666 0.21875 0 0.4270833333333334 0.2187500000000001 0 0.4374999999999999 0.1979166666666666 0 0.4375000000000001 0.2083333333333334 0 0.4374999999999999 0.1875 0 0.4374999999999999 0.21875 0 0.4374999999999999 0.1979166666666666 0 0.4375000000000001 0.2083333333333334 0 0.4687499999999999 0.1875 0 0.4479166666666666 0.1875 0 0.4583333333333334 0.1875 0 0.4687500000000001 0.21875 0 0.4479166666666666 0.21875 0 0.4583333333333334 0.2187500000000001 0 0.4687499999999999 0.1979166666666666 0 0.4687500000000001 0.2083333333333334 0 0.4687499999999999 0.1875 0 0.4687499999999999 0.21875 0 0.4687499999999999 0.1979166666666666 0 0.4687500000000001 0.2083333333333334 0 0.4999999999999999 0.1875 0 0.4791666666666666 0.1875 0 0.4895833333333334 0.1875 0 0.5 0.21875 0 0.4791666666666666 0.21875 0 0.4895833333333334 0.2187500000000001 0 0.4999999999999999 0.1979166666666666 0 0.5000000000000001 0.2083333333333334 0 0.4999999999999999 0.1875 0 0.4999999999999999 0.21875 0 0.4999999999999999 0.1979166666666666 0 0.5000000000000001 0.2083333333333334 0 0.5312499999999999 0.1875 0 0.5104166666666665 0.1875 0 0.5208333333333335 0.1875 0 0.5312500000000001 0.21875 0 0.5104166666666665 0.21875 0 0.5208333333333335 0.2187500000000001 0 0.5312499999999999 0.1979166666666666 0 0.5312500000000001 0.2083333333333334 0 0.5312499999999999 0.1875 0 0.5312499999999999 0.21875 0 0.5312499999999999 0.1979166666666666 0 0.5312500000000001 0.2083333333333334 0 0.5624999999999999 0.1875 0 0.5416666666666665 0.1875 0 0.5520833333333335 0.1875 0 0.5625000000000001 0.21875 0 0.5416666666666665 0.21875 0 0.5520833333333335 0.2187500000000001 0 0.5624999999999999 0.1979166666666666 0 0.5625000000000001 0.2083333333333334 0 0.5624999999999999 0.1875 0 0.5624999999999999 0.21875 0 0.5624999999999999 0.1979166666666666 0 0.5625000000000001 0.2083333333333334 0 0.5937499999999999 0.1875 0 0.5729166666666665 0.1875 0 0.5833333333333335 0.1875 0 0.5937500000000001 0.21875 0 0.5729166666666665 0.21875 0 0.5833333333333335 0.2187500000000001 0 0.5937499999999999 0.1979166666666666 0 0.5937500000000001 0.2083333333333334 0 0.5937499999999999 0.1875 0 0.5937499999999999 0.21875 0 0.5937499999999999 0.1979166666666666 0 0.5937500000000001 0.2083333333333334 0 0.6249999999999999 0.1875 0 0.6041666666666665 0.1875 0 0.6145833333333335 0.1875 0 0.6250000000000001 0.21875 0 0.6041666666666665 0.21875 0 0.6145833333333335 0.2187500000000001 0 0.6249999999999999 0.1979166666666666 0 0.6250000000000001 0.2083333333333334 0 0.6249999999999999 0.1875 0 0.6249999999999999 0.21875 0 0.6249999999999999 0.1979166666666666 0 0.6250000000000001 0.2083333333333334 0 0.6562499999999999 0.1875 0 0.6354166666666665 0.1875 0 0.6458333333333335 0.1875 0 0.6562500000000001 0.21875 0 0.6354166666666665 0.21875 0 0.6458333333333335 0.2187500000000001 0 0.6562499999999999 0.1979166666666666 0 0.6562500000000001 0.2083333333333334 0 0.6562499999999999 0.1875 0 0.6562499999999999 0.21875 0 0.6562499999999999 0.1979166666666666 0 0.6562500000000001 0.2083333333333334 0 0.6874999999999999 0.1875 0 0.6666666666666665 0.1875 0 0.6770833333333335 0.1875 0 0.6875000000000001 0.21875 0 0.6666666666666665 0.21875 0 0.6770833333333335 0.2187500000000001 0 0.6874999999999999 0.1979166666666666 0 0.6875000000000001 0.2083333333333334 0 0.6874999999999999 0.1875 0 0.6874999999999999 0.21875 0 0.6874999999999999 0.1979166666666666 0 0.6875000000000001 0.2083333333333334 0 0.7187499999999999 0.1875 0 0.6979166666666665 0.1875 0 0.7083333333333335 0.1875 0 0.7187500000000001 0.21875 0 0.6979166666666665 0.21875 0 0.7083333333333335 0.2187500000000001 0 0.7187499999999999 0.1979166666666666 0 0.7187500000000001 0.2083333333333334 0 0.7187499999999999 0.1875 0 0.7187499999999999 0.21875 0 0.7187499999999999 0.1979166666666666 0 0.7187500000000001 0.2083333333333334 0 0.7499999999999999 0.1875 0 0.7291666666666665 0.1875 0 0.7395833333333335 0.1875 0 0.7500000000000001 0.21875 0 0.7291666666666665 0.21875 0 0.7395833333333335 0.2187500000000001 0 0.7499999999999999 0.1979166666666666 0 0.7500000000000001 0.2083333333333334 0 0.7499999999999999 0.1875 0 0.7499999999999999 0.21875 0 0.7499999999999999 0.1979166666666666 0 0.7500000000000001 0.2083333333333334 0 0.7812499999999999 0.1875 0 0.7604166666666665 0.1875 0 0.7708333333333335 0.1875 0 0.7812500000000001 0.21875 0 0.7604166666666665 0.21875 0 0.7708333333333335 0.2187500000000001 0 0.7812499999999999 0.1979166666666666 0 0.7812500000000001 0.2083333333333334 0 0.7812499999999999 0.1875 0 0.7812499999999999 0.21875 0 0.7812499999999999 0.1979166666666666 0 0.7812500000000001 0.2083333333333334 0 0.8124999999999999 0.1875 0 0.7916666666666665 0.1875 0 0.8020833333333335 0.1875 0 0.8125000000000001 0.21875 0 0.7916666666666665 0.21875 0 0.8020833333333335 0.2187500000000001 0 0.8124999999999999 0.1979166666666666 0 0.8125000000000002 0.2083333333333334 0 0.8124999999999999 0.1875 0 0.8124999999999999 0.21875 0 0.8124999999999999 0.1979166666666666 0 0.8125000000000002 0.2083333333333334 0 0.8437499999999999 0.1875 0 0.8229166666666665 0.1875 0 0.8333333333333336 0.1875 0 0.8437500000000001 0.21875 0 0.8229166666666665 0.21875 0 0.8333333333333336 0.2187500000000001 0 0.8437499999999999 0.1979166666666666 0 0.8437500000000002 0.2083333333333334 0 0.8437499999999999 0.1875 0 0.8437499999999999 0.21875 0 0.8437499999999999 0.1979166666666666 0 0.8437500000000002 0.2083333333333334 0 0.8749999999999999 0.1875 0 0.8541666666666665 0.1875 0 0.8645833333333336 0.1875 0 0.8750000000000001 0.21875 0 0.8541666666666665 0.21875 0 0.8645833333333336 0.2187500000000001 0 0.8749999999999999 0.1979166666666666 0 0.8750000000000002 0.2083333333333334 0 0.8749999999999999 0.1875 0 0.8749999999999999 0.21875 0 0.8749999999999999 0.1979166666666666 0 0.8750000000000002 0.2083333333333334 0 0.9062499999999999 0.1875 0 0.8854166666666665 0.1875 0 0.8958333333333336 0.1875 0 0.9062500000000001 0.21875 0 0.8854166666666665 0.21875 0 0.8958333333333336 0.2187500000000001 0 0.9062499999999999 0.1979166666666666 0 0.9062500000000002 0.2083333333333334 0 0.9062499999999999 0.1875 0 0.9062499999999999 0.21875 0 0.9062499999999999 0.1979166666666666 0 0.9062500000000002 0.2083333333333334 0 0.9374999999999999 0.1875 0 0.9166666666666665 0.1875 0 0.9270833333333336 0.1875 0 0.9375000000000001 0.21875 0 0.9166666666666665 0.21875 0 0.9270833333333336 0.2187500000000001 0 0.9374999999999999 0.1979166666666666 0 0.9375000000000002 0.2083333333333334 0 0.9374999999999999 0.1875 0 0.9374999999999999 0.21875 0 0.9374999999999999 0.1979166666666666 0 0.9375000000000002 0.2083333333333334 0 0.9687499999999999 0.1875 0 0.9479166666666665 0.1875 0 0.9583333333333336 0.1875 0 0.9687500000000001 0.21875 0 0.9479166666666665 0.21875 0 0.9583333333333336 0.2187500000000001 0 0.9687499999999999 0.1979166666666666 0 0.9687500000000002 0.2083333333333334 0 0.9687499999999999 0.1875 0 0.9687499999999999 0.21875 0 0.9687499999999999 0.1979166666666666 0 0.9687500000000002 0.2083333333333334 0 0.9999999999999999 0.1875 0 0.9791666666666665 0.1875 0 0.9895833333333336 0.1875 0 1 0.21875 0 0.9791666666666665 0.21875 0 0.9895833333333336 0.2187500000000001 0 0.9999999999999998 0.1979166666666666 0 1 0.2083333333333334 0 -2.891205793294678e-19 0.21875 0 -2.891205793294678e-19 0.25 0 0 0.2291666666666666 0 0 0.2395833333333334 0 0.03125 0.21875 0 0.01041666666666666 0.21875 0 0.02083333333333334 0.2187500000000001 0 0.03125 0.25 0 0.01041666666666666 0.2499999999999999 0 0.02083333333333334 0.2500000000000001 0 0.03124999999999999 0.2291666666666666 0 0.03125000000000001 0.2395833333333334 0 0.03125 0.21875 0 0.03125 0.25 0 0.03124999999999999 0.2291666666666666 0 0.03125000000000001 0.2395833333333334 0 0.06249999999999999 0.21875 0 0.04166666666666666 0.21875 0 0.05208333333333334 0.2187500000000001 0 0.0625 0.25 0 0.04166666666666666 0.2499999999999999 0 0.05208333333333334 0.2500000000000001 0 0.06249999999999999 0.2291666666666666 0 0.06250000000000001 0.2395833333333334 0 0.06249999999999999 0.21875 0 0.06249999999999999 0.25 0 0.06249999999999999 0.2291666666666666 0 0.06250000000000001 0.2395833333333334 0 0.09374999999999999 0.21875 0 0.07291666666666666 0.21875 0 0.08333333333333334 0.2187500000000001 0 0.09375000000000001 0.25 0 0.07291666666666666 0.2499999999999999 0 0.08333333333333334 0.2500000000000001 0 0.09374999999999999 0.2291666666666666 0 0.09375000000000001 0.2395833333333334 0 0.09374999999999999 0.21875 0 0.09374999999999999 0.25 0 0.09374999999999999 0.2291666666666666 0 0.09375000000000001 0.2395833333333334 0 0.125 0.21875 0 0.1041666666666667 0.21875 0 0.1145833333333334 0.2187500000000001 0 0.125 0.25 0 0.1041666666666667 0.2499999999999999 0 0.1145833333333334 0.2500000000000001 0 0.125 0.2291666666666666 0 0.125 0.2395833333333334 0 0.125 0.21875 0 0.125 0.25 0 0.125 0.2291666666666666 0 0.125 0.2395833333333334 0 0.15625 0.21875 0 0.1354166666666666 0.21875 0 0.1458333333333334 0.2187500000000001 0 0.15625 0.25 0 0.1354166666666666 0.2499999999999999 0 0.1458333333333334 0.2500000000000001 0 0.15625 0.2291666666666666 0 0.15625 0.2395833333333334 0 0.15625 0.21875 0 0.15625 0.25 0 0.15625 0.2291666666666666 0 0.15625 0.2395833333333334 0 0.1875 0.21875 0 0.1666666666666666 0.21875 0 0.1770833333333334 0.2187500000000001 0 0.1875 0.25 0 0.1666666666666666 0.2499999999999999 0 0.1770833333333334 0.2500000000000001 0 0.1875 0.2291666666666666 0 0.1875 0.2395833333333334 0 0.1875 0.21875 0 0.1875 0.25 0 0.1875 0.2291666666666666 0 0.1875 0.2395833333333334 0 0.21875 0.21875 0 0.1979166666666666 0.21875 0 0.2083333333333334 0.2187500000000001 0 0.21875 0.25 0 0.1979166666666666 0.2499999999999999 0 0.2083333333333334 0.2500000000000001 0 0.21875 0.2291666666666666 0 0.2187500000000001 0.2395833333333334 0 0.21875 0.21875 0 0.21875 0.25 0 0.21875 0.2291666666666666 0 0.2187500000000001 0.2395833333333334 0 0.25 0.21875 0 0.2291666666666666 0.21875 0 0.2395833333333334 0.2187500000000001 0 0.25 0.25 0 0.2291666666666666 0.2499999999999999 0 0.2395833333333334 0.2500000000000001 0 0.2499999999999999 0.2291666666666666 0 0.2500000000000001 0.2395833333333334 0 0.25 0.21875 0 0.25 0.25 0 0.2499999999999999 0.2291666666666666 0 0.2500000000000001 0.2395833333333334 0 0.2812499999999999 0.21875 0 0.2604166666666666 0.21875 0 0.2708333333333334 0.2187500000000001 0 0.2812500000000001 0.25 0 0.2604166666666666 0.2499999999999999 0 0.2708333333333334 0.2500000000000001 0 0.2812499999999999 0.2291666666666666 0 0.2812500000000001 0.2395833333333334 0 0.2812499999999999 0.21875 0 0.2812499999999999 0.25 0 0.2812499999999999 0.2291666666666666 0 0.2812500000000001 0.2395833333333334 0 0.3124999999999999 0.21875 0 0.2916666666666666 0.21875 0 0.3020833333333334 0.2187500000000001 0 0.3125000000000001 0.25 0 0.2916666666666666 0.2499999999999999 0 0.3020833333333334 0.2500000000000001 0 0.3124999999999999 0.2291666666666666 0 0.3125000000000001 0.2395833333333334 0 0.3124999999999999 0.21875 0 0.3124999999999999 0.25 0 0.3124999999999999 0.2291666666666666 0 0.3125000000000001 0.2395833333333334 0 0.3437499999999999 0.21875 0 0.3229166666666666 0.21875 0 0.3333333333333334 0.2187500000000001 0 0.3437500000000001 0.25 0 0.3229166666666666 0.2499999999999999 0 0.3333333333333334 0.2500000000000001 0 0.3437499999999999 0.2291666666666666 0 0.3437500000000001 0.2395833333333334 0 0.3437499999999999 0.21875 0 0.3437499999999999 0.25 0 0.3437499999999999 0.2291666666666666 0 0.3437500000000001 0.2395833333333334 0 0.3749999999999999 0.21875 0 0.3541666666666666 0.21875 0 0.3645833333333334 0.2187500000000001 0 0.3750000000000001 0.25 0 0.3541666666666666 0.2499999999999999 0 0.3645833333333334 0.2500000000000001 0 0.3749999999999999 0.2291666666666666 0 0.3750000000000001 0.2395833333333334 0 0.3749999999999999 0.21875 0 0.3749999999999999 0.25 0 0.3749999999999999 0.2291666666666666 0 0.3750000000000001 0.2395833333333334 0 0.4062499999999999 0.21875 0 0.3854166666666666 0.21875 0 0.3958333333333334 0.2187500000000001 0 0.4062500000000001 0.25 0 0.3854166666666666 0.2499999999999999 0 0.3958333333333334 0.2500000000000001 0 0.4062499999999999 0.2291666666666666 0 0.4062500000000001 0.2395833333333334 0 0.4062499999999999 0.21875 0 0.4062499999999999 0.25 0 0.4062499999999999 0.2291666666666666 0 0.4062500000000001 0.2395833333333334 0 0.4374999999999999 0.21875 0 0.4166666666666666 0.21875 0 0.4270833333333334 0.2187500000000001 0 0.4375000000000001 0.25 0 0.4166666666666666 0.2499999999999999 0 0.4270833333333334 0.2500000000000001 0 0.4374999999999999 0.2291666666666666 0 0.4375000000000001 0.2395833333333334 0 0.4374999999999999 0.21875 0 0.4374999999999999 0.25 0 0.4374999999999999 0.2291666666666666 0 0.4375000000000001 0.2395833333333334 0 0.4687499999999999 0.21875 0 0.4479166666666666 0.21875 0 0.4583333333333334 0.2187500000000001 0 0.4687500000000001 0.25 0 0.4479166666666666 0.2499999999999999 0 0.4583333333333334 0.2500000000000001 0 0.4687499999999999 0.2291666666666666 0 0.4687500000000001 0.2395833333333334 0 0.4687499999999999 0.21875 0 0.4687499999999999 0.25 0 0.4687499999999999 0.2291666666666666 0 0.4687500000000001 0.2395833333333334 0 0.4999999999999999 0.21875 0 0.4791666666666666 0.21875 0 0.4895833333333334 0.2187500000000001 0 0.5 0.25 0 0.4791666666666666 0.2499999999999999 0 0.4895833333333334 0.2500000000000001 0 0.4999999999999999 0.2291666666666666 0 0.5000000000000001 0.2395833333333334 0 0.4999999999999999 0.21875 0 0.4999999999999999 0.25 0 0.4999999999999999 0.2291666666666666 0 0.5000000000000001 0.2395833333333334 0 0.5312499999999999 0.21875 0 0.5104166666666665 0.21875 0 0.5208333333333335 0.2187500000000001 0 0.5312500000000001 0.25 0 0.5104166666666665 0.2499999999999999 0 0.5208333333333335 0.2500000000000001 0 0.5312499999999999 0.2291666666666666 0 0.5312500000000001 0.2395833333333334 0 0.5312499999999999 0.21875 0 0.5312499999999999 0.25 0 0.5312499999999999 0.2291666666666666 0 0.5312500000000001 0.2395833333333334 0 0.5624999999999999 0.21875 0 0.5416666666666665 0.21875 0 0.5520833333333335 0.2187500000000001 0 0.5625000000000001 0.25 0 0.5416666666666665 0.2499999999999999 0 0.5520833333333335 0.2500000000000001 0 0.5624999999999999 0.2291666666666666 0 0.5625000000000001 0.2395833333333334 0 0.5624999999999999 0.21875 0 0.5624999999999999 0.25 0 0.5624999999999999 0.2291666666666666 0 0.5625000000000001 0.2395833333333334 0 0.5937499999999999 0.21875 0 0.5729166666666665 0.21875 0 0.5833333333333335 0.2187500000000001 0 0.5937500000000001 0.25 0 0.5729166666666665 0.2499999999999999 0 0.5833333333333335 0.2500000000000001 0 0.5937499999999999 0.2291666666666666 0 0.5937500000000001 0.2395833333333334 0 0.5937499999999999 0.21875 0 0.5937499999999999 0.25 0 0.5937499999999999 0.2291666666666666 0 0.5937500000000001 0.2395833333333334 0 0.6249999999999999 0.21875 0 0.6041666666666665 0.21875 0 0.6145833333333335 0.2187500000000001 0 0.6250000000000001 0.25 0 0.6041666666666665 0.2499999999999999 0 0.6145833333333335 0.2500000000000001 0 0.6249999999999999 0.2291666666666666 0 0.6250000000000001 0.2395833333333334 0 0.6249999999999999 0.21875 0 0.6249999999999999 0.25 0 0.6249999999999999 0.2291666666666666 0 0.6250000000000001 0.2395833333333334 0 0.6562499999999999 0.21875 0 0.6354166666666665 0.21875 0 0.6458333333333335 0.2187500000000001 0 0.6562500000000001 0.25 0 0.6354166666666665 0.2499999999999999 0 0.6458333333333335 0.2500000000000001 0 0.6562499999999999 0.2291666666666666 0 0.6562500000000001 0.2395833333333334 0 0.6562499999999999 0.21875 0 0.6562499999999999 0.25 0 0.6562499999999999 0.2291666666666666 0 0.6562500000000001 0.2395833333333334 0 0.6874999999999999 0.21875 0 0.6666666666666665 0.21875 0 0.6770833333333335 0.2187500000000001 0 0.6875000000000001 0.25 0 0.6666666666666665 0.2499999999999999 0 0.6770833333333335 0.2500000000000001 0 0.6874999999999999 0.2291666666666666 0 0.6875000000000001 0.2395833333333334 0 0.6874999999999999 0.21875 0 0.6874999999999999 0.25 0 0.6874999999999999 0.2291666666666666 0 0.6875000000000001 0.2395833333333334 0 0.7187499999999999 0.21875 0 0.6979166666666665 0.21875 0 0.7083333333333335 0.2187500000000001 0 0.7187500000000001 0.25 0 0.6979166666666665 0.2499999999999999 0 0.7083333333333335 0.2500000000000001 0 0.7187499999999999 0.2291666666666666 0 0.7187500000000001 0.2395833333333334 0 0.7187499999999999 0.21875 0 0.7187499999999999 0.25 0 0.7187499999999999 0.2291666666666666 0 0.7187500000000001 0.2395833333333334 0 0.7499999999999999 0.21875 0 0.7291666666666665 0.21875 0 0.7395833333333335 0.2187500000000001 0 0.7500000000000001 0.25 0 0.7291666666666665 0.2499999999999999 0 0.7395833333333335 0.2500000000000001 0 0.7499999999999999 0.2291666666666666 0 0.7500000000000001 0.2395833333333334 0 0.7499999999999999 0.21875 0 0.7499999999999999 0.25 0 0.7499999999999999 0.2291666666666666 0 0.7500000000000001 0.2395833333333334 0 0.7812499999999999 0.21875 0 0.7604166666666665 0.21875 0 0.7708333333333335 0.2187500000000001 0 0.7812500000000001 0.25 0 0.7604166666666665 0.2499999999999999 0 0.7708333333333335 0.2500000000000001 0 0.7812499999999999 0.2291666666666666 0 0.7812500000000001 0.2395833333333334 0 0.7812499999999999 0.21875 0 0.7812499999999999 0.25 0 0.7812499999999999 0.2291666666666666 0 0.7812500000000001 0.2395833333333334 0 0.8124999999999999 0.21875 0 0.7916666666666665 0.21875 0 0.8020833333333335 0.2187500000000001 0 0.8125000000000001 0.25 0 0.7916666666666665 0.2499999999999999 0 0.8020833333333335 0.2500000000000001 0 0.8124999999999999 0.2291666666666666 0 0.8125000000000002 0.2395833333333334 0 0.8124999999999999 0.21875 0 0.8124999999999999 0.25 0 0.8124999999999999 0.2291666666666666 0 0.8125000000000002 0.2395833333333334 0 0.8437499999999999 0.21875 0 0.8229166666666665 0.21875 0 0.8333333333333336 0.2187500000000001 0 0.8437500000000001 0.25 0 0.8229166666666665 0.2499999999999999 0 0.8333333333333336 0.2500000000000001 0 0.8437499999999999 0.2291666666666666 0 0.8437500000000002 0.2395833333333334 0 0.8437499999999999 0.21875 0 0.8437499999999999 0.25 0 0.8437499999999999 0.2291666666666666 0 0.8437500000000002 0.2395833333333334 0 0.8749999999999999 0.21875 0 0.8541666666666665 0.21875 0 0.8645833333333336 0.2187500000000001 0 0.8750000000000001 0.25 0 0.8541666666666665 0.2499999999999999 0 0.8645833333333336 0.2500000000000001 0 0.8749999999999999 0.2291666666666666 0 0.8750000000000002 0.2395833333333334 0 0.8749999999999999 0.21875 0 0.8749999999999999 0.25 0 0.8749999999999999 0.2291666666666666 0 0.8750000000000002 0.2395833333333334 0 0.9062499999999999 0.21875 0 0.8854166666666665 0.21875 0 0.8958333333333336 0.2187500000000001 0 0.9062500000000001 0.25 0 0.8854166666666665 0.2499999999999999 0 0.8958333333333336 0.2500000000000001 0 0.9062499999999999 0.2291666666666666 0 0.9062500000000002 0.2395833333333334 0 0.9062499999999999 0.21875 0 0.9062499999999999 0.25 0 0.9062499999999999 0.2291666666666666 0 0.9062500000000002 0.2395833333333334 0 0.9374999999999999 0.21875 0 0.9166666666666665 0.21875 0 0.9270833333333336 0.2187500000000001 0 0.9375000000000001 0.25 0 0.9166666666666665 0.2499999999999999 0 0.9270833333333336 0.2500000000000001 0 0.9374999999999999 0.2291666666666666 0 0.9375000000000002 0.2395833333333334 0 0.9374999999999999 0.21875 0 0.9374999999999999 0.25 0 0.9374999999999999 0.2291666666666666 0 0.9375000000000002 0.2395833333333334 0 0.9687499999999999 0.21875 0 0.9479166666666665 0.21875 0 0.9583333333333336 0.2187500000000001 0 0.9687500000000001 0.25 0 0.9479166666666665 0.2499999999999999 0 0.9583333333333336 0.2500000000000001 0 0.9687499999999999 0.2291666666666666 0 0.9687500000000002 0.2395833333333334 0 0.9687499999999999 0.21875 0 0.9687499999999999 0.25 0 0.9687499999999999 0.2291666666666666 0 0.9687500000000002 0.2395833333333334 0 0.9999999999999999 0.21875 0 0.9791666666666665 0.21875 0 0.9895833333333336 0.2187500000000001 0 1 0.25 0 0.9791666666666665 0.2499999999999999 0 0.9895833333333336 0.2500000000000001 0 0.9999999999999998 0.2291666666666666 0 1 0.2395833333333334 0 -2.891205793294678e-19 0.25 0 -2.891205793294678e-19 0.2812499999999999 0 0 0.2604166666666666 0 0 0.2708333333333334 0 0.03125 0.25 0 0.01041666666666666 0.2499999999999999 0 0.02083333333333334 0.2500000000000001 0 0.03125 0.2812500000000001 0 0.01041666666666666 0.2812499999999999 0 0.02083333333333334 0.2812500000000001 0 0.03124999999999999 0.2604166666666666 0 0.03125000000000001 0.2708333333333334 0 0.03125 0.25 0 0.03125 0.2812499999999999 0 0.03124999999999999 0.2604166666666666 0 0.03125000000000001 0.2708333333333334 0 0.06249999999999999 0.25 0 0.04166666666666666 0.2499999999999999 0 0.05208333333333334 0.2500000000000001 0 0.0625 0.2812500000000001 0 0.04166666666666666 0.2812499999999999 0 0.05208333333333334 0.2812500000000001 0 0.06249999999999999 0.2604166666666666 0 0.06250000000000001 0.2708333333333334 0 0.06249999999999999 0.25 0 0.06249999999999999 0.2812499999999999 0 0.06249999999999999 0.2604166666666666 0 0.06250000000000001 0.2708333333333334 0 0.09374999999999999 0.25 0 0.07291666666666666 0.2499999999999999 0 0.08333333333333334 0.2500000000000001 0 0.09375000000000001 0.2812500000000001 0 0.07291666666666666 0.2812499999999999 0 0.08333333333333334 0.2812500000000001 0 0.09374999999999999 0.2604166666666666 0 0.09375000000000001 0.2708333333333334 0 0.09374999999999999 0.25 0 0.09374999999999999 0.2812499999999999 0 0.09374999999999999 0.2604166666666666 0 0.09375000000000001 0.2708333333333334 0 0.125 0.25 0 0.1041666666666667 0.2499999999999999 0 0.1145833333333334 0.2500000000000001 0 0.125 0.2812500000000001 0 0.1041666666666667 0.2812499999999999 0 0.1145833333333334 0.2812500000000001 0 0.125 0.2604166666666666 0 0.125 0.2708333333333334 0 0.125 0.25 0 0.125 0.2812499999999999 0 0.125 0.2604166666666666 0 0.125 0.2708333333333334 0 0.15625 0.25 0 0.1354166666666666 0.2499999999999999 0 0.1458333333333334 0.2500000000000001 0 0.15625 0.2812500000000001 0 0.1354166666666666 0.2812499999999999 0 0.1458333333333334 0.2812500000000001 0 0.15625 0.2604166666666666 0 0.15625 0.2708333333333334 0 0.15625 0.25 0 0.15625 0.2812499999999999 0 0.15625 0.2604166666666666 0 0.15625 0.2708333333333334 0 0.1875 0.25 0 0.1666666666666666 0.2499999999999999 0 0.1770833333333334 0.2500000000000001 0 0.1875 0.2812500000000001 0 0.1666666666666666 0.2812499999999999 0 0.1770833333333334 0.2812500000000001 0 0.1875 0.2604166666666666 0 0.1875 0.2708333333333334 0 0.1875 0.25 0 0.1875 0.2812499999999999 0 0.1875 0.2604166666666666 0 0.1875 0.2708333333333334 0 0.21875 0.25 0 0.1979166666666666 0.2499999999999999 0 0.2083333333333334 0.2500000000000001 0 0.21875 0.2812500000000001 0 0.1979166666666666 0.2812499999999999 0 0.2083333333333334 0.2812500000000001 0 0.21875 0.2604166666666666 0 0.2187500000000001 0.2708333333333334 0 0.21875 0.25 0 0.21875 0.2812499999999999 0 0.21875 0.2604166666666666 0 0.2187500000000001 0.2708333333333334 0 0.25 0.25 0 0.2291666666666666 0.2499999999999999 0 0.2395833333333334 0.2500000000000001 0 0.25 0.2812500000000001 0 0.2291666666666666 0.2812499999999999 0 0.2395833333333334 0.2812500000000001 0 0.2499999999999999 0.2604166666666666 0 0.2500000000000001 0.2708333333333334 0 0.25 0.25 0 0.25 0.2812499999999999 0 0.2499999999999999 0.2604166666666666 0 0.2500000000000001 0.2708333333333334 0 0.2812499999999999 0.25 0 0.2604166666666666 0.2499999999999999 0 0.2708333333333334 0.2500000000000001 0 0.2812500000000001 0.2812500000000001 0 0.2604166666666666 0.2812499999999999 0 0.2708333333333334 0.2812500000000001 0 0.2812499999999999 0.2604166666666666 0 0.2812500000000001 0.2708333333333334 0 0.2812499999999999 0.25 0 0.2812499999999999 0.2812499999999999 0 0.2812499999999999 0.2604166666666666 0 0.2812500000000001 0.2708333333333334 0 0.3124999999999999 0.25 0 0.2916666666666666 0.2499999999999999 0 0.3020833333333334 0.2500000000000001 0 0.3125000000000001 0.2812500000000001 0 0.2916666666666666 0.2812499999999999 0 0.3020833333333334 0.2812500000000001 0 0.3124999999999999 0.2604166666666666 0 0.3125000000000001 0.2708333333333334 0 0.3124999999999999 0.25 0 0.3124999999999999 0.2812499999999999 0 0.3124999999999999 0.2604166666666666 0 0.3125000000000001 0.2708333333333334 0 0.3437499999999999 0.25 0 0.3229166666666666 0.2499999999999999 0 0.3333333333333334 0.2500000000000001 0 0.3437500000000001 0.2812500000000001 0 0.3229166666666666 0.2812499999999999 0 0.3333333333333334 0.2812500000000001 0 0.3437499999999999 0.2604166666666666 0 0.3437500000000001 0.2708333333333334 0 0.3437499999999999 0.25 0 0.3437499999999999 0.2812499999999999 0 0.3437499999999999 0.2604166666666666 0 0.3437500000000001 0.2708333333333334 0 0.3749999999999999 0.25 0 0.3541666666666666 0.2499999999999999 0 0.3645833333333334 0.2500000000000001 0 0.3750000000000001 0.2812500000000001 0 0.3541666666666666 0.2812499999999999 0 0.3645833333333334 0.2812500000000001 0 0.3749999999999999 0.2604166666666666 0 0.3750000000000001 0.2708333333333334 0 0.3749999999999999 0.25 0 0.3749999999999999 0.2812499999999999 0 0.3749999999999999 0.2604166666666666 0 0.3750000000000001 0.2708333333333334 0 0.4062499999999999 0.25 0 0.3854166666666666 0.2499999999999999 0 0.3958333333333334 0.2500000000000001 0 0.4062500000000001 0.2812500000000001 0 0.3854166666666666 0.2812499999999999 0 0.3958333333333334 0.2812500000000001 0 0.4062499999999999 0.2604166666666666 0 0.4062500000000001 0.2708333333333334 0 0.4062499999999999 0.25 0 0.4062499999999999 0.2812499999999999 0 0.4062499999999999 0.2604166666666666 0 0.4062500000000001 0.2708333333333334 0 0.4374999999999999 0.25 0 0.4166666666666666 0.2499999999999999 0 0.4270833333333334 0.2500000000000001 0 0.4375000000000001 0.2812500000000001 0 0.4166666666666666 0.2812499999999999 0 0.4270833333333334 0.2812500000000001 0 0.4374999999999999 0.2604166666666666 0 0.4375000000000001 0.2708333333333334 0 0.4374999999999999 0.25 0 0.4374999999999999 0.2812499999999999 0 0.4374999999999999 0.2604166666666666 0 0.4375000000000001 0.2708333333333334 0 0.4687499999999999 0.25 0 0.4479166666666666 0.2499999999999999 0 0.4583333333333334 0.2500000000000001 0 0.4687500000000001 0.2812500000000001 0 0.4479166666666666 0.2812499999999999 0 0.4583333333333334 0.2812500000000001 0 0.4687499999999999 0.2604166666666666 0 0.4687500000000001 0.2708333333333334 0 0.4687499999999999 0.25 0 0.4687499999999999 0.2812499999999999 0 0.4687499999999999 0.2604166666666666 0 0.4687500000000001 0.2708333333333334 0 0.4999999999999999 0.25 0 0.4791666666666666 0.2499999999999999 0 0.4895833333333334 0.2500000000000001 0 0.5 0.2812500000000001 0 0.4791666666666666 0.2812499999999999 0 0.4895833333333334 0.2812500000000001 0 0.4999999999999999 0.2604166666666666 0 0.5000000000000001 0.2708333333333334 0 0.4999999999999999 0.25 0 0.4999999999999999 0.2812499999999999 0 0.4999999999999999 0.2604166666666666 0 0.5000000000000001 0.2708333333333334 0 0.5312499999999999 0.25 0 0.5104166666666665 0.2499999999999999 0 0.5208333333333335 0.2500000000000001 0 0.5312500000000001 0.2812500000000001 0 0.5104166666666665 0.2812499999999999 0 0.5208333333333335 0.2812500000000001 0 0.5312499999999999 0.2604166666666666 0 0.5312500000000001 0.2708333333333334 0 0.5312499999999999 0.25 0 0.5312499999999999 0.2812499999999999 0 0.5312499999999999 0.2604166666666666 0 0.5312500000000001 0.2708333333333334 0 0.5624999999999999 0.25 0 0.5416666666666665 0.2499999999999999 0 0.5520833333333335 0.2500000000000001 0 0.5625000000000001 0.2812500000000001 0 0.5416666666666665 0.2812499999999999 0 0.5520833333333335 0.2812500000000001 0 0.5624999999999999 0.2604166666666666 0 0.5625000000000001 0.2708333333333334 0 0.5624999999999999 0.25 0 0.5624999999999999 0.2812499999999999 0 0.5624999999999999 0.2604166666666666 0 0.5625000000000001 0.2708333333333334 0 0.5937499999999999 0.25 0 0.5729166666666665 0.2499999999999999 0 0.5833333333333335 0.2500000000000001 0 0.5937500000000001 0.2812500000000001 0 0.5729166666666665 0.2812499999999999 0 0.5833333333333335 0.2812500000000001 0 0.5937499999999999 0.2604166666666666 0 0.5937500000000001 0.2708333333333334 0 0.5937499999999999 0.25 0 0.5937499999999999 0.2812499999999999 0 0.5937499999999999 0.2604166666666666 0 0.5937500000000001 0.2708333333333334 0 0.6249999999999999 0.25 0 0.6041666666666665 0.2499999999999999 0 0.6145833333333335 0.2500000000000001 0 0.6250000000000001 0.2812500000000001 0 0.6041666666666665 0.2812499999999999 0 0.6145833333333335 0.2812500000000001 0 0.6249999999999999 0.2604166666666666 0 0.6250000000000001 0.2708333333333334 0 0.6249999999999999 0.25 0 0.6249999999999999 0.2812499999999999 0 0.6249999999999999 0.2604166666666666 0 0.6250000000000001 0.2708333333333334 0 0.6562499999999999 0.25 0 0.6354166666666665 0.2499999999999999 0 0.6458333333333335 0.2500000000000001 0 0.6562500000000001 0.2812500000000001 0 0.6354166666666665 0.2812499999999999 0 0.6458333333333335 0.2812500000000001 0 0.6562499999999999 0.2604166666666666 0 0.6562500000000001 0.2708333333333334 0 0.6562499999999999 0.25 0 0.6562499999999999 0.2812499999999999 0 0.6562499999999999 0.2604166666666666 0 0.6562500000000001 0.2708333333333334 0 0.6874999999999999 0.25 0 0.6666666666666665 0.2499999999999999 0 0.6770833333333335 0.2500000000000001 0 0.6875000000000001 0.2812500000000001 0 0.6666666666666665 0.2812499999999999 0 0.6770833333333335 0.2812500000000001 0 0.6874999999999999 0.2604166666666666 0 0.6875000000000001 0.2708333333333334 0 0.6874999999999999 0.25 0 0.6874999999999999 0.2812499999999999 0 0.6874999999999999 0.2604166666666666 0 0.6875000000000001 0.2708333333333334 0 0.7187499999999999 0.25 0 0.6979166666666665 0.2499999999999999 0 0.7083333333333335 0.2500000000000001 0 0.7187500000000001 0.2812500000000001 0 0.6979166666666665 0.2812499999999999 0 0.7083333333333335 0.2812500000000001 0 0.7187499999999999 0.2604166666666666 0 0.7187500000000001 0.2708333333333334 0 0.7187499999999999 0.25 0 0.7187499999999999 0.2812499999999999 0 0.7187499999999999 0.2604166666666666 0 0.7187500000000001 0.2708333333333334 0 0.7499999999999999 0.25 0 0.7291666666666665 0.2499999999999999 0 0.7395833333333335 0.2500000000000001 0 0.7500000000000001 0.2812500000000001 0 0.7291666666666665 0.2812499999999999 0 0.7395833333333335 0.2812500000000001 0 0.7499999999999999 0.2604166666666666 0 0.7500000000000001 0.2708333333333334 0 0.7499999999999999 0.25 0 0.7499999999999999 0.2812499999999999 0 0.7499999999999999 0.2604166666666666 0 0.7500000000000001 0.2708333333333334 0 0.7812499999999999 0.25 0 0.7604166666666665 0.2499999999999999 0 0.7708333333333335 0.2500000000000001 0 0.7812500000000001 0.2812500000000001 0 0.7604166666666665 0.2812499999999999 0 0.7708333333333335 0.2812500000000001 0 0.7812499999999999 0.2604166666666666 0 0.7812500000000001 0.2708333333333334 0 0.7812499999999999 0.25 0 0.7812499999999999 0.2812499999999999 0 0.7812499999999999 0.2604166666666666 0 0.7812500000000001 0.2708333333333334 0 0.8124999999999999 0.25 0 0.7916666666666665 0.2499999999999999 0 0.8020833333333335 0.2500000000000001 0 0.8125000000000001 0.2812500000000001 0 0.7916666666666665 0.2812499999999999 0 0.8020833333333335 0.2812500000000001 0 0.8124999999999999 0.2604166666666666 0 0.8125000000000002 0.2708333333333334 0 0.8124999999999999 0.25 0 0.8124999999999999 0.2812499999999999 0 0.8124999999999999 0.2604166666666666 0 0.8125000000000002 0.2708333333333334 0 0.8437499999999999 0.25 0 0.8229166666666665 0.2499999999999999 0 0.8333333333333336 0.2500000000000001 0 0.8437500000000001 0.2812500000000001 0 0.8229166666666665 0.2812499999999999 0 0.8333333333333336 0.2812500000000001 0 0.8437499999999999 0.2604166666666666 0 0.8437500000000002 0.2708333333333334 0 0.8437499999999999 0.25 0 0.8437499999999999 0.2812499999999999 0 0.8437499999999999 0.2604166666666666 0 0.8437500000000002 0.2708333333333334 0 0.8749999999999999 0.25 0 0.8541666666666665 0.2499999999999999 0 0.8645833333333336 0.2500000000000001 0 0.8750000000000001 0.2812500000000001 0 0.8541666666666665 0.2812499999999999 0 0.8645833333333336 0.2812500000000001 0 0.8749999999999999 0.2604166666666666 0 0.8750000000000002 0.2708333333333334 0 0.8749999999999999 0.25 0 0.8749999999999999 0.2812499999999999 0 0.8749999999999999 0.2604166666666666 0 0.8750000000000002 0.2708333333333334 0 0.9062499999999999 0.25 0 0.8854166666666665 0.2499999999999999 0 0.8958333333333336 0.2500000000000001 0 0.9062500000000001 0.2812500000000001 0 0.8854166666666665 0.2812499999999999 0 0.8958333333333336 0.2812500000000001 0 0.9062499999999999 0.2604166666666666 0 0.9062500000000002 0.2708333333333334 0 0.9062499999999999 0.25 0 0.9062499999999999 0.2812499999999999 0 0.9062499999999999 0.2604166666666666 0 0.9062500000000002 0.2708333333333334 0 0.9374999999999999 0.25 0 0.9166666666666665 0.2499999999999999 0 0.9270833333333336 0.2500000000000001 0 0.9375000000000001 0.2812500000000001 0 0.9166666666666665 0.2812499999999999 0 0.9270833333333336 0.2812500000000001 0 0.9374999999999999 0.2604166666666666 0 0.9375000000000002 0.2708333333333334 0 0.9374999999999999 0.25 0 0.9374999999999999 0.2812499999999999 0 0.9374999999999999 0.2604166666666666 0 0.9375000000000002 0.2708333333333334 0 0.9687499999999999 0.25 0 0.9479166666666665 0.2499999999999999 0 0.9583333333333336 0.2500000000000001 0 0.9687500000000001 0.2812500000000001 0 0.9479166666666665 0.2812499999999999 0 0.9583333333333336 0.2812500000000001 0 0.9687499999999999 0.2604166666666666 0 0.9687500000000002 0.2708333333333334 0 0.9687499999999999 0.25 0 0.9687499999999999 0.2812499999999999 0 0.9687499999999999 0.2604166666666666 0 0.9687500000000002 0.2708333333333334 0 0.9999999999999999 0.25 0 0.9791666666666665 0.2499999999999999 0 0.9895833333333336 0.2500000000000001 0 1 0.2812500000000001 0 0.9791666666666665 0.2812499999999999 0 0.9895833333333336 0.2812500000000001 0 0.9999999999999998 0.2604166666666666 0 1 0.2708333333333334 0 -2.891205793294678e-19 0.2812499999999999 0 -2.891205793294678e-19 0.3124999999999999 0 0 0.2916666666666666 0 0 0.3020833333333334 0 0.03125 0.2812499999999999 0 0.01041666666666666 0.2812499999999999 0 0.02083333333333334 0.2812500000000001 0 0.03125 0.3125000000000001 0 0.01041666666666666 0.3124999999999999 0 0.02083333333333334 0.3125000000000001 0 0.03124999999999999 0.2916666666666666 0 0.03125000000000001 0.3020833333333334 0 0.03125 0.2812499999999999 0 0.03125 0.3124999999999999 0 0.03124999999999999 0.2916666666666666 0 0.03125000000000001 0.3020833333333334 0 0.06249999999999999 0.2812499999999999 0 0.04166666666666666 0.2812499999999999 0 0.05208333333333334 0.2812500000000001 0 0.0625 0.3125000000000001 0 0.04166666666666666 0.3124999999999999 0 0.05208333333333334 0.3125000000000001 0 0.06249999999999999 0.2916666666666666 0 0.06250000000000001 0.3020833333333334 0 0.06249999999999999 0.2812499999999999 0 0.06249999999999999 0.3124999999999999 0 0.06249999999999999 0.2916666666666666 0 0.06250000000000001 0.3020833333333334 0 0.09374999999999999 0.2812499999999999 0 0.07291666666666666 0.2812499999999999 0 0.08333333333333334 0.2812500000000001 0 0.09375000000000001 0.3125000000000001 0 0.07291666666666666 0.3124999999999999 0 0.08333333333333334 0.3125000000000001 0 0.09374999999999999 0.2916666666666666 0 0.09375000000000001 0.3020833333333334 0 0.09374999999999999 0.2812499999999999 0 0.09374999999999999 0.3124999999999999 0 0.09374999999999999 0.2916666666666666 0 0.09375000000000001 0.3020833333333334 0 0.125 0.2812499999999999 0 0.1041666666666667 0.2812499999999999 0 0.1145833333333334 0.2812500000000001 0 0.125 0.3125000000000001 0 0.1041666666666667 0.3124999999999999 0 0.1145833333333334 0.3125000000000001 0 0.125 0.2916666666666666 0 0.125 0.3020833333333334 0 0.125 0.2812499999999999 0 0.125 0.3124999999999999 0 0.125 0.2916666666666666 0 0.125 0.3020833333333334 0 0.15625 0.2812499999999999 0 0.1354166666666666 0.2812499999999999 0 0.1458333333333334 0.2812500000000001 0 0.15625 0.3125000000000001 0 0.1354166666666666 0.3124999999999999 0 0.1458333333333334 0.3125000000000001 0 0.15625 0.2916666666666666 0 0.15625 0.3020833333333334 0 0.15625 0.2812499999999999 0 0.15625 0.3124999999999999 0 0.15625 0.2916666666666666 0 0.15625 0.3020833333333334 0 0.1875 0.2812499999999999 0 0.1666666666666666 0.2812499999999999 0 0.1770833333333334 0.2812500000000001 0 0.1875 0.3125000000000001 0 0.1666666666666666 0.3124999999999999 0 0.1770833333333334 0.3125000000000001 0 0.1875 0.2916666666666666 0 0.1875 0.3020833333333334 0 0.1875 0.2812499999999999 0 0.1875 0.3124999999999999 0 0.1875 0.2916666666666666 0 0.1875 0.3020833333333334 0 0.21875 0.2812499999999999 0 0.1979166666666666 0.2812499999999999 0 0.2083333333333334 0.2812500000000001 0 0.21875 0.3125000000000001 0 0.1979166666666666 0.3124999999999999 0 0.2083333333333334 0.3125000000000001 0 0.21875 0.2916666666666666 0 0.2187500000000001 0.3020833333333334 0 0.21875 0.2812499999999999 0 0.21875 0.3124999999999999 0 0.21875 0.2916666666666666 0 0.2187500000000001 0.3020833333333334 0 0.25 0.2812499999999999 0 0.2291666666666666 0.2812499999999999 0 0.2395833333333334 0.2812500000000001 0 0.25 0.3125000000000001 0 0.2291666666666666 0.3124999999999999 0 0.2395833333333334 0.3125000000000001 0 0.2499999999999999 0.2916666666666666 0 0.2500000000000001 0.3020833333333334 0 0.25 0.2812499999999999 0 0.25 0.3124999999999999 0 0.2499999999999999 0.2916666666666666 0 0.2500000000000001 0.3020833333333334 0 0.2812499999999999 0.2812499999999999 0 0.2604166666666666 0.2812499999999999 0 0.2708333333333334 0.2812500000000001 0 0.2812500000000001 0.3125000000000001 0 0.2604166666666666 0.3124999999999999 0 0.2708333333333334 0.3125000000000001 0 0.2812499999999999 0.2916666666666666 0 0.2812500000000001 0.3020833333333334 0 0.2812499999999999 0.2812499999999999 0 0.2812499999999999 0.3124999999999999 0 0.2812499999999999 0.2916666666666666 0 0.2812500000000001 0.3020833333333334 0 0.3124999999999999 0.2812499999999999 0 0.2916666666666666 0.2812499999999999 0 0.3020833333333334 0.2812500000000001 0 0.3125000000000001 0.3125000000000001 0 0.2916666666666666 0.3124999999999999 0 0.3020833333333334 0.3125000000000001 0 0.3124999999999999 0.2916666666666666 0 0.3125000000000001 0.3020833333333334 0 0.3124999999999999 0.2812499999999999 0 0.3124999999999999 0.3124999999999999 0 0.3124999999999999 0.2916666666666666 0 0.3125000000000001 0.3020833333333334 0 0.3437499999999999 0.2812499999999999 0 0.3229166666666666 0.2812499999999999 0 0.3333333333333334 0.2812500000000001 0 0.3437500000000001 0.3125000000000001 0 0.3229166666666666 0.3124999999999999 0 0.3333333333333334 0.3125000000000001 0 0.3437499999999999 0.2916666666666666 0 0.3437500000000001 0.3020833333333334 0 0.3437499999999999 0.2812499999999999 0 0.3437499999999999 0.3124999999999999 0 0.3437499999999999 0.2916666666666666 0 0.3437500000000001 0.3020833333333334 0 0.3749999999999999 0.2812499999999999 0 0.3541666666666666 0.2812499999999999 0 0.3645833333333334 0.2812500000000001 0 0.3750000000000001 0.3125000000000001 0 0.3541666666666666 0.3124999999999999 0 0.3645833333333334 0.3125000000000001 0 0.3749999999999999 0.2916666666666666 0 0.3750000000000001 0.3020833333333334 0 0.3749999999999999 0.2812499999999999 0 0.3749999999999999 0.3124999999999999 0 0.3749999999999999 0.2916666666666666 0 0.3750000000000001 0.3020833333333334 0 0.4062499999999999 0.2812499999999999 0 0.3854166666666666 0.2812499999999999 0 0.3958333333333334 0.2812500000000001 0 0.4062500000000001 0.3125000000000001 0 0.3854166666666666 0.3124999999999999 0 0.3958333333333334 0.3125000000000001 0 0.4062499999999999 0.2916666666666666 0 0.4062500000000001 0.3020833333333334 0 0.5937499999999999 0.2812499999999999 0 0.5937499999999999 0.3124999999999999 0 0.5937499999999999 0.2916666666666666 0 0.5937500000000001 0.3020833333333334 0 0.6249999999999999 0.2812499999999999 0 0.6041666666666665 0.2812499999999999 0 0.6145833333333335 0.2812500000000001 0 0.6250000000000001 0.3125000000000001 0 0.6041666666666665 0.3124999999999999 0 0.6145833333333335 0.3125000000000001 0 0.6249999999999999 0.2916666666666666 0 0.6250000000000001 0.3020833333333334 0 0.6249999999999999 0.2812499999999999 0 0.6249999999999999 0.3124999999999999 0 0.6249999999999999 0.2916666666666666 0 0.6250000000000001 0.3020833333333334 0 0.6562499999999999 0.2812499999999999 0 0.6354166666666665 0.2812499999999999 0 0.6458333333333335 0.2812500000000001 0 0.6562500000000001 0.3125000000000001 0 0.6354166666666665 0.3124999999999999 0 0.6458333333333335 0.3125000000000001 0 0.6562499999999999 0.2916666666666666 0 0.6562500000000001 0.3020833333333334 0 0.6562499999999999 0.2812499999999999 0 0.6562499999999999 0.3124999999999999 0 0.6562499999999999 0.2916666666666666 0 0.6562500000000001 0.3020833333333334 0 0.6874999999999999 0.2812499999999999 0 0.6666666666666665 0.2812499999999999 0 0.6770833333333335 0.2812500000000001 0 0.6875000000000001 0.3125000000000001 0 0.6666666666666665 0.3124999999999999 0 0.6770833333333335 0.3125000000000001 0 0.6874999999999999 0.2916666666666666 0 0.6875000000000001 0.3020833333333334 0 0.6874999999999999 0.2812499999999999 0 0.6874999999999999 0.3124999999999999 0 0.6874999999999999 0.2916666666666666 0 0.6875000000000001 0.3020833333333334 0 0.7187499999999999 0.2812499999999999 0 0.6979166666666665 0.2812499999999999 0 0.7083333333333335 0.2812500000000001 0 0.7187500000000001 0.3125000000000001 0 0.6979166666666665 0.3124999999999999 0 0.7083333333333335 0.3125000000000001 0 0.7187499999999999 0.2916666666666666 0 0.7187500000000001 0.3020833333333334 0 0.7187499999999999 0.2812499999999999 0 0.7187499999999999 0.3124999999999999 0 0.7187499999999999 0.2916666666666666 0 0.7187500000000001 0.3020833333333334 0 0.7499999999999999 0.2812499999999999 0 0.7291666666666665 0.2812499999999999 0 0.7395833333333335 0.2812500000000001 0 0.7500000000000001 0.3125000000000001 0 0.7291666666666665 0.3124999999999999 0 0.7395833333333335 0.3125000000000001 0 0.7499999999999999 0.2916666666666666 0 0.7500000000000001 0.3020833333333334 0 0.7499999999999999 0.2812499999999999 0 0.7499999999999999 0.3124999999999999 0 0.7499999999999999 0.2916666666666666 0 0.7500000000000001 0.3020833333333334 0 0.7812499999999999 0.2812499999999999 0 0.7604166666666665 0.2812499999999999 0 0.7708333333333335 0.2812500000000001 0 0.7812500000000001 0.3125000000000001 0 0.7604166666666665 0.3124999999999999 0 0.7708333333333335 0.3125000000000001 0 0.7812499999999999 0.2916666666666666 0 0.7812500000000001 0.3020833333333334 0 0.7812499999999999 0.2812499999999999 0 0.7812499999999999 0.3124999999999999 0 0.7812499999999999 0.2916666666666666 0 0.7812500000000001 0.3020833333333334 0 0.8124999999999999 0.2812499999999999 0 0.7916666666666665 0.2812499999999999 0 0.8020833333333335 0.2812500000000001 0 0.8125000000000001 0.3125000000000001 0 0.7916666666666665 0.3124999999999999 0 0.8020833333333335 0.3125000000000001 0 0.8124999999999999 0.2916666666666666 0 0.8125000000000002 0.3020833333333334 0 0.8124999999999999 0.2812499999999999 0 0.8124999999999999 0.3124999999999999 0 0.8124999999999999 0.2916666666666666 0 0.8125000000000002 0.3020833333333334 0 0.8437499999999999 0.2812499999999999 0 0.8229166666666665 0.2812499999999999 0 0.8333333333333336 0.2812500000000001 0 0.8437500000000001 0.3125000000000001 0 0.8229166666666665 0.3124999999999999 0 0.8333333333333336 0.3125000000000001 0 0.8437499999999999 0.2916666666666666 0 0.8437500000000002 0.3020833333333334 0 0.8437499999999999 0.2812499999999999 0 0.8437499999999999 0.3124999999999999 0 0.8437499999999999 0.2916666666666666 0 0.8437500000000002 0.3020833333333334 0 0.8749999999999999 0.2812499999999999 0 0.8541666666666665 0.2812499999999999 0 0.8645833333333336 0.2812500000000001 0 0.8750000000000001 0.3125000000000001 0 0.8541666666666665 0.3124999999999999 0 0.8645833333333336 0.3125000000000001 0 0.8749999999999999 0.2916666666666666 0 0.8750000000000002 0.3020833333333334 0 0.8749999999999999 0.2812499999999999 0 0.8749999999999999 0.3124999999999999 0 0.8749999999999999 0.2916666666666666 0 0.8750000000000002 0.3020833333333334 0 0.9062499999999999 0.2812499999999999 0 0.8854166666666665 0.2812499999999999 0 0.8958333333333336 0.2812500000000001 0 0.9062500000000001 0.3125000000000001 0 0.8854166666666665 0.3124999999999999 0 0.8958333333333336 0.3125000000000001 0 0.9062499999999999 0.2916666666666666 0 0.9062500000000002 0.3020833333333334 0 0.9062499999999999 0.2812499999999999 0 0.9062499999999999 0.3124999999999999 0 0.9062499999999999 0.2916666666666666 0 0.9062500000000002 0.3020833333333334 0 0.9374999999999999 0.2812499999999999 0 0.9166666666666665 0.2812499999999999 0 0.9270833333333336 0.2812500000000001 0 0.9375000000000001 0.3125000000000001 0 0.9166666666666665 0.3124999999999999 0 0.9270833333333336 0.3125000000000001 0 0.9374999999999999 0.2916666666666666 0 0.9375000000000002 0.3020833333333334 0 0.9374999999999999 0.2812499999999999 0 0.9374999999999999 0.3124999999999999 0 0.9374999999999999 0.2916666666666666 0 0.9375000000000002 0.3020833333333334 0 0.9687499999999999 0.2812499999999999 0 0.9479166666666665 0.2812499999999999 0 0.9583333333333336 0.2812500000000001 0 0.9687500000000001 0.3125000000000001 0 0.9479166666666665 0.3124999999999999 0 0.9583333333333336 0.3125000000000001 0 0.9687499999999999 0.2916666666666666 0 0.9687500000000002 0.3020833333333334 0 0.9687499999999999 0.2812499999999999 0 0.9687499999999999 0.3124999999999999 0 0.9687499999999999 0.2916666666666666 0 0.9687500000000002 0.3020833333333334 0 0.9999999999999999 0.2812499999999999 0 0.9791666666666665 0.2812499999999999 0 0.9895833333333336 0.2812500000000001 0 1 0.3125000000000001 0 0.9791666666666665 0.3124999999999999 0 0.9895833333333336 0.3125000000000001 0 0.9999999999999998 0.2916666666666666 0 1 0.3020833333333334 0 -2.891205793294678e-19 0.3124999999999999 0 -2.891205793294678e-19 0.3437499999999999 0 0 0.3229166666666666 0 0 0.3333333333333334 0 0.03125 0.3124999999999999 0 0.01041666666666666 0.3124999999999999 0 0.02083333333333334 0.3125000000000001 0 0.03125 0.3437500000000001 0 0.01041666666666666 0.3437499999999999 0 0.02083333333333334 0.3437500000000001 0 0.03124999999999999 0.3229166666666666 0 0.03125000000000001 0.3333333333333334 0 0.03125 0.3124999999999999 0 0.03125 0.3437499999999999 0 0.03124999999999999 0.3229166666666666 0 0.03125000000000001 0.3333333333333334 0 0.06249999999999999 0.3124999999999999 0 0.04166666666666666 0.3124999999999999 0 0.05208333333333334 0.3125000000000001 0 0.0625 0.3437500000000001 0 0.04166666666666666 0.3437499999999999 0 0.05208333333333334 0.3437500000000001 0 0.06249999999999999 0.3229166666666666 0 0.06250000000000001 0.3333333333333334 0 0.06249999999999999 0.3124999999999999 0 0.06249999999999999 0.3437499999999999 0 0.06249999999999999 0.3229166666666666 0 0.06250000000000001 0.3333333333333334 0 0.09374999999999999 0.3124999999999999 0 0.07291666666666666 0.3124999999999999 0 0.08333333333333334 0.3125000000000001 0 0.09375000000000001 0.3437500000000001 0 0.07291666666666666 0.3437499999999999 0 0.08333333333333334 0.3437500000000001 0 0.09374999999999999 0.3229166666666666 0 0.09375000000000001 0.3333333333333334 0 0.09374999999999999 0.3124999999999999 0 0.09374999999999999 0.3437499999999999 0 0.09374999999999999 0.3229166666666666 0 0.09375000000000001 0.3333333333333334 0 0.125 0.3124999999999999 0 0.1041666666666667 0.3124999999999999 0 0.1145833333333334 0.3125000000000001 0 0.125 0.3437500000000001 0 0.1041666666666667 0.3437499999999999 0 0.1145833333333334 0.3437500000000001 0 0.125 0.3229166666666666 0 0.125 0.3333333333333334 0 0.125 0.3124999999999999 0 0.125 0.3437499999999999 0 0.125 0.3229166666666666 0 0.125 0.3333333333333334 0 0.15625 0.3124999999999999 0 0.1354166666666666 0.3124999999999999 0 0.1458333333333334 0.3125000000000001 0 0.15625 0.3437500000000001 0 0.1354166666666666 0.3437499999999999 0 0.1458333333333334 0.3437500000000001 0 0.15625 0.3229166666666666 0 0.15625 0.3333333333333334 0 0.15625 0.3124999999999999 0 0.15625 0.3437499999999999 0 0.15625 0.3229166666666666 0 0.15625 0.3333333333333334 0 0.1875 0.3124999999999999 0 0.1666666666666666 0.3124999999999999 0 0.1770833333333334 0.3125000000000001 0 0.1875 0.3437500000000001 0 0.1666666666666666 0.3437499999999999 0 0.1770833333333334 0.3437500000000001 0 0.1875 0.3229166666666666 0 0.1875 0.3333333333333334 0 0.1875 0.3124999999999999 0 0.1875 0.3437499999999999 0 0.1875 0.3229166666666666 0 0.1875 0.3333333333333334 0 0.21875 0.3124999999999999 0 0.1979166666666666 0.3124999999999999 0 0.2083333333333334 0.3125000000000001 0 0.21875 0.3437500000000001 0 0.1979166666666666 0.3437499999999999 0 0.2083333333333334 0.3437500000000001 0 0.21875 0.3229166666666666 0 0.2187500000000001 0.3333333333333334 0 0.21875 0.3124999999999999 0 0.21875 0.3437499999999999 0 0.21875 0.3229166666666666 0 0.2187500000000001 0.3333333333333334 0 0.25 0.3124999999999999 0 0.2291666666666666 0.3124999999999999 0 0.2395833333333334 0.3125000000000001 0 0.25 0.3437500000000001 0 0.2291666666666666 0.3437499999999999 0 0.2395833333333334 0.3437500000000001 0 0.2499999999999999 0.3229166666666666 0 0.2500000000000001 0.3333333333333334 0 0.25 0.3124999999999999 0 0.25 0.3437499999999999 0 0.2499999999999999 0.3229166666666666 0 0.2500000000000001 0.3333333333333334 0 0.2812499999999999 0.3124999999999999 0 0.2604166666666666 0.3124999999999999 0 0.2708333333333334 0.3125000000000001 0 0.2812500000000001 0.3437500000000001 0 0.2604166666666666 0.3437499999999999 0 0.2708333333333334 0.3437500000000001 0 0.2812499999999999 0.3229166666666666 0 0.2812500000000001 0.3333333333333334 0 0.2812499999999999 0.3124999999999999 0 0.2812499999999999 0.3437499999999999 0 0.2812499999999999 0.3229166666666666 0 0.2812500000000001 0.3333333333333334 0 0.3124999999999999 0.3124999999999999 0 0.2916666666666666 0.3124999999999999 0 0.3020833333333334 0.3125000000000001 0 0.3125000000000001 0.3437500000000001 0 0.2916666666666666 0.3437499999999999 0 0.3020833333333334 0.3437500000000001 0 0.3124999999999999 0.3229166666666666 0 0.3125000000000001 0.3333333333333334 0 0.3124999999999999 0.3124999999999999 0 0.3124999999999999 0.3437499999999999 0 0.3124999999999999 0.3229166666666666 0 0.3125000000000001 0.3333333333333334 0 0.3437499999999999 0.3124999999999999 0 0.3229166666666666 0.3124999999999999 0 0.3333333333333334 0.3125000000000001 0 0.3437500000000001 0.3437500000000001 0 0.3229166666666666 0.3437499999999999 0 0.3333333333333334 0.3437500000000001 0 0.3437499999999999 0.3229166666666666 0 0.3437500000000001 0.3333333333333334 0 0.3437499999999999 0.3124999999999999 0 0.3437499999999999 0.3437499999999999 0 0.3437499999999999 0.3229166666666666 0 0.3437500000000001 0.3333333333333334 0 0.3749999999999999 0.3124999999999999 0 0.3541666666666666 0.3124999999999999 0 0.3645833333333334 0.3125000000000001 0 0.3750000000000001 0.3437500000000001 0 0.3541666666666666 0.3437499999999999 0 0.3645833333333334 0.3437500000000001 0 0.3749999999999999 0.3229166666666666 0 0.3750000000000001 0.3333333333333334 0 0.6249999999999999 0.3124999999999999 0 0.6249999999999999 0.3437499999999999 0 0.6249999999999999 0.3229166666666666 0 0.6250000000000001 0.3333333333333334 0 0.6562499999999999 0.3124999999999999 0 0.6354166666666665 0.3124999999999999 0 0.6458333333333335 0.3125000000000001 0 0.6562500000000001 0.3437500000000001 0 0.6354166666666665 0.3437499999999999 0 0.6458333333333335 0.3437500000000001 0 0.6562499999999999 0.3229166666666666 0 0.6562500000000001 0.3333333333333334 0 0.6562499999999999 0.3124999999999999 0 0.6562499999999999 0.3437499999999999 0 0.6562499999999999 0.3229166666666666 0 0.6562500000000001 0.3333333333333334 0 0.6874999999999999 0.3124999999999999 0 0.6666666666666665 0.3124999999999999 0 0.6770833333333335 0.3125000000000001 0 0.6875000000000001 0.3437500000000001 0 0.6666666666666665 0.3437499999999999 0 0.6770833333333335 0.3437500000000001 0 0.6874999999999999 0.3229166666666666 0 0.6875000000000001 0.3333333333333334 0 0.6874999999999999 0.3124999999999999 0 0.6874999999999999 0.3437499999999999 0 0.6874999999999999 0.3229166666666666 0 0.6875000000000001 0.3333333333333334 0 0.7187499999999999 0.3124999999999999 0 0.6979166666666665 0.3124999999999999 0 0.7083333333333335 0.3125000000000001 0 0.7187500000000001 0.3437500000000001 0 0.6979166666666665 0.3437499999999999 0 0.7083333333333335 0.3437500000000001 0 0.7187499999999999 0.3229166666666666 0 0.7187500000000001 0.3333333333333334 0 0.7187499999999999 0.3124999999999999 0 0.7187499999999999 0.3437499999999999 0 0.7187499999999999 0.3229166666666666 0 0.7187500000000001 0.3333333333333334 0 0.7499999999999999 0.3124999999999999 0 0.7291666666666665 0.3124999999999999 0 0.7395833333333335 0.3125000000000001 0 0.7500000000000001 0.3437500000000001 0 0.7291666666666665 0.3437499999999999 0 0.7395833333333335 0.3437500000000001 0 0.7499999999999999 0.3229166666666666 0 0.7500000000000001 0.3333333333333334 0 0.7499999999999999 0.3124999999999999 0 0.7499999999999999 0.3437499999999999 0 0.7499999999999999 0.3229166666666666 0 0.7500000000000001 0.3333333333333334 0 0.7812499999999999 0.3124999999999999 0 0.7604166666666665 0.3124999999999999 0 0.7708333333333335 0.3125000000000001 0 0.7812500000000001 0.3437500000000001 0 0.7604166666666665 0.3437499999999999 0 0.7708333333333335 0.3437500000000001 0 0.7812499999999999 0.3229166666666666 0 0.7812500000000001 0.3333333333333334 0 0.7812499999999999 0.3124999999999999 0 0.7812499999999999 0.3437499999999999 0 0.7812499999999999 0.3229166666666666 0 0.7812500000000001 0.3333333333333334 0 0.8124999999999999 0.3124999999999999 0 0.7916666666666665 0.3124999999999999 0 0.8020833333333335 0.3125000000000001 0 0.8125000000000001 0.3437500000000001 0 0.7916666666666665 0.3437499999999999 0 0.8020833333333335 0.3437500000000001 0 0.8124999999999999 0.3229166666666666 0 0.8125000000000002 0.3333333333333334 0 0.8124999999999999 0.3124999999999999 0 0.8124999999999999 0.3437499999999999 0 0.8124999999999999 0.3229166666666666 0 0.8125000000000002 0.3333333333333334 0 0.8437499999999999 0.3124999999999999 0 0.8229166666666665 0.3124999999999999 0 0.8333333333333336 0.3125000000000001 0 0.8437500000000001 0.3437500000000001 0 0.8229166666666665 0.3437499999999999 0 0.8333333333333336 0.3437500000000001 0 0.8437499999999999 0.3229166666666666 0 0.8437500000000002 0.3333333333333334 0 0.8437499999999999 0.3124999999999999 0 0.8437499999999999 0.3437499999999999 0 0.8437499999999999 0.3229166666666666 0 0.8437500000000002 0.3333333333333334 0 0.8749999999999999 0.3124999999999999 0 0.8541666666666665 0.3124999999999999 0 0.8645833333333336 0.3125000000000001 0 0.8750000000000001 0.3437500000000001 0 0.8541666666666665 0.3437499999999999 0 0.8645833333333336 0.3437500000000001 0 0.8749999999999999 0.3229166666666666 0 0.8750000000000002 0.3333333333333334 0 0.8749999999999999 0.3124999999999999 0 0.8749999999999999 0.3437499999999999 0 0.8749999999999999 0.3229166666666666 0 0.8750000000000002 0.3333333333333334 0 0.9062499999999999 0.3124999999999999 0 0.8854166666666665 0.3124999999999999 0 0.8958333333333336 0.3125000000000001 0 0.9062500000000001 0.3437500000000001 0 0.8854166666666665 0.3437499999999999 0 0.8958333333333336 0.3437500000000001 0 0.9062499999999999 0.3229166666666666 0 0.9062500000000002 0.3333333333333334 0 0.9062499999999999 0.3124999999999999 0 0.9062499999999999 0.3437499999999999 0 0.9062499999999999 0.3229166666666666 0 0.9062500000000002 0.3333333333333334 0 0.9374999999999999 0.3124999999999999 0 0.9166666666666665 0.3124999999999999 0 0.9270833333333336 0.3125000000000001 0 0.9375000000000001 0.3437500000000001 0 0.9166666666666665 0.3437499999999999 0 0.9270833333333336 0.3437500000000001 0 0.9374999999999999 0.3229166666666666 0 0.9375000000000002 0.3333333333333334 0 0.9374999999999999 0.3124999999999999 0 0.9374999999999999 0.3437499999999999 0 0.9374999999999999 0.3229166666666666 0 0.9375000000000002 0.3333333333333334 0 0.9687499999999999 0.3124999999999999 0 0.9479166666666665 0.3124999999999999 0 0.9583333333333336 0.3125000000000001 0 0.9687500000000001 0.3437500000000001 0 0.9479166666666665 0.3437499999999999 0 0.9583333333333336 0.3437500000000001 0 0.9687499999999999 0.3229166666666666 0 0.9687500000000002 0.3333333333333334 0 0.9687499999999999 0.3124999999999999 0 0.9687499999999999 0.3437499999999999 0 0.9687499999999999 0.3229166666666666 0 0.9687500000000002 0.3333333333333334 0 0.9999999999999999 0.3124999999999999 0 0.9791666666666665 0.3124999999999999 0 0.9895833333333336 0.3125000000000001 0 1 0.3437500000000001 0 0.9791666666666665 0.3437499999999999 0 0.9895833333333336 0.3437500000000001 0 0.9999999999999998 0.3229166666666666 0 1 0.3333333333333334 0 -2.891205793294678e-19 0.3437499999999999 0 -2.891205793294678e-19 0.3749999999999999 0 0 0.3541666666666666 0 0 0.3645833333333334 0 0.03125 0.3437499999999999 0 0.01041666666666666 0.3437499999999999 0 0.02083333333333334 0.3437500000000001 0 0.03125 0.3750000000000001 0 0.01041666666666666 0.3749999999999999 0 0.02083333333333334 0.3750000000000001 0 0.03124999999999999 0.3541666666666666 0 0.03125000000000001 0.3645833333333334 0 0.03125 0.3437499999999999 0 0.03125 0.3749999999999999 0 0.03124999999999999 0.3541666666666666 0 0.03125000000000001 0.3645833333333334 0 0.06249999999999999 0.3437499999999999 0 0.04166666666666666 0.3437499999999999 0 0.05208333333333334 0.3437500000000001 0 0.0625 0.3750000000000001 0 0.04166666666666666 0.3749999999999999 0 0.05208333333333334 0.3750000000000001 0 0.06249999999999999 0.3541666666666666 0 0.06250000000000001 0.3645833333333334 0 0.06249999999999999 0.3437499999999999 0 0.06249999999999999 0.3749999999999999 0 0.06249999999999999 0.3541666666666666 0 0.06250000000000001 0.3645833333333334 0 0.09374999999999999 0.3437499999999999 0 0.07291666666666666 0.3437499999999999 0 0.08333333333333334 0.3437500000000001 0 0.09375000000000001 0.3750000000000001 0 0.07291666666666666 0.3749999999999999 0 0.08333333333333334 0.3750000000000001 0 0.09374999999999999 0.3541666666666666 0 0.09375000000000001 0.3645833333333334 0 0.09374999999999999 0.3437499999999999 0 0.09374999999999999 0.3749999999999999 0 0.09374999999999999 0.3541666666666666 0 0.09375000000000001 0.3645833333333334 0 0.125 0.3437499999999999 0 0.1041666666666667 0.3437499999999999 0 0.1145833333333334 0.3437500000000001 0 0.125 0.3750000000000001 0 0.1041666666666667 0.3749999999999999 0 0.1145833333333334 0.3750000000000001 0 0.125 0.3541666666666666 0 0.125 0.3645833333333334 0 0.125 0.3437499999999999 0 0.125 0.3749999999999999 0 0.125 0.3541666666666666 0 0.125 0.3645833333333334 0 0.15625 0.3437499999999999 0 0.1354166666666666 0.3437499999999999 0 0.1458333333333334 0.3437500000000001 0 0.15625 0.3750000000000001 0 0.1354166666666666 0.3749999999999999 0 0.1458333333333334 0.3750000000000001 0 0.15625 0.3541666666666666 0 0.15625 0.3645833333333334 0 0.15625 0.3437499999999999 0 0.15625 0.3749999999999999 0 0.15625 0.3541666666666666 0 0.15625 0.3645833333333334 0 0.1875 0.3437499999999999 0 0.1666666666666666 0.3437499999999999 0 0.1770833333333334 0.3437500000000001 0 0.1875 0.3750000000000001 0 0.1666666666666666 0.3749999999999999 0 0.1770833333333334 0.3750000000000001 0 0.1875 0.3541666666666666 0 0.1875 0.3645833333333334 0 0.1875 0.3437499999999999 0 0.1875 0.3749999999999999 0 0.1875 0.3541666666666666 0 0.1875 0.3645833333333334 0 0.21875 0.3437499999999999 0 0.1979166666666666 0.3437499999999999 0 0.2083333333333334 0.3437500000000001 0 0.21875 0.3750000000000001 0 0.1979166666666666 0.3749999999999999 0 0.2083333333333334 0.3750000000000001 0 0.21875 0.3541666666666666 0 0.2187500000000001 0.3645833333333334 0 0.21875 0.3437499999999999 0 0.21875 0.3749999999999999 0 0.21875 0.3541666666666666 0 0.2187500000000001 0.3645833333333334 0 0.25 0.3437499999999999 0 0.2291666666666666 0.3437499999999999 0 0.2395833333333334 0.3437500000000001 0 0.25 0.3750000000000001 0 0.2291666666666666 0.3749999999999999 0 0.2395833333333334 0.3750000000000001 0 0.2499999999999999 0.3541666666666666 0 0.2500000000000001 0.3645833333333334 0 0.25 0.3437499999999999 0 0.25 0.3749999999999999 0 0.2499999999999999 0.3541666666666666 0 0.2500000000000001 0.3645833333333334 0 0.2812499999999999 0.3437499999999999 0 0.2604166666666666 0.3437499999999999 0 0.2708333333333334 0.3437500000000001 0 0.2812500000000001 0.3750000000000001 0 0.2604166666666666 0.3749999999999999 0 0.2708333333333334 0.3750000000000001 0 0.2812499999999999 0.3541666666666666 0 0.2812500000000001 0.3645833333333334 0 0.2812499999999999 0.3437499999999999 0 0.2812499999999999 0.3749999999999999 0 0.2812499999999999 0.3541666666666666 0 0.2812500000000001 0.3645833333333334 0 0.3124999999999999 0.3437499999999999 0 0.2916666666666666 0.3437499999999999 0 0.3020833333333334 0.3437500000000001 0 0.3125000000000001 0.3750000000000001 0 0.2916666666666666 0.3749999999999999 0 0.3020833333333334 0.3750000000000001 0 0.3124999999999999 0.3541666666666666 0 0.3125000000000001 0.3645833333333334 0 0.3124999999999999 0.3437499999999999 0 0.3124999999999999 0.3749999999999999 0 0.3124999999999999 0.3541666666666666 0 0.3125000000000001 0.3645833333333334 0 0.3437499999999999 0.3437499999999999 0 0.3229166666666666 0.3437499999999999 0 0.3333333333333334 0.3437500000000001 0 0.3437500000000001 0.3750000000000001 0 0.3229166666666666 0.3749999999999999 0 0.3333333333333334 0.3750000000000001 0 0.3437499999999999 0.3541666666666666 0 0.3437500000000001 0.3645833333333334 0 0.6562499999999999 0.3437499999999999 0 0.6562499999999999 0.3749999999999999 0 0.6562499999999999 0.3541666666666666 0 0.6562500000000001 0.3645833333333334 0 0.6874999999999999 0.3437499999999999 0 0.6666666666666665 0.3437499999999999 0 0.6770833333333335 0.3437500000000001 0 0.6875000000000001 0.3750000000000001 0 0.6666666666666665 0.3749999999999999 0 0.6770833333333335 0.3750000000000001 0 0.6874999999999999 0.3541666666666666 0 0.6875000000000001 0.3645833333333334 0 0.6874999999999999 0.3437499999999999 0 0.6874999999999999 0.3749999999999999 0 0.6874999999999999 0.3541666666666666 0 0.6875000000000001 0.3645833333333334 0 0.7187499999999999 0.3437499999999999 0 0.6979166666666665 0.3437499999999999 0 0.7083333333333335 0.3437500000000001 0 0.7187500000000001 0.3750000000000001 0 0.6979166666666665 0.3749999999999999 0 0.7083333333333335 0.3750000000000001 0 0.7187499999999999 0.3541666666666666 0 0.7187500000000001 0.3645833333333334 0 0.7187499999999999 0.3437499999999999 0 0.7187499999999999 0.3749999999999999 0 0.7187499999999999 0.3541666666666666 0 0.7187500000000001 0.3645833333333334 0 0.7499999999999999 0.3437499999999999 0 0.7291666666666665 0.3437499999999999 0 0.7395833333333335 0.3437500000000001 0 0.7500000000000001 0.3750000000000001 0 0.7291666666666665 0.3749999999999999 0 0.7395833333333335 0.3750000000000001 0 0.7499999999999999 0.3541666666666666 0 0.7500000000000001 0.3645833333333334 0 0.7499999999999999 0.3437499999999999 0 0.7499999999999999 0.3749999999999999 0 0.7499999999999999 0.3541666666666666 0 0.7500000000000001 0.3645833333333334 0 0.7812499999999999 0.3437499999999999 0 0.7604166666666665 0.3437499999999999 0 0.7708333333333335 0.3437500000000001 0 0.7812500000000001 0.3750000000000001 0 0.7604166666666665 0.3749999999999999 0 0.7708333333333335 0.3750000000000001 0 0.7812499999999999 0.3541666666666666 0 0.7812500000000001 0.3645833333333334 0 0.7812499999999999 0.3437499999999999 0 0.7812499999999999 0.3749999999999999 0 0.7812499999999999 0.3541666666666666 0 0.7812500000000001 0.3645833333333334 0 0.8124999999999999 0.3437499999999999 0 0.7916666666666665 0.3437499999999999 0 0.8020833333333335 0.3437500000000001 0 0.8125000000000001 0.3750000000000001 0 0.7916666666666665 0.3749999999999999 0 0.8020833333333335 0.3750000000000001 0 0.8124999999999999 0.3541666666666666 0 0.8125000000000002 0.3645833333333334 0 0.8124999999999999 0.3437499999999999 0 0.8124999999999999 0.3749999999999999 0 0.8124999999999999 0.3541666666666666 0 0.8125000000000002 0.3645833333333334 0 0.8437499999999999 0.3437499999999999 0 0.8229166666666665 0.3437499999999999 0 0.8333333333333336 0.3437500000000001 0 0.8437500000000001 0.3750000000000001 0 0.8229166666666665 0.3749999999999999 0 0.8333333333333336 0.3750000000000001 0 0.8437499999999999 0.3541666666666666 0 0.8437500000000002 0.3645833333333334 0 0.8437499999999999 0.3437499999999999 0 0.8437499999999999 0.3749999999999999 0 0.8437499999999999 0.3541666666666666 0 0.8437500000000002 0.3645833333333334 0 0.8749999999999999 0.3437499999999999 0 0.8541666666666665 0.3437499999999999 0 0.8645833333333336 0.3437500000000001 0 0.8750000000000001 0.3750000000000001 0 0.8541666666666665 0.3749999999999999 0 0.8645833333333336 0.3750000000000001 0 0.8749999999999999 0.3541666666666666 0 0.8750000000000002 0.3645833333333334 0 0.8749999999999999 0.3437499999999999 0 0.8749999999999999 0.3749999999999999 0 0.8749999999999999 0.3541666666666666 0 0.8750000000000002 0.3645833333333334 0 0.9062499999999999 0.3437499999999999 0 0.8854166666666665 0.3437499999999999 0 0.8958333333333336 0.3437500000000001 0 0.9062500000000001 0.3750000000000001 0 0.8854166666666665 0.3749999999999999 0 0.8958333333333336 0.3750000000000001 0 0.9062499999999999 0.3541666666666666 0 0.9062500000000002 0.3645833333333334 0 0.9062499999999999 0.3437499999999999 0 0.9062499999999999 0.3749999999999999 0 0.9062499999999999 0.3541666666666666 0 0.9062500000000002 0.3645833333333334 0 0.9374999999999999 0.3437499999999999 0 0.9166666666666665 0.3437499999999999 0 0.9270833333333336 0.3437500000000001 0 0.9375000000000001 0.3750000000000001 0 0.9166666666666665 0.3749999999999999 0 0.9270833333333336 0.3750000000000001 0 0.9374999999999999 0.3541666666666666 0 0.9375000000000002 0.3645833333333334 0 0.9374999999999999 0.3437499999999999 0 0.9374999999999999 0.3749999999999999 0 0.9374999999999999 0.3541666666666666 0 0.9375000000000002 0.3645833333333334 0 0.9687499999999999 0.3437499999999999 0 0.9479166666666665 0.3437499999999999 0 0.9583333333333336 0.3437500000000001 0 0.9687500000000001 0.3750000000000001 0 0.9479166666666665 0.3749999999999999 0 0.9583333333333336 0.3750000000000001 0 0.9687499999999999 0.3541666666666666 0 0.9687500000000002 0.3645833333333334 0 0.9687499999999999 0.3437499999999999 0 0.9687499999999999 0.3749999999999999 0 0.9687499999999999 0.3541666666666666 0 0.9687500000000002 0.3645833333333334 0 0.9999999999999999 0.3437499999999999 0 0.9791666666666665 0.3437499999999999 0 0.9895833333333336 0.3437500000000001 0 1 0.3750000000000001 0 0.9791666666666665 0.3749999999999999 0 0.9895833333333336 0.3750000000000001 0 0.9999999999999998 0.3541666666666666 0 1 0.3645833333333334 0 -2.891205793294678e-19 0.3749999999999999 0 -2.891205793294678e-19 0.4062499999999999 0 0 0.3854166666666666 0 0 0.3958333333333334 0 0.03125 0.3749999999999999 0 0.01041666666666666 0.3749999999999999 0 0.02083333333333334 0.3750000000000001 0 0.03125 0.4062500000000001 0 0.01041666666666666 0.4062499999999999 0 0.02083333333333334 0.4062500000000001 0 0.03124999999999999 0.3854166666666666 0 0.03125000000000001 0.3958333333333334 0 0.03125 0.3749999999999999 0 0.03125 0.4062499999999999 0 0.03124999999999999 0.3854166666666666 0 0.03125000000000001 0.3958333333333334 0 0.06249999999999999 0.3749999999999999 0 0.04166666666666666 0.3749999999999999 0 0.05208333333333334 0.3750000000000001 0 0.0625 0.4062500000000001 0 0.04166666666666666 0.4062499999999999 0 0.05208333333333334 0.4062500000000001 0 0.06249999999999999 0.3854166666666666 0 0.06250000000000001 0.3958333333333334 0 0.06249999999999999 0.3749999999999999 0 0.06249999999999999 0.4062499999999999 0 0.06249999999999999 0.3854166666666666 0 0.06250000000000001 0.3958333333333334 0 0.09374999999999999 0.3749999999999999 0 0.07291666666666666 0.3749999999999999 0 0.08333333333333334 0.3750000000000001 0 0.09375000000000001 0.4062500000000001 0 0.07291666666666666 0.4062499999999999 0 0.08333333333333334 0.4062500000000001 0 0.09374999999999999 0.3854166666666666 0 0.09375000000000001 0.3958333333333334 0 0.09374999999999999 0.3749999999999999 0 0.09374999999999999 0.4062499999999999 0 0.09374999999999999 0.3854166666666666 0 0.09375000000000001 0.3958333333333334 0 0.125 0.3749999999999999 0 0.1041666666666667 0.3749999999999999 0 0.1145833333333334 0.3750000000000001 0 0.125 0.4062500000000001 0 0.1041666666666667 0.4062499999999999 0 0.1145833333333334 0.4062500000000001 0 0.125 0.3854166666666666 0 0.125 0.3958333333333334 0 0.125 0.3749999999999999 0 0.125 0.4062499999999999 0 0.125 0.3854166666666666 0 0.125 0.3958333333333334 0 0.15625 0.3749999999999999 0 0.1354166666666666 0.3749999999999999 0 0.1458333333333334 0.3750000000000001 0 0.15625 0.4062500000000001 0 0.1354166666666666 0.4062499999999999 0 0.1458333333333334 0.4062500000000001 0 0.15625 0.3854166666666666 0 0.15625 0.3958333333333334 0 0.15625 0.3749999999999999 0 0.15625 0.4062499999999999 0 0.15625 0.3854166666666666 0 0.15625 0.3958333333333334 0 0.1875 0.3749999999999999 0 0.1666666666666666 0.3749999999999999 0 0.1770833333333334 0.3750000000000001 0 0.1875 0.4062500000000001 0 0.1666666666666666 0.4062499999999999 0 0.1770833333333334 0.4062500000000001 0 0.1875 0.3854166666666666 0 0.1875 0.3958333333333334 0 0.1875 0.3749999999999999 0 0.1875 0.4062499999999999 0 0.1875 0.3854166666666666 0 0.1875 0.3958333333333334 0 0.21875 0.3749999999999999 0 0.1979166666666666 0.3749999999999999 0 0.2083333333333334 0.3750000000000001 0 0.21875 0.4062500000000001 0 0.1979166666666666 0.4062499999999999 0 0.2083333333333334 0.4062500000000001 0 0.21875 0.3854166666666666 0 0.2187500000000001 0.3958333333333334 0 0.21875 0.3749999999999999 0 0.21875 0.4062499999999999 0 0.21875 0.3854166666666666 0 0.2187500000000001 0.3958333333333334 0 0.25 0.3749999999999999 0 0.2291666666666666 0.3749999999999999 0 0.2395833333333334 0.3750000000000001 0 0.25 0.4062500000000001 0 0.2291666666666666 0.4062499999999999 0 0.2395833333333334 0.4062500000000001 0 0.2499999999999999 0.3854166666666666 0 0.2500000000000001 0.3958333333333334 0 0.25 0.3749999999999999 0 0.25 0.4062499999999999 0 0.2499999999999999 0.3854166666666666 0 0.2500000000000001 0.3958333333333334 0 0.2812499999999999 0.3749999999999999 0 0.2604166666666666 0.3749999999999999 0 0.2708333333333334 0.3750000000000001 0 0.2812500000000001 0.4062500000000001 0 0.2604166666666666 0.4062499999999999 0 0.2708333333333334 0.4062500000000001 0 0.2812499999999999 0.3854166666666666 0 0.2812500000000001 0.3958333333333334 0 0.2812499999999999 0.3749999999999999 0 0.2812499999999999 0.4062499999999999 0 0.2812499999999999 0.3854166666666666 0 0.2812500000000001 0.3958333333333334 0 0.3124999999999999 0.3749999999999999 0 0.2916666666666666 0.3749999999999999 0 0.3020833333333334 0.3750000000000001 0 0.3125000000000001 0.4062500000000001 0 0.2916666666666666 0.4062499999999999 0 0.3020833333333334 0.4062500000000001 0 0.3124999999999999 0.3854166666666666 0 0.3125000000000001 0.3958333333333334 0 0.6874999999999999 0.3749999999999999 0 0.6874999999999999 0.4062499999999999 0 0.6874999999999999 0.3854166666666666 0 0.6875000000000001 0.3958333333333334 0 0.7187499999999999 0.3749999999999999 0 0.6979166666666665 0.3749999999999999 0 0.7083333333333335 0.3750000000000001 0 0.7187500000000001 0.4062500000000001 0 0.6979166666666665 0.4062499999999999 0 0.7083333333333335 0.4062500000000001 0 0.7187499999999999 0.3854166666666666 0 0.7187500000000001 0.3958333333333334 0 0.7187499999999999 0.3749999999999999 0 0.7187499999999999 0.4062499999999999 0 0.7187499999999999 0.3854166666666666 0 0.7187500000000001 0.3958333333333334 0 0.7499999999999999 0.3749999999999999 0 0.7291666666666665 0.3749999999999999 0 0.7395833333333335 0.3750000000000001 0 0.7500000000000001 0.4062500000000001 0 0.7291666666666665 0.4062499999999999 0 0.7395833333333335 0.4062500000000001 0 0.7499999999999999 0.3854166666666666 0 0.7500000000000001 0.3958333333333334 0 0.7499999999999999 0.3749999999999999 0 0.7499999999999999 0.4062499999999999 0 0.7499999999999999 0.3854166666666666 0 0.7500000000000001 0.3958333333333334 0 0.7812499999999999 0.3749999999999999 0 0.7604166666666665 0.3749999999999999 0 0.7708333333333335 0.3750000000000001 0 0.7812500000000001 0.4062500000000001 0 0.7604166666666665 0.4062499999999999 0 0.7708333333333335 0.4062500000000001 0 0.7812499999999999 0.3854166666666666 0 0.7812500000000001 0.3958333333333334 0 0.7812499999999999 0.3749999999999999 0 0.7812499999999999 0.4062499999999999 0 0.7812499999999999 0.3854166666666666 0 0.7812500000000001 0.3958333333333334 0 0.8124999999999999 0.3749999999999999 0 0.7916666666666665 0.3749999999999999 0 0.8020833333333335 0.3750000000000001 0 0.8125000000000001 0.4062500000000001 0 0.7916666666666665 0.4062499999999999 0 0.8020833333333335 0.4062500000000001 0 0.8124999999999999 0.3854166666666666 0 0.8125000000000002 0.3958333333333334 0 0.8124999999999999 0.3749999999999999 0 0.8124999999999999 0.4062499999999999 0 0.8124999999999999 0.3854166666666666 0 0.8125000000000002 0.3958333333333334 0 0.8437499999999999 0.3749999999999999 0 0.8229166666666665 0.3749999999999999 0 0.8333333333333336 0.3750000000000001 0 0.8437500000000001 0.4062500000000001 0 0.8229166666666665 0.4062499999999999 0 0.8333333333333336 0.4062500000000001 0 0.8437499999999999 0.3854166666666666 0 0.8437500000000002 0.3958333333333334 0 0.8437499999999999 0.3749999999999999 0 0.8437499999999999 0.4062499999999999 0 0.8437499999999999 0.3854166666666666 0 0.8437500000000002 0.3958333333333334 0 0.8749999999999999 0.3749999999999999 0 0.8541666666666665 0.3749999999999999 0 0.8645833333333336 0.3750000000000001 0 0.8750000000000001 0.4062500000000001 0 0.8541666666666665 0.4062499999999999 0 0.8645833333333336 0.4062500000000001 0 0.8749999999999999 0.3854166666666666 0 0.8750000000000002 0.3958333333333334 0 0.8749999999999999 0.3749999999999999 0 0.8749999999999999 0.4062499999999999 0 0.8749999999999999 0.3854166666666666 0 0.8750000000000002 0.3958333333333334 0 0.9062499999999999 0.3749999999999999 0 0.8854166666666665 0.3749999999999999 0 0.8958333333333336 0.3750000000000001 0 0.9062500000000001 0.4062500000000001 0 0.8854166666666665 0.4062499999999999 0 0.8958333333333336 0.4062500000000001 0 0.9062499999999999 0.3854166666666666 0 0.9062500000000002 0.3958333333333334 0 0.9062499999999999 0.3749999999999999 0 0.9062499999999999 0.4062499999999999 0 0.9062499999999999 0.3854166666666666 0 0.9062500000000002 0.3958333333333334 0 0.9374999999999999 0.3749999999999999 0 0.9166666666666665 0.3749999999999999 0 0.9270833333333336 0.3750000000000001 0 0.9375000000000001 0.4062500000000001 0 0.9166666666666665 0.4062499999999999 0 0.9270833333333336 0.4062500000000001 0 0.9374999999999999 0.3854166666666666 0 0.9375000000000002 0.3958333333333334 0 0.9374999999999999 0.3749999999999999 0 0.9374999999999999 0.4062499999999999 0 0.9374999999999999 0.3854166666666666 0 0.9375000000000002 0.3958333333333334 0 0.9687499999999999 0.3749999999999999 0 0.9479166666666665 0.3749999999999999 0 0.9583333333333336 0.3750000000000001 0 0.9687500000000001 0.4062500000000001 0 0.9479166666666665 0.4062499999999999 0 0.9583333333333336 0.4062500000000001 0 0.9687499999999999 0.3854166666666666 0 0.9687500000000002 0.3958333333333334 0 0.9687499999999999 0.3749999999999999 0 0.9687499999999999 0.4062499999999999 0 0.9687499999999999 0.3854166666666666 0 0.9687500000000002 0.3958333333333334 0 0.9999999999999999 0.3749999999999999 0 0.9791666666666665 0.3749999999999999 0 0.9895833333333336 0.3750000000000001 0 1 0.4062500000000001 0 0.9791666666666665 0.4062499999999999 0 0.9895833333333336 0.4062500000000001 0 0.9999999999999998 0.3854166666666666 0 1 0.3958333333333334 0 -2.891205793294678e-19 0.4062499999999999 0 -2.891205793294678e-19 0.4374999999999999 0 0 0.4166666666666666 0 0 0.4270833333333334 0 0.03125 0.4062499999999999 0 0.01041666666666666 0.4062499999999999 0 0.02083333333333334 0.4062500000000001 0 0.03125 0.4375000000000001 0 0.01041666666666666 0.4374999999999999 0 0.02083333333333334 0.4375000000000001 0 0.03124999999999999 0.4166666666666666 0 0.03125000000000001 0.4270833333333334 0 0.03125 0.4062499999999999 0 0.03125 0.4374999999999999 0 0.03124999999999999 0.4166666666666666 0 0.03125000000000001 0.4270833333333334 0 0.06249999999999999 0.4062499999999999 0 0.04166666666666666 0.4062499999999999 0 0.05208333333333334 0.4062500000000001 0 0.0625 0.4375000000000001 0 0.04166666666666666 0.4374999999999999 0 0.05208333333333334 0.4375000000000001 0 0.06249999999999999 0.4166666666666666 0 0.06250000000000001 0.4270833333333334 0 0.06249999999999999 0.4062499999999999 0 0.06249999999999999 0.4374999999999999 0 0.06249999999999999 0.4166666666666666 0 0.06250000000000001 0.4270833333333334 0 0.09374999999999999 0.4062499999999999 0 0.07291666666666666 0.4062499999999999 0 0.08333333333333334 0.4062500000000001 0 0.09375000000000001 0.4375000000000001 0 0.07291666666666666 0.4374999999999999 0 0.08333333333333334 0.4375000000000001 0 0.09374999999999999 0.4166666666666666 0 0.09375000000000001 0.4270833333333334 0 0.09374999999999999 0.4062499999999999 0 0.09374999999999999 0.4374999999999999 0 0.09374999999999999 0.4166666666666666 0 0.09375000000000001 0.4270833333333334 0 0.125 0.4062499999999999 0 0.1041666666666667 0.4062499999999999 0 0.1145833333333334 0.4062500000000001 0 0.125 0.4375000000000001 0 0.1041666666666667 0.4374999999999999 0 0.1145833333333334 0.4375000000000001 0 0.125 0.4166666666666666 0 0.125 0.4270833333333334 0 0.125 0.4062499999999999 0 0.125 0.4374999999999999 0 0.125 0.4166666666666666 0 0.125 0.4270833333333334 0 0.15625 0.4062499999999999 0 0.1354166666666666 0.4062499999999999 0 0.1458333333333334 0.4062500000000001 0 0.15625 0.4375000000000001 0 0.1354166666666666 0.4374999999999999 0 0.1458333333333334 0.4375000000000001 0 0.15625 0.4166666666666666 0 0.15625 0.4270833333333334 0 0.15625 0.4062499999999999 0 0.15625 0.4374999999999999 0 0.15625 0.4166666666666666 0 0.15625 0.4270833333333334 0 0.1875 0.4062499999999999 0 0.1666666666666666 0.4062499999999999 0 0.1770833333333334 0.4062500000000001 0 0.1875 0.4375000000000001 0 0.1666666666666666 0.4374999999999999 0 0.1770833333333334 0.4375000000000001 0 0.1875 0.4166666666666666 0 0.1875 0.4270833333333334 0 0.1875 0.4062499999999999 0 0.1875 0.4374999999999999 0 0.1875 0.4166666666666666 0 0.1875 0.4270833333333334 0 0.21875 0.4062499999999999 0 0.1979166666666666 0.4062499999999999 0 0.2083333333333334 0.4062500000000001 0 0.21875 0.4375000000000001 0 0.1979166666666666 0.4374999999999999 0 0.2083333333333334 0.4375000000000001 0 0.21875 0.4166666666666666 0 0.2187500000000001 0.4270833333333334 0 0.21875 0.4062499999999999 0 0.21875 0.4374999999999999 0 0.21875 0.4166666666666666 0 0.2187500000000001 0.4270833333333334 0 0.25 0.4062499999999999 0 0.2291666666666666 0.4062499999999999 0 0.2395833333333334 0.4062500000000001 0 0.25 0.4375000000000001 0 0.2291666666666666 0.4374999999999999 0 0.2395833333333334 0.4375000000000001 0 0.2499999999999999 0.4166666666666666 0 0.2500000000000001 0.4270833333333334 0 0.25 0.4062499999999999 0 0.25 0.4374999999999999 0 0.2499999999999999 0.4166666666666666 0 0.2500000000000001 0.4270833333333334 0 0.2812499999999999 0.4062499999999999 0 0.2604166666666666 0.4062499999999999 0 0.2708333333333334 0.4062500000000001 0 0.2812500000000001 0.4375000000000001 0 0.2604166666666666 0.4374999999999999 0 0.2708333333333334 0.4375000000000001 0 0.2812499999999999 0.4166666666666666 0 0.2812500000000001 0.4270833333333334 0 0.7187499999999999 0.4062499999999999 0 0.7187499999999999 0.4374999999999999 0 0.7187499999999999 0.4166666666666666 0 0.7187500000000001 0.4270833333333334 0 0.7499999999999999 0.4062499999999999 0 0.7291666666666665 0.4062499999999999 0 0.7395833333333335 0.4062500000000001 0 0.7500000000000001 0.4375000000000001 0 0.7291666666666665 0.4374999999999999 0 0.7395833333333335 0.4375000000000001 0 0.7499999999999999 0.4166666666666666 0 0.7500000000000001 0.4270833333333334 0 0.7499999999999999 0.4062499999999999 0 0.7499999999999999 0.4374999999999999 0 0.7499999999999999 0.4166666666666666 0 0.7500000000000001 0.4270833333333334 0 0.7812499999999999 0.4062499999999999 0 0.7604166666666665 0.4062499999999999 0 0.7708333333333335 0.4062500000000001 0 0.7812500000000001 0.4375000000000001 0 0.7604166666666665 0.4374999999999999 0 0.7708333333333335 0.4375000000000001 0 0.7812499999999999 0.4166666666666666 0 0.7812500000000001 0.4270833333333334 0 0.7812499999999999 0.4062499999999999 0 0.7812499999999999 0.4374999999999999 0 0.7812499999999999 0.4166666666666666 0 0.7812500000000001 0.4270833333333334 0 0.8124999999999999 0.4062499999999999 0 0.7916666666666665 0.4062499999999999 0 0.8020833333333335 0.4062500000000001 0 0.8125000000000001 0.4375000000000001 0 0.7916666666666665 0.4374999999999999 0 0.8020833333333335 0.4375000000000001 0 0.8124999999999999 0.4166666666666666 0 0.8125000000000002 0.4270833333333334 0 0.8124999999999999 0.4062499999999999 0 0.8124999999999999 0.4374999999999999 0 0.8124999999999999 0.4166666666666666 0 0.8125000000000002 0.4270833333333334 0 0.8437499999999999 0.4062499999999999 0 0.8229166666666665 0.4062499999999999 0 0.8333333333333336 0.4062500000000001 0 0.8437500000000001 0.4375000000000001 0 0.8229166666666665 0.4374999999999999 0 0.8333333333333336 0.4375000000000001 0 0.8437499999999999 0.4166666666666666 0 0.8437500000000002 0.4270833333333334 0 0.8437499999999999 0.4062499999999999 0 0.8437499999999999 0.4374999999999999 0 0.8437499999999999 0.4166666666666666 0 0.8437500000000002 0.4270833333333334 0 0.8749999999999999 0.4062499999999999 0 0.8541666666666665 0.4062499999999999 0 0.8645833333333336 0.4062500000000001 0 0.8750000000000001 0.4375000000000001 0 0.8541666666666665 0.4374999999999999 0 0.8645833333333336 0.4375000000000001 0 0.8749999999999999 0.4166666666666666 0 0.8750000000000002 0.4270833333333334 0 0.8749999999999999 0.4062499999999999 0 0.8749999999999999 0.4374999999999999 0 0.8749999999999999 0.4166666666666666 0 0.8750000000000002 0.4270833333333334 0 0.9062499999999999 0.4062499999999999 0 0.8854166666666665 0.4062499999999999 0 0.8958333333333336 0.4062500000000001 0 0.9062500000000001 0.4375000000000001 0 0.8854166666666665 0.4374999999999999 0 0.8958333333333336 0.4375000000000001 0 0.9062499999999999 0.4166666666666666 0 0.9062500000000002 0.4270833333333334 0 0.9062499999999999 0.4062499999999999 0 0.9062499999999999 0.4374999999999999 0 0.9062499999999999 0.4166666666666666 0 0.9062500000000002 0.4270833333333334 0 0.9374999999999999 0.4062499999999999 0 0.9166666666666665 0.4062499999999999 0 0.9270833333333336 0.4062500000000001 0 0.9375000000000001 0.4375000000000001 0 0.9166666666666665 0.4374999999999999 0 0.9270833333333336 0.4375000000000001 0 0.9374999999999999 0.4166666666666666 0 0.9375000000000002 0.4270833333333334 0 0.9374999999999999 0.4062499999999999 0 0.9374999999999999 0.4374999999999999 0 0.9374999999999999 0.4166666666666666 0 0.9375000000000002 0.4270833333333334 0 0.9687499999999999 0.4062499999999999 0 0.9479166666666665 0.4062499999999999 0 0.9583333333333336 0.4062500000000001 0 0.9687500000000001 0.4375000000000001 0 0.9479166666666665 0.4374999999999999 0 0.9583333333333336 0.4375000000000001 0 0.9687499999999999 0.4166666666666666 0 0.9687500000000002 0.4270833333333334 0 0.9687499999999999 0.4062499999999999 0 0.9687499999999999 0.4374999999999999 0 0.9687499999999999 0.4166666666666666 0 0.9687500000000002 0.4270833333333334 0 0.9999999999999999 0.4062499999999999 0 0.9791666666666665 0.4062499999999999 0 0.9895833333333336 0.4062500000000001 0 1 0.4375000000000001 0 0.9791666666666665 0.4374999999999999 0 0.9895833333333336 0.4375000000000001 0 0.9999999999999998 0.4166666666666666 0 1 0.4270833333333334 0 -2.891205793294678e-19 0.4374999999999999 0 -2.891205793294678e-19 0.4687499999999999 0 0 0.4479166666666666 0 0 0.4583333333333334 0 0.03125 0.4374999999999999 0 0.01041666666666666 0.4374999999999999 0 0.02083333333333334 0.4375000000000001 0 0.03125 0.4687500000000001 0 0.01041666666666666 0.4687499999999999 0 0.02083333333333334 0.4687500000000001 0 0.03124999999999999 0.4479166666666666 0 0.03125000000000001 0.4583333333333334 0 0.03125 0.4374999999999999 0 0.03125 0.4687499999999999 0 0.03124999999999999 0.4479166666666666 0 0.03125000000000001 0.4583333333333334 0 0.06249999999999999 0.4374999999999999 0 0.04166666666666666 0.4374999999999999 0 0.05208333333333334 0.4375000000000001 0 0.0625 0.4687500000000001 0 0.04166666666666666 0.4687499999999999 0 0.05208333333333334 0.4687500000000001 0 0.06249999999999999 0.4479166666666666 0 0.06250000000000001 0.4583333333333334 0 0.06249999999999999 0.4374999999999999 0 0.06249999999999999 0.4687499999999999 0 0.06249999999999999 0.4479166666666666 0 0.06250000000000001 0.4583333333333334 0 0.09374999999999999 0.4374999999999999 0 0.07291666666666666 0.4374999999999999 0 0.08333333333333334 0.4375000000000001 0 0.09375000000000001 0.4687500000000001 0 0.07291666666666666 0.4687499999999999 0 0.08333333333333334 0.4687500000000001 0 0.09374999999999999 0.4479166666666666 0 0.09375000000000001 0.4583333333333334 0 0.09374999999999999 0.4374999999999999 0 0.09374999999999999 0.4687499999999999 0 0.09374999999999999 0.4479166666666666 0 0.09375000000000001 0.4583333333333334 0 0.125 0.4374999999999999 0 0.1041666666666667 0.4374999999999999 0 0.1145833333333334 0.4375000000000001 0 0.125 0.4687500000000001 0 0.1041666666666667 0.4687499999999999 0 0.1145833333333334 0.4687500000000001 0 0.125 0.4479166666666666 0 0.125 0.4583333333333334 0 0.125 0.4374999999999999 0 0.125 0.4687499999999999 0 0.125 0.4479166666666666 0 0.125 0.4583333333333334 0 0.15625 0.4374999999999999 0 0.1354166666666666 0.4374999999999999 0 0.1458333333333334 0.4375000000000001 0 0.15625 0.4687500000000001 0 0.1354166666666666 0.4687499999999999 0 0.1458333333333334 0.4687500000000001 0 0.15625 0.4479166666666666 0 0.15625 0.4583333333333334 0 0.15625 0.4374999999999999 0 0.15625 0.4687499999999999 0 0.15625 0.4479166666666666 0 0.15625 0.4583333333333334 0 0.1875 0.4374999999999999 0 0.1666666666666666 0.4374999999999999 0 0.1770833333333334 0.4375000000000001 0 0.1875 0.4687500000000001 0 0.1666666666666666 0.4687499999999999 0 0.1770833333333334 0.4687500000000001 0 0.1875 0.4479166666666666 0 0.1875 0.4583333333333334 0 0.1875 0.4374999999999999 0 0.1875 0.4687499999999999 0 0.1875 0.4479166666666666 0 0.1875 0.4583333333333334 0 0.21875 0.4374999999999999 0 0.1979166666666666 0.4374999999999999 0 0.2083333333333334 0.4375000000000001 0 0.21875 0.4687500000000001 0 0.1979166666666666 0.4687499999999999 0 0.2083333333333334 0.4687500000000001 0 0.21875 0.4479166666666666 0 0.2187500000000001 0.4583333333333334 0 0.21875 0.4374999999999999 0 0.21875 0.4687499999999999 0 0.21875 0.4479166666666666 0 0.2187500000000001 0.4583333333333334 0 0.25 0.4374999999999999 0 0.2291666666666666 0.4374999999999999 0 0.2395833333333334 0.4375000000000001 0 0.25 0.4687500000000001 0 0.2291666666666666 0.4687499999999999 0 0.2395833333333334 0.4687500000000001 0 0.2499999999999999 0.4479166666666666 0 0.2500000000000001 0.4583333333333334 0 0.25 0.4374999999999999 0 0.25 0.4687499999999999 0 0.2499999999999999 0.4479166666666666 0 0.2500000000000001 0.4583333333333334 0 0.2812499999999999 0.4374999999999999 0 0.2604166666666666 0.4374999999999999 0 0.2708333333333334 0.4375000000000001 0 0.2812500000000001 0.4687500000000001 0 0.2604166666666666 0.4687499999999999 0 0.2708333333333334 0.4687500000000001 0 0.2812499999999999 0.4479166666666666 0 0.2812500000000001 0.4583333333333334 0 0.7187499999999999 0.4374999999999999 0 0.7187499999999999 0.4687499999999999 0 0.7187499999999999 0.4479166666666666 0 0.7187500000000001 0.4583333333333334 0 0.7499999999999999 0.4374999999999999 0 0.7291666666666665 0.4374999999999999 0 0.7395833333333335 0.4375000000000001 0 0.7500000000000001 0.4687500000000001 0 0.7291666666666665 0.4687499999999999 0 0.7395833333333335 0.4687500000000001 0 0.7499999999999999 0.4479166666666666 0 0.7500000000000001 0.4583333333333334 0 0.7499999999999999 0.4374999999999999 0 0.7499999999999999 0.4687499999999999 0 0.7499999999999999 0.4479166666666666 0 0.7500000000000001 0.4583333333333334 0 0.7812499999999999 0.4374999999999999 0 0.7604166666666665 0.4374999999999999 0 0.7708333333333335 0.4375000000000001 0 0.7812500000000001 0.4687500000000001 0 0.7604166666666665 0.4687499999999999 0 0.7708333333333335 0.4687500000000001 0 0.7812499999999999 0.4479166666666666 0 0.7812500000000001 0.4583333333333334 0 0.7812499999999999 0.4374999999999999 0 0.7812499999999999 0.4687499999999999 0 0.7812499999999999 0.4479166666666666 0 0.7812500000000001 0.4583333333333334 0 0.8124999999999999 0.4374999999999999 0 0.7916666666666665 0.4374999999999999 0 0.8020833333333335 0.4375000000000001 0 0.8125000000000001 0.4687500000000001 0 0.7916666666666665 0.4687499999999999 0 0.8020833333333335 0.4687500000000001 0 0.8124999999999999 0.4479166666666666 0 0.8125000000000002 0.4583333333333334 0 0.8124999999999999 0.4374999999999999 0 0.8124999999999999 0.4687499999999999 0 0.8124999999999999 0.4479166666666666 0 0.8125000000000002 0.4583333333333334 0 0.8437499999999999 0.4374999999999999 0 0.8229166666666665 0.4374999999999999 0 0.8333333333333336 0.4375000000000001 0 0.8437500000000001 0.4687500000000001 0 0.8229166666666665 0.4687499999999999 0 0.8333333333333336 0.4687500000000001 0 0.8437499999999999 0.4479166666666666 0 0.8437500000000002 0.4583333333333334 0 0.8437499999999999 0.4374999999999999 0 0.8437499999999999 0.4687499999999999 0 0.8437499999999999 0.4479166666666666 0 0.8437500000000002 0.4583333333333334 0 0.8749999999999999 0.4374999999999999 0 0.8541666666666665 0.4374999999999999 0 0.8645833333333336 0.4375000000000001 0 0.8750000000000001 0.4687500000000001 0 0.8541666666666665 0.4687499999999999 0 0.8645833333333336 0.4687500000000001 0 0.8749999999999999 0.4479166666666666 0 0.8750000000000002 0.4583333333333334 0 0.8749999999999999 0.4374999999999999 0 0.8749999999999999 0.4687499999999999 0 0.8749999999999999 0.4479166666666666 0 0.8750000000000002 0.4583333333333334 0 0.9062499999999999 0.4374999999999999 0 0.8854166666666665 0.4374999999999999 0 0.8958333333333336 0.4375000000000001 0 0.9062500000000001 0.4687500000000001 0 0.8854166666666665 0.4687499999999999 0 0.8958333333333336 0.4687500000000001 0 0.9062499999999999 0.4479166666666666 0 0.9062500000000002 0.4583333333333334 0 0.9062499999999999 0.4374999999999999 0 0.9062499999999999 0.4687499999999999 0 0.9062499999999999 0.4479166666666666 0 0.9062500000000002 0.4583333333333334 0 0.9374999999999999 0.4374999999999999 0 0.9166666666666665 0.4374999999999999 0 0.9270833333333336 0.4375000000000001 0 0.9375000000000001 0.4687500000000001 0 0.9166666666666665 0.4687499999999999 0 0.9270833333333336 0.4687500000000001 0 0.9374999999999999 0.4479166666666666 0 0.9375000000000002 0.4583333333333334 0 0.9374999999999999 0.4374999999999999 0 0.9374999999999999 0.4687499999999999 0 0.9374999999999999 0.4479166666666666 0 0.9375000000000002 0.4583333333333334 0 0.9687499999999999 0.4374999999999999 0 0.9479166666666665 0.4374999999999999 0 0.9583333333333336 0.4375000000000001 0 0.9687500000000001 0.4687500000000001 0 0.9479166666666665 0.4687499999999999 0 0.9583333333333336 0.4687500000000001 0 0.9687499999999999 0.4479166666666666 0 0.9687500000000002 0.4583333333333334 0 0.9687499999999999 0.4374999999999999 0 0.9687499999999999 0.4687499999999999 0 0.9687499999999999 0.4479166666666666 0 0.9687500000000002 0.4583333333333334 0 0.9999999999999999 0.4374999999999999 0 0.9791666666666665 0.4374999999999999 0 0.9895833333333336 0.4375000000000001 0 1 0.4687500000000001 0 0.9791666666666665 0.4687499999999999 0 0.9895833333333336 0.4687500000000001 0 0.9999999999999998 0.4479166666666666 0 1 0.4583333333333334 0 -2.891205793294678e-19 0.4687499999999999 0 -2.891205793294678e-19 0.4999999999999999 0 0 0.4791666666666666 0 0 0.4895833333333334 0 0.03125 0.4687499999999999 0 0.01041666666666666 0.4687499999999999 0 0.02083333333333334 0.4687500000000001 0 0.03125 0.5 0 0.01041666666666666 0.4999999999999999 0 0.02083333333333334 0.5000000000000001 0 0.03124999999999999 0.4791666666666666 0 0.03125000000000001 0.4895833333333334 0 0.03125 0.4687499999999999 0 0.03125 0.4999999999999999 0 0.03124999999999999 0.4791666666666666 0 0.03125000000000001 0.4895833333333334 0 0.06249999999999999 0.4687499999999999 0 0.04166666666666666 0.4687499999999999 0 0.05208333333333334 0.4687500000000001 0 0.0625 0.5 0 0.04166666666666666 0.4999999999999999 0 0.05208333333333334 0.5000000000000001 0 0.06249999999999999 0.4791666666666666 0 0.06250000000000001 0.4895833333333334 0 0.06249999999999999 0.4687499999999999 0 0.06249999999999999 0.4999999999999999 0 0.06249999999999999 0.4791666666666666 0 0.06250000000000001 0.4895833333333334 0 0.09374999999999999 0.4687499999999999 0 0.07291666666666666 0.4687499999999999 0 0.08333333333333334 0.4687500000000001 0 0.09375000000000001 0.5 0 0.07291666666666666 0.4999999999999999 0 0.08333333333333334 0.5000000000000001 0 0.09374999999999999 0.4791666666666666 0 0.09375000000000001 0.4895833333333334 0 0.09374999999999999 0.4687499999999999 0 0.09374999999999999 0.4999999999999999 0 0.09374999999999999 0.4791666666666666 0 0.09375000000000001 0.4895833333333334 0 0.125 0.4687499999999999 0 0.1041666666666667 0.4687499999999999 0 0.1145833333333334 0.4687500000000001 0 0.125 0.5 0 0.1041666666666667 0.4999999999999999 0 0.1145833333333334 0.5000000000000001 0 0.125 0.4791666666666666 0 0.125 0.4895833333333334 0 0.125 0.4687499999999999 0 0.125 0.4999999999999999 0 0.125 0.4791666666666666 0 0.125 0.4895833333333334 0 0.15625 0.4687499999999999 0 0.1354166666666666 0.4687499999999999 0 0.1458333333333334 0.4687500000000001 0 0.15625 0.5 0 0.1354166666666666 0.4999999999999999 0 0.1458333333333334 0.5000000000000001 0 0.15625 0.4791666666666666 0 0.15625 0.4895833333333334 0 0.15625 0.4687499999999999 0 0.15625 0.4999999999999999 0 0.15625 0.4791666666666666 0 0.15625 0.4895833333333334 0 0.1875 0.4687499999999999 0 0.1666666666666666 0.4687499999999999 0 0.1770833333333334 0.4687500000000001 0 0.1875 0.5 0 0.1666666666666666 0.4999999999999999 0 0.1770833333333334 0.5000000000000001 0 0.1875 0.4791666666666666 0 0.1875 0.4895833333333334 0 0.1875 0.4687499999999999 0 0.1875 0.4999999999999999 0 0.1875 0.4791666666666666 0 0.1875 0.4895833333333334 0 0.21875 0.4687499999999999 0 0.1979166666666666 0.4687499999999999 0 0.2083333333333334 0.4687500000000001 0 0.21875 0.5 0 0.1979166666666666 0.4999999999999999 0 0.2083333333333334 0.5000000000000001 0 0.21875 0.4791666666666666 0 0.2187500000000001 0.4895833333333334 0 0.21875 0.4687499999999999 0 0.21875 0.4999999999999999 0 0.21875 0.4791666666666666 0 0.2187500000000001 0.4895833333333334 0 0.25 0.4687499999999999 0 0.2291666666666666 0.4687499999999999 0 0.2395833333333334 0.4687500000000001 0 0.25 0.5 0 0.2291666666666666 0.4999999999999999 0 0.2395833333333334 0.5000000000000001 0 0.2499999999999999 0.4791666666666666 0 0.2500000000000001 0.4895833333333334 0 0.25 0.4687499999999999 0 0.25 0.4999999999999999 0 0.2499999999999999 0.4791666666666666 0 0.2500000000000001 0.4895833333333334 0 0.2812499999999999 0.4687499999999999 0 0.2604166666666666 0.4687499999999999 0 0.2708333333333334 0.4687500000000001 0 0.2812500000000001 0.5 0 0.2604166666666666 0.4999999999999999 0 0.2708333333333334 0.5000000000000001 0 0.2812499999999999 0.4791666666666666 0 0.2812500000000001 0.4895833333333334 0 0.7187499999999999 0.4687499999999999 0 0.7187499999999999 0.4999999999999999 0 0.7187499999999999 0.4791666666666666 0 0.7187500000000001 0.4895833333333334 0 0.7499999999999999 0.4687499999999999 0 0.7291666666666665 0.4687499999999999 0 0.7395833333333335 0.4687500000000001 0 0.7500000000000001 0.5 0 0.7291666666666665 0.4999999999999999 0 0.7395833333333335 0.5000000000000001 0 0.7499999999999999 0.4791666666666666 0 0.7500000000000001 0.4895833333333334 0 0.7499999999999999 0.4687499999999999 0 0.7499999999999999 0.4999999999999999 0 0.7499999999999999 0.4791666666666666 0 0.7500000000000001 0.4895833333333334 0 0.7812499999999999 0.4687499999999999 0 0.7604166666666665 0.4687499999999999 0 0.7708333333333335 0.4687500000000001 0 0.7812500000000001 0.5 0 0.7604166666666665 0.4999999999999999 0 0.7708333333333335 0.5000000000000001 0 0.7812499999999999 0.4791666666666666 0 0.7812500000000001 0.4895833333333334 0 0.7812499999999999 0.4687499999999999 0 0.7812499999999999 0.4999999999999999 0 0.7812499999999999 0.4791666666666666 0 0.7812500000000001 0.4895833333333334 0 0.8124999999999999 0.4687499999999999 0 0.7916666666666665 0.4687499999999999 0 0.8020833333333335 0.4687500000000001 0 0.8125000000000001 0.5 0 0.7916666666666665 0.4999999999999999 0 0.8020833333333335 0.5000000000000001 0 0.8124999999999999 0.4791666666666666 0 0.8125000000000002 0.4895833333333334 0 0.8124999999999999 0.4687499999999999 0 0.8124999999999999 0.4999999999999999 0 0.8124999999999999 0.4791666666666666 0 0.8125000000000002 0.4895833333333334 0 0.8437499999999999 0.4687499999999999 0 0.8229166666666665 0.4687499999999999 0 0.8333333333333336 0.4687500000000001 0 0.8437500000000001 0.5 0 0.8229166666666665 0.4999999999999999 0 0.8333333333333336 0.5000000000000001 0 0.8437499999999999 0.4791666666666666 0 0.8437500000000002 0.4895833333333334 0 0.8437499999999999 0.4687499999999999 0 0.8437499999999999 0.4999999999999999 0 0.8437499999999999 0.4791666666666666 0 0.8437500000000002 0.4895833333333334 0 0.8749999999999999 0.4687499999999999 0 0.8541666666666665 0.4687499999999999 0 0.8645833333333336 0.4687500000000001 0 0.8750000000000001 0.5 0 0.8541666666666665 0.4999999999999999 0 0.8645833333333336 0.5000000000000001 0 0.8749999999999999 0.4791666666666666 0 0.8750000000000002 0.4895833333333334 0 0.8749999999999999 0.4687499999999999 0 0.8749999999999999 0.4999999999999999 0 0.8749999999999999 0.4791666666666666 0 0.8750000000000002 0.4895833333333334 0 0.9062499999999999 0.4687499999999999 0 0.8854166666666665 0.4687499999999999 0 0.8958333333333336 0.4687500000000001 0 0.9062500000000001 0.5 0 0.8854166666666665 0.4999999999999999 0 0.8958333333333336 0.5000000000000001 0 0.9062499999999999 0.4791666666666666 0 0.9062500000000002 0.4895833333333334 0 0.9062499999999999 0.4687499999999999 0 0.9062499999999999 0.4999999999999999 0 0.9062499999999999 0.4791666666666666 0 0.9062500000000002 0.4895833333333334 0 0.9374999999999999 0.4687499999999999 0 0.9166666666666665 0.4687499999999999 0 0.9270833333333336 0.4687500000000001 0 0.9375000000000001 0.5 0 0.9166666666666665 0.4999999999999999 0 0.9270833333333336 0.5000000000000001 0 0.9374999999999999 0.4791666666666666 0 0.9375000000000002 0.4895833333333334 0 0.9374999999999999 0.4687499999999999 0 0.9374999999999999 0.4999999999999999 0 0.9374999999999999 0.4791666666666666 0 0.9375000000000002 0.4895833333333334 0 0.9687499999999999 0.4687499999999999 0 0.9479166666666665 0.4687499999999999 0 0.9583333333333336 0.4687500000000001 0 0.9687500000000001 0.5 0 0.9479166666666665 0.4999999999999999 0 0.9583333333333336 0.5000000000000001 0 0.9687499999999999 0.4791666666666666 0 0.9687500000000002 0.4895833333333334 0 0.9687499999999999 0.4687499999999999 0 0.9687499999999999 0.4999999999999999 0 0.9687499999999999 0.4791666666666666 0 0.9687500000000002 0.4895833333333334 0 0.9999999999999999 0.4687499999999999 0 0.9791666666666665 0.4687499999999999 0 0.9895833333333336 0.4687500000000001 0 1 0.5 0 0.9791666666666665 0.4999999999999999 0 0.9895833333333336 0.5000000000000001 0 0.9999999999999998 0.4791666666666666 0 1 0.4895833333333334 0 -2.891205793294678e-19 0.4999999999999999 0 -2.891205793294678e-19 0.5312499999999999 0 0 0.5104166666666665 0 0 0.5208333333333335 0 0.03125 0.4999999999999999 0 0.01041666666666666 0.4999999999999999 0 0.02083333333333334 0.5000000000000001 0 0.03125 0.5312500000000001 0 0.01041666666666666 0.5312499999999999 0 0.02083333333333334 0.5312500000000001 0 0.03124999999999999 0.5104166666666665 0 0.03125000000000001 0.5208333333333335 0 0.03125 0.4999999999999999 0 0.03125 0.5312499999999999 0 0.03124999999999999 0.5104166666666665 0 0.03125000000000001 0.5208333333333335 0 0.06249999999999999 0.4999999999999999 0 0.04166666666666666 0.4999999999999999 0 0.05208333333333334 0.5000000000000001 0 0.0625 0.5312500000000001 0 0.04166666666666666 0.5312499999999999 0 0.05208333333333334 0.5312500000000001 0 0.06249999999999999 0.5104166666666665 0 0.06250000000000001 0.5208333333333335 0 0.06249999999999999 0.4999999999999999 0 0.06249999999999999 0.5312499999999999 0 0.06249999999999999 0.5104166666666665 0 0.06250000000000001 0.5208333333333335 0 0.09374999999999999 0.4999999999999999 0 0.07291666666666666 0.4999999999999999 0 0.08333333333333334 0.5000000000000001 0 0.09375000000000001 0.5312500000000001 0 0.07291666666666666 0.5312499999999999 0 0.08333333333333334 0.5312500000000001 0 0.09374999999999999 0.5104166666666665 0 0.09375000000000001 0.5208333333333335 0 0.09374999999999999 0.4999999999999999 0 0.09374999999999999 0.5312499999999999 0 0.09374999999999999 0.5104166666666665 0 0.09375000000000001 0.5208333333333335 0 0.125 0.4999999999999999 0 0.1041666666666667 0.4999999999999999 0 0.1145833333333334 0.5000000000000001 0 0.125 0.5312500000000001 0 0.1041666666666667 0.5312499999999999 0 0.1145833333333334 0.5312500000000001 0 0.125 0.5104166666666665 0 0.125 0.5208333333333335 0 0.125 0.4999999999999999 0 0.125 0.5312499999999999 0 0.125 0.5104166666666665 0 0.125 0.5208333333333335 0 0.15625 0.4999999999999999 0 0.1354166666666666 0.4999999999999999 0 0.1458333333333334 0.5000000000000001 0 0.15625 0.5312500000000001 0 0.1354166666666666 0.5312499999999999 0 0.1458333333333334 0.5312500000000001 0 0.15625 0.5104166666666665 0 0.15625 0.5208333333333335 0 0.15625 0.4999999999999999 0 0.15625 0.5312499999999999 0 0.15625 0.5104166666666665 0 0.15625 0.5208333333333335 0 0.1875 0.4999999999999999 0 0.1666666666666666 0.4999999999999999 0 0.1770833333333334 0.5000000000000001 0 0.1875 0.5312500000000001 0 0.1666666666666666 0.5312499999999999 0 0.1770833333333334 0.5312500000000001 0 0.1875 0.5104166666666665 0 0.1875 0.5208333333333335 0 0.1875 0.4999999999999999 0 0.1875 0.5312499999999999 0 0.1875 0.5104166666666665 0 0.1875 0.5208333333333335 0 0.21875 0.4999999999999999 0 0.1979166666666666 0.4999999999999999 0 0.2083333333333334 0.5000000000000001 0 0.21875 0.5312500000000001 0 0.1979166666666666 0.5312499999999999 0 0.2083333333333334 0.5312500000000001 0 0.21875 0.5104166666666665 0 0.2187500000000001 0.5208333333333335 0 0.21875 0.4999999999999999 0 0.21875 0.5312499999999999 0 0.21875 0.5104166666666665 0 0.2187500000000001 0.5208333333333335 0 0.25 0.4999999999999999 0 0.2291666666666666 0.4999999999999999 0 0.2395833333333334 0.5000000000000001 0 0.25 0.5312500000000001 0 0.2291666666666666 0.5312499999999999 0 0.2395833333333334 0.5312500000000001 0 0.2499999999999999 0.5104166666666665 0 0.2500000000000001 0.5208333333333335 0 0.25 0.4999999999999999 0 0.25 0.5312499999999999 0 0.2499999999999999 0.5104166666666665 0 0.2500000000000001 0.5208333333333335 0 0.2812499999999999 0.4999999999999999 0 0.2604166666666666 0.4999999999999999 0 0.2708333333333334 0.5000000000000001 0 0.2812500000000001 0.5312500000000001 0 0.2604166666666666 0.5312499999999999 0 0.2708333333333334 0.5312500000000001 0 0.2812499999999999 0.5104166666666665 0 0.2812500000000001 0.5208333333333335 0 0.7187499999999999 0.4999999999999999 0 0.7187499999999999 0.5312499999999999 0 0.7187499999999999 0.5104166666666665 0 0.7187500000000001 0.5208333333333335 0 0.7499999999999999 0.4999999999999999 0 0.7291666666666665 0.4999999999999999 0 0.7395833333333335 0.5000000000000001 0 0.7500000000000001 0.5312500000000001 0 0.7291666666666665 0.5312499999999999 0 0.7395833333333335 0.5312500000000001 0 0.7499999999999999 0.5104166666666665 0 0.7500000000000001 0.5208333333333335 0 0.7499999999999999 0.4999999999999999 0 0.7499999999999999 0.5312499999999999 0 0.7499999999999999 0.5104166666666665 0 0.7500000000000001 0.5208333333333335 0 0.7812499999999999 0.4999999999999999 0 0.7604166666666665 0.4999999999999999 0 0.7708333333333335 0.5000000000000001 0 0.7812500000000001 0.5312500000000001 0 0.7604166666666665 0.5312499999999999 0 0.7708333333333335 0.5312500000000001 0 0.7812499999999999 0.5104166666666665 0 0.7812500000000001 0.5208333333333335 0 0.7812499999999999 0.4999999999999999 0 0.7812499999999999 0.5312499999999999 0 0.7812499999999999 0.5104166666666665 0 0.7812500000000001 0.5208333333333335 0 0.8124999999999999 0.4999999999999999 0 0.7916666666666665 0.4999999999999999 0 0.8020833333333335 0.5000000000000001 0 0.8125000000000001 0.5312500000000001 0 0.7916666666666665 0.5312499999999999 0 0.8020833333333335 0.5312500000000001 0 0.8124999999999999 0.5104166666666665 0 0.8125000000000002 0.5208333333333335 0 0.8124999999999999 0.4999999999999999 0 0.8124999999999999 0.5312499999999999 0 0.8124999999999999 0.5104166666666665 0 0.8125000000000002 0.5208333333333335 0 0.8437499999999999 0.4999999999999999 0 0.8229166666666665 0.4999999999999999 0 0.8333333333333336 0.5000000000000001 0 0.8437500000000001 0.5312500000000001 0 0.8229166666666665 0.5312499999999999 0 0.8333333333333336 0.5312500000000001 0 0.8437499999999999 0.5104166666666665 0 0.8437500000000002 0.5208333333333335 0 0.8437499999999999 0.4999999999999999 0 0.8437499999999999 0.5312499999999999 0 0.8437499999999999 0.5104166666666665 0 0.8437500000000002 0.5208333333333335 0 0.8749999999999999 0.4999999999999999 0 0.8541666666666665 0.4999999999999999 0 0.8645833333333336 0.5000000000000001 0 0.8750000000000001 0.5312500000000001 0 0.8541666666666665 0.5312499999999999 0 0.8645833333333336 0.5312500000000001 0 0.8749999999999999 0.5104166666666665 0 0.8750000000000002 0.5208333333333335 0 0.8749999999999999 0.4999999999999999 0 0.8749999999999999 0.5312499999999999 0 0.8749999999999999 0.5104166666666665 0 0.8750000000000002 0.5208333333333335 0 0.9062499999999999 0.4999999999999999 0 0.8854166666666665 0.4999999999999999 0 0.8958333333333336 0.5000000000000001 0 0.9062500000000001 0.5312500000000001 0 0.8854166666666665 0.5312499999999999 0 0.8958333333333336 0.5312500000000001 0 0.9062499999999999 0.5104166666666665 0 0.9062500000000002 0.5208333333333335 0 0.9062499999999999 0.4999999999999999 0 0.9062499999999999 0.5312499999999999 0 0.9062499999999999 0.5104166666666665 0 0.9062500000000002 0.5208333333333335 0 0.9374999999999999 0.4999999999999999 0 0.9166666666666665 0.4999999999999999 0 0.9270833333333336 0.5000000000000001 0 0.9375000000000001 0.5312500000000001 0 0.9166666666666665 0.5312499999999999 0 0.9270833333333336 0.5312500000000001 0 0.9374999999999999 0.5104166666666665 0 0.9375000000000002 0.5208333333333335 0 0.9374999999999999 0.4999999999999999 0 0.9374999999999999 0.5312499999999999 0 0.9374999999999999 0.5104166666666665 0 0.9375000000000002 0.5208333333333335 0 0.9687499999999999 0.4999999999999999 0 0.9479166666666665 0.4999999999999999 0 0.9583333333333336 0.5000000000000001 0 0.9687500000000001 0.5312500000000001 0 0.9479166666666665 0.5312499999999999 0 0.9583333333333336 0.5312500000000001 0 0.9687499999999999 0.5104166666666665 0 0.9687500000000002 0.5208333333333335 0 0.9687499999999999 0.4999999999999999 0 0.9687499999999999 0.5312499999999999 0 0.9687499999999999 0.5104166666666665 0 0.9687500000000002 0.5208333333333335 0 0.9999999999999999 0.4999999999999999 0 0.9791666666666665 0.4999999999999999 0 0.9895833333333336 0.5000000000000001 0 1 0.5312500000000001 0 0.9791666666666665 0.5312499999999999 0 0.9895833333333336 0.5312500000000001 0 0.9999999999999998 0.5104166666666665 0 1 0.5208333333333335 0 -2.891205793294678e-19 0.5312499999999999 0 -2.891205793294678e-19 0.5624999999999999 0 0 0.5416666666666665 0 0 0.5520833333333335 0 0.03125 0.5312499999999999 0 0.01041666666666666 0.5312499999999999 0 0.02083333333333334 0.5312500000000001 0 0.03125 0.5625000000000001 0 0.01041666666666666 0.5624999999999999 0 0.02083333333333334 0.5625000000000001 0 0.03124999999999999 0.5416666666666665 0 0.03125000000000001 0.5520833333333335 0 0.03125 0.5312499999999999 0 0.03125 0.5624999999999999 0 0.03124999999999999 0.5416666666666665 0 0.03125000000000001 0.5520833333333335 0 0.06249999999999999 0.5312499999999999 0 0.04166666666666666 0.5312499999999999 0 0.05208333333333334 0.5312500000000001 0 0.0625 0.5625000000000001 0 0.04166666666666666 0.5624999999999999 0 0.05208333333333334 0.5625000000000001 0 0.06249999999999999 0.5416666666666665 0 0.06250000000000001 0.5520833333333335 0 0.06249999999999999 0.5312499999999999 0 0.06249999999999999 0.5624999999999999 0 0.06249999999999999 0.5416666666666665 0 0.06250000000000001 0.5520833333333335 0 0.09374999999999999 0.5312499999999999 0 0.07291666666666666 0.5312499999999999 0 0.08333333333333334 0.5312500000000001 0 0.09375000000000001 0.5625000000000001 0 0.07291666666666666 0.5624999999999999 0 0.08333333333333334 0.5625000000000001 0 0.09374999999999999 0.5416666666666665 0 0.09375000000000001 0.5520833333333335 0 0.09374999999999999 0.5312499999999999 0 0.09374999999999999 0.5624999999999999 0 0.09374999999999999 0.5416666666666665 0 0.09375000000000001 0.5520833333333335 0 0.125 0.5312499999999999 0 0.1041666666666667 0.5312499999999999 0 0.1145833333333334 0.5312500000000001 0 0.125 0.5625000000000001 0 0.1041666666666667 0.5624999999999999 0 0.1145833333333334 0.5625000000000001 0 0.125 0.5416666666666665 0 0.125 0.5520833333333335 0 0.125 0.5312499999999999 0 0.125 0.5624999999999999 0 0.125 0.5416666666666665 0 0.125 0.5520833333333335 0 0.15625 0.5312499999999999 0 0.1354166666666666 0.5312499999999999 0 0.1458333333333334 0.5312500000000001 0 0.15625 0.5625000000000001 0 0.1354166666666666 0.5624999999999999 0 0.1458333333333334 0.5625000000000001 0 0.15625 0.5416666666666665 0 0.15625 0.5520833333333335 0 0.15625 0.5312499999999999 0 0.15625 0.5624999999999999 0 0.15625 0.5416666666666665 0 0.15625 0.5520833333333335 0 0.1875 0.5312499999999999 0 0.1666666666666666 0.5312499999999999 0 0.1770833333333334 0.5312500000000001 0 0.1875 0.5625000000000001 0 0.1666666666666666 0.5624999999999999 0 0.1770833333333334 0.5625000000000001 0 0.1875 0.5416666666666665 0 0.1875 0.5520833333333335 0 0.1875 0.5312499999999999 0 0.1875 0.5624999999999999 0 0.1875 0.5416666666666665 0 0.1875 0.5520833333333335 0 0.21875 0.5312499999999999 0 0.1979166666666666 0.5312499999999999 0 0.2083333333333334 0.5312500000000001 0 0.21875 0.5625000000000001 0 0.1979166666666666 0.5624999999999999 0 0.2083333333333334 0.5625000000000001 0 0.21875 0.5416666666666665 0 0.2187500000000001 0.5520833333333335 0 0.21875 0.5312499999999999 0 0.21875 0.5624999999999999 0 0.21875 0.5416666666666665 0 0.2187500000000001 0.5520833333333335 0 0.25 0.5312499999999999 0 0.2291666666666666 0.5312499999999999 0 0.2395833333333334 0.5312500000000001 0 0.25 0.5625000000000001 0 0.2291666666666666 0.5624999999999999 0 0.2395833333333334 0.5625000000000001 0 0.2499999999999999 0.5416666666666665 0 0.2500000000000001 0.5520833333333335 0 0.25 0.5312499999999999 0 0.25 0.5624999999999999 0 0.2499999999999999 0.5416666666666665 0 0.2500000000000001 0.5520833333333335 0 0.2812499999999999 0.5312499999999999 0 0.2604166666666666 0.5312499999999999 0 0.2708333333333334 0.5312500000000001 0 0.2812500000000001 0.5625000000000001 0 0.2604166666666666 0.5624999999999999 0 0.2708333333333334 0.5625000000000001 0 0.2812499999999999 0.5416666666666665 0 0.2812500000000001 0.5520833333333335 0 0.7187499999999999 0.5312499999999999 0 0.7187499999999999 0.5624999999999999 0 0.7187499999999999 0.5416666666666665 0 0.7187500000000001 0.5520833333333335 0 0.7499999999999999 0.5312499999999999 0 0.7291666666666665 0.5312499999999999 0 0.7395833333333335 0.5312500000000001 0 0.7500000000000001 0.5625000000000001 0 0.7291666666666665 0.5624999999999999 0 0.7395833333333335 0.5625000000000001 0 0.7499999999999999 0.5416666666666665 0 0.7500000000000001 0.5520833333333335 0 0.7499999999999999 0.5312499999999999 0 0.7499999999999999 0.5624999999999999 0 0.7499999999999999 0.5416666666666665 0 0.7500000000000001 0.5520833333333335 0 0.7812499999999999 0.5312499999999999 0 0.7604166666666665 0.5312499999999999 0 0.7708333333333335 0.5312500000000001 0 0.7812500000000001 0.5625000000000001 0 0.7604166666666665 0.5624999999999999 0 0.7708333333333335 0.5625000000000001 0 0.7812499999999999 0.5416666666666665 0 0.7812500000000001 0.5520833333333335 0 0.7812499999999999 0.5312499999999999 0 0.7812499999999999 0.5624999999999999 0 0.7812499999999999 0.5416666666666665 0 0.7812500000000001 0.5520833333333335 0 0.8124999999999999 0.5312499999999999 0 0.7916666666666665 0.5312499999999999 0 0.8020833333333335 0.5312500000000001 0 0.8125000000000001 0.5625000000000001 0 0.7916666666666665 0.5624999999999999 0 0.8020833333333335 0.5625000000000001 0 0.8124999999999999 0.5416666666666665 0 0.8125000000000002 0.5520833333333335 0 0.8124999999999999 0.5312499999999999 0 0.8124999999999999 0.5624999999999999 0 0.8124999999999999 0.5416666666666665 0 0.8125000000000002 0.5520833333333335 0 0.8437499999999999 0.5312499999999999 0 0.8229166666666665 0.5312499999999999 0 0.8333333333333336 0.5312500000000001 0 0.8437500000000001 0.5625000000000001 0 0.8229166666666665 0.5624999999999999 0 0.8333333333333336 0.5625000000000001 0 0.8437499999999999 0.5416666666666665 0 0.8437500000000002 0.5520833333333335 0 0.8437499999999999 0.5312499999999999 0 0.8437499999999999 0.5624999999999999 0 0.8437499999999999 0.5416666666666665 0 0.8437500000000002 0.5520833333333335 0 0.8749999999999999 0.5312499999999999 0 0.8541666666666665 0.5312499999999999 0 0.8645833333333336 0.5312500000000001 0 0.8750000000000001 0.5625000000000001 0 0.8541666666666665 0.5624999999999999 0 0.8645833333333336 0.5625000000000001 0 0.8749999999999999 0.5416666666666665 0 0.8750000000000002 0.5520833333333335 0 0.8749999999999999 0.5312499999999999 0 0.8749999999999999 0.5624999999999999 0 0.8749999999999999 0.5416666666666665 0 0.8750000000000002 0.5520833333333335 0 0.9062499999999999 0.5312499999999999 0 0.8854166666666665 0.5312499999999999 0 0.8958333333333336 0.5312500000000001 0 0.9062500000000001 0.5625000000000001 0 0.8854166666666665 0.5624999999999999 0 0.8958333333333336 0.5625000000000001 0 0.9062499999999999 0.5416666666666665 0 0.9062500000000002 0.5520833333333335 0 0.9062499999999999 0.5312499999999999 0 0.9062499999999999 0.5624999999999999 0 0.9062499999999999 0.5416666666666665 0 0.9062500000000002 0.5520833333333335 0 0.9374999999999999 0.5312499999999999 0 0.9166666666666665 0.5312499999999999 0 0.9270833333333336 0.5312500000000001 0 0.9375000000000001 0.5625000000000001 0 0.9166666666666665 0.5624999999999999 0 0.9270833333333336 0.5625000000000001 0 0.9374999999999999 0.5416666666666665 0 0.9375000000000002 0.5520833333333335 0 0.9374999999999999 0.5312499999999999 0 0.9374999999999999 0.5624999999999999 0 0.9374999999999999 0.5416666666666665 0 0.9375000000000002 0.5520833333333335 0 0.9687499999999999 0.5312499999999999 0 0.9479166666666665 0.5312499999999999 0 0.9583333333333336 0.5312500000000001 0 0.9687500000000001 0.5625000000000001 0 0.9479166666666665 0.5624999999999999 0 0.9583333333333336 0.5625000000000001 0 0.9687499999999999 0.5416666666666665 0 0.9687500000000002 0.5520833333333335 0 0.9687499999999999 0.5312499999999999 0 0.9687499999999999 0.5624999999999999 0 0.9687499999999999 0.5416666666666665 0 0.9687500000000002 0.5520833333333335 0 0.9999999999999999 0.5312499999999999 0 0.9791666666666665 0.5312499999999999 0 0.9895833333333336 0.5312500000000001 0 1 0.5625000000000001 0 0.9791666666666665 0.5624999999999999 0 0.9895833333333336 0.5625000000000001 0 0.9999999999999998 0.5416666666666665 0 1 0.5520833333333335 0 -2.891205793294678e-19 0.5624999999999999 0 -2.891205793294678e-19 0.5937499999999999 0 0 0.5729166666666665 0 0 0.5833333333333335 0 0.03125 0.5624999999999999 0 0.01041666666666666 0.5624999999999999 0 0.02083333333333334 0.5625000000000001 0 0.03125 0.5937500000000001 0 0.01041666666666666 0.5937499999999999 0 0.02083333333333334 0.5937500000000001 0 0.03124999999999999 0.5729166666666665 0 0.03125000000000001 0.5833333333333335 0 0.03125 0.5624999999999999 0 0.03125 0.5937499999999999 0 0.03124999999999999 0.5729166666666665 0 0.03125000000000001 0.5833333333333335 0 0.06249999999999999 0.5624999999999999 0 0.04166666666666666 0.5624999999999999 0 0.05208333333333334 0.5625000000000001 0 0.0625 0.5937500000000001 0 0.04166666666666666 0.5937499999999999 0 0.05208333333333334 0.5937500000000001 0 0.06249999999999999 0.5729166666666665 0 0.06250000000000001 0.5833333333333335 0 0.06249999999999999 0.5624999999999999 0 0.06249999999999999 0.5937499999999999 0 0.06249999999999999 0.5729166666666665 0 0.06250000000000001 0.5833333333333335 0 0.09374999999999999 0.5624999999999999 0 0.07291666666666666 0.5624999999999999 0 0.08333333333333334 0.5625000000000001 0 0.09375000000000001 0.5937500000000001 0 0.07291666666666666 0.5937499999999999 0 0.08333333333333334 0.5937500000000001 0 0.09374999999999999 0.5729166666666665 0 0.09375000000000001 0.5833333333333335 0 0.09374999999999999 0.5624999999999999 0 0.09374999999999999 0.5937499999999999 0 0.09374999999999999 0.5729166666666665 0 0.09375000000000001 0.5833333333333335 0 0.125 0.5624999999999999 0 0.1041666666666667 0.5624999999999999 0 0.1145833333333334 0.5625000000000001 0 0.125 0.5937500000000001 0 0.1041666666666667 0.5937499999999999 0 0.1145833333333334 0.5937500000000001 0 0.125 0.5729166666666665 0 0.125 0.5833333333333335 0 0.125 0.5624999999999999 0 0.125 0.5937499999999999 0 0.125 0.5729166666666665 0 0.125 0.5833333333333335 0 0.15625 0.5624999999999999 0 0.1354166666666666 0.5624999999999999 0 0.1458333333333334 0.5625000000000001 0 0.15625 0.5937500000000001 0 0.1354166666666666 0.5937499999999999 0 0.1458333333333334 0.5937500000000001 0 0.15625 0.5729166666666665 0 0.15625 0.5833333333333335 0 0.15625 0.5624999999999999 0 0.15625 0.5937499999999999 0 0.15625 0.5729166666666665 0 0.15625 0.5833333333333335 0 0.1875 0.5624999999999999 0 0.1666666666666666 0.5624999999999999 0 0.1770833333333334 0.5625000000000001 0 0.1875 0.5937500000000001 0 0.1666666666666666 0.5937499999999999 0 0.1770833333333334 0.5937500000000001 0 0.1875 0.5729166666666665 0 0.1875 0.5833333333333335 0 0.1875 0.5624999999999999 0 0.1875 0.5937499999999999 0 0.1875 0.5729166666666665 0 0.1875 0.5833333333333335 0 0.21875 0.5624999999999999 0 0.1979166666666666 0.5624999999999999 0 0.2083333333333334 0.5625000000000001 0 0.21875 0.5937500000000001 0 0.1979166666666666 0.5937499999999999 0 0.2083333333333334 0.5937500000000001 0 0.21875 0.5729166666666665 0 0.2187500000000001 0.5833333333333335 0 0.21875 0.5624999999999999 0 0.21875 0.5937499999999999 0 0.21875 0.5729166666666665 0 0.2187500000000001 0.5833333333333335 0 0.25 0.5624999999999999 0 0.2291666666666666 0.5624999999999999 0 0.2395833333333334 0.5625000000000001 0 0.25 0.5937500000000001 0 0.2291666666666666 0.5937499999999999 0 0.2395833333333334 0.5937500000000001 0 0.2499999999999999 0.5729166666666665 0 0.2500000000000001 0.5833333333333335 0 0.25 0.5624999999999999 0 0.25 0.5937499999999999 0 0.2499999999999999 0.5729166666666665 0 0.2500000000000001 0.5833333333333335 0 0.2812499999999999 0.5624999999999999 0 0.2604166666666666 0.5624999999999999 0 0.2708333333333334 0.5625000000000001 0 0.2812500000000001 0.5937500000000001 0 0.2604166666666666 0.5937499999999999 0 0.2708333333333334 0.5937500000000001 0 0.2812499999999999 0.5729166666666665 0 0.2812500000000001 0.5833333333333335 0 0.7187499999999999 0.5624999999999999 0 0.7187499999999999 0.5937499999999999 0 0.7187499999999999 0.5729166666666665 0 0.7187500000000001 0.5833333333333335 0 0.7499999999999999 0.5624999999999999 0 0.7291666666666665 0.5624999999999999 0 0.7395833333333335 0.5625000000000001 0 0.7500000000000001 0.5937500000000001 0 0.7291666666666665 0.5937499999999999 0 0.7395833333333335 0.5937500000000001 0 0.7499999999999999 0.5729166666666665 0 0.7500000000000001 0.5833333333333335 0 0.7499999999999999 0.5624999999999999 0 0.7499999999999999 0.5937499999999999 0 0.7499999999999999 0.5729166666666665 0 0.7500000000000001 0.5833333333333335 0 0.7812499999999999 0.5624999999999999 0 0.7604166666666665 0.5624999999999999 0 0.7708333333333335 0.5625000000000001 0 0.7812500000000001 0.5937500000000001 0 0.7604166666666665 0.5937499999999999 0 0.7708333333333335 0.5937500000000001 0 0.7812499999999999 0.5729166666666665 0 0.7812500000000001 0.5833333333333335 0 0.7812499999999999 0.5624999999999999 0 0.7812499999999999 0.5937499999999999 0 0.7812499999999999 0.5729166666666665 0 0.7812500000000001 0.5833333333333335 0 0.8124999999999999 0.5624999999999999 0 0.7916666666666665 0.5624999999999999 0 0.8020833333333335 0.5625000000000001 0 0.8125000000000001 0.5937500000000001 0 0.7916666666666665 0.5937499999999999 0 0.8020833333333335 0.5937500000000001 0 0.8124999999999999 0.5729166666666665 0 0.8125000000000002 0.5833333333333335 0 0.8124999999999999 0.5624999999999999 0 0.8124999999999999 0.5937499999999999 0 0.8124999999999999 0.5729166666666665 0 0.8125000000000002 0.5833333333333335 0 0.8437499999999999 0.5624999999999999 0 0.8229166666666665 0.5624999999999999 0 0.8333333333333336 0.5625000000000001 0 0.8437500000000001 0.5937500000000001 0 0.8229166666666665 0.5937499999999999 0 0.8333333333333336 0.5937500000000001 0 0.8437499999999999 0.5729166666666665 0 0.8437500000000002 0.5833333333333335 0 0.8437499999999999 0.5624999999999999 0 0.8437499999999999 0.5937499999999999 0 0.8437499999999999 0.5729166666666665 0 0.8437500000000002 0.5833333333333335 0 0.8749999999999999 0.5624999999999999 0 0.8541666666666665 0.5624999999999999 0 0.8645833333333336 0.5625000000000001 0 0.8750000000000001 0.5937500000000001 0 0.8541666666666665 0.5937499999999999 0 0.8645833333333336 0.5937500000000001 0 0.8749999999999999 0.5729166666666665 0 0.8750000000000002 0.5833333333333335 0 0.8749999999999999 0.5624999999999999 0 0.8749999999999999 0.5937499999999999 0 0.8749999999999999 0.5729166666666665 0 0.8750000000000002 0.5833333333333335 0 0.9062499999999999 0.5624999999999999 0 0.8854166666666665 0.5624999999999999 0 0.8958333333333336 0.5625000000000001 0 0.9062500000000001 0.5937500000000001 0 0.8854166666666665 0.5937499999999999 0 0.8958333333333336 0.5937500000000001 0 0.9062499999999999 0.5729166666666665 0 0.9062500000000002 0.5833333333333335 0 0.9062499999999999 0.5624999999999999 0 0.9062499999999999 0.5937499999999999 0 0.9062499999999999 0.5729166666666665 0 0.9062500000000002 0.5833333333333335 0 0.9374999999999999 0.5624999999999999 0 0.9166666666666665 0.5624999999999999 0 0.9270833333333336 0.5625000000000001 0 0.9375000000000001 0.5937500000000001 0 0.9166666666666665 0.5937499999999999 0 0.9270833333333336 0.5937500000000001 0 0.9374999999999999 0.5729166666666665 0 0.9375000000000002 0.5833333333333335 0 0.9374999999999999 0.5624999999999999 0 0.9374999999999999 0.5937499999999999 0 0.9374999999999999 0.5729166666666665 0 0.9375000000000002 0.5833333333333335 0 0.9687499999999999 0.5624999999999999 0 0.9479166666666665 0.5624999999999999 0 0.9583333333333336 0.5625000000000001 0 0.9687500000000001 0.5937500000000001 0 0.9479166666666665 0.5937499999999999 0 0.9583333333333336 0.5937500000000001 0 0.9687499999999999 0.5729166666666665 0 0.9687500000000002 0.5833333333333335 0 0.9687499999999999 0.5624999999999999 0 0.9687499999999999 0.5937499999999999 0 0.9687499999999999 0.5729166666666665 0 0.9687500000000002 0.5833333333333335 0 0.9999999999999999 0.5624999999999999 0 0.9791666666666665 0.5624999999999999 0 0.9895833333333336 0.5625000000000001 0 1 0.5937500000000001 0 0.9791666666666665 0.5937499999999999 0 0.9895833333333336 0.5937500000000001 0 0.9999999999999998 0.5729166666666665 0 1 0.5833333333333335 0 -2.891205793294678e-19 0.5937499999999999 0 -2.891205793294678e-19 0.6249999999999999 0 0 0.6041666666666665 0 0 0.6145833333333335 0 0.03125 0.5937499999999999 0 0.01041666666666666 0.5937499999999999 0 0.02083333333333334 0.5937500000000001 0 0.03125 0.6250000000000001 0 0.01041666666666666 0.6249999999999999 0 0.02083333333333334 0.6250000000000001 0 0.03124999999999999 0.6041666666666665 0 0.03125000000000001 0.6145833333333335 0 0.03125 0.5937499999999999 0 0.03125 0.6249999999999999 0 0.03124999999999999 0.6041666666666665 0 0.03125000000000001 0.6145833333333335 0 0.06249999999999999 0.5937499999999999 0 0.04166666666666666 0.5937499999999999 0 0.05208333333333334 0.5937500000000001 0 0.0625 0.6250000000000001 0 0.04166666666666666 0.6249999999999999 0 0.05208333333333334 0.6250000000000001 0 0.06249999999999999 0.6041666666666665 0 0.06250000000000001 0.6145833333333335 0 0.06249999999999999 0.5937499999999999 0 0.06249999999999999 0.6249999999999999 0 0.06249999999999999 0.6041666666666665 0 0.06250000000000001 0.6145833333333335 0 0.09374999999999999 0.5937499999999999 0 0.07291666666666666 0.5937499999999999 0 0.08333333333333334 0.5937500000000001 0 0.09375000000000001 0.6250000000000001 0 0.07291666666666666 0.6249999999999999 0 0.08333333333333334 0.6250000000000001 0 0.09374999999999999 0.6041666666666665 0 0.09375000000000001 0.6145833333333335 0 0.09374999999999999 0.5937499999999999 0 0.09374999999999999 0.6249999999999999 0 0.09374999999999999 0.6041666666666665 0 0.09375000000000001 0.6145833333333335 0 0.125 0.5937499999999999 0 0.1041666666666667 0.5937499999999999 0 0.1145833333333334 0.5937500000000001 0 0.125 0.6250000000000001 0 0.1041666666666667 0.6249999999999999 0 0.1145833333333334 0.6250000000000001 0 0.125 0.6041666666666665 0 0.125 0.6145833333333335 0 0.125 0.5937499999999999 0 0.125 0.6249999999999999 0 0.125 0.6041666666666665 0 0.125 0.6145833333333335 0 0.15625 0.5937499999999999 0 0.1354166666666666 0.5937499999999999 0 0.1458333333333334 0.5937500000000001 0 0.15625 0.6250000000000001 0 0.1354166666666666 0.6249999999999999 0 0.1458333333333334 0.6250000000000001 0 0.15625 0.6041666666666665 0 0.15625 0.6145833333333335 0 0.15625 0.5937499999999999 0 0.15625 0.6249999999999999 0 0.15625 0.6041666666666665 0 0.15625 0.6145833333333335 0 0.1875 0.5937499999999999 0 0.1666666666666666 0.5937499999999999 0 0.1770833333333334 0.5937500000000001 0 0.1875 0.6250000000000001 0 0.1666666666666666 0.6249999999999999 0 0.1770833333333334 0.6250000000000001 0 0.1875 0.6041666666666665 0 0.1875 0.6145833333333335 0 0.1875 0.5937499999999999 0 0.1875 0.6249999999999999 0 0.1875 0.6041666666666665 0 0.1875 0.6145833333333335 0 0.21875 0.5937499999999999 0 0.1979166666666666 0.5937499999999999 0 0.2083333333333334 0.5937500000000001 0 0.21875 0.6250000000000001 0 0.1979166666666666 0.6249999999999999 0 0.2083333333333334 0.6250000000000001 0 0.21875 0.6041666666666665 0 0.2187500000000001 0.6145833333333335 0 0.21875 0.5937499999999999 0 0.21875 0.6249999999999999 0 0.21875 0.6041666666666665 0 0.2187500000000001 0.6145833333333335 0 0.25 0.5937499999999999 0 0.2291666666666666 0.5937499999999999 0 0.2395833333333334 0.5937500000000001 0 0.25 0.6250000000000001 0 0.2291666666666666 0.6249999999999999 0 0.2395833333333334 0.6250000000000001 0 0.2499999999999999 0.6041666666666665 0 0.2500000000000001 0.6145833333333335 0 0.25 0.5937499999999999 0 0.25 0.6249999999999999 0 0.2499999999999999 0.6041666666666665 0 0.2500000000000001 0.6145833333333335 0 0.2812499999999999 0.5937499999999999 0 0.2604166666666666 0.5937499999999999 0 0.2708333333333334 0.5937500000000001 0 0.2812500000000001 0.6250000000000001 0 0.2604166666666666 0.6249999999999999 0 0.2708333333333334 0.6250000000000001 0 0.2812499999999999 0.6041666666666665 0 0.2812500000000001 0.6145833333333335 0 0.2812499999999999 0.5937499999999999 0 0.2812499999999999 0.6249999999999999 0 0.2812499999999999 0.6041666666666665 0 0.2812500000000001 0.6145833333333335 0 0.3124999999999999 0.5937499999999999 0 0.2916666666666666 0.5937499999999999 0 0.3020833333333334 0.5937500000000001 0 0.3125000000000001 0.6250000000000001 0 0.2916666666666666 0.6249999999999999 0 0.3020833333333334 0.6250000000000001 0 0.3124999999999999 0.6041666666666665 0 0.3125000000000001 0.6145833333333335 0 0.6874999999999999 0.5937499999999999 0 0.6874999999999999 0.6249999999999999 0 0.6874999999999999 0.6041666666666665 0 0.6875000000000001 0.6145833333333335 0 0.7187499999999999 0.5937499999999999 0 0.6979166666666665 0.5937499999999999 0 0.7083333333333335 0.5937500000000001 0 0.7187500000000001 0.6250000000000001 0 0.6979166666666665 0.6249999999999999 0 0.7083333333333335 0.6250000000000001 0 0.7187499999999999 0.6041666666666665 0 0.7187500000000001 0.6145833333333335 0 0.7187499999999999 0.5937499999999999 0 0.7187499999999999 0.6249999999999999 0 0.7187499999999999 0.6041666666666665 0 0.7187500000000001 0.6145833333333335 0 0.7499999999999999 0.5937499999999999 0 0.7291666666666665 0.5937499999999999 0 0.7395833333333335 0.5937500000000001 0 0.7500000000000001 0.6250000000000001 0 0.7291666666666665 0.6249999999999999 0 0.7395833333333335 0.6250000000000001 0 0.7499999999999999 0.6041666666666665 0 0.7500000000000001 0.6145833333333335 0 0.7499999999999999 0.5937499999999999 0 0.7499999999999999 0.6249999999999999 0 0.7499999999999999 0.6041666666666665 0 0.7500000000000001 0.6145833333333335 0 0.7812499999999999 0.5937499999999999 0 0.7604166666666665 0.5937499999999999 0 0.7708333333333335 0.5937500000000001 0 0.7812500000000001 0.6250000000000001 0 0.7604166666666665 0.6249999999999999 0 0.7708333333333335 0.6250000000000001 0 0.7812499999999999 0.6041666666666665 0 0.7812500000000001 0.6145833333333335 0 0.7812499999999999 0.5937499999999999 0 0.7812499999999999 0.6249999999999999 0 0.7812499999999999 0.6041666666666665 0 0.7812500000000001 0.6145833333333335 0 0.8124999999999999 0.5937499999999999 0 0.7916666666666665 0.5937499999999999 0 0.8020833333333335 0.5937500000000001 0 0.8125000000000001 0.6250000000000001 0 0.7916666666666665 0.6249999999999999 0 0.8020833333333335 0.6250000000000001 0 0.8124999999999999 0.6041666666666665 0 0.8125000000000002 0.6145833333333335 0 0.8124999999999999 0.5937499999999999 0 0.8124999999999999 0.6249999999999999 0 0.8124999999999999 0.6041666666666665 0 0.8125000000000002 0.6145833333333335 0 0.8437499999999999 0.5937499999999999 0 0.8229166666666665 0.5937499999999999 0 0.8333333333333336 0.5937500000000001 0 0.8437500000000001 0.6250000000000001 0 0.8229166666666665 0.6249999999999999 0 0.8333333333333336 0.6250000000000001 0 0.8437499999999999 0.6041666666666665 0 0.8437500000000002 0.6145833333333335 0 0.8437499999999999 0.5937499999999999 0 0.8437499999999999 0.6249999999999999 0 0.8437499999999999 0.6041666666666665 0 0.8437500000000002 0.6145833333333335 0 0.8749999999999999 0.5937499999999999 0 0.8541666666666665 0.5937499999999999 0 0.8645833333333336 0.5937500000000001 0 0.8750000000000001 0.6250000000000001 0 0.8541666666666665 0.6249999999999999 0 0.8645833333333336 0.6250000000000001 0 0.8749999999999999 0.6041666666666665 0 0.8750000000000002 0.6145833333333335 0 0.8749999999999999 0.5937499999999999 0 0.8749999999999999 0.6249999999999999 0 0.8749999999999999 0.6041666666666665 0 0.8750000000000002 0.6145833333333335 0 0.9062499999999999 0.5937499999999999 0 0.8854166666666665 0.5937499999999999 0 0.8958333333333336 0.5937500000000001 0 0.9062500000000001 0.6250000000000001 0 0.8854166666666665 0.6249999999999999 0 0.8958333333333336 0.6250000000000001 0 0.9062499999999999 0.6041666666666665 0 0.9062500000000002 0.6145833333333335 0 0.9062499999999999 0.5937499999999999 0 0.9062499999999999 0.6249999999999999 0 0.9062499999999999 0.6041666666666665 0 0.9062500000000002 0.6145833333333335 0 0.9374999999999999 0.5937499999999999 0 0.9166666666666665 0.5937499999999999 0 0.9270833333333336 0.5937500000000001 0 0.9375000000000001 0.6250000000000001 0 0.9166666666666665 0.6249999999999999 0 0.9270833333333336 0.6250000000000001 0 0.9374999999999999 0.6041666666666665 0 0.9375000000000002 0.6145833333333335 0 0.9374999999999999 0.5937499999999999 0 0.9374999999999999 0.6249999999999999 0 0.9374999999999999 0.6041666666666665 0 0.9375000000000002 0.6145833333333335 0 0.9687499999999999 0.5937499999999999 0 0.9479166666666665 0.5937499999999999 0 0.9583333333333336 0.5937500000000001 0 0.9687500000000001 0.6250000000000001 0 0.9479166666666665 0.6249999999999999 0 0.9583333333333336 0.6250000000000001 0 0.9687499999999999 0.6041666666666665 0 0.9687500000000002 0.6145833333333335 0 0.9687499999999999 0.5937499999999999 0 0.9687499999999999 0.6249999999999999 0 0.9687499999999999 0.6041666666666665 0 0.9687500000000002 0.6145833333333335 0 0.9999999999999999 0.5937499999999999 0 0.9791666666666665 0.5937499999999999 0 0.9895833333333336 0.5937500000000001 0 1 0.6250000000000001 0 0.9791666666666665 0.6249999999999999 0 0.9895833333333336 0.6250000000000001 0 0.9999999999999998 0.6041666666666665 0 1 0.6145833333333335 0 -2.891205793294678e-19 0.6249999999999999 0 -2.891205793294678e-19 0.6562499999999999 0 0 0.6354166666666665 0 0 0.6458333333333335 0 0.03125 0.6249999999999999 0 0.01041666666666666 0.6249999999999999 0 0.02083333333333334 0.6250000000000001 0 0.03125 0.6562500000000001 0 0.01041666666666666 0.6562499999999999 0 0.02083333333333334 0.6562500000000001 0 0.03124999999999999 0.6354166666666665 0 0.03125000000000001 0.6458333333333335 0 0.03125 0.6249999999999999 0 0.03125 0.6562499999999999 0 0.03124999999999999 0.6354166666666665 0 0.03125000000000001 0.6458333333333335 0 0.06249999999999999 0.6249999999999999 0 0.04166666666666666 0.6249999999999999 0 0.05208333333333334 0.6250000000000001 0 0.0625 0.6562500000000001 0 0.04166666666666666 0.6562499999999999 0 0.05208333333333334 0.6562500000000001 0 0.06249999999999999 0.6354166666666665 0 0.06250000000000001 0.6458333333333335 0 0.06249999999999999 0.6249999999999999 0 0.06249999999999999 0.6562499999999999 0 0.06249999999999999 0.6354166666666665 0 0.06250000000000001 0.6458333333333335 0 0.09374999999999999 0.6249999999999999 0 0.07291666666666666 0.6249999999999999 0 0.08333333333333334 0.6250000000000001 0 0.09375000000000001 0.6562500000000001 0 0.07291666666666666 0.6562499999999999 0 0.08333333333333334 0.6562500000000001 0 0.09374999999999999 0.6354166666666665 0 0.09375000000000001 0.6458333333333335 0 0.09374999999999999 0.6249999999999999 0 0.09374999999999999 0.6562499999999999 0 0.09374999999999999 0.6354166666666665 0 0.09375000000000001 0.6458333333333335 0 0.125 0.6249999999999999 0 0.1041666666666667 0.6249999999999999 0 0.1145833333333334 0.6250000000000001 0 0.125 0.6562500000000001 0 0.1041666666666667 0.6562499999999999 0 0.1145833333333334 0.6562500000000001 0 0.125 0.6354166666666665 0 0.125 0.6458333333333335 0 0.125 0.6249999999999999 0 0.125 0.6562499999999999 0 0.125 0.6354166666666665 0 0.125 0.6458333333333335 0 0.15625 0.6249999999999999 0 0.1354166666666666 0.6249999999999999 0 0.1458333333333334 0.6250000000000001 0 0.15625 0.6562500000000001 0 0.1354166666666666 0.6562499999999999 0 0.1458333333333334 0.6562500000000001 0 0.15625 0.6354166666666665 0 0.15625 0.6458333333333335 0 0.15625 0.6249999999999999 0 0.15625 0.6562499999999999 0 0.15625 0.6354166666666665 0 0.15625 0.6458333333333335 0 0.1875 0.6249999999999999 0 0.1666666666666666 0.6249999999999999 0 0.1770833333333334 0.6250000000000001 0 0.1875 0.6562500000000001 0 0.1666666666666666 0.6562499999999999 0 0.1770833333333334 0.6562500000000001 0 0.1875 0.6354166666666665 0 0.1875 0.6458333333333335 0 0.1875 0.6249999999999999 0 0.1875 0.6562499999999999 0 0.1875 0.6354166666666665 0 0.1875 0.6458333333333335 0 0.21875 0.6249999999999999 0 0.1979166666666666 0.6249999999999999 0 0.2083333333333334 0.6250000000000001 0 0.21875 0.6562500000000001 0 0.1979166666666666 0.6562499999999999 0 0.2083333333333334 0.6562500000000001 0 0.21875 0.6354166666666665 0 0.2187500000000001 0.6458333333333335 0 0.21875 0.6249999999999999 0 0.21875 0.6562499999999999 0 0.21875 0.6354166666666665 0 0.2187500000000001 0.6458333333333335 0 0.25 0.6249999999999999 0 0.2291666666666666 0.6249999999999999 0 0.2395833333333334 0.6250000000000001 0 0.25 0.6562500000000001 0 0.2291666666666666 0.6562499999999999 0 0.2395833333333334 0.6562500000000001 0 0.2499999999999999 0.6354166666666665 0 0.2500000000000001 0.6458333333333335 0 0.25 0.6249999999999999 0 0.25 0.6562499999999999 0 0.2499999999999999 0.6354166666666665 0 0.2500000000000001 0.6458333333333335 0 0.2812499999999999 0.6249999999999999 0 0.2604166666666666 0.6249999999999999 0 0.2708333333333334 0.6250000000000001 0 0.2812500000000001 0.6562500000000001 0 0.2604166666666666 0.6562499999999999 0 0.2708333333333334 0.6562500000000001 0 0.2812499999999999 0.6354166666666665 0 0.2812500000000001 0.6458333333333335 0 0.2812499999999999 0.6249999999999999 0 0.2812499999999999 0.6562499999999999 0 0.2812499999999999 0.6354166666666665 0 0.2812500000000001 0.6458333333333335 0 0.3124999999999999 0.6249999999999999 0 0.2916666666666666 0.6249999999999999 0 0.3020833333333334 0.6250000000000001 0 0.3125000000000001 0.6562500000000001 0 0.2916666666666666 0.6562499999999999 0 0.3020833333333334 0.6562500000000001 0 0.3124999999999999 0.6354166666666665 0 0.3125000000000001 0.6458333333333335 0 0.3124999999999999 0.6249999999999999 0 0.3124999999999999 0.6562499999999999 0 0.3124999999999999 0.6354166666666665 0 0.3125000000000001 0.6458333333333335 0 0.3437499999999999 0.6249999999999999 0 0.3229166666666666 0.6249999999999999 0 0.3333333333333334 0.6250000000000001 0 0.3437500000000001 0.6562500000000001 0 0.3229166666666666 0.6562499999999999 0 0.3333333333333334 0.6562500000000001 0 0.3437499999999999 0.6354166666666665 0 0.3437500000000001 0.6458333333333335 0 0.6562499999999999 0.6249999999999999 0 0.6562499999999999 0.6562499999999999 0 0.6562499999999999 0.6354166666666665 0 0.6562500000000001 0.6458333333333335 0 0.6874999999999999 0.6249999999999999 0 0.6666666666666665 0.6249999999999999 0 0.6770833333333335 0.6250000000000001 0 0.6875000000000001 0.6562500000000001 0 0.6666666666666665 0.6562499999999999 0 0.6770833333333335 0.6562500000000001 0 0.6874999999999999 0.6354166666666665 0 0.6875000000000001 0.6458333333333335 0 0.6874999999999999 0.6249999999999999 0 0.6874999999999999 0.6562499999999999 0 0.6874999999999999 0.6354166666666665 0 0.6875000000000001 0.6458333333333335 0 0.7187499999999999 0.6249999999999999 0 0.6979166666666665 0.6249999999999999 0 0.7083333333333335 0.6250000000000001 0 0.7187500000000001 0.6562500000000001 0 0.6979166666666665 0.6562499999999999 0 0.7083333333333335 0.6562500000000001 0 0.7187499999999999 0.6354166666666665 0 0.7187500000000001 0.6458333333333335 0 0.7187499999999999 0.6249999999999999 0 0.7187499999999999 0.6562499999999999 0 0.7187499999999999 0.6354166666666665 0 0.7187500000000001 0.6458333333333335 0 0.7499999999999999 0.6249999999999999 0 0.7291666666666665 0.6249999999999999 0 0.7395833333333335 0.6250000000000001 0 0.7500000000000001 0.6562500000000001 0 0.7291666666666665 0.6562499999999999 0 0.7395833333333335 0.6562500000000001 0 0.7499999999999999 0.6354166666666665 0 0.7500000000000001 0.6458333333333335 0 0.7499999999999999 0.6249999999999999 0 0.7499999999999999 0.6562499999999999 0 0.7499999999999999 0.6354166666666665 0 0.7500000000000001 0.6458333333333335 0 0.7812499999999999 0.6249999999999999 0 0.7604166666666665 0.6249999999999999 0 0.7708333333333335 0.6250000000000001 0 0.7812500000000001 0.6562500000000001 0 0.7604166666666665 0.6562499999999999 0 0.7708333333333335 0.6562500000000001 0 0.7812499999999999 0.6354166666666665 0 0.7812500000000001 0.6458333333333335 0 0.7812499999999999 0.6249999999999999 0 0.7812499999999999 0.6562499999999999 0 0.7812499999999999 0.6354166666666665 0 0.7812500000000001 0.6458333333333335 0 0.8124999999999999 0.6249999999999999 0 0.7916666666666665 0.6249999999999999 0 0.8020833333333335 0.6250000000000001 0 0.8125000000000001 0.6562500000000001 0 0.7916666666666665 0.6562499999999999 0 0.8020833333333335 0.6562500000000001 0 0.8124999999999999 0.6354166666666665 0 0.8125000000000002 0.6458333333333335 0 0.8124999999999999 0.6249999999999999 0 0.8124999999999999 0.6562499999999999 0 0.8124999999999999 0.6354166666666665 0 0.8125000000000002 0.6458333333333335 0 0.8437499999999999 0.6249999999999999 0 0.8229166666666665 0.6249999999999999 0 0.8333333333333336 0.6250000000000001 0 0.8437500000000001 0.6562500000000001 0 0.8229166666666665 0.6562499999999999 0 0.8333333333333336 0.6562500000000001 0 0.8437499999999999 0.6354166666666665 0 0.8437500000000002 0.6458333333333335 0 0.8437499999999999 0.6249999999999999 0 0.8437499999999999 0.6562499999999999 0 0.8437499999999999 0.6354166666666665 0 0.8437500000000002 0.6458333333333335 0 0.8749999999999999 0.6249999999999999 0 0.8541666666666665 0.6249999999999999 0 0.8645833333333336 0.6250000000000001 0 0.8750000000000001 0.6562500000000001 0 0.8541666666666665 0.6562499999999999 0 0.8645833333333336 0.6562500000000001 0 0.8749999999999999 0.6354166666666665 0 0.8750000000000002 0.6458333333333335 0 0.8749999999999999 0.6249999999999999 0 0.8749999999999999 0.6562499999999999 0 0.8749999999999999 0.6354166666666665 0 0.8750000000000002 0.6458333333333335 0 0.9062499999999999 0.6249999999999999 0 0.8854166666666665 0.6249999999999999 0 0.8958333333333336 0.6250000000000001 0 0.9062500000000001 0.6562500000000001 0 0.8854166666666665 0.6562499999999999 0 0.8958333333333336 0.6562500000000001 0 0.9062499999999999 0.6354166666666665 0 0.9062500000000002 0.6458333333333335 0 0.9062499999999999 0.6249999999999999 0 0.9062499999999999 0.6562499999999999 0 0.9062499999999999 0.6354166666666665 0 0.9062500000000002 0.6458333333333335 0 0.9374999999999999 0.6249999999999999 0 0.9166666666666665 0.6249999999999999 0 0.9270833333333336 0.6250000000000001 0 0.9375000000000001 0.6562500000000001 0 0.9166666666666665 0.6562499999999999 0 0.9270833333333336 0.6562500000000001 0 0.9374999999999999 0.6354166666666665 0 0.9375000000000002 0.6458333333333335 0 0.9374999999999999 0.6249999999999999 0 0.9374999999999999 0.6562499999999999 0 0.9374999999999999 0.6354166666666665 0 0.9375000000000002 0.6458333333333335 0 0.9687499999999999 0.6249999999999999 0 0.9479166666666665 0.6249999999999999 0 0.9583333333333336 0.6250000000000001 0 0.9687500000000001 0.6562500000000001 0 0.9479166666666665 0.6562499999999999 0 0.9583333333333336 0.6562500000000001 0 0.9687499999999999 0.6354166666666665 0 0.9687500000000002 0.6458333333333335 0 0.9687499999999999 0.6249999999999999 0 0.9687499999999999 0.6562499999999999 0 0.9687499999999999 0.6354166666666665 0 0.9687500000000002 0.6458333333333335 0 0.9999999999999999 0.6249999999999999 0 0.9791666666666665 0.6249999999999999 0 0.9895833333333336 0.6250000000000001 0 1 0.6562500000000001 0 0.9791666666666665 0.6562499999999999 0 0.9895833333333336 0.6562500000000001 0 0.9999999999999998 0.6354166666666665 0 1 0.6458333333333335 0 -2.891205793294678e-19 0.6562499999999999 0 -2.891205793294678e-19 0.6874999999999999 0 0 0.6666666666666665 0 0 0.6770833333333335 0 0.03125 0.6562499999999999 0 0.01041666666666666 0.6562499999999999 0 0.02083333333333334 0.6562500000000001 0 0.03125 0.6875000000000001 0 0.01041666666666666 0.6874999999999999 0 0.02083333333333334 0.6875000000000001 0 0.03124999999999999 0.6666666666666665 0 0.03125000000000001 0.6770833333333335 0 0.03125 0.6562499999999999 0 0.03125 0.6874999999999999 0 0.03124999999999999 0.6666666666666665 0 0.03125000000000001 0.6770833333333335 0 0.06249999999999999 0.6562499999999999 0 0.04166666666666666 0.6562499999999999 0 0.05208333333333334 0.6562500000000001 0 0.0625 0.6875000000000001 0 0.04166666666666666 0.6874999999999999 0 0.05208333333333334 0.6875000000000001 0 0.06249999999999999 0.6666666666666665 0 0.06250000000000001 0.6770833333333335 0 0.06249999999999999 0.6562499999999999 0 0.06249999999999999 0.6874999999999999 0 0.06249999999999999 0.6666666666666665 0 0.06250000000000001 0.6770833333333335 0 0.09374999999999999 0.6562499999999999 0 0.07291666666666666 0.6562499999999999 0 0.08333333333333334 0.6562500000000001 0 0.09375000000000001 0.6875000000000001 0 0.07291666666666666 0.6874999999999999 0 0.08333333333333334 0.6875000000000001 0 0.09374999999999999 0.6666666666666665 0 0.09375000000000001 0.6770833333333335 0 0.09374999999999999 0.6562499999999999 0 0.09374999999999999 0.6874999999999999 0 0.09374999999999999 0.6666666666666665 0 0.09375000000000001 0.6770833333333335 0 0.125 0.6562499999999999 0 0.1041666666666667 0.6562499999999999 0 0.1145833333333334 0.6562500000000001 0 0.125 0.6875000000000001 0 0.1041666666666667 0.6874999999999999 0 0.1145833333333334 0.6875000000000001 0 0.125 0.6666666666666665 0 0.125 0.6770833333333335 0 0.125 0.6562499999999999 0 0.125 0.6874999999999999 0 0.125 0.6666666666666665 0 0.125 0.6770833333333335 0 0.15625 0.6562499999999999 0 0.1354166666666666 0.6562499999999999 0 0.1458333333333334 0.6562500000000001 0 0.15625 0.6875000000000001 0 0.1354166666666666 0.6874999999999999 0 0.1458333333333334 0.6875000000000001 0 0.15625 0.6666666666666665 0 0.15625 0.6770833333333335 0 0.15625 0.6562499999999999 0 0.15625 0.6874999999999999 0 0.15625 0.6666666666666665 0 0.15625 0.6770833333333335 0 0.1875 0.6562499999999999 0 0.1666666666666666 0.6562499999999999 0 0.1770833333333334 0.6562500000000001 0 0.1875 0.6875000000000001 0 0.1666666666666666 0.6874999999999999 0 0.1770833333333334 0.6875000000000001 0 0.1875 0.6666666666666665 0 0.1875 0.6770833333333335 0 0.1875 0.6562499999999999 0 0.1875 0.6874999999999999 0 0.1875 0.6666666666666665 0 0.1875 0.6770833333333335 0 0.21875 0.6562499999999999 0 0.1979166666666666 0.6562499999999999 0 0.2083333333333334 0.6562500000000001 0 0.21875 0.6875000000000001 0 0.1979166666666666 0.6874999999999999 0 0.2083333333333334 0.6875000000000001 0 0.21875 0.6666666666666665 0 0.2187500000000001 0.6770833333333335 0 0.21875 0.6562499999999999 0 0.21875 0.6874999999999999 0 0.21875 0.6666666666666665 0 0.2187500000000001 0.6770833333333335 0 0.25 0.6562499999999999 0 0.2291666666666666 0.6562499999999999 0 0.2395833333333334 0.6562500000000001 0 0.25 0.6875000000000001 0 0.2291666666666666 0.6874999999999999 0 0.2395833333333334 0.6875000000000001 0 0.2499999999999999 0.6666666666666665 0 0.2500000000000001 0.6770833333333335 0 0.25 0.6562499999999999 0 0.25 0.6874999999999999 0 0.2499999999999999 0.6666666666666665 0 0.2500000000000001 0.6770833333333335 0 0.2812499999999999 0.6562499999999999 0 0.2604166666666666 0.6562499999999999 0 0.2708333333333334 0.6562500000000001 0 0.2812500000000001 0.6875000000000001 0 0.2604166666666666 0.6874999999999999 0 0.2708333333333334 0.6875000000000001 0 0.2812499999999999 0.6666666666666665 0 0.2812500000000001 0.6770833333333335 0 0.2812499999999999 0.6562499999999999 0 0.2812499999999999 0.6874999999999999 0 0.2812499999999999 0.6666666666666665 0 0.2812500000000001 0.6770833333333335 0 0.3124999999999999 0.6562499999999999 0 0.2916666666666666 0.6562499999999999 0 0.3020833333333334 0.6562500000000001 0 0.3125000000000001 0.6875000000000001 0 0.2916666666666666 0.6874999999999999 0 0.3020833333333334 0.6875000000000001 0 0.3124999999999999 0.6666666666666665 0 0.3125000000000001 0.6770833333333335 0 0.3124999999999999 0.6562499999999999 0 0.3124999999999999 0.6874999999999999 0 0.3124999999999999 0.6666666666666665 0 0.3125000000000001 0.6770833333333335 0 0.3437499999999999 0.6562499999999999 0 0.3229166666666666 0.6562499999999999 0 0.3333333333333334 0.6562500000000001 0 0.3437500000000001 0.6875000000000001 0 0.3229166666666666 0.6874999999999999 0 0.3333333333333334 0.6875000000000001 0 0.3437499999999999 0.6666666666666665 0 0.3437500000000001 0.6770833333333335 0 0.3437499999999999 0.6562499999999999 0 0.3437499999999999 0.6874999999999999 0 0.3437499999999999 0.6666666666666665 0 0.3437500000000001 0.6770833333333335 0 0.3749999999999999 0.6562499999999999 0 0.3541666666666666 0.6562499999999999 0 0.3645833333333334 0.6562500000000001 0 0.3750000000000001 0.6875000000000001 0 0.3541666666666666 0.6874999999999999 0 0.3645833333333334 0.6875000000000001 0 0.3749999999999999 0.6666666666666665 0 0.3750000000000001 0.6770833333333335 0 0.6249999999999999 0.6562499999999999 0 0.6249999999999999 0.6874999999999999 0 0.6249999999999999 0.6666666666666665 0 0.6250000000000001 0.6770833333333335 0 0.6562499999999999 0.6562499999999999 0 0.6354166666666665 0.6562499999999999 0 0.6458333333333335 0.6562500000000001 0 0.6562500000000001 0.6875000000000001 0 0.6354166666666665 0.6874999999999999 0 0.6458333333333335 0.6875000000000001 0 0.6562499999999999 0.6666666666666665 0 0.6562500000000001 0.6770833333333335 0 0.6562499999999999 0.6562499999999999 0 0.6562499999999999 0.6874999999999999 0 0.6562499999999999 0.6666666666666665 0 0.6562500000000001 0.6770833333333335 0 0.6874999999999999 0.6562499999999999 0 0.6666666666666665 0.6562499999999999 0 0.6770833333333335 0.6562500000000001 0 0.6875000000000001 0.6875000000000001 0 0.6666666666666665 0.6874999999999999 0 0.6770833333333335 0.6875000000000001 0 0.6874999999999999 0.6666666666666665 0 0.6875000000000001 0.6770833333333335 0 0.6874999999999999 0.6562499999999999 0 0.6874999999999999 0.6874999999999999 0 0.6874999999999999 0.6666666666666665 0 0.6875000000000001 0.6770833333333335 0 0.7187499999999999 0.6562499999999999 0 0.6979166666666665 0.6562499999999999 0 0.7083333333333335 0.6562500000000001 0 0.7187500000000001 0.6875000000000001 0 0.6979166666666665 0.6874999999999999 0 0.7083333333333335 0.6875000000000001 0 0.7187499999999999 0.6666666666666665 0 0.7187500000000001 0.6770833333333335 0 0.7187499999999999 0.6562499999999999 0 0.7187499999999999 0.6874999999999999 0 0.7187499999999999 0.6666666666666665 0 0.7187500000000001 0.6770833333333335 0 0.7499999999999999 0.6562499999999999 0 0.7291666666666665 0.6562499999999999 0 0.7395833333333335 0.6562500000000001 0 0.7500000000000001 0.6875000000000001 0 0.7291666666666665 0.6874999999999999 0 0.7395833333333335 0.6875000000000001 0 0.7499999999999999 0.6666666666666665 0 0.7500000000000001 0.6770833333333335 0 0.7499999999999999 0.6562499999999999 0 0.7499999999999999 0.6874999999999999 0 0.7499999999999999 0.6666666666666665 0 0.7500000000000001 0.6770833333333335 0 0.7812499999999999 0.6562499999999999 0 0.7604166666666665 0.6562499999999999 0 0.7708333333333335 0.6562500000000001 0 0.7812500000000001 0.6875000000000001 0 0.7604166666666665 0.6874999999999999 0 0.7708333333333335 0.6875000000000001 0 0.7812499999999999 0.6666666666666665 0 0.7812500000000001 0.6770833333333335 0 0.7812499999999999 0.6562499999999999 0 0.7812499999999999 0.6874999999999999 0 0.7812499999999999 0.6666666666666665 0 0.7812500000000001 0.6770833333333335 0 0.8124999999999999 0.6562499999999999 0 0.7916666666666665 0.6562499999999999 0 0.8020833333333335 0.6562500000000001 0 0.8125000000000001 0.6875000000000001 0 0.7916666666666665 0.6874999999999999 0 0.8020833333333335 0.6875000000000001 0 0.8124999999999999 0.6666666666666665 0 0.8125000000000002 0.6770833333333335 0 0.8124999999999999 0.6562499999999999 0 0.8124999999999999 0.6874999999999999 0 0.8124999999999999 0.6666666666666665 0 0.8125000000000002 0.6770833333333335 0 0.8437499999999999 0.6562499999999999 0 0.8229166666666665 0.6562499999999999 0 0.8333333333333336 0.6562500000000001 0 0.8437500000000001 0.6875000000000001 0 0.8229166666666665 0.6874999999999999 0 0.8333333333333336 0.6875000000000001 0 0.8437499999999999 0.6666666666666665 0 0.8437500000000002 0.6770833333333335 0 0.8437499999999999 0.6562499999999999 0 0.8437499999999999 0.6874999999999999 0 0.8437499999999999 0.6666666666666665 0 0.8437500000000002 0.6770833333333335 0 0.8749999999999999 0.6562499999999999 0 0.8541666666666665 0.6562499999999999 0 0.8645833333333336 0.6562500000000001 0 0.8750000000000001 0.6875000000000001 0 0.8541666666666665 0.6874999999999999 0 0.8645833333333336 0.6875000000000001 0 0.8749999999999999 0.6666666666666665 0 0.8750000000000002 0.6770833333333335 0 0.8749999999999999 0.6562499999999999 0 0.8749999999999999 0.6874999999999999 0 0.8749999999999999 0.6666666666666665 0 0.8750000000000002 0.6770833333333335 0 0.9062499999999999 0.6562499999999999 0 0.8854166666666665 0.6562499999999999 0 0.8958333333333336 0.6562500000000001 0 0.9062500000000001 0.6875000000000001 0 0.8854166666666665 0.6874999999999999 0 0.8958333333333336 0.6875000000000001 0 0.9062499999999999 0.6666666666666665 0 0.9062500000000002 0.6770833333333335 0 0.9062499999999999 0.6562499999999999 0 0.9062499999999999 0.6874999999999999 0 0.9062499999999999 0.6666666666666665 0 0.9062500000000002 0.6770833333333335 0 0.9374999999999999 0.6562499999999999 0 0.9166666666666665 0.6562499999999999 0 0.9270833333333336 0.6562500000000001 0 0.9375000000000001 0.6875000000000001 0 0.9166666666666665 0.6874999999999999 0 0.9270833333333336 0.6875000000000001 0 0.9374999999999999 0.6666666666666665 0 0.9375000000000002 0.6770833333333335 0 0.9374999999999999 0.6562499999999999 0 0.9374999999999999 0.6874999999999999 0 0.9374999999999999 0.6666666666666665 0 0.9375000000000002 0.6770833333333335 0 0.9687499999999999 0.6562499999999999 0 0.9479166666666665 0.6562499999999999 0 0.9583333333333336 0.6562500000000001 0 0.9687500000000001 0.6875000000000001 0 0.9479166666666665 0.6874999999999999 0 0.9583333333333336 0.6875000000000001 0 0.9687499999999999 0.6666666666666665 0 0.9687500000000002 0.6770833333333335 0 0.9687499999999999 0.6562499999999999 0 0.9687499999999999 0.6874999999999999 0 0.9687499999999999 0.6666666666666665 0 0.9687500000000002 0.6770833333333335 0 0.9999999999999999 0.6562499999999999 0 0.9791666666666665 0.6562499999999999 0 0.9895833333333336 0.6562500000000001 0 1 0.6875000000000001 0 0.9791666666666665 0.6874999999999999 0 0.9895833333333336 0.6875000000000001 0 0.9999999999999998 0.6666666666666665 0 1 0.6770833333333335 0 -2.891205793294678e-19 0.6874999999999999 0 -2.891205793294678e-19 0.7187499999999999 0 0 0.6979166666666665 0 0 0.7083333333333335 0 0.03125 0.6874999999999999 0 0.01041666666666666 0.6874999999999999 0 0.02083333333333334 0.6875000000000001 0 0.03125 0.7187500000000001 0 0.01041666666666666 0.7187499999999999 0 0.02083333333333334 0.7187500000000001 0 0.03124999999999999 0.6979166666666665 0 0.03125000000000001 0.7083333333333335 0 0.03125 0.6874999999999999 0 0.03125 0.7187499999999999 0 0.03124999999999999 0.6979166666666665 0 0.03125000000000001 0.7083333333333335 0 0.06249999999999999 0.6874999999999999 0 0.04166666666666666 0.6874999999999999 0 0.05208333333333334 0.6875000000000001 0 0.0625 0.7187500000000001 0 0.04166666666666666 0.7187499999999999 0 0.05208333333333334 0.7187500000000001 0 0.06249999999999999 0.6979166666666665 0 0.06250000000000001 0.7083333333333335 0 0.06249999999999999 0.6874999999999999 0 0.06249999999999999 0.7187499999999999 0 0.06249999999999999 0.6979166666666665 0 0.06250000000000001 0.7083333333333335 0 0.09374999999999999 0.6874999999999999 0 0.07291666666666666 0.6874999999999999 0 0.08333333333333334 0.6875000000000001 0 0.09375000000000001 0.7187500000000001 0 0.07291666666666666 0.7187499999999999 0 0.08333333333333334 0.7187500000000001 0 0.09374999999999999 0.6979166666666665 0 0.09375000000000001 0.7083333333333335 0 0.09374999999999999 0.6874999999999999 0 0.09374999999999999 0.7187499999999999 0 0.09374999999999999 0.6979166666666665 0 0.09375000000000001 0.7083333333333335 0 0.125 0.6874999999999999 0 0.1041666666666667 0.6874999999999999 0 0.1145833333333334 0.6875000000000001 0 0.125 0.7187500000000001 0 0.1041666666666667 0.7187499999999999 0 0.1145833333333334 0.7187500000000001 0 0.125 0.6979166666666665 0 0.125 0.7083333333333335 0 0.125 0.6874999999999999 0 0.125 0.7187499999999999 0 0.125 0.6979166666666665 0 0.125 0.7083333333333335 0 0.15625 0.6874999999999999 0 0.1354166666666666 0.6874999999999999 0 0.1458333333333334 0.6875000000000001 0 0.15625 0.7187500000000001 0 0.1354166666666666 0.7187499999999999 0 0.1458333333333334 0.7187500000000001 0 0.15625 0.6979166666666665 0 0.15625 0.7083333333333335 0 0.15625 0.6874999999999999 0 0.15625 0.7187499999999999 0 0.15625 0.6979166666666665 0 0.15625 0.7083333333333335 0 0.1875 0.6874999999999999 0 0.1666666666666666 0.6874999999999999 0 0.1770833333333334 0.6875000000000001 0 0.1875 0.7187500000000001 0 0.1666666666666666 0.7187499999999999 0 0.1770833333333334 0.7187500000000001 0 0.1875 0.6979166666666665 0 0.1875 0.7083333333333335 0 0.1875 0.6874999999999999 0 0.1875 0.7187499999999999 0 0.1875 0.6979166666666665 0 0.1875 0.7083333333333335 0 0.21875 0.6874999999999999 0 0.1979166666666666 0.6874999999999999 0 0.2083333333333334 0.6875000000000001 0 0.21875 0.7187500000000001 0 0.1979166666666666 0.7187499999999999 0 0.2083333333333334 0.7187500000000001 0 0.21875 0.6979166666666665 0 0.2187500000000001 0.7083333333333335 0 0.21875 0.6874999999999999 0 0.21875 0.7187499999999999 0 0.21875 0.6979166666666665 0 0.2187500000000001 0.7083333333333335 0 0.25 0.6874999999999999 0 0.2291666666666666 0.6874999999999999 0 0.2395833333333334 0.6875000000000001 0 0.25 0.7187500000000001 0 0.2291666666666666 0.7187499999999999 0 0.2395833333333334 0.7187500000000001 0 0.2499999999999999 0.6979166666666665 0 0.2500000000000001 0.7083333333333335 0 0.25 0.6874999999999999 0 0.25 0.7187499999999999 0 0.2499999999999999 0.6979166666666665 0 0.2500000000000001 0.7083333333333335 0 0.2812499999999999 0.6874999999999999 0 0.2604166666666666 0.6874999999999999 0 0.2708333333333334 0.6875000000000001 0 0.2812500000000001 0.7187500000000001 0 0.2604166666666666 0.7187499999999999 0 0.2708333333333334 0.7187500000000001 0 0.2812499999999999 0.6979166666666665 0 0.2812500000000001 0.7083333333333335 0 0.2812499999999999 0.6874999999999999 0 0.2812499999999999 0.7187499999999999 0 0.2812499999999999 0.6979166666666665 0 0.2812500000000001 0.7083333333333335 0 0.3124999999999999 0.6874999999999999 0 0.2916666666666666 0.6874999999999999 0 0.3020833333333334 0.6875000000000001 0 0.3125000000000001 0.7187500000000001 0 0.2916666666666666 0.7187499999999999 0 0.3020833333333334 0.7187500000000001 0 0.3124999999999999 0.6979166666666665 0 0.3125000000000001 0.7083333333333335 0 0.3124999999999999 0.6874999999999999 0 0.3124999999999999 0.7187499999999999 0 0.3124999999999999 0.6979166666666665 0 0.3125000000000001 0.7083333333333335 0 0.3437499999999999 0.6874999999999999 0 0.3229166666666666 0.6874999999999999 0 0.3333333333333334 0.6875000000000001 0 0.3437500000000001 0.7187500000000001 0 0.3229166666666666 0.7187499999999999 0 0.3333333333333334 0.7187500000000001 0 0.3437499999999999 0.6979166666666665 0 0.3437500000000001 0.7083333333333335 0 0.3437499999999999 0.6874999999999999 0 0.3437499999999999 0.7187499999999999 0 0.3437499999999999 0.6979166666666665 0 0.3437500000000001 0.7083333333333335 0 0.3749999999999999 0.6874999999999999 0 0.3541666666666666 0.6874999999999999 0 0.3645833333333334 0.6875000000000001 0 0.3750000000000001 0.7187500000000001 0 0.3541666666666666 0.7187499999999999 0 0.3645833333333334 0.7187500000000001 0 0.3749999999999999 0.6979166666666665 0 0.3750000000000001 0.7083333333333335 0 0.3749999999999999 0.6874999999999999 0 0.3749999999999999 0.7187499999999999 0 0.3749999999999999 0.6979166666666665 0 0.3750000000000001 0.7083333333333335 0 0.4062499999999999 0.6874999999999999 0 0.3854166666666666 0.6874999999999999 0 0.3958333333333334 0.6875000000000001 0 0.4062500000000001 0.7187500000000001 0 0.3854166666666666 0.7187499999999999 0 0.3958333333333334 0.7187500000000001 0 0.4062499999999999 0.6979166666666665 0 0.4062500000000001 0.7083333333333335 0 0.5937499999999999 0.6874999999999999 0 0.5937499999999999 0.7187499999999999 0 0.5937499999999999 0.6979166666666665 0 0.5937500000000001 0.7083333333333335 0 0.6249999999999999 0.6874999999999999 0 0.6041666666666665 0.6874999999999999 0 0.6145833333333335 0.6875000000000001 0 0.6250000000000001 0.7187500000000001 0 0.6041666666666665 0.7187499999999999 0 0.6145833333333335 0.7187500000000001 0 0.6249999999999999 0.6979166666666665 0 0.6250000000000001 0.7083333333333335 0 0.6249999999999999 0.6874999999999999 0 0.6249999999999999 0.7187499999999999 0 0.6249999999999999 0.6979166666666665 0 0.6250000000000001 0.7083333333333335 0 0.6562499999999999 0.6874999999999999 0 0.6354166666666665 0.6874999999999999 0 0.6458333333333335 0.6875000000000001 0 0.6562500000000001 0.7187500000000001 0 0.6354166666666665 0.7187499999999999 0 0.6458333333333335 0.7187500000000001 0 0.6562499999999999 0.6979166666666665 0 0.6562500000000001 0.7083333333333335 0 0.6562499999999999 0.6874999999999999 0 0.6562499999999999 0.7187499999999999 0 0.6562499999999999 0.6979166666666665 0 0.6562500000000001 0.7083333333333335 0 0.6874999999999999 0.6874999999999999 0 0.6666666666666665 0.6874999999999999 0 0.6770833333333335 0.6875000000000001 0 0.6875000000000001 0.7187500000000001 0 0.6666666666666665 0.7187499999999999 0 0.6770833333333335 0.7187500000000001 0 0.6874999999999999 0.6979166666666665 0 0.6875000000000001 0.7083333333333335 0 0.6874999999999999 0.6874999999999999 0 0.6874999999999999 0.7187499999999999 0 0.6874999999999999 0.6979166666666665 0 0.6875000000000001 0.7083333333333335 0 0.7187499999999999 0.6874999999999999 0 0.6979166666666665 0.6874999999999999 0 0.7083333333333335 0.6875000000000001 0 0.7187500000000001 0.7187500000000001 0 0.6979166666666665 0.7187499999999999 0 0.7083333333333335 0.7187500000000001 0 0.7187499999999999 0.6979166666666665 0 0.7187500000000001 0.7083333333333335 0 0.7187499999999999 0.6874999999999999 0 0.7187499999999999 0.7187499999999999 0 0.7187499999999999 0.6979166666666665 0 0.7187500000000001 0.7083333333333335 0 0.7499999999999999 0.6874999999999999 0 0.7291666666666665 0.6874999999999999 0 0.7395833333333335 0.6875000000000001 0 0.7500000000000001 0.7187500000000001 0 0.7291666666666665 0.7187499999999999 0 0.7395833333333335 0.7187500000000001 0 0.7499999999999999 0.6979166666666665 0 0.7500000000000001 0.7083333333333335 0 0.7499999999999999 0.6874999999999999 0 0.7499999999999999 0.7187499999999999 0 0.7499999999999999 0.6979166666666665 0 0.7500000000000001 0.7083333333333335 0 0.7812499999999999 0.6874999999999999 0 0.7604166666666665 0.6874999999999999 0 0.7708333333333335 0.6875000000000001 0 0.7812500000000001 0.7187500000000001 0 0.7604166666666665 0.7187499999999999 0 0.7708333333333335 0.7187500000000001 0 0.7812499999999999 0.6979166666666665 0 0.7812500000000001 0.7083333333333335 0 0.7812499999999999 0.6874999999999999 0 0.7812499999999999 0.7187499999999999 0 0.7812499999999999 0.6979166666666665 0 0.7812500000000001 0.7083333333333335 0 0.8124999999999999 0.6874999999999999 0 0.7916666666666665 0.6874999999999999 0 0.8020833333333335 0.6875000000000001 0 0.8125000000000001 0.7187500000000001 0 0.7916666666666665 0.7187499999999999 0 0.8020833333333335 0.7187500000000001 0 0.8124999999999999 0.6979166666666665 0 0.8125000000000002 0.7083333333333335 0 0.8124999999999999 0.6874999999999999 0 0.8124999999999999 0.7187499999999999 0 0.8124999999999999 0.6979166666666665 0 0.8125000000000002 0.7083333333333335 0 0.8437499999999999 0.6874999999999999 0 0.8229166666666665 0.6874999999999999 0 0.8333333333333336 0.6875000000000001 0 0.8437500000000001 0.7187500000000001 0 0.8229166666666665 0.7187499999999999 0 0.8333333333333336 0.7187500000000001 0 0.8437499999999999 0.6979166666666665 0 0.8437500000000002 0.7083333333333335 0 0.8437499999999999 0.6874999999999999 0 0.8437499999999999 0.7187499999999999 0 0.8437499999999999 0.6979166666666665 0 0.8437500000000002 0.7083333333333335 0 0.8749999999999999 0.6874999999999999 0 0.8541666666666665 0.6874999999999999 0 0.8645833333333336 0.6875000000000001 0 0.8750000000000001 0.7187500000000001 0 0.8541666666666665 0.7187499999999999 0 0.8645833333333336 0.7187500000000001 0 0.8749999999999999 0.6979166666666665 0 0.8750000000000002 0.7083333333333335 0 0.8749999999999999 0.6874999999999999 0 0.8749999999999999 0.7187499999999999 0 0.8749999999999999 0.6979166666666665 0 0.8750000000000002 0.7083333333333335 0 0.9062499999999999 0.6874999999999999 0 0.8854166666666665 0.6874999999999999 0 0.8958333333333336 0.6875000000000001 0 0.9062500000000001 0.7187500000000001 0 0.8854166666666665 0.7187499999999999 0 0.8958333333333336 0.7187500000000001 0 0.9062499999999999 0.6979166666666665 0 0.9062500000000002 0.7083333333333335 0 0.9062499999999999 0.6874999999999999 0 0.9062499999999999 0.7187499999999999 0 0.9062499999999999 0.6979166666666665 0 0.9062500000000002 0.7083333333333335 0 0.9374999999999999 0.6874999999999999 0 0.9166666666666665 0.6874999999999999 0 0.9270833333333336 0.6875000000000001 0 0.9375000000000001 0.7187500000000001 0 0.9166666666666665 0.7187499999999999 0 0.9270833333333336 0.7187500000000001 0 0.9374999999999999 0.6979166666666665 0 0.9375000000000002 0.7083333333333335 0 0.9374999999999999 0.6874999999999999 0 0.9374999999999999 0.7187499999999999 0 0.9374999999999999 0.6979166666666665 0 0.9375000000000002 0.7083333333333335 0 0.9687499999999999 0.6874999999999999 0 0.9479166666666665 0.6874999999999999 0 0.9583333333333336 0.6875000000000001 0 0.9687500000000001 0.7187500000000001 0 0.9479166666666665 0.7187499999999999 0 0.9583333333333336 0.7187500000000001 0 0.9687499999999999 0.6979166666666665 0 0.9687500000000002 0.7083333333333335 0 0.9687499999999999 0.6874999999999999 0 0.9687499999999999 0.7187499999999999 0 0.9687499999999999 0.6979166666666665 0 0.9687500000000002 0.7083333333333335 0 0.9999999999999999 0.6874999999999999 0 0.9791666666666665 0.6874999999999999 0 0.9895833333333336 0.6875000000000001 0 1 0.7187500000000001 0 0.9791666666666665 0.7187499999999999 0 0.9895833333333336 0.7187500000000001 0 0.9999999999999998 0.6979166666666665 0 1 0.7083333333333335 0 -2.891205793294678e-19 0.7187499999999999 0 -2.891205793294678e-19 0.7499999999999999 0 0 0.7291666666666665 0 0 0.7395833333333335 0 0.03125 0.7187499999999999 0 0.01041666666666666 0.7187499999999999 0 0.02083333333333334 0.7187500000000001 0 0.03125 0.7500000000000001 0 0.01041666666666666 0.7499999999999999 0 0.02083333333333334 0.7500000000000001 0 0.03124999999999999 0.7291666666666665 0 0.03125000000000001 0.7395833333333335 0 0.03125 0.7187499999999999 0 0.03125 0.7499999999999999 0 0.03124999999999999 0.7291666666666665 0 0.03125000000000001 0.7395833333333335 0 0.06249999999999999 0.7187499999999999 0 0.04166666666666666 0.7187499999999999 0 0.05208333333333334 0.7187500000000001 0 0.0625 0.7500000000000001 0 0.04166666666666666 0.7499999999999999 0 0.05208333333333334 0.7500000000000001 0 0.06249999999999999 0.7291666666666665 0 0.06250000000000001 0.7395833333333335 0 0.06249999999999999 0.7187499999999999 0 0.06249999999999999 0.7499999999999999 0 0.06249999999999999 0.7291666666666665 0 0.06250000000000001 0.7395833333333335 0 0.09374999999999999 0.7187499999999999 0 0.07291666666666666 0.7187499999999999 0 0.08333333333333334 0.7187500000000001 0 0.09375000000000001 0.7500000000000001 0 0.07291666666666666 0.7499999999999999 0 0.08333333333333334 0.7500000000000001 0 0.09374999999999999 0.7291666666666665 0 0.09375000000000001 0.7395833333333335 0 0.09374999999999999 0.7187499999999999 0 0.09374999999999999 0.7499999999999999 0 0.09374999999999999 0.7291666666666665 0 0.09375000000000001 0.7395833333333335 0 0.125 0.7187499999999999 0 0.1041666666666667 0.7187499999999999 0 0.1145833333333334 0.7187500000000001 0 0.125 0.7500000000000001 0 0.1041666666666667 0.7499999999999999 0 0.1145833333333334 0.7500000000000001 0 0.125 0.7291666666666665 0 0.125 0.7395833333333335 0 0.125 0.7187499999999999 0 0.125 0.7499999999999999 0 0.125 0.7291666666666665 0 0.125 0.7395833333333335 0 0.15625 0.7187499999999999 0 0.1354166666666666 0.7187499999999999 0 0.1458333333333334 0.7187500000000001 0 0.15625 0.7500000000000001 0 0.1354166666666666 0.7499999999999999 0 0.1458333333333334 0.7500000000000001 0 0.15625 0.7291666666666665 0 0.15625 0.7395833333333335 0 0.15625 0.7187499999999999 0 0.15625 0.7499999999999999 0 0.15625 0.7291666666666665 0 0.15625 0.7395833333333335 0 0.1875 0.7187499999999999 0 0.1666666666666666 0.7187499999999999 0 0.1770833333333334 0.7187500000000001 0 0.1875 0.7500000000000001 0 0.1666666666666666 0.7499999999999999 0 0.1770833333333334 0.7500000000000001 0 0.1875 0.7291666666666665 0 0.1875 0.7395833333333335 0 0.1875 0.7187499999999999 0 0.1875 0.7499999999999999 0 0.1875 0.7291666666666665 0 0.1875 0.7395833333333335 0 0.21875 0.7187499999999999 0 0.1979166666666666 0.7187499999999999 0 0.2083333333333334 0.7187500000000001 0 0.21875 0.7500000000000001 0 0.1979166666666666 0.7499999999999999 0 0.2083333333333334 0.7500000000000001 0 0.21875 0.7291666666666665 0 0.2187500000000001 0.7395833333333335 0 0.21875 0.7187499999999999 0 0.21875 0.7499999999999999 0 0.21875 0.7291666666666665 0 0.2187500000000001 0.7395833333333335 0 0.25 0.7187499999999999 0 0.2291666666666666 0.7187499999999999 0 0.2395833333333334 0.7187500000000001 0 0.25 0.7500000000000001 0 0.2291666666666666 0.7499999999999999 0 0.2395833333333334 0.7500000000000001 0 0.2499999999999999 0.7291666666666665 0 0.2500000000000001 0.7395833333333335 0 0.25 0.7187499999999999 0 0.25 0.7499999999999999 0 0.2499999999999999 0.7291666666666665 0 0.2500000000000001 0.7395833333333335 0 0.2812499999999999 0.7187499999999999 0 0.2604166666666666 0.7187499999999999 0 0.2708333333333334 0.7187500000000001 0 0.2812500000000001 0.7500000000000001 0 0.2604166666666666 0.7499999999999999 0 0.2708333333333334 0.7500000000000001 0 0.2812499999999999 0.7291666666666665 0 0.2812500000000001 0.7395833333333335 0 0.2812499999999999 0.7187499999999999 0 0.2812499999999999 0.7499999999999999 0 0.2812499999999999 0.7291666666666665 0 0.2812500000000001 0.7395833333333335 0 0.3124999999999999 0.7187499999999999 0 0.2916666666666666 0.7187499999999999 0 0.3020833333333334 0.7187500000000001 0 0.3125000000000001 0.7500000000000001 0 0.2916666666666666 0.7499999999999999 0 0.3020833333333334 0.7500000000000001 0 0.3124999999999999 0.7291666666666665 0 0.3125000000000001 0.7395833333333335 0 0.3124999999999999 0.7187499999999999 0 0.3124999999999999 0.7499999999999999 0 0.3124999999999999 0.7291666666666665 0 0.3125000000000001 0.7395833333333335 0 0.3437499999999999 0.7187499999999999 0 0.3229166666666666 0.7187499999999999 0 0.3333333333333334 0.7187500000000001 0 0.3437500000000001 0.7500000000000001 0 0.3229166666666666 0.7499999999999999 0 0.3333333333333334 0.7500000000000001 0 0.3437499999999999 0.7291666666666665 0 0.3437500000000001 0.7395833333333335 0 0.3437499999999999 0.7187499999999999 0 0.3437499999999999 0.7499999999999999 0 0.3437499999999999 0.7291666666666665 0 0.3437500000000001 0.7395833333333335 0 0.3749999999999999 0.7187499999999999 0 0.3541666666666666 0.7187499999999999 0 0.3645833333333334 0.7187500000000001 0 0.3750000000000001 0.7500000000000001 0 0.3541666666666666 0.7499999999999999 0 0.3645833333333334 0.7500000000000001 0 0.3749999999999999 0.7291666666666665 0 0.3750000000000001 0.7395833333333335 0 0.3749999999999999 0.7187499999999999 0 0.3749999999999999 0.7499999999999999 0 0.3749999999999999 0.7291666666666665 0 0.3750000000000001 0.7395833333333335 0 0.4062499999999999 0.7187499999999999 0 0.3854166666666666 0.7187499999999999 0 0.3958333333333334 0.7187500000000001 0 0.4062500000000001 0.7500000000000001 0 0.3854166666666666 0.7499999999999999 0 0.3958333333333334 0.7500000000000001 0 0.4062499999999999 0.7291666666666665 0 0.4062500000000001 0.7395833333333335 0 0.4062499999999999 0.7187499999999999 0 0.4062499999999999 0.7499999999999999 0 0.4062499999999999 0.7291666666666665 0 0.4062500000000001 0.7395833333333335 0 0.4374999999999999 0.7187499999999999 0 0.4166666666666666 0.7187499999999999 0 0.4270833333333334 0.7187500000000001 0 0.4375000000000001 0.7500000000000001 0 0.4166666666666666 0.7499999999999999 0 0.4270833333333334 0.7500000000000001 0 0.4374999999999999 0.7291666666666665 0 0.4375000000000001 0.7395833333333335 0 0.4374999999999999 0.7187499999999999 0 0.4374999999999999 0.7499999999999999 0 0.4374999999999999 0.7291666666666665 0 0.4375000000000001 0.7395833333333335 0 0.4687499999999999 0.7187499999999999 0 0.4479166666666666 0.7187499999999999 0 0.4583333333333334 0.7187500000000001 0 0.4687500000000001 0.7500000000000001 0 0.4479166666666666 0.7499999999999999 0 0.4583333333333334 0.7500000000000001 0 0.4687499999999999 0.7291666666666665 0 0.4687500000000001 0.7395833333333335 0 0.4687499999999999 0.7187499999999999 0 0.4687499999999999 0.7499999999999999 0 0.4687499999999999 0.7291666666666665 0 0.4687500000000001 0.7395833333333335 0 0.4999999999999999 0.7187499999999999 0 0.4791666666666666 0.7187499999999999 0 0.4895833333333334 0.7187500000000001 0 0.5 0.7500000000000001 0 0.4791666666666666 0.7499999999999999 0 0.4895833333333334 0.7500000000000001 0 0.4999999999999999 0.7291666666666665 0 0.5000000000000001 0.7395833333333335 0 0.4999999999999999 0.7187499999999999 0 0.4999999999999999 0.7499999999999999 0 0.4999999999999999 0.7291666666666665 0 0.5000000000000001 0.7395833333333335 0 0.5312499999999999 0.7187499999999999 0 0.5104166666666665 0.7187499999999999 0 0.5208333333333335 0.7187500000000001 0 0.5312500000000001 0.7500000000000001 0 0.5104166666666665 0.7499999999999999 0 0.5208333333333335 0.7500000000000001 0 0.5312499999999999 0.7291666666666665 0 0.5312500000000001 0.7395833333333335 0 0.5312499999999999 0.7187499999999999 0 0.5312499999999999 0.7499999999999999 0 0.5312499999999999 0.7291666666666665 0 0.5312500000000001 0.7395833333333335 0 0.5624999999999999 0.7187499999999999 0 0.5416666666666665 0.7187499999999999 0 0.5520833333333335 0.7187500000000001 0 0.5625000000000001 0.7500000000000001 0 0.5416666666666665 0.7499999999999999 0 0.5520833333333335 0.7500000000000001 0 0.5624999999999999 0.7291666666666665 0 0.5625000000000001 0.7395833333333335 0 0.5624999999999999 0.7187499999999999 0 0.5624999999999999 0.7499999999999999 0 0.5624999999999999 0.7291666666666665 0 0.5625000000000001 0.7395833333333335 0 0.5937499999999999 0.7187499999999999 0 0.5729166666666665 0.7187499999999999 0 0.5833333333333335 0.7187500000000001 0 0.5937500000000001 0.7500000000000001 0 0.5729166666666665 0.7499999999999999 0 0.5833333333333335 0.7500000000000001 0 0.5937499999999999 0.7291666666666665 0 0.5937500000000001 0.7395833333333335 0 0.5937499999999999 0.7187499999999999 0 0.5937499999999999 0.7499999999999999 0 0.5937499999999999 0.7291666666666665 0 0.5937500000000001 0.7395833333333335 0 0.6249999999999999 0.7187499999999999 0 0.6041666666666665 0.7187499999999999 0 0.6145833333333335 0.7187500000000001 0 0.6250000000000001 0.7500000000000001 0 0.6041666666666665 0.7499999999999999 0 0.6145833333333335 0.7500000000000001 0 0.6249999999999999 0.7291666666666665 0 0.6250000000000001 0.7395833333333335 0 0.6249999999999999 0.7187499999999999 0 0.6249999999999999 0.7499999999999999 0 0.6249999999999999 0.7291666666666665 0 0.6250000000000001 0.7395833333333335 0 0.6562499999999999 0.7187499999999999 0 0.6354166666666665 0.7187499999999999 0 0.6458333333333335 0.7187500000000001 0 0.6562500000000001 0.7500000000000001 0 0.6354166666666665 0.7499999999999999 0 0.6458333333333335 0.7500000000000001 0 0.6562499999999999 0.7291666666666665 0 0.6562500000000001 0.7395833333333335 0 0.6562499999999999 0.7187499999999999 0 0.6562499999999999 0.7499999999999999 0 0.6562499999999999 0.7291666666666665 0 0.6562500000000001 0.7395833333333335 0 0.6874999999999999 0.7187499999999999 0 0.6666666666666665 0.7187499999999999 0 0.6770833333333335 0.7187500000000001 0 0.6875000000000001 0.7500000000000001 0 0.6666666666666665 0.7499999999999999 0 0.6770833333333335 0.7500000000000001 0 0.6874999999999999 0.7291666666666665 0 0.6875000000000001 0.7395833333333335 0 0.6874999999999999 0.7187499999999999 0 0.6874999999999999 0.7499999999999999 0 0.6874999999999999 0.7291666666666665 0 0.6875000000000001 0.7395833333333335 0 0.7187499999999999 0.7187499999999999 0 0.6979166666666665 0.7187499999999999 0 0.7083333333333335 0.7187500000000001 0 0.7187500000000001 0.7500000000000001 0 0.6979166666666665 0.7499999999999999 0 0.7083333333333335 0.7500000000000001 0 0.7187499999999999 0.7291666666666665 0 0.7187500000000001 0.7395833333333335 0 0.7187499999999999 0.7187499999999999 0 0.7187499999999999 0.7499999999999999 0 0.7187499999999999 0.7291666666666665 0 0.7187500000000001 0.7395833333333335 0 0.7499999999999999 0.7187499999999999 0 0.7291666666666665 0.7187499999999999 0 0.7395833333333335 0.7187500000000001 0 0.7500000000000001 0.7500000000000001 0 0.7291666666666665 0.7499999999999999 0 0.7395833333333335 0.7500000000000001 0 0.7499999999999999 0.7291666666666665 0 0.7500000000000001 0.7395833333333335 0 0.7499999999999999 0.7187499999999999 0 0.7499999999999999 0.7499999999999999 0 0.7499999999999999 0.7291666666666665 0 0.7500000000000001 0.7395833333333335 0 0.7812499999999999 0.7187499999999999 0 0.7604166666666665 0.7187499999999999 0 0.7708333333333335 0.7187500000000001 0 0.7812500000000001 0.7500000000000001 0 0.7604166666666665 0.7499999999999999 0 0.7708333333333335 0.7500000000000001 0 0.7812499999999999 0.7291666666666665 0 0.7812500000000001 0.7395833333333335 0 0.7812499999999999 0.7187499999999999 0 0.7812499999999999 0.7499999999999999 0 0.7812499999999999 0.7291666666666665 0 0.7812500000000001 0.7395833333333335 0 0.8124999999999999 0.7187499999999999 0 0.7916666666666665 0.7187499999999999 0 0.8020833333333335 0.7187500000000001 0 0.8125000000000001 0.7500000000000001 0 0.7916666666666665 0.7499999999999999 0 0.8020833333333335 0.7500000000000001 0 0.8124999999999999 0.7291666666666665 0 0.8125000000000002 0.7395833333333335 0 0.8124999999999999 0.7187499999999999 0 0.8124999999999999 0.7499999999999999 0 0.8124999999999999 0.7291666666666665 0 0.8125000000000002 0.7395833333333335 0 0.8437499999999999 0.7187499999999999 0 0.8229166666666665 0.7187499999999999 0 0.8333333333333336 0.7187500000000001 0 0.8437500000000001 0.7500000000000001 0 0.8229166666666665 0.7499999999999999 0 0.8333333333333336 0.7500000000000001 0 0.8437499999999999 0.7291666666666665 0 0.8437500000000002 0.7395833333333335 0 0.8437499999999999 0.7187499999999999 0 0.8437499999999999 0.7499999999999999 0 0.8437499999999999 0.7291666666666665 0 0.8437500000000002 0.7395833333333335 0 0.8749999999999999 0.7187499999999999 0 0.8541666666666665 0.7187499999999999 0 0.8645833333333336 0.7187500000000001 0 0.8750000000000001 0.7500000000000001 0 0.8541666666666665 0.7499999999999999 0 0.8645833333333336 0.7500000000000001 0 0.8749999999999999 0.7291666666666665 0 0.8750000000000002 0.7395833333333335 0 0.8749999999999999 0.7187499999999999 0 0.8749999999999999 0.7499999999999999 0 0.8749999999999999 0.7291666666666665 0 0.8750000000000002 0.7395833333333335 0 0.9062499999999999 0.7187499999999999 0 0.8854166666666665 0.7187499999999999 0 0.8958333333333336 0.7187500000000001 0 0.9062500000000001 0.7500000000000001 0 0.8854166666666665 0.7499999999999999 0 0.8958333333333336 0.7500000000000001 0 0.9062499999999999 0.7291666666666665 0 0.9062500000000002 0.7395833333333335 0 0.9062499999999999 0.7187499999999999 0 0.9062499999999999 0.7499999999999999 0 0.9062499999999999 0.7291666666666665 0 0.9062500000000002 0.7395833333333335 0 0.9374999999999999 0.7187499999999999 0 0.9166666666666665 0.7187499999999999 0 0.9270833333333336 0.7187500000000001 0 0.9375000000000001 0.7500000000000001 0 0.9166666666666665 0.7499999999999999 0 0.9270833333333336 0.7500000000000001 0 0.9374999999999999 0.7291666666666665 0 0.9375000000000002 0.7395833333333335 0 0.9374999999999999 0.7187499999999999 0 0.9374999999999999 0.7499999999999999 0 0.9374999999999999 0.7291666666666665 0 0.9375000000000002 0.7395833333333335 0 0.9687499999999999 0.7187499999999999 0 0.9479166666666665 0.7187499999999999 0 0.9583333333333336 0.7187500000000001 0 0.9687500000000001 0.7500000000000001 0 0.9479166666666665 0.7499999999999999 0 0.9583333333333336 0.7500000000000001 0 0.9687499999999999 0.7291666666666665 0 0.9687500000000002 0.7395833333333335 0 0.9687499999999999 0.7187499999999999 0 0.9687499999999999 0.7499999999999999 0 0.9687499999999999 0.7291666666666665 0 0.9687500000000002 0.7395833333333335 0 0.9999999999999999 0.7187499999999999 0 0.9791666666666665 0.7187499999999999 0 0.9895833333333336 0.7187500000000001 0 1 0.7500000000000001 0 0.9791666666666665 0.7499999999999999 0 0.9895833333333336 0.7500000000000001 0 0.9999999999999998 0.7291666666666665 0 1 0.7395833333333335 0 -2.891205793294678e-19 0.7499999999999999 0 -2.891205793294678e-19 0.7812499999999999 0 0 0.7604166666666665 0 0 0.7708333333333335 0 0.03125 0.7499999999999999 0 0.01041666666666666 0.7499999999999999 0 0.02083333333333334 0.7500000000000001 0 0.03125 0.7812500000000001 0 0.01041666666666666 0.7812499999999999 0 0.02083333333333334 0.7812500000000001 0 0.03124999999999999 0.7604166666666665 0 0.03125000000000001 0.7708333333333335 0 0.03125 0.7499999999999999 0 0.03125 0.7812499999999999 0 0.03124999999999999 0.7604166666666665 0 0.03125000000000001 0.7708333333333335 0 0.06249999999999999 0.7499999999999999 0 0.04166666666666666 0.7499999999999999 0 0.05208333333333334 0.7500000000000001 0 0.0625 0.7812500000000001 0 0.04166666666666666 0.7812499999999999 0 0.05208333333333334 0.7812500000000001 0 0.06249999999999999 0.7604166666666665 0 0.06250000000000001 0.7708333333333335 0 0.06249999999999999 0.7499999999999999 0 0.06249999999999999 0.7812499999999999 0 0.06249999999999999 0.7604166666666665 0 0.06250000000000001 0.7708333333333335 0 0.09374999999999999 0.7499999999999999 0 0.07291666666666666 0.7499999999999999 0 0.08333333333333334 0.7500000000000001 0 0.09375000000000001 0.7812500000000001 0 0.07291666666666666 0.7812499999999999 0 0.08333333333333334 0.7812500000000001 0 0.09374999999999999 0.7604166666666665 0 0.09375000000000001 0.7708333333333335 0 0.09374999999999999 0.7499999999999999 0 0.09374999999999999 0.7812499999999999 0 0.09374999999999999 0.7604166666666665 0 0.09375000000000001 0.7708333333333335 0 0.125 0.7499999999999999 0 0.1041666666666667 0.7499999999999999 0 0.1145833333333334 0.7500000000000001 0 0.125 0.7812500000000001 0 0.1041666666666667 0.7812499999999999 0 0.1145833333333334 0.7812500000000001 0 0.125 0.7604166666666665 0 0.125 0.7708333333333335 0 0.125 0.7499999999999999 0 0.125 0.7812499999999999 0 0.125 0.7604166666666665 0 0.125 0.7708333333333335 0 0.15625 0.7499999999999999 0 0.1354166666666666 0.7499999999999999 0 0.1458333333333334 0.7500000000000001 0 0.15625 0.7812500000000001 0 0.1354166666666666 0.7812499999999999 0 0.1458333333333334 0.7812500000000001 0 0.15625 0.7604166666666665 0 0.15625 0.7708333333333335 0 0.15625 0.7499999999999999 0 0.15625 0.7812499999999999 0 0.15625 0.7604166666666665 0 0.15625 0.7708333333333335 0 0.1875 0.7499999999999999 0 0.1666666666666666 0.7499999999999999 0 0.1770833333333334 0.7500000000000001 0 0.1875 0.7812500000000001 0 0.1666666666666666 0.7812499999999999 0 0.1770833333333334 0.7812500000000001 0 0.1875 0.7604166666666665 0 0.1875 0.7708333333333335 0 0.1875 0.7499999999999999 0 0.1875 0.7812499999999999 0 0.1875 0.7604166666666665 0 0.1875 0.7708333333333335 0 0.21875 0.7499999999999999 0 0.1979166666666666 0.7499999999999999 0 0.2083333333333334 0.7500000000000001 0 0.21875 0.7812500000000001 0 0.1979166666666666 0.7812499999999999 0 0.2083333333333334 0.7812500000000001 0 0.21875 0.7604166666666665 0 0.2187500000000001 0.7708333333333335 0 0.21875 0.7499999999999999 0 0.21875 0.7812499999999999 0 0.21875 0.7604166666666665 0 0.2187500000000001 0.7708333333333335 0 0.25 0.7499999999999999 0 0.2291666666666666 0.7499999999999999 0 0.2395833333333334 0.7500000000000001 0 0.25 0.7812500000000001 0 0.2291666666666666 0.7812499999999999 0 0.2395833333333334 0.7812500000000001 0 0.2499999999999999 0.7604166666666665 0 0.2500000000000001 0.7708333333333335 0 0.25 0.7499999999999999 0 0.25 0.7812499999999999 0 0.2499999999999999 0.7604166666666665 0 0.2500000000000001 0.7708333333333335 0 0.2812499999999999 0.7499999999999999 0 0.2604166666666666 0.7499999999999999 0 0.2708333333333334 0.7500000000000001 0 0.2812500000000001 0.7812500000000001 0 0.2604166666666666 0.7812499999999999 0 0.2708333333333334 0.7812500000000001 0 0.2812499999999999 0.7604166666666665 0 0.2812500000000001 0.7708333333333335 0 0.2812499999999999 0.7499999999999999 0 0.2812499999999999 0.7812499999999999 0 0.2812499999999999 0.7604166666666665 0 0.2812500000000001 0.7708333333333335 0 0.3124999999999999 0.7499999999999999 0 0.2916666666666666 0.7499999999999999 0 0.3020833333333334 0.7500000000000001 0 0.3125000000000001 0.7812500000000001 0 0.2916666666666666 0.7812499999999999 0 0.3020833333333334 0.7812500000000001 0 0.3124999999999999 0.7604166666666665 0 0.3125000000000001 0.7708333333333335 0 0.3124999999999999 0.7499999999999999 0 0.3124999999999999 0.7812499999999999 0 0.3124999999999999 0.7604166666666665 0 0.3125000000000001 0.7708333333333335 0 0.3437499999999999 0.7499999999999999 0 0.3229166666666666 0.7499999999999999 0 0.3333333333333334 0.7500000000000001 0 0.3437500000000001 0.7812500000000001 0 0.3229166666666666 0.7812499999999999 0 0.3333333333333334 0.7812500000000001 0 0.3437499999999999 0.7604166666666665 0 0.3437500000000001 0.7708333333333335 0 0.3437499999999999 0.7499999999999999 0 0.3437499999999999 0.7812499999999999 0 0.3437499999999999 0.7604166666666665 0 0.3437500000000001 0.7708333333333335 0 0.3749999999999999 0.7499999999999999 0 0.3541666666666666 0.7499999999999999 0 0.3645833333333334 0.7500000000000001 0 0.3750000000000001 0.7812500000000001 0 0.3541666666666666 0.7812499999999999 0 0.3645833333333334 0.7812500000000001 0 0.3749999999999999 0.7604166666666665 0 0.3750000000000001 0.7708333333333335 0 0.3749999999999999 0.7499999999999999 0 0.3749999999999999 0.7812499999999999 0 0.3749999999999999 0.7604166666666665 0 0.3750000000000001 0.7708333333333335 0 0.4062499999999999 0.7499999999999999 0 0.3854166666666666 0.7499999999999999 0 0.3958333333333334 0.7500000000000001 0 0.4062500000000001 0.7812500000000001 0 0.3854166666666666 0.7812499999999999 0 0.3958333333333334 0.7812500000000001 0 0.4062499999999999 0.7604166666666665 0 0.4062500000000001 0.7708333333333335 0 0.4062499999999999 0.7499999999999999 0 0.4062499999999999 0.7812499999999999 0 0.4062499999999999 0.7604166666666665 0 0.4062500000000001 0.7708333333333335 0 0.4374999999999999 0.7499999999999999 0 0.4166666666666666 0.7499999999999999 0 0.4270833333333334 0.7500000000000001 0 0.4375000000000001 0.7812500000000001 0 0.4166666666666666 0.7812499999999999 0 0.4270833333333334 0.7812500000000001 0 0.4374999999999999 0.7604166666666665 0 0.4375000000000001 0.7708333333333335 0 0.4374999999999999 0.7499999999999999 0 0.4374999999999999 0.7812499999999999 0 0.4374999999999999 0.7604166666666665 0 0.4375000000000001 0.7708333333333335 0 0.4687499999999999 0.7499999999999999 0 0.4479166666666666 0.7499999999999999 0 0.4583333333333334 0.7500000000000001 0 0.4687500000000001 0.7812500000000001 0 0.4479166666666666 0.7812499999999999 0 0.4583333333333334 0.7812500000000001 0 0.4687499999999999 0.7604166666666665 0 0.4687500000000001 0.7708333333333335 0 0.4687499999999999 0.7499999999999999 0 0.4687499999999999 0.7812499999999999 0 0.4687499999999999 0.7604166666666665 0 0.4687500000000001 0.7708333333333335 0 0.4999999999999999 0.7499999999999999 0 0.4791666666666666 0.7499999999999999 0 0.4895833333333334 0.7500000000000001 0 0.5 0.7812500000000001 0 0.4791666666666666 0.7812499999999999 0 0.4895833333333334 0.7812500000000001 0 0.4999999999999999 0.7604166666666665 0 0.5000000000000001 0.7708333333333335 0 0.4999999999999999 0.7499999999999999 0 0.4999999999999999 0.7812499999999999 0 0.4999999999999999 0.7604166666666665 0 0.5000000000000001 0.7708333333333335 0 0.5312499999999999 0.7499999999999999 0 0.5104166666666665 0.7499999999999999 0 0.5208333333333335 0.7500000000000001 0 0.5312500000000001 0.7812500000000001 0 0.5104166666666665 0.7812499999999999 0 0.5208333333333335 0.7812500000000001 0 0.5312499999999999 0.7604166666666665 0 0.5312500000000001 0.7708333333333335 0 0.5312499999999999 0.7499999999999999 0 0.5312499999999999 0.7812499999999999 0 0.5312499999999999 0.7604166666666665 0 0.5312500000000001 0.7708333333333335 0 0.5624999999999999 0.7499999999999999 0 0.5416666666666665 0.7499999999999999 0 0.5520833333333335 0.7500000000000001 0 0.5625000000000001 0.7812500000000001 0 0.5416666666666665 0.7812499999999999 0 0.5520833333333335 0.7812500000000001 0 0.5624999999999999 0.7604166666666665 0 0.5625000000000001 0.7708333333333335 0 0.5624999999999999 0.7499999999999999 0 0.5624999999999999 0.7812499999999999 0 0.5624999999999999 0.7604166666666665 0 0.5625000000000001 0.7708333333333335 0 0.5937499999999999 0.7499999999999999 0 0.5729166666666665 0.7499999999999999 0 0.5833333333333335 0.7500000000000001 0 0.5937500000000001 0.7812500000000001 0 0.5729166666666665 0.7812499999999999 0 0.5833333333333335 0.7812500000000001 0 0.5937499999999999 0.7604166666666665 0 0.5937500000000001 0.7708333333333335 0 0.5937499999999999 0.7499999999999999 0 0.5937499999999999 0.7812499999999999 0 0.5937499999999999 0.7604166666666665 0 0.5937500000000001 0.7708333333333335 0 0.6249999999999999 0.7499999999999999 0 0.6041666666666665 0.7499999999999999 0 0.6145833333333335 0.7500000000000001 0 0.6250000000000001 0.7812500000000001 0 0.6041666666666665 0.7812499999999999 0 0.6145833333333335 0.7812500000000001 0 0.6249999999999999 0.7604166666666665 0 0.6250000000000001 0.7708333333333335 0 0.6249999999999999 0.7499999999999999 0 0.6249999999999999 0.7812499999999999 0 0.6249999999999999 0.7604166666666665 0 0.6250000000000001 0.7708333333333335 0 0.6562499999999999 0.7499999999999999 0 0.6354166666666665 0.7499999999999999 0 0.6458333333333335 0.7500000000000001 0 0.6562500000000001 0.7812500000000001 0 0.6354166666666665 0.7812499999999999 0 0.6458333333333335 0.7812500000000001 0 0.6562499999999999 0.7604166666666665 0 0.6562500000000001 0.7708333333333335 0 0.6562499999999999 0.7499999999999999 0 0.6562499999999999 0.7812499999999999 0 0.6562499999999999 0.7604166666666665 0 0.6562500000000001 0.7708333333333335 0 0.6874999999999999 0.7499999999999999 0 0.6666666666666665 0.7499999999999999 0 0.6770833333333335 0.7500000000000001 0 0.6875000000000001 0.7812500000000001 0 0.6666666666666665 0.7812499999999999 0 0.6770833333333335 0.7812500000000001 0 0.6874999999999999 0.7604166666666665 0 0.6875000000000001 0.7708333333333335 0 0.6874999999999999 0.7499999999999999 0 0.6874999999999999 0.7812499999999999 0 0.6874999999999999 0.7604166666666665 0 0.6875000000000001 0.7708333333333335 0 0.7187499999999999 0.7499999999999999 0 0.6979166666666665 0.7499999999999999 0 0.7083333333333335 0.7500000000000001 0 0.7187500000000001 0.7812500000000001 0 0.6979166666666665 0.7812499999999999 0 0.7083333333333335 0.7812500000000001 0 0.7187499999999999 0.7604166666666665 0 0.7187500000000001 0.7708333333333335 0 0.7187499999999999 0.7499999999999999 0 0.7187499999999999 0.7812499999999999 0 0.7187499999999999 0.7604166666666665 0 0.7187500000000001 0.7708333333333335 0 0.7499999999999999 0.7499999999999999 0 0.7291666666666665 0.7499999999999999 0 0.7395833333333335 0.7500000000000001 0 0.7500000000000001 0.7812500000000001 0 0.7291666666666665 0.7812499999999999 0 0.7395833333333335 0.7812500000000001 0 0.7499999999999999 0.7604166666666665 0 0.7500000000000001 0.7708333333333335 0 0.7499999999999999 0.7499999999999999 0 0.7499999999999999 0.7812499999999999 0 0.7499999999999999 0.7604166666666665 0 0.7500000000000001 0.7708333333333335 0 0.7812499999999999 0.7499999999999999 0 0.7604166666666665 0.7499999999999999 0 0.7708333333333335 0.7500000000000001 0 0.7812500000000001 0.7812500000000001 0 0.7604166666666665 0.7812499999999999 0 0.7708333333333335 0.7812500000000001 0 0.7812499999999999 0.7604166666666665 0 0.7812500000000001 0.7708333333333335 0 0.7812499999999999 0.7499999999999999 0 0.7812499999999999 0.7812499999999999 0 0.7812499999999999 0.7604166666666665 0 0.7812500000000001 0.7708333333333335 0 0.8124999999999999 0.7499999999999999 0 0.7916666666666665 0.7499999999999999 0 0.8020833333333335 0.7500000000000001 0 0.8125000000000001 0.7812500000000001 0 0.7916666666666665 0.7812499999999999 0 0.8020833333333335 0.7812500000000001 0 0.8124999999999999 0.7604166666666665 0 0.8125000000000002 0.7708333333333335 0 0.8124999999999999 0.7499999999999999 0 0.8124999999999999 0.7812499999999999 0 0.8124999999999999 0.7604166666666665 0 0.8125000000000002 0.7708333333333335 0 0.8437499999999999 0.7499999999999999 0 0.8229166666666665 0.7499999999999999 0 0.8333333333333336 0.7500000000000001 0 0.8437500000000001 0.7812500000000001 0 0.8229166666666665 0.7812499999999999 0 0.8333333333333336 0.7812500000000001 0 0.8437499999999999 0.7604166666666665 0 0.8437500000000002 0.7708333333333335 0 0.8437499999999999 0.7499999999999999 0 0.8437499999999999 0.7812499999999999 0 0.8437499999999999 0.7604166666666665 0 0.8437500000000002 0.7708333333333335 0 0.8749999999999999 0.7499999999999999 0 0.8541666666666665 0.7499999999999999 0 0.8645833333333336 0.7500000000000001 0 0.8750000000000001 0.7812500000000001 0 0.8541666666666665 0.7812499999999999 0 0.8645833333333336 0.7812500000000001 0 0.8749999999999999 0.7604166666666665 0 0.8750000000000002 0.7708333333333335 0 0.8749999999999999 0.7499999999999999 0 0.8749999999999999 0.7812499999999999 0 0.8749999999999999 0.7604166666666665 0 0.8750000000000002 0.7708333333333335 0 0.9062499999999999 0.7499999999999999 0 0.8854166666666665 0.7499999999999999 0 0.8958333333333336 0.7500000000000001 0 0.9062500000000001 0.7812500000000001 0 0.8854166666666665 0.7812499999999999 0 0.8958333333333336 0.7812500000000001 0 0.9062499999999999 0.7604166666666665 0 0.9062500000000002 0.7708333333333335 0 0.9062499999999999 0.7499999999999999 0 0.9062499999999999 0.7812499999999999 0 0.9062499999999999 0.7604166666666665 0 0.9062500000000002 0.7708333333333335 0 0.9374999999999999 0.7499999999999999 0 0.9166666666666665 0.7499999999999999 0 0.9270833333333336 0.7500000000000001 0 0.9375000000000001 0.7812500000000001 0 0.9166666666666665 0.7812499999999999 0 0.9270833333333336 0.7812500000000001 0 0.9374999999999999 0.7604166666666665 0 0.9375000000000002 0.7708333333333335 0 0.9374999999999999 0.7499999999999999 0 0.9374999999999999 0.7812499999999999 0 0.9374999999999999 0.7604166666666665 0 0.9375000000000002 0.7708333333333335 0 0.9687499999999999 0.7499999999999999 0 0.9479166666666665 0.7499999999999999 0 0.9583333333333336 0.7500000000000001 0 0.9687500000000001 0.7812500000000001 0 0.9479166666666665 0.7812499999999999 0 0.9583333333333336 0.7812500000000001 0 0.9687499999999999 0.7604166666666665 0 0.9687500000000002 0.7708333333333335 0 0.9687499999999999 0.7499999999999999 0 0.9687499999999999 0.7812499999999999 0 0.9687499999999999 0.7604166666666665 0 0.9687500000000002 0.7708333333333335 0 0.9999999999999999 0.7499999999999999 0 0.9791666666666665 0.7499999999999999 0 0.9895833333333336 0.7500000000000001 0 1 0.7812500000000001 0 0.9791666666666665 0.7812499999999999 0 0.9895833333333336 0.7812500000000001 0 0.9999999999999998 0.7604166666666665 0 1 0.7708333333333335 0 -2.891205793294678e-19 0.7812499999999999 0 -2.891205793294678e-19 0.8124999999999999 0 0 0.7916666666666665 0 0 0.8020833333333335 0 0.03125 0.7812499999999999 0 0.01041666666666666 0.7812499999999999 0 0.02083333333333334 0.7812500000000001 0 0.03125 0.8125000000000001 0 0.01041666666666666 0.8124999999999999 0 0.02083333333333334 0.8125000000000002 0 0.03124999999999999 0.7916666666666665 0 0.03125000000000001 0.8020833333333335 0 0.03125 0.7812499999999999 0 0.03125 0.8124999999999999 0 0.03124999999999999 0.7916666666666665 0 0.03125000000000001 0.8020833333333335 0 0.06249999999999999 0.7812499999999999 0 0.04166666666666666 0.7812499999999999 0 0.05208333333333334 0.7812500000000001 0 0.0625 0.8125000000000001 0 0.04166666666666666 0.8124999999999999 0 0.05208333333333334 0.8125000000000002 0 0.06249999999999999 0.7916666666666665 0 0.06250000000000001 0.8020833333333335 0 0.06249999999999999 0.7812499999999999 0 0.06249999999999999 0.8124999999999999 0 0.06249999999999999 0.7916666666666665 0 0.06250000000000001 0.8020833333333335 0 0.09374999999999999 0.7812499999999999 0 0.07291666666666666 0.7812499999999999 0 0.08333333333333334 0.7812500000000001 0 0.09375000000000001 0.8125000000000001 0 0.07291666666666666 0.8124999999999999 0 0.08333333333333334 0.8125000000000002 0 0.09374999999999999 0.7916666666666665 0 0.09375000000000001 0.8020833333333335 0 0.09374999999999999 0.7812499999999999 0 0.09374999999999999 0.8124999999999999 0 0.09374999999999999 0.7916666666666665 0 0.09375000000000001 0.8020833333333335 0 0.125 0.7812499999999999 0 0.1041666666666667 0.7812499999999999 0 0.1145833333333334 0.7812500000000001 0 0.125 0.8125000000000001 0 0.1041666666666667 0.8124999999999999 0 0.1145833333333334 0.8125000000000002 0 0.125 0.7916666666666665 0 0.125 0.8020833333333335 0 0.125 0.7812499999999999 0 0.125 0.8124999999999999 0 0.125 0.7916666666666665 0 0.125 0.8020833333333335 0 0.15625 0.7812499999999999 0 0.1354166666666666 0.7812499999999999 0 0.1458333333333334 0.7812500000000001 0 0.15625 0.8125000000000001 0 0.1354166666666666 0.8124999999999999 0 0.1458333333333334 0.8125000000000002 0 0.15625 0.7916666666666665 0 0.15625 0.8020833333333335 0 0.15625 0.7812499999999999 0 0.15625 0.8124999999999999 0 0.15625 0.7916666666666665 0 0.15625 0.8020833333333335 0 0.1875 0.7812499999999999 0 0.1666666666666666 0.7812499999999999 0 0.1770833333333334 0.7812500000000001 0 0.1875 0.8125000000000001 0 0.1666666666666666 0.8124999999999999 0 0.1770833333333334 0.8125000000000002 0 0.1875 0.7916666666666665 0 0.1875 0.8020833333333335 0 0.1875 0.7812499999999999 0 0.1875 0.8124999999999999 0 0.1875 0.7916666666666665 0 0.1875 0.8020833333333335 0 0.21875 0.7812499999999999 0 0.1979166666666666 0.7812499999999999 0 0.2083333333333334 0.7812500000000001 0 0.21875 0.8125000000000001 0 0.1979166666666666 0.8124999999999999 0 0.2083333333333334 0.8125000000000002 0 0.21875 0.7916666666666665 0 0.2187500000000001 0.8020833333333335 0 0.21875 0.7812499999999999 0 0.21875 0.8124999999999999 0 0.21875 0.7916666666666665 0 0.2187500000000001 0.8020833333333335 0 0.25 0.7812499999999999 0 0.2291666666666666 0.7812499999999999 0 0.2395833333333334 0.7812500000000001 0 0.25 0.8125000000000001 0 0.2291666666666666 0.8124999999999999 0 0.2395833333333334 0.8125000000000002 0 0.2499999999999999 0.7916666666666665 0 0.2500000000000001 0.8020833333333335 0 0.25 0.7812499999999999 0 0.25 0.8124999999999999 0 0.2499999999999999 0.7916666666666665 0 0.2500000000000001 0.8020833333333335 0 0.2812499999999999 0.7812499999999999 0 0.2604166666666666 0.7812499999999999 0 0.2708333333333334 0.7812500000000001 0 0.2812500000000001 0.8125000000000001 0 0.2604166666666666 0.8124999999999999 0 0.2708333333333334 0.8125000000000002 0 0.2812499999999999 0.7916666666666665 0 0.2812500000000001 0.8020833333333335 0 0.2812499999999999 0.7812499999999999 0 0.2812499999999999 0.8124999999999999 0 0.2812499999999999 0.7916666666666665 0 0.2812500000000001 0.8020833333333335 0 0.3124999999999999 0.7812499999999999 0 0.2916666666666666 0.7812499999999999 0 0.3020833333333334 0.7812500000000001 0 0.3125000000000001 0.8125000000000001 0 0.2916666666666666 0.8124999999999999 0 0.3020833333333334 0.8125000000000002 0 0.3124999999999999 0.7916666666666665 0 0.3125000000000001 0.8020833333333335 0 0.3124999999999999 0.7812499999999999 0 0.3124999999999999 0.8124999999999999 0 0.3124999999999999 0.7916666666666665 0 0.3125000000000001 0.8020833333333335 0 0.3437499999999999 0.7812499999999999 0 0.3229166666666666 0.7812499999999999 0 0.3333333333333334 0.7812500000000001 0 0.3437500000000001 0.8125000000000001 0 0.3229166666666666 0.8124999999999999 0 0.3333333333333334 0.8125000000000002 0 0.3437499999999999 0.7916666666666665 0 0.3437500000000001 0.8020833333333335 0 0.3437499999999999 0.7812499999999999 0 0.3437499999999999 0.8124999999999999 0 0.3437499999999999 0.7916666666666665 0 0.3437500000000001 0.8020833333333335 0 0.3749999999999999 0.7812499999999999 0 0.3541666666666666 0.7812499999999999 0 0.3645833333333334 0.7812500000000001 0 0.3750000000000001 0.8125000000000001 0 0.3541666666666666 0.8124999999999999 0 0.3645833333333334 0.8125000000000002 0 0.3749999999999999 0.7916666666666665 0 0.3750000000000001 0.8020833333333335 0 0.3749999999999999 0.7812499999999999 0 0.3749999999999999 0.8124999999999999 0 0.3749999999999999 0.7916666666666665 0 0.3750000000000001 0.8020833333333335 0 0.4062499999999999 0.7812499999999999 0 0.3854166666666666 0.7812499999999999 0 0.3958333333333334 0.7812500000000001 0 0.4062500000000001 0.8125000000000001 0 0.3854166666666666 0.8124999999999999 0 0.3958333333333334 0.8125000000000002 0 0.4062499999999999 0.7916666666666665 0 0.4062500000000001 0.8020833333333335 0 0.4062499999999999 0.7812499999999999 0 0.4062499999999999 0.8124999999999999 0 0.4062499999999999 0.7916666666666665 0 0.4062500000000001 0.8020833333333335 0 0.4374999999999999 0.7812499999999999 0 0.4166666666666666 0.7812499999999999 0 0.4270833333333334 0.7812500000000001 0 0.4375000000000001 0.8125000000000001 0 0.4166666666666666 0.8124999999999999 0 0.4270833333333334 0.8125000000000002 0 0.4374999999999999 0.7916666666666665 0 0.4375000000000001 0.8020833333333335 0 0.4374999999999999 0.7812499999999999 0 0.4374999999999999 0.8124999999999999 0 0.4374999999999999 0.7916666666666665 0 0.4375000000000001 0.8020833333333335 0 0.4687499999999999 0.7812499999999999 0 0.4479166666666666 0.7812499999999999 0 0.4583333333333334 0.7812500000000001 0 0.4687500000000001 0.8125000000000001 0 0.4479166666666666 0.8124999999999999 0 0.4583333333333334 0.8125000000000002 0 0.4687499999999999 0.7916666666666665 0 0.4687500000000001 0.8020833333333335 0 0.4687499999999999 0.7812499999999999 0 0.4687499999999999 0.8124999999999999 0 0.4687499999999999 0.7916666666666665 0 0.4687500000000001 0.8020833333333335 0 0.4999999999999999 0.7812499999999999 0 0.4791666666666666 0.7812499999999999 0 0.4895833333333334 0.7812500000000001 0 0.5 0.8125000000000001 0 0.4791666666666666 0.8124999999999999 0 0.4895833333333334 0.8125000000000002 0 0.4999999999999999 0.7916666666666665 0 0.5000000000000001 0.8020833333333335 0 0.4999999999999999 0.7812499999999999 0 0.4999999999999999 0.8124999999999999 0 0.4999999999999999 0.7916666666666665 0 0.5000000000000001 0.8020833333333335 0 0.5312499999999999 0.7812499999999999 0 0.5104166666666665 0.7812499999999999 0 0.5208333333333335 0.7812500000000001 0 0.5312500000000001 0.8125000000000001 0 0.5104166666666665 0.8124999999999999 0 0.5208333333333335 0.8125000000000002 0 0.5312499999999999 0.7916666666666665 0 0.5312500000000001 0.8020833333333335 0 0.5312499999999999 0.7812499999999999 0 0.5312499999999999 0.8124999999999999 0 0.5312499999999999 0.7916666666666665 0 0.5312500000000001 0.8020833333333335 0 0.5624999999999999 0.7812499999999999 0 0.5416666666666665 0.7812499999999999 0 0.5520833333333335 0.7812500000000001 0 0.5625000000000001 0.8125000000000001 0 0.5416666666666665 0.8124999999999999 0 0.5520833333333335 0.8125000000000002 0 0.5624999999999999 0.7916666666666665 0 0.5625000000000001 0.8020833333333335 0 0.5624999999999999 0.7812499999999999 0 0.5624999999999999 0.8124999999999999 0 0.5624999999999999 0.7916666666666665 0 0.5625000000000001 0.8020833333333335 0 0.5937499999999999 0.7812499999999999 0 0.5729166666666665 0.7812499999999999 0 0.5833333333333335 0.7812500000000001 0 0.5937500000000001 0.8125000000000001 0 0.5729166666666665 0.8124999999999999 0 0.5833333333333335 0.8125000000000002 0 0.5937499999999999 0.7916666666666665 0 0.5937500000000001 0.8020833333333335 0 0.5937499999999999 0.7812499999999999 0 0.5937499999999999 0.8124999999999999 0 0.5937499999999999 0.7916666666666665 0 0.5937500000000001 0.8020833333333335 0 0.6249999999999999 0.7812499999999999 0 0.6041666666666665 0.7812499999999999 0 0.6145833333333335 0.7812500000000001 0 0.6250000000000001 0.8125000000000001 0 0.6041666666666665 0.8124999999999999 0 0.6145833333333335 0.8125000000000002 0 0.6249999999999999 0.7916666666666665 0 0.6250000000000001 0.8020833333333335 0 0.6249999999999999 0.7812499999999999 0 0.6249999999999999 0.8124999999999999 0 0.6249999999999999 0.7916666666666665 0 0.6250000000000001 0.8020833333333335 0 0.6562499999999999 0.7812499999999999 0 0.6354166666666665 0.7812499999999999 0 0.6458333333333335 0.7812500000000001 0 0.6562500000000001 0.8125000000000001 0 0.6354166666666665 0.8124999999999999 0 0.6458333333333335 0.8125000000000002 0 0.6562499999999999 0.7916666666666665 0 0.6562500000000001 0.8020833333333335 0 0.6562499999999999 0.7812499999999999 0 0.6562499999999999 0.8124999999999999 0 0.6562499999999999 0.7916666666666665 0 0.6562500000000001 0.8020833333333335 0 0.6874999999999999 0.7812499999999999 0 0.6666666666666665 0.7812499999999999 0 0.6770833333333335 0.7812500000000001 0 0.6875000000000001 0.8125000000000001 0 0.6666666666666665 0.8124999999999999 0 0.6770833333333335 0.8125000000000002 0 0.6874999999999999 0.7916666666666665 0 0.6875000000000001 0.8020833333333335 0 0.6874999999999999 0.7812499999999999 0 0.6874999999999999 0.8124999999999999 0 0.6874999999999999 0.7916666666666665 0 0.6875000000000001 0.8020833333333335 0 0.7187499999999999 0.7812499999999999 0 0.6979166666666665 0.7812499999999999 0 0.7083333333333335 0.7812500000000001 0 0.7187500000000001 0.8125000000000001 0 0.6979166666666665 0.8124999999999999 0 0.7083333333333335 0.8125000000000002 0 0.7187499999999999 0.7916666666666665 0 0.7187500000000001 0.8020833333333335 0 0.7187499999999999 0.7812499999999999 0 0.7187499999999999 0.8124999999999999 0 0.7187499999999999 0.7916666666666665 0 0.7187500000000001 0.8020833333333335 0 0.7499999999999999 0.7812499999999999 0 0.7291666666666665 0.7812499999999999 0 0.7395833333333335 0.7812500000000001 0 0.7500000000000001 0.8125000000000001 0 0.7291666666666665 0.8124999999999999 0 0.7395833333333335 0.8125000000000002 0 0.7499999999999999 0.7916666666666665 0 0.7500000000000001 0.8020833333333335 0 0.7499999999999999 0.7812499999999999 0 0.7499999999999999 0.8124999999999999 0 0.7499999999999999 0.7916666666666665 0 0.7500000000000001 0.8020833333333335 0 0.7812499999999999 0.7812499999999999 0 0.7604166666666665 0.7812499999999999 0 0.7708333333333335 0.7812500000000001 0 0.7812500000000001 0.8125000000000001 0 0.7604166666666665 0.8124999999999999 0 0.7708333333333335 0.8125000000000002 0 0.7812499999999999 0.7916666666666665 0 0.7812500000000001 0.8020833333333335 0 0.7812499999999999 0.7812499999999999 0 0.7812499999999999 0.8124999999999999 0 0.7812499999999999 0.7916666666666665 0 0.7812500000000001 0.8020833333333335 0 0.8124999999999999 0.7812499999999999 0 0.7916666666666665 0.7812499999999999 0 0.8020833333333335 0.7812500000000001 0 0.8125000000000001 0.8125000000000001 0 0.7916666666666665 0.8124999999999999 0 0.8020833333333335 0.8125000000000002 0 0.8124999999999999 0.7916666666666665 0 0.8125000000000002 0.8020833333333335 0 0.8124999999999999 0.7812499999999999 0 0.8124999999999999 0.8124999999999999 0 0.8124999999999999 0.7916666666666665 0 0.8125000000000002 0.8020833333333335 0 0.8437499999999999 0.7812499999999999 0 0.8229166666666665 0.7812499999999999 0 0.8333333333333336 0.7812500000000001 0 0.8437500000000001 0.8125000000000001 0 0.8229166666666665 0.8124999999999999 0 0.8333333333333336 0.8125000000000002 0 0.8437499999999999 0.7916666666666665 0 0.8437500000000002 0.8020833333333335 0 0.8437499999999999 0.7812499999999999 0 0.8437499999999999 0.8124999999999999 0 0.8437499999999999 0.7916666666666665 0 0.8437500000000002 0.8020833333333335 0 0.8749999999999999 0.7812499999999999 0 0.8541666666666665 0.7812499999999999 0 0.8645833333333336 0.7812500000000001 0 0.8750000000000001 0.8125000000000001 0 0.8541666666666665 0.8124999999999999 0 0.8645833333333336 0.8125000000000002 0 0.8749999999999999 0.7916666666666665 0 0.8750000000000002 0.8020833333333335 0 0.8749999999999999 0.7812499999999999 0 0.8749999999999999 0.8124999999999999 0 0.8749999999999999 0.7916666666666665 0 0.8750000000000002 0.8020833333333335 0 0.9062499999999999 0.7812499999999999 0 0.8854166666666665 0.7812499999999999 0 0.8958333333333336 0.7812500000000001 0 0.9062500000000001 0.8125000000000001 0 0.8854166666666665 0.8124999999999999 0 0.8958333333333336 0.8125000000000002 0 0.9062499999999999 0.7916666666666665 0 0.9062500000000002 0.8020833333333335 0 0.9062499999999999 0.7812499999999999 0 0.9062499999999999 0.8124999999999999 0 0.9062499999999999 0.7916666666666665 0 0.9062500000000002 0.8020833333333335 0 0.9374999999999999 0.7812499999999999 0 0.9166666666666665 0.7812499999999999 0 0.9270833333333336 0.7812500000000001 0 0.9375000000000001 0.8125000000000001 0 0.9166666666666665 0.8124999999999999 0 0.9270833333333336 0.8125000000000002 0 0.9374999999999999 0.7916666666666665 0 0.9375000000000002 0.8020833333333335 0 0.9374999999999999 0.7812499999999999 0 0.9374999999999999 0.8124999999999999 0 0.9374999999999999 0.7916666666666665 0 0.9375000000000002 0.8020833333333335 0 0.9687499999999999 0.7812499999999999 0 0.9479166666666665 0.7812499999999999 0 0.9583333333333336 0.7812500000000001 0 0.9687500000000001 0.8125000000000001 0 0.9479166666666665 0.8124999999999999 0 0.9583333333333336 0.8125000000000002 0 0.9687499999999999 0.7916666666666665 0 0.9687500000000002 0.8020833333333335 0 0.9687499999999999 0.7812499999999999 0 0.9687499999999999 0.8124999999999999 0 0.9687499999999999 0.7916666666666665 0 0.9687500000000002 0.8020833333333335 0 0.9999999999999999 0.7812499999999999 0 0.9791666666666665 0.7812499999999999 0 0.9895833333333336 0.7812500000000001 0 1 0.8125000000000001 0 0.9791666666666665 0.8124999999999999 0 0.9895833333333336 0.8125000000000002 0 0.9999999999999998 0.7916666666666665 0 1 0.8020833333333335 0 -2.891205793294678e-19 0.8124999999999999 0 -2.891205793294678e-19 0.8437499999999999 0 0 0.8229166666666665 0 0 0.8333333333333336 0 0.03125 0.8124999999999999 0 0.01041666666666666 0.8124999999999999 0 0.02083333333333334 0.8125000000000002 0 0.03125 0.8437500000000001 0 0.01041666666666666 0.8437499999999999 0 0.02083333333333334 0.8437500000000002 0 0.03124999999999999 0.8229166666666665 0 0.03125000000000001 0.8333333333333336 0 0.03125 0.8124999999999999 0 0.03125 0.8437499999999999 0 0.03124999999999999 0.8229166666666665 0 0.03125000000000001 0.8333333333333336 0 0.06249999999999999 0.8124999999999999 0 0.04166666666666666 0.8124999999999999 0 0.05208333333333334 0.8125000000000002 0 0.0625 0.8437500000000001 0 0.04166666666666666 0.8437499999999999 0 0.05208333333333334 0.8437500000000002 0 0.06249999999999999 0.8229166666666665 0 0.06250000000000001 0.8333333333333336 0 0.06249999999999999 0.8124999999999999 0 0.06249999999999999 0.8437499999999999 0 0.06249999999999999 0.8229166666666665 0 0.06250000000000001 0.8333333333333336 0 0.09374999999999999 0.8124999999999999 0 0.07291666666666666 0.8124999999999999 0 0.08333333333333334 0.8125000000000002 0 0.09375000000000001 0.8437500000000001 0 0.07291666666666666 0.8437499999999999 0 0.08333333333333334 0.8437500000000002 0 0.09374999999999999 0.8229166666666665 0 0.09375000000000001 0.8333333333333336 0 0.09374999999999999 0.8124999999999999 0 0.09374999999999999 0.8437499999999999 0 0.09374999999999999 0.8229166666666665 0 0.09375000000000001 0.8333333333333336 0 0.125 0.8124999999999999 0 0.1041666666666667 0.8124999999999999 0 0.1145833333333334 0.8125000000000002 0 0.125 0.8437500000000001 0 0.1041666666666667 0.8437499999999999 0 0.1145833333333334 0.8437500000000002 0 0.125 0.8229166666666665 0 0.125 0.8333333333333336 0 0.125 0.8124999999999999 0 0.125 0.8437499999999999 0 0.125 0.8229166666666665 0 0.125 0.8333333333333336 0 0.15625 0.8124999999999999 0 0.1354166666666666 0.8124999999999999 0 0.1458333333333334 0.8125000000000002 0 0.15625 0.8437500000000001 0 0.1354166666666666 0.8437499999999999 0 0.1458333333333334 0.8437500000000002 0 0.15625 0.8229166666666665 0 0.15625 0.8333333333333336 0 0.15625 0.8124999999999999 0 0.15625 0.8437499999999999 0 0.15625 0.8229166666666665 0 0.15625 0.8333333333333336 0 0.1875 0.8124999999999999 0 0.1666666666666666 0.8124999999999999 0 0.1770833333333334 0.8125000000000002 0 0.1875 0.8437500000000001 0 0.1666666666666666 0.8437499999999999 0 0.1770833333333334 0.8437500000000002 0 0.1875 0.8229166666666665 0 0.1875 0.8333333333333336 0 0.1875 0.8124999999999999 0 0.1875 0.8437499999999999 0 0.1875 0.8229166666666665 0 0.1875 0.8333333333333336 0 0.21875 0.8124999999999999 0 0.1979166666666666 0.8124999999999999 0 0.2083333333333334 0.8125000000000002 0 0.21875 0.8437500000000001 0 0.1979166666666666 0.8437499999999999 0 0.2083333333333334 0.8437500000000002 0 0.21875 0.8229166666666665 0 0.2187500000000001 0.8333333333333336 0 0.21875 0.8124999999999999 0 0.21875 0.8437499999999999 0 0.21875 0.8229166666666665 0 0.2187500000000001 0.8333333333333336 0 0.25 0.8124999999999999 0 0.2291666666666666 0.8124999999999999 0 0.2395833333333334 0.8125000000000002 0 0.25 0.8437500000000001 0 0.2291666666666666 0.8437499999999999 0 0.2395833333333334 0.8437500000000002 0 0.2499999999999999 0.8229166666666665 0 0.2500000000000001 0.8333333333333336 0 0.25 0.8124999999999999 0 0.25 0.8437499999999999 0 0.2499999999999999 0.8229166666666665 0 0.2500000000000001 0.8333333333333336 0 0.2812499999999999 0.8124999999999999 0 0.2604166666666666 0.8124999999999999 0 0.2708333333333334 0.8125000000000002 0 0.2812500000000001 0.8437500000000001 0 0.2604166666666666 0.8437499999999999 0 0.2708333333333334 0.8437500000000002 0 0.2812499999999999 0.8229166666666665 0 0.2812500000000001 0.8333333333333336 0 0.2812499999999999 0.8124999999999999 0 0.2812499999999999 0.8437499999999999 0 0.2812499999999999 0.8229166666666665 0 0.2812500000000001 0.8333333333333336 0 0.3124999999999999 0.8124999999999999 0 0.2916666666666666 0.8124999999999999 0 0.3020833333333334 0.8125000000000002 0 0.3125000000000001 0.8437500000000001 0 0.2916666666666666 0.8437499999999999 0 0.3020833333333334 0.8437500000000002 0 0.3124999999999999 0.8229166666666665 0 0.3125000000000001 0.8333333333333336 0 0.3124999999999999 0.8124999999999999 0 0.3124999999999999 0.8437499999999999 0 0.3124999999999999 0.8229166666666665 0 0.3125000000000001 0.8333333333333336 0 0.3437499999999999 0.8124999999999999 0 0.3229166666666666 0.8124999999999999 0 0.3333333333333334 0.8125000000000002 0 0.3437500000000001 0.8437500000000001 0 0.3229166666666666 0.8437499999999999 0 0.3333333333333334 0.8437500000000002 0 0.3437499999999999 0.8229166666666665 0 0.3437500000000001 0.8333333333333336 0 0.3437499999999999 0.8124999999999999 0 0.3437499999999999 0.8437499999999999 0 0.3437499999999999 0.8229166666666665 0 0.3437500000000001 0.8333333333333336 0 0.3749999999999999 0.8124999999999999 0 0.3541666666666666 0.8124999999999999 0 0.3645833333333334 0.8125000000000002 0 0.3750000000000001 0.8437500000000001 0 0.3541666666666666 0.8437499999999999 0 0.3645833333333334 0.8437500000000002 0 0.3749999999999999 0.8229166666666665 0 0.3750000000000001 0.8333333333333336 0 0.3749999999999999 0.8124999999999999 0 0.3749999999999999 0.8437499999999999 0 0.3749999999999999 0.8229166666666665 0 0.3750000000000001 0.8333333333333336 0 0.4062499999999999 0.8124999999999999 0 0.3854166666666666 0.8124999999999999 0 0.3958333333333334 0.8125000000000002 0 0.4062500000000001 0.8437500000000001 0 0.3854166666666666 0.8437499999999999 0 0.3958333333333334 0.8437500000000002 0 0.4062499999999999 0.8229166666666665 0 0.4062500000000001 0.8333333333333336 0 0.4062499999999999 0.8124999999999999 0 0.4062499999999999 0.8437499999999999 0 0.4062499999999999 0.8229166666666665 0 0.4062500000000001 0.8333333333333336 0 0.4374999999999999 0.8124999999999999 0 0.4166666666666666 0.8124999999999999 0 0.4270833333333334 0.8125000000000002 0 0.4375000000000001 0.8437500000000001 0 0.4166666666666666 0.8437499999999999 0 0.4270833333333334 0.8437500000000002 0 0.4374999999999999 0.8229166666666665 0 0.4375000000000001 0.8333333333333336 0 0.4374999999999999 0.8124999999999999 0 0.4374999999999999 0.8437499999999999 0 0.4374999999999999 0.8229166666666665 0 0.4375000000000001 0.8333333333333336 0 0.4687499999999999 0.8124999999999999 0 0.4479166666666666 0.8124999999999999 0 0.4583333333333334 0.8125000000000002 0 0.4687500000000001 0.8437500000000001 0 0.4479166666666666 0.8437499999999999 0 0.4583333333333334 0.8437500000000002 0 0.4687499999999999 0.8229166666666665 0 0.4687500000000001 0.8333333333333336 0 0.4687499999999999 0.8124999999999999 0 0.4687499999999999 0.8437499999999999 0 0.4687499999999999 0.8229166666666665 0 0.4687500000000001 0.8333333333333336 0 0.4999999999999999 0.8124999999999999 0 0.4791666666666666 0.8124999999999999 0 0.4895833333333334 0.8125000000000002 0 0.5 0.8437500000000001 0 0.4791666666666666 0.8437499999999999 0 0.4895833333333334 0.8437500000000002 0 0.4999999999999999 0.8229166666666665 0 0.5000000000000001 0.8333333333333336 0 0.4999999999999999 0.8124999999999999 0 0.4999999999999999 0.8437499999999999 0 0.4999999999999999 0.8229166666666665 0 0.5000000000000001 0.8333333333333336 0 0.5312499999999999 0.8124999999999999 0 0.5104166666666665 0.8124999999999999 0 0.5208333333333335 0.8125000000000002 0 0.5312500000000001 0.8437500000000001 0 0.5104166666666665 0.8437499999999999 0 0.5208333333333335 0.8437500000000002 0 0.5312499999999999 0.8229166666666665 0 0.5312500000000001 0.8333333333333336 0 0.5312499999999999 0.8124999999999999 0 0.5312499999999999 0.8437499999999999 0 0.5312499999999999 0.8229166666666665 0 0.5312500000000001 0.8333333333333336 0 0.5624999999999999 0.8124999999999999 0 0.5416666666666665 0.8124999999999999 0 0.5520833333333335 0.8125000000000002 0 0.5625000000000001 0.8437500000000001 0 0.5416666666666665 0.8437499999999999 0 0.5520833333333335 0.8437500000000002 0 0.5624999999999999 0.8229166666666665 0 0.5625000000000001 0.8333333333333336 0 0.5624999999999999 0.8124999999999999 0 0.5624999999999999 0.8437499999999999 0 0.5624999999999999 0.8229166666666665 0 0.5625000000000001 0.8333333333333336 0 0.5937499999999999 0.8124999999999999 0 0.5729166666666665 0.8124999999999999 0 0.5833333333333335 0.8125000000000002 0 0.5937500000000001 0.8437500000000001 0 0.5729166666666665 0.8437499999999999 0 0.5833333333333335 0.8437500000000002 0 0.5937499999999999 0.8229166666666665 0 0.5937500000000001 0.8333333333333336 0 0.5937499999999999 0.8124999999999999 0 0.5937499999999999 0.8437499999999999 0 0.5937499999999999 0.8229166666666665 0 0.5937500000000001 0.8333333333333336 0 0.6249999999999999 0.8124999999999999 0 0.6041666666666665 0.8124999999999999 0 0.6145833333333335 0.8125000000000002 0 0.6250000000000001 0.8437500000000001 0 0.6041666666666665 0.8437499999999999 0 0.6145833333333335 0.8437500000000002 0 0.6249999999999999 0.8229166666666665 0 0.6250000000000001 0.8333333333333336 0 0.6249999999999999 0.8124999999999999 0 0.6249999999999999 0.8437499999999999 0 0.6249999999999999 0.8229166666666665 0 0.6250000000000001 0.8333333333333336 0 0.6562499999999999 0.8124999999999999 0 0.6354166666666665 0.8124999999999999 0 0.6458333333333335 0.8125000000000002 0 0.6562500000000001 0.8437500000000001 0 0.6354166666666665 0.8437499999999999 0 0.6458333333333335 0.8437500000000002 0 0.6562499999999999 0.8229166666666665 0 0.6562500000000001 0.8333333333333336 0 0.6562499999999999 0.8124999999999999 0 0.6562499999999999 0.8437499999999999 0 0.6562499999999999 0.8229166666666665 0 0.6562500000000001 0.8333333333333336 0 0.6874999999999999 0.8124999999999999 0 0.6666666666666665 0.8124999999999999 0 0.6770833333333335 0.8125000000000002 0 0.6875000000000001 0.8437500000000001 0 0.6666666666666665 0.8437499999999999 0 0.6770833333333335 0.8437500000000002 0 0.6874999999999999 0.8229166666666665 0 0.6875000000000001 0.8333333333333336 0 0.6874999999999999 0.8124999999999999 0 0.6874999999999999 0.8437499999999999 0 0.6874999999999999 0.8229166666666665 0 0.6875000000000001 0.8333333333333336 0 0.7187499999999999 0.8124999999999999 0 0.6979166666666665 0.8124999999999999 0 0.7083333333333335 0.8125000000000002 0 0.7187500000000001 0.8437500000000001 0 0.6979166666666665 0.8437499999999999 0 0.7083333333333335 0.8437500000000002 0 0.7187499999999999 0.8229166666666665 0 0.7187500000000001 0.8333333333333336 0 0.7187499999999999 0.8124999999999999 0 0.7187499999999999 0.8437499999999999 0 0.7187499999999999 0.8229166666666665 0 0.7187500000000001 0.8333333333333336 0 0.7499999999999999 0.8124999999999999 0 0.7291666666666665 0.8124999999999999 0 0.7395833333333335 0.8125000000000002 0 0.7500000000000001 0.8437500000000001 0 0.7291666666666665 0.8437499999999999 0 0.7395833333333335 0.8437500000000002 0 0.7499999999999999 0.8229166666666665 0 0.7500000000000001 0.8333333333333336 0 0.7499999999999999 0.8124999999999999 0 0.7499999999999999 0.8437499999999999 0 0.7499999999999999 0.8229166666666665 0 0.7500000000000001 0.8333333333333336 0 0.7812499999999999 0.8124999999999999 0 0.7604166666666665 0.8124999999999999 0 0.7708333333333335 0.8125000000000002 0 0.7812500000000001 0.8437500000000001 0 0.7604166666666665 0.8437499999999999 0 0.7708333333333335 0.8437500000000002 0 0.7812499999999999 0.8229166666666665 0 0.7812500000000001 0.8333333333333336 0 0.7812499999999999 0.8124999999999999 0 0.7812499999999999 0.8437499999999999 0 0.7812499999999999 0.8229166666666665 0 0.7812500000000001 0.8333333333333336 0 0.8124999999999999 0.8124999999999999 0 0.7916666666666665 0.8124999999999999 0 0.8020833333333335 0.8125000000000002 0 0.8125000000000001 0.8437500000000001 0 0.7916666666666665 0.8437499999999999 0 0.8020833333333335 0.8437500000000002 0 0.8124999999999999 0.8229166666666665 0 0.8125000000000002 0.8333333333333336 0 0.8124999999999999 0.8124999999999999 0 0.8124999999999999 0.8437499999999999 0 0.8124999999999999 0.8229166666666665 0 0.8125000000000002 0.8333333333333336 0 0.8437499999999999 0.8124999999999999 0 0.8229166666666665 0.8124999999999999 0 0.8333333333333336 0.8125000000000002 0 0.8437500000000001 0.8437500000000001 0 0.8229166666666665 0.8437499999999999 0 0.8333333333333336 0.8437500000000002 0 0.8437499999999999 0.8229166666666665 0 0.8437500000000002 0.8333333333333336 0 0.8437499999999999 0.8124999999999999 0 0.8437499999999999 0.8437499999999999 0 0.8437499999999999 0.8229166666666665 0 0.8437500000000002 0.8333333333333336 0 0.8749999999999999 0.8124999999999999 0 0.8541666666666665 0.8124999999999999 0 0.8645833333333336 0.8125000000000002 0 0.8750000000000001 0.8437500000000001 0 0.8541666666666665 0.8437499999999999 0 0.8645833333333336 0.8437500000000002 0 0.8749999999999999 0.8229166666666665 0 0.8750000000000002 0.8333333333333336 0 0.8749999999999999 0.8124999999999999 0 0.8749999999999999 0.8437499999999999 0 0.8749999999999999 0.8229166666666665 0 0.8750000000000002 0.8333333333333336 0 0.9062499999999999 0.8124999999999999 0 0.8854166666666665 0.8124999999999999 0 0.8958333333333336 0.8125000000000002 0 0.9062500000000001 0.8437500000000001 0 0.8854166666666665 0.8437499999999999 0 0.8958333333333336 0.8437500000000002 0 0.9062499999999999 0.8229166666666665 0 0.9062500000000002 0.8333333333333336 0 0.9062499999999999 0.8124999999999999 0 0.9062499999999999 0.8437499999999999 0 0.9062499999999999 0.8229166666666665 0 0.9062500000000002 0.8333333333333336 0 0.9374999999999999 0.8124999999999999 0 0.9166666666666665 0.8124999999999999 0 0.9270833333333336 0.8125000000000002 0 0.9375000000000001 0.8437500000000001 0 0.9166666666666665 0.8437499999999999 0 0.9270833333333336 0.8437500000000002 0 0.9374999999999999 0.8229166666666665 0 0.9375000000000002 0.8333333333333336 0 0.9374999999999999 0.8124999999999999 0 0.9374999999999999 0.8437499999999999 0 0.9374999999999999 0.8229166666666665 0 0.9375000000000002 0.8333333333333336 0 0.9687499999999999 0.8124999999999999 0 0.9479166666666665 0.8124999999999999 0 0.9583333333333336 0.8125000000000002 0 0.9687500000000001 0.8437500000000001 0 0.9479166666666665 0.8437499999999999 0 0.9583333333333336 0.8437500000000002 0 0.9687499999999999 0.8229166666666665 0 0.9687500000000002 0.8333333333333336 0 0.9687499999999999 0.8124999999999999 0 0.9687499999999999 0.8437499999999999 0 0.9687499999999999 0.8229166666666665 0 0.9687500000000002 0.8333333333333336 0 0.9999999999999999 0.8124999999999999 0 0.9791666666666665 0.8124999999999999 0 0.9895833333333336 0.8125000000000002 0 1 0.8437500000000001 0 0.9791666666666665 0.8437499999999999 0 0.9895833333333336 0.8437500000000002 0 0.9999999999999998 0.8229166666666665 0 1 0.8333333333333336 0 -2.891205793294678e-19 0.8437499999999999 0 -2.891205793294678e-19 0.8749999999999999 0 0 0.8541666666666665 0 0 0.8645833333333336 0 0.03125 0.8437499999999999 0 0.01041666666666666 0.8437499999999999 0 0.02083333333333334 0.8437500000000002 0 0.03125 0.8750000000000001 0 0.01041666666666666 0.8749999999999999 0 0.02083333333333334 0.8750000000000002 0 0.03124999999999999 0.8541666666666665 0 0.03125000000000001 0.8645833333333336 0 0.03125 0.8437499999999999 0 0.03125 0.8749999999999999 0 0.03124999999999999 0.8541666666666665 0 0.03125000000000001 0.8645833333333336 0 0.06249999999999999 0.8437499999999999 0 0.04166666666666666 0.8437499999999999 0 0.05208333333333334 0.8437500000000002 0 0.0625 0.8750000000000001 0 0.04166666666666666 0.8749999999999999 0 0.05208333333333334 0.8750000000000002 0 0.06249999999999999 0.8541666666666665 0 0.06250000000000001 0.8645833333333336 0 0.06249999999999999 0.8437499999999999 0 0.06249999999999999 0.8749999999999999 0 0.06249999999999999 0.8541666666666665 0 0.06250000000000001 0.8645833333333336 0 0.09374999999999999 0.8437499999999999 0 0.07291666666666666 0.8437499999999999 0 0.08333333333333334 0.8437500000000002 0 0.09375000000000001 0.8750000000000001 0 0.07291666666666666 0.8749999999999999 0 0.08333333333333334 0.8750000000000002 0 0.09374999999999999 0.8541666666666665 0 0.09375000000000001 0.8645833333333336 0 0.09374999999999999 0.8437499999999999 0 0.09374999999999999 0.8749999999999999 0 0.09374999999999999 0.8541666666666665 0 0.09375000000000001 0.8645833333333336 0 0.125 0.8437499999999999 0 0.1041666666666667 0.8437499999999999 0 0.1145833333333334 0.8437500000000002 0 0.125 0.8750000000000001 0 0.1041666666666667 0.8749999999999999 0 0.1145833333333334 0.8750000000000002 0 0.125 0.8541666666666665 0 0.125 0.8645833333333336 0 0.125 0.8437499999999999 0 0.125 0.8749999999999999 0 0.125 0.8541666666666665 0 0.125 0.8645833333333336 0 0.15625 0.8437499999999999 0 0.1354166666666666 0.8437499999999999 0 0.1458333333333334 0.8437500000000002 0 0.15625 0.8750000000000001 0 0.1354166666666666 0.8749999999999999 0 0.1458333333333334 0.8750000000000002 0 0.15625 0.8541666666666665 0 0.15625 0.8645833333333336 0 0.15625 0.8437499999999999 0 0.15625 0.8749999999999999 0 0.15625 0.8541666666666665 0 0.15625 0.8645833333333336 0 0.1875 0.8437499999999999 0 0.1666666666666666 0.8437499999999999 0 0.1770833333333334 0.8437500000000002 0 0.1875 0.8750000000000001 0 0.1666666666666666 0.8749999999999999 0 0.1770833333333334 0.8750000000000002 0 0.1875 0.8541666666666665 0 0.1875 0.8645833333333336 0 0.1875 0.8437499999999999 0 0.1875 0.8749999999999999 0 0.1875 0.8541666666666665 0 0.1875 0.8645833333333336 0 0.21875 0.8437499999999999 0 0.1979166666666666 0.8437499999999999 0 0.2083333333333334 0.8437500000000002 0 0.21875 0.8750000000000001 0 0.1979166666666666 0.8749999999999999 0 0.2083333333333334 0.8750000000000002 0 0.21875 0.8541666666666665 0 0.2187500000000001 0.8645833333333336 0 0.21875 0.8437499999999999 0 0.21875 0.8749999999999999 0 0.21875 0.8541666666666665 0 0.2187500000000001 0.8645833333333336 0 0.25 0.8437499999999999 0 0.2291666666666666 0.8437499999999999 0 0.2395833333333334 0.8437500000000002 0 0.25 0.8750000000000001 0 0.2291666666666666 0.8749999999999999 0 0.2395833333333334 0.8750000000000002 0 0.2499999999999999 0.8541666666666665 0 0.2500000000000001 0.8645833333333336 0 0.25 0.8437499999999999 0 0.25 0.8749999999999999 0 0.2499999999999999 0.8541666666666665 0 0.2500000000000001 0.8645833333333336 0 0.2812499999999999 0.8437499999999999 0 0.2604166666666666 0.8437499999999999 0 0.2708333333333334 0.8437500000000002 0 0.2812500000000001 0.8750000000000001 0 0.2604166666666666 0.8749999999999999 0 0.2708333333333334 0.8750000000000002 0 0.2812499999999999 0.8541666666666665 0 0.2812500000000001 0.8645833333333336 0 0.2812499999999999 0.8437499999999999 0 0.2812499999999999 0.8749999999999999 0 0.2812499999999999 0.8541666666666665 0 0.2812500000000001 0.8645833333333336 0 0.3124999999999999 0.8437499999999999 0 0.2916666666666666 0.8437499999999999 0 0.3020833333333334 0.8437500000000002 0 0.3125000000000001 0.8750000000000001 0 0.2916666666666666 0.8749999999999999 0 0.3020833333333334 0.8750000000000002 0 0.3124999999999999 0.8541666666666665 0 0.3125000000000001 0.8645833333333336 0 0.3124999999999999 0.8437499999999999 0 0.3124999999999999 0.8749999999999999 0 0.3124999999999999 0.8541666666666665 0 0.3125000000000001 0.8645833333333336 0 0.3437499999999999 0.8437499999999999 0 0.3229166666666666 0.8437499999999999 0 0.3333333333333334 0.8437500000000002 0 0.3437500000000001 0.8750000000000001 0 0.3229166666666666 0.8749999999999999 0 0.3333333333333334 0.8750000000000002 0 0.3437499999999999 0.8541666666666665 0 0.3437500000000001 0.8645833333333336 0 0.3437499999999999 0.8437499999999999 0 0.3437499999999999 0.8749999999999999 0 0.3437499999999999 0.8541666666666665 0 0.3437500000000001 0.8645833333333336 0 0.3749999999999999 0.8437499999999999 0 0.3541666666666666 0.8437499999999999 0 0.3645833333333334 0.8437500000000002 0 0.3750000000000001 0.8750000000000001 0 0.3541666666666666 0.8749999999999999 0 0.3645833333333334 0.8750000000000002 0 0.3749999999999999 0.8541666666666665 0 0.3750000000000001 0.8645833333333336 0 0.3749999999999999 0.8437499999999999 0 0.3749999999999999 0.8749999999999999 0 0.3749999999999999 0.8541666666666665 0 0.3750000000000001 0.8645833333333336 0 0.4062499999999999 0.8437499999999999 0 0.3854166666666666 0.8437499999999999 0 0.3958333333333334 0.8437500000000002 0 0.4062500000000001 0.8750000000000001 0 0.3854166666666666 0.8749999999999999 0 0.3958333333333334 0.8750000000000002 0 0.4062499999999999 0.8541666666666665 0 0.4062500000000001 0.8645833333333336 0 0.4062499999999999 0.8437499999999999 0 0.4062499999999999 0.8749999999999999 0 0.4062499999999999 0.8541666666666665 0 0.4062500000000001 0.8645833333333336 0 0.4374999999999999 0.8437499999999999 0 0.4166666666666666 0.8437499999999999 0 0.4270833333333334 0.8437500000000002 0 0.4375000000000001 0.8750000000000001 0 0.4166666666666666 0.8749999999999999 0 0.4270833333333334 0.8750000000000002 0 0.4374999999999999 0.8541666666666665 0 0.4375000000000001 0.8645833333333336 0 0.4374999999999999 0.8437499999999999 0 0.4374999999999999 0.8749999999999999 0 0.4374999999999999 0.8541666666666665 0 0.4375000000000001 0.8645833333333336 0 0.4687499999999999 0.8437499999999999 0 0.4479166666666666 0.8437499999999999 0 0.4583333333333334 0.8437500000000002 0 0.4687500000000001 0.8750000000000001 0 0.4479166666666666 0.8749999999999999 0 0.4583333333333334 0.8750000000000002 0 0.4687499999999999 0.8541666666666665 0 0.4687500000000001 0.8645833333333336 0 0.4687499999999999 0.8437499999999999 0 0.4687499999999999 0.8749999999999999 0 0.4687499999999999 0.8541666666666665 0 0.4687500000000001 0.8645833333333336 0 0.4999999999999999 0.8437499999999999 0 0.4791666666666666 0.8437499999999999 0 0.4895833333333334 0.8437500000000002 0 0.5 0.8750000000000001 0 0.4791666666666666 0.8749999999999999 0 0.4895833333333334 0.8750000000000002 0 0.4999999999999999 0.8541666666666665 0 0.5000000000000001 0.8645833333333336 0 0.4999999999999999 0.8437499999999999 0 0.4999999999999999 0.8749999999999999 0 0.4999999999999999 0.8541666666666665 0 0.5000000000000001 0.8645833333333336 0 0.5312499999999999 0.8437499999999999 0 0.5104166666666665 0.8437499999999999 0 0.5208333333333335 0.8437500000000002 0 0.5312500000000001 0.8750000000000001 0 0.5104166666666665 0.8749999999999999 0 0.5208333333333335 0.8750000000000002 0 0.5312499999999999 0.8541666666666665 0 0.5312500000000001 0.8645833333333336 0 0.5312499999999999 0.8437499999999999 0 0.5312499999999999 0.8749999999999999 0 0.5312499999999999 0.8541666666666665 0 0.5312500000000001 0.8645833333333336 0 0.5624999999999999 0.8437499999999999 0 0.5416666666666665 0.8437499999999999 0 0.5520833333333335 0.8437500000000002 0 0.5625000000000001 0.8750000000000001 0 0.5416666666666665 0.8749999999999999 0 0.5520833333333335 0.8750000000000002 0 0.5624999999999999 0.8541666666666665 0 0.5625000000000001 0.8645833333333336 0 0.5624999999999999 0.8437499999999999 0 0.5624999999999999 0.8749999999999999 0 0.5624999999999999 0.8541666666666665 0 0.5625000000000001 0.8645833333333336 0 0.5937499999999999 0.8437499999999999 0 0.5729166666666665 0.8437499999999999 0 0.5833333333333335 0.8437500000000002 0 0.5937500000000001 0.8750000000000001 0 0.5729166666666665 0.8749999999999999 0 0.5833333333333335 0.8750000000000002 0 0.5937499999999999 0.8541666666666665 0 0.5937500000000001 0.8645833333333336 0 0.5937499999999999 0.8437499999999999 0 0.5937499999999999 0.8749999999999999 0 0.5937499999999999 0.8541666666666665 0 0.5937500000000001 0.8645833333333336 0 0.6249999999999999 0.8437499999999999 0 0.6041666666666665 0.8437499999999999 0 0.6145833333333335 0.8437500000000002 0 0.6250000000000001 0.8750000000000001 0 0.6041666666666665 0.8749999999999999 0 0.6145833333333335 0.8750000000000002 0 0.6249999999999999 0.8541666666666665 0 0.6250000000000001 0.8645833333333336 0 0.6249999999999999 0.8437499999999999 0 0.6249999999999999 0.8749999999999999 0 0.6249999999999999 0.8541666666666665 0 0.6250000000000001 0.8645833333333336 0 0.6562499999999999 0.8437499999999999 0 0.6354166666666665 0.8437499999999999 0 0.6458333333333335 0.8437500000000002 0 0.6562500000000001 0.8750000000000001 0 0.6354166666666665 0.8749999999999999 0 0.6458333333333335 0.8750000000000002 0 0.6562499999999999 0.8541666666666665 0 0.6562500000000001 0.8645833333333336 0 0.6562499999999999 0.8437499999999999 0 0.6562499999999999 0.8749999999999999 0 0.6562499999999999 0.8541666666666665 0 0.6562500000000001 0.8645833333333336 0 0.6874999999999999 0.8437499999999999 0 0.6666666666666665 0.8437499999999999 0 0.6770833333333335 0.8437500000000002 0 0.6875000000000001 0.8750000000000001 0 0.6666666666666665 0.8749999999999999 0 0.6770833333333335 0.8750000000000002 0 0.6874999999999999 0.8541666666666665 0 0.6875000000000001 0.8645833333333336 0 0.6874999999999999 0.8437499999999999 0 0.6874999999999999 0.8749999999999999 0 0.6874999999999999 0.8541666666666665 0 0.6875000000000001 0.8645833333333336 0 0.7187499999999999 0.8437499999999999 0 0.6979166666666665 0.8437499999999999 0 0.7083333333333335 0.8437500000000002 0 0.7187500000000001 0.8750000000000001 0 0.6979166666666665 0.8749999999999999 0 0.7083333333333335 0.8750000000000002 0 0.7187499999999999 0.8541666666666665 0 0.7187500000000001 0.8645833333333336 0 0.7187499999999999 0.8437499999999999 0 0.7187499999999999 0.8749999999999999 0 0.7187499999999999 0.8541666666666665 0 0.7187500000000001 0.8645833333333336 0 0.7499999999999999 0.8437499999999999 0 0.7291666666666665 0.8437499999999999 0 0.7395833333333335 0.8437500000000002 0 0.7500000000000001 0.8750000000000001 0 0.7291666666666665 0.8749999999999999 0 0.7395833333333335 0.8750000000000002 0 0.7499999999999999 0.8541666666666665 0 0.7500000000000001 0.8645833333333336 0 0.7499999999999999 0.8437499999999999 0 0.7499999999999999 0.8749999999999999 0 0.7499999999999999 0.8541666666666665 0 0.7500000000000001 0.8645833333333336 0 0.7812499999999999 0.8437499999999999 0 0.7604166666666665 0.8437499999999999 0 0.7708333333333335 0.8437500000000002 0 0.7812500000000001 0.8750000000000001 0 0.7604166666666665 0.8749999999999999 0 0.7708333333333335 0.8750000000000002 0 0.7812499999999999 0.8541666666666665 0 0.7812500000000001 0.8645833333333336 0 0.7812499999999999 0.8437499999999999 0 0.7812499999999999 0.8749999999999999 0 0.7812499999999999 0.8541666666666665 0 0.7812500000000001 0.8645833333333336 0 0.8124999999999999 0.8437499999999999 0 0.7916666666666665 0.8437499999999999 0 0.8020833333333335 0.8437500000000002 0 0.8125000000000001 0.8750000000000001 0 0.7916666666666665 0.8749999999999999 0 0.8020833333333335 0.8750000000000002 0 0.8124999999999999 0.8541666666666665 0 0.8125000000000002 0.8645833333333336 0 0.8124999999999999 0.8437499999999999 0 0.8124999999999999 0.8749999999999999 0 0.8124999999999999 0.8541666666666665 0 0.8125000000000002 0.8645833333333336 0 0.8437499999999999 0.8437499999999999 0 0.8229166666666665 0.8437499999999999 0 0.8333333333333336 0.8437500000000002 0 0.8437500000000001 0.8750000000000001 0 0.8229166666666665 0.8749999999999999 0 0.8333333333333336 0.8750000000000002 0 0.8437499999999999 0.8541666666666665 0 0.8437500000000002 0.8645833333333336 0 0.8437499999999999 0.8437499999999999 0 0.8437499999999999 0.8749999999999999 0 0.8437499999999999 0.8541666666666665 0 0.8437500000000002 0.8645833333333336 0 0.8749999999999999 0.8437499999999999 0 0.8541666666666665 0.8437499999999999 0 0.8645833333333336 0.8437500000000002 0 0.8750000000000001 0.8750000000000001 0 0.8541666666666665 0.8749999999999999 0 0.8645833333333336 0.8750000000000002 0 0.8749999999999999 0.8541666666666665 0 0.8750000000000002 0.8645833333333336 0 0.8749999999999999 0.8437499999999999 0 0.8749999999999999 0.8749999999999999 0 0.8749999999999999 0.8541666666666665 0 0.8750000000000002 0.8645833333333336 0 0.9062499999999999 0.8437499999999999 0 0.8854166666666665 0.8437499999999999 0 0.8958333333333336 0.8437500000000002 0 0.9062500000000001 0.8750000000000001 0 0.8854166666666665 0.8749999999999999 0 0.8958333333333336 0.8750000000000002 0 0.9062499999999999 0.8541666666666665 0 0.9062500000000002 0.8645833333333336 0 0.9062499999999999 0.8437499999999999 0 0.9062499999999999 0.8749999999999999 0 0.9062499999999999 0.8541666666666665 0 0.9062500000000002 0.8645833333333336 0 0.9374999999999999 0.8437499999999999 0 0.9166666666666665 0.8437499999999999 0 0.9270833333333336 0.8437500000000002 0 0.9375000000000001 0.8750000000000001 0 0.9166666666666665 0.8749999999999999 0 0.9270833333333336 0.8750000000000002 0 0.9374999999999999 0.8541666666666665 0 0.9375000000000002 0.8645833333333336 0 0.9374999999999999 0.8437499999999999 0 0.9374999999999999 0.8749999999999999 0 0.9374999999999999 0.8541666666666665 0 0.9375000000000002 0.8645833333333336 0 0.9687499999999999 0.8437499999999999 0 0.9479166666666665 0.8437499999999999 0 0.9583333333333336 0.8437500000000002 0 0.9687500000000001 0.8750000000000001 0 0.9479166666666665 0.8749999999999999 0 0.9583333333333336 0.8750000000000002 0 0.9687499999999999 0.8541666666666665 0 0.9687500000000002 0.8645833333333336 0 0.9687499999999999 0.8437499999999999 0 0.9687499999999999 0.8749999999999999 0 0.9687499999999999 0.8541666666666665 0 0.9687500000000002 0.8645833333333336 0 0.9999999999999999 0.8437499999999999 0 0.9791666666666665 0.8437499999999999 0 0.9895833333333336 0.8437500000000002 0 1 0.8750000000000001 0 0.9791666666666665 0.8749999999999999 0 0.9895833333333336 0.8750000000000002 0 0.9999999999999998 0.8541666666666665 0 1 0.8645833333333336 0 -2.891205793294678e-19 0.8749999999999999 0 -2.891205793294678e-19 0.9062499999999999 0 0 0.8854166666666665 0 0 0.8958333333333336 0 0.03125 0.8749999999999999 0 0.01041666666666666 0.8749999999999999 0 0.02083333333333334 0.8750000000000002 0 0.03125 0.9062500000000001 0 0.01041666666666666 0.9062499999999999 0 0.02083333333333334 0.9062500000000002 0 0.03124999999999999 0.8854166666666665 0 0.03125000000000001 0.8958333333333336 0 0.03125 0.8749999999999999 0 0.03125 0.9062499999999999 0 0.03124999999999999 0.8854166666666665 0 0.03125000000000001 0.8958333333333336 0 0.06249999999999999 0.8749999999999999 0 0.04166666666666666 0.8749999999999999 0 0.05208333333333334 0.8750000000000002 0 0.0625 0.9062500000000001 0 0.04166666666666666 0.9062499999999999 0 0.05208333333333334 0.9062500000000002 0 0.06249999999999999 0.8854166666666665 0 0.06250000000000001 0.8958333333333336 0 0.06249999999999999 0.8749999999999999 0 0.06249999999999999 0.9062499999999999 0 0.06249999999999999 0.8854166666666665 0 0.06250000000000001 0.8958333333333336 0 0.09374999999999999 0.8749999999999999 0 0.07291666666666666 0.8749999999999999 0 0.08333333333333334 0.8750000000000002 0 0.09375000000000001 0.9062500000000001 0 0.07291666666666666 0.9062499999999999 0 0.08333333333333334 0.9062500000000002 0 0.09374999999999999 0.8854166666666665 0 0.09375000000000001 0.8958333333333336 0 0.09374999999999999 0.8749999999999999 0 0.09374999999999999 0.9062499999999999 0 0.09374999999999999 0.8854166666666665 0 0.09375000000000001 0.8958333333333336 0 0.125 0.8749999999999999 0 0.1041666666666667 0.8749999999999999 0 0.1145833333333334 0.8750000000000002 0 0.125 0.9062500000000001 0 0.1041666666666667 0.9062499999999999 0 0.1145833333333334 0.9062500000000002 0 0.125 0.8854166666666665 0 0.125 0.8958333333333336 0 0.125 0.8749999999999999 0 0.125 0.9062499999999999 0 0.125 0.8854166666666665 0 0.125 0.8958333333333336 0 0.15625 0.8749999999999999 0 0.1354166666666666 0.8749999999999999 0 0.1458333333333334 0.8750000000000002 0 0.15625 0.9062500000000001 0 0.1354166666666666 0.9062499999999999 0 0.1458333333333334 0.9062500000000002 0 0.15625 0.8854166666666665 0 0.15625 0.8958333333333336 0 0.15625 0.8749999999999999 0 0.15625 0.9062499999999999 0 0.15625 0.8854166666666665 0 0.15625 0.8958333333333336 0 0.1875 0.8749999999999999 0 0.1666666666666666 0.8749999999999999 0 0.1770833333333334 0.8750000000000002 0 0.1875 0.9062500000000001 0 0.1666666666666666 0.9062499999999999 0 0.1770833333333334 0.9062500000000002 0 0.1875 0.8854166666666665 0 0.1875 0.8958333333333336 0 0.1875 0.8749999999999999 0 0.1875 0.9062499999999999 0 0.1875 0.8854166666666665 0 0.1875 0.8958333333333336 0 0.21875 0.8749999999999999 0 0.1979166666666666 0.8749999999999999 0 0.2083333333333334 0.8750000000000002 0 0.21875 0.9062500000000001 0 0.1979166666666666 0.9062499999999999 0 0.2083333333333334 0.9062500000000002 0 0.21875 0.8854166666666665 0 0.2187500000000001 0.8958333333333336 0 0.21875 0.8749999999999999 0 0.21875 0.9062499999999999 0 0.21875 0.8854166666666665 0 0.2187500000000001 0.8958333333333336 0 0.25 0.8749999999999999 0 0.2291666666666666 0.8749999999999999 0 0.2395833333333334 0.8750000000000002 0 0.25 0.9062500000000001 0 0.2291666666666666 0.9062499999999999 0 0.2395833333333334 0.9062500000000002 0 0.2499999999999999 0.8854166666666665 0 0.2500000000000001 0.8958333333333336 0 0.25 0.8749999999999999 0 0.25 0.9062499999999999 0 0.2499999999999999 0.8854166666666665 0 0.2500000000000001 0.8958333333333336 0 0.2812499999999999 0.8749999999999999 0 0.2604166666666666 0.8749999999999999 0 0.2708333333333334 0.8750000000000002 0 0.2812500000000001 0.9062500000000001 0 0.2604166666666666 0.9062499999999999 0 0.2708333333333334 0.9062500000000002 0 0.2812499999999999 0.8854166666666665 0 0.2812500000000001 0.8958333333333336 0 0.2812499999999999 0.8749999999999999 0 0.2812499999999999 0.9062499999999999 0 0.2812499999999999 0.8854166666666665 0 0.2812500000000001 0.8958333333333336 0 0.3124999999999999 0.8749999999999999 0 0.2916666666666666 0.8749999999999999 0 0.3020833333333334 0.8750000000000002 0 0.3125000000000001 0.9062500000000001 0 0.2916666666666666 0.9062499999999999 0 0.3020833333333334 0.9062500000000002 0 0.3124999999999999 0.8854166666666665 0 0.3125000000000001 0.8958333333333336 0 0.3124999999999999 0.8749999999999999 0 0.3124999999999999 0.9062499999999999 0 0.3124999999999999 0.8854166666666665 0 0.3125000000000001 0.8958333333333336 0 0.3437499999999999 0.8749999999999999 0 0.3229166666666666 0.8749999999999999 0 0.3333333333333334 0.8750000000000002 0 0.3437500000000001 0.9062500000000001 0 0.3229166666666666 0.9062499999999999 0 0.3333333333333334 0.9062500000000002 0 0.3437499999999999 0.8854166666666665 0 0.3437500000000001 0.8958333333333336 0 0.3437499999999999 0.8749999999999999 0 0.3437499999999999 0.9062499999999999 0 0.3437499999999999 0.8854166666666665 0 0.3437500000000001 0.8958333333333336 0 0.3749999999999999 0.8749999999999999 0 0.3541666666666666 0.8749999999999999 0 0.3645833333333334 0.8750000000000002 0 0.3750000000000001 0.9062500000000001 0 0.3541666666666666 0.9062499999999999 0 0.3645833333333334 0.9062500000000002 0 0.3749999999999999 0.8854166666666665 0 0.3750000000000001 0.8958333333333336 0 0.3749999999999999 0.8749999999999999 0 0.3749999999999999 0.9062499999999999 0 0.3749999999999999 0.8854166666666665 0 0.3750000000000001 0.8958333333333336 0 0.4062499999999999 0.8749999999999999 0 0.3854166666666666 0.8749999999999999 0 0.3958333333333334 0.8750000000000002 0 0.4062500000000001 0.9062500000000001 0 0.3854166666666666 0.9062499999999999 0 0.3958333333333334 0.9062500000000002 0 0.4062499999999999 0.8854166666666665 0 0.4062500000000001 0.8958333333333336 0 0.4062499999999999 0.8749999999999999 0 0.4062499999999999 0.9062499999999999 0 0.4062499999999999 0.8854166666666665 0 0.4062500000000001 0.8958333333333336 0 0.4374999999999999 0.8749999999999999 0 0.4166666666666666 0.8749999999999999 0 0.4270833333333334 0.8750000000000002 0 0.4375000000000001 0.9062500000000001 0 0.4166666666666666 0.9062499999999999 0 0.4270833333333334 0.9062500000000002 0 0.4374999999999999 0.8854166666666665 0 0.4375000000000001 0.8958333333333336 0 0.4374999999999999 0.8749999999999999 0 0.4374999999999999 0.9062499999999999 0 0.4374999999999999 0.8854166666666665 0 0.4375000000000001 0.8958333333333336 0 0.4687499999999999 0.8749999999999999 0 0.4479166666666666 0.8749999999999999 0 0.4583333333333334 0.8750000000000002 0 0.4687500000000001 0.9062500000000001 0 0.4479166666666666 0.9062499999999999 0 0.4583333333333334 0.9062500000000002 0 0.4687499999999999 0.8854166666666665 0 0.4687500000000001 0.8958333333333336 0 0.4687499999999999 0.8749999999999999 0 0.4687499999999999 0.9062499999999999 0 0.4687499999999999 0.8854166666666665 0 0.4687500000000001 0.8958333333333336 0 0.4999999999999999 0.8749999999999999 0 0.4791666666666666 0.8749999999999999 0 0.4895833333333334 0.8750000000000002 0 0.5 0.9062500000000001 0 0.4791666666666666 0.9062499999999999 0 0.4895833333333334 0.9062500000000002 0 0.4999999999999999 0.8854166666666665 0 0.5000000000000001 0.8958333333333336 0 0.4999999999999999 0.8749999999999999 0 0.4999999999999999 0.9062499999999999 0 0.4999999999999999 0.8854166666666665 0 0.5000000000000001 0.8958333333333336 0 0.5312499999999999 0.8749999999999999 0 0.5104166666666665 0.8749999999999999 0 0.5208333333333335 0.8750000000000002 0 0.5312500000000001 0.9062500000000001 0 0.5104166666666665 0.9062499999999999 0 0.5208333333333335 0.9062500000000002 0 0.5312499999999999 0.8854166666666665 0 0.5312500000000001 0.8958333333333336 0 0.5312499999999999 0.8749999999999999 0 0.5312499999999999 0.9062499999999999 0 0.5312499999999999 0.8854166666666665 0 0.5312500000000001 0.8958333333333336 0 0.5624999999999999 0.8749999999999999 0 0.5416666666666665 0.8749999999999999 0 0.5520833333333335 0.8750000000000002 0 0.5625000000000001 0.9062500000000001 0 0.5416666666666665 0.9062499999999999 0 0.5520833333333335 0.9062500000000002 0 0.5624999999999999 0.8854166666666665 0 0.5625000000000001 0.8958333333333336 0 0.5624999999999999 0.8749999999999999 0 0.5624999999999999 0.9062499999999999 0 0.5624999999999999 0.8854166666666665 0 0.5625000000000001 0.8958333333333336 0 0.5937499999999999 0.8749999999999999 0 0.5729166666666665 0.8749999999999999 0 0.5833333333333335 0.8750000000000002 0 0.5937500000000001 0.9062500000000001 0 0.5729166666666665 0.9062499999999999 0 0.5833333333333335 0.9062500000000002 0 0.5937499999999999 0.8854166666666665 0 0.5937500000000001 0.8958333333333336 0 0.5937499999999999 0.8749999999999999 0 0.5937499999999999 0.9062499999999999 0 0.5937499999999999 0.8854166666666665 0 0.5937500000000001 0.8958333333333336 0 0.6249999999999999 0.8749999999999999 0 0.6041666666666665 0.8749999999999999 0 0.6145833333333335 0.8750000000000002 0 0.6250000000000001 0.9062500000000001 0 0.6041666666666665 0.9062499999999999 0 0.6145833333333335 0.9062500000000002 0 0.6249999999999999 0.8854166666666665 0 0.6250000000000001 0.8958333333333336 0 0.6249999999999999 0.8749999999999999 0 0.6249999999999999 0.9062499999999999 0 0.6249999999999999 0.8854166666666665 0 0.6250000000000001 0.8958333333333336 0 0.6562499999999999 0.8749999999999999 0 0.6354166666666665 0.8749999999999999 0 0.6458333333333335 0.8750000000000002 0 0.6562500000000001 0.9062500000000001 0 0.6354166666666665 0.9062499999999999 0 0.6458333333333335 0.9062500000000002 0 0.6562499999999999 0.8854166666666665 0 0.6562500000000001 0.8958333333333336 0 0.6562499999999999 0.8749999999999999 0 0.6562499999999999 0.9062499999999999 0 0.6562499999999999 0.8854166666666665 0 0.6562500000000001 0.8958333333333336 0 0.6874999999999999 0.8749999999999999 0 0.6666666666666665 0.8749999999999999 0 0.6770833333333335 0.8750000000000002 0 0.6875000000000001 0.9062500000000001 0 0.6666666666666665 0.9062499999999999 0 0.6770833333333335 0.9062500000000002 0 0.6874999999999999 0.8854166666666665 0 0.6875000000000001 0.8958333333333336 0 0.6874999999999999 0.8749999999999999 0 0.6874999999999999 0.9062499999999999 0 0.6874999999999999 0.8854166666666665 0 0.6875000000000001 0.8958333333333336 0 0.7187499999999999 0.8749999999999999 0 0.6979166666666665 0.8749999999999999 0 0.7083333333333335 0.8750000000000002 0 0.7187500000000001 0.9062500000000001 0 0.6979166666666665 0.9062499999999999 0 0.7083333333333335 0.9062500000000002 0 0.7187499999999999 0.8854166666666665 0 0.7187500000000001 0.8958333333333336 0 0.7187499999999999 0.8749999999999999 0 0.7187499999999999 0.9062499999999999 0 0.7187499999999999 0.8854166666666665 0 0.7187500000000001 0.8958333333333336 0 0.7499999999999999 0.8749999999999999 0 0.7291666666666665 0.8749999999999999 0 0.7395833333333335 0.8750000000000002 0 0.7500000000000001 0.9062500000000001 0 0.7291666666666665 0.9062499999999999 0 0.7395833333333335 0.9062500000000002 0 0.7499999999999999 0.8854166666666665 0 0.7500000000000001 0.8958333333333336 0 0.7499999999999999 0.8749999999999999 0 0.7499999999999999 0.9062499999999999 0 0.7499999999999999 0.8854166666666665 0 0.7500000000000001 0.8958333333333336 0 0.7812499999999999 0.8749999999999999 0 0.7604166666666665 0.8749999999999999 0 0.7708333333333335 0.8750000000000002 0 0.7812500000000001 0.9062500000000001 0 0.7604166666666665 0.9062499999999999 0 0.7708333333333335 0.9062500000000002 0 0.7812499999999999 0.8854166666666665 0 0.7812500000000001 0.8958333333333336 0 0.7812499999999999 0.8749999999999999 0 0.7812499999999999 0.9062499999999999 0 0.7812499999999999 0.8854166666666665 0 0.7812500000000001 0.8958333333333336 0 0.8124999999999999 0.8749999999999999 0 0.7916666666666665 0.8749999999999999 0 0.8020833333333335 0.8750000000000002 0 0.8125000000000001 0.9062500000000001 0 0.7916666666666665 0.9062499999999999 0 0.8020833333333335 0.9062500000000002 0 0.8124999999999999 0.8854166666666665 0 0.8125000000000002 0.8958333333333336 0 0.8124999999999999 0.8749999999999999 0 0.8124999999999999 0.9062499999999999 0 0.8124999999999999 0.8854166666666665 0 0.8125000000000002 0.8958333333333336 0 0.8437499999999999 0.8749999999999999 0 0.8229166666666665 0.8749999999999999 0 0.8333333333333336 0.8750000000000002 0 0.8437500000000001 0.9062500000000001 0 0.8229166666666665 0.9062499999999999 0 0.8333333333333336 0.9062500000000002 0 0.8437499999999999 0.8854166666666665 0 0.8437500000000002 0.8958333333333336 0 0.8437499999999999 0.8749999999999999 0 0.8437499999999999 0.9062499999999999 0 0.8437499999999999 0.8854166666666665 0 0.8437500000000002 0.8958333333333336 0 0.8749999999999999 0.8749999999999999 0 0.8541666666666665 0.8749999999999999 0 0.8645833333333336 0.8750000000000002 0 0.8750000000000001 0.9062500000000001 0 0.8541666666666665 0.9062499999999999 0 0.8645833333333336 0.9062500000000002 0 0.8749999999999999 0.8854166666666665 0 0.8750000000000002 0.8958333333333336 0 0.8749999999999999 0.8749999999999999 0 0.8749999999999999 0.9062499999999999 0 0.8749999999999999 0.8854166666666665 0 0.8750000000000002 0.8958333333333336 0 0.9062499999999999 0.8749999999999999 0 0.8854166666666665 0.8749999999999999 0 0.8958333333333336 0.8750000000000002 0 0.9062500000000001 0.9062500000000001 0 0.8854166666666665 0.9062499999999999 0 0.8958333333333336 0.9062500000000002 0 0.9062499999999999 0.8854166666666665 0 0.9062500000000002 0.8958333333333336 0 0.9062499999999999 0.8749999999999999 0 0.9062499999999999 0.9062499999999999 0 0.9062499999999999 0.8854166666666665 0 0.9062500000000002 0.8958333333333336 0 0.9374999999999999 0.8749999999999999 0 0.9166666666666665 0.8749999999999999 0 0.9270833333333336 0.8750000000000002 0 0.9375000000000001 0.9062500000000001 0 0.9166666666666665 0.9062499999999999 0 0.9270833333333336 0.9062500000000002 0 0.9374999999999999 0.8854166666666665 0 0.9375000000000002 0.8958333333333336 0 0.9374999999999999 0.8749999999999999 0 0.9374999999999999 0.9062499999999999 0 0.9374999999999999 0.8854166666666665 0 0.9375000000000002 0.8958333333333336 0 0.9687499999999999 0.8749999999999999 0 0.9479166666666665 0.8749999999999999 0 0.9583333333333336 0.8750000000000002 0 0.9687500000000001 0.9062500000000001 0 0.9479166666666665 0.9062499999999999 0 0.9583333333333336 0.9062500000000002 0 0.9687499999999999 0.8854166666666665 0 0.9687500000000002 0.8958333333333336 0 0.9687499999999999 0.8749999999999999 0 0.9687499999999999 0.9062499999999999 0 0.9687499999999999 0.8854166666666665 0 0.9687500000000002 0.8958333333333336 0 0.9999999999999999 0.8749999999999999 0 0.9791666666666665 0.8749999999999999 0 0.9895833333333336 0.8750000000000002 0 1 0.9062500000000001 0 0.9791666666666665 0.9062499999999999 0 0.9895833333333336 0.9062500000000002 0 0.9999999999999998 0.8854166666666665 0 1 0.8958333333333336 0 -2.891205793294678e-19 0.9062499999999999 0 -2.891205793294678e-19 0.9374999999999999 0 0 0.9166666666666665 0 0 0.9270833333333336 0 0.03125 0.9062499999999999 0 0.01041666666666666 0.9062499999999999 0 0.02083333333333334 0.9062500000000002 0 0.03125 0.9375000000000001 0 0.01041666666666666 0.9374999999999999 0 0.02083333333333334 0.9375000000000002 0 0.03124999999999999 0.9166666666666665 0 0.03125000000000001 0.9270833333333336 0 0.03125 0.9062499999999999 0 0.03125 0.9374999999999999 0 0.03124999999999999 0.9166666666666665 0 0.03125000000000001 0.9270833333333336 0 0.06249999999999999 0.9062499999999999 0 0.04166666666666666 0.9062499999999999 0 0.05208333333333334 0.9062500000000002 0 0.0625 0.9375000000000001 0 0.04166666666666666 0.9374999999999999 0 0.05208333333333334 0.9375000000000002 0 0.06249999999999999 0.9166666666666665 0 0.06250000000000001 0.9270833333333336 0 0.06249999999999999 0.9062499999999999 0 0.06249999999999999 0.9374999999999999 0 0.06249999999999999 0.9166666666666665 0 0.06250000000000001 0.9270833333333336 0 0.09374999999999999 0.9062499999999999 0 0.07291666666666666 0.9062499999999999 0 0.08333333333333334 0.9062500000000002 0 0.09375000000000001 0.9375000000000001 0 0.07291666666666666 0.9374999999999999 0 0.08333333333333334 0.9375000000000002 0 0.09374999999999999 0.9166666666666665 0 0.09375000000000001 0.9270833333333336 0 0.09374999999999999 0.9062499999999999 0 0.09374999999999999 0.9374999999999999 0 0.09374999999999999 0.9166666666666665 0 0.09375000000000001 0.9270833333333336 0 0.125 0.9062499999999999 0 0.1041666666666667 0.9062499999999999 0 0.1145833333333334 0.9062500000000002 0 0.125 0.9375000000000001 0 0.1041666666666667 0.9374999999999999 0 0.1145833333333334 0.9375000000000002 0 0.125 0.9166666666666665 0 0.125 0.9270833333333336 0 0.125 0.9062499999999999 0 0.125 0.9374999999999999 0 0.125 0.9166666666666665 0 0.125 0.9270833333333336 0 0.15625 0.9062499999999999 0 0.1354166666666666 0.9062499999999999 0 0.1458333333333334 0.9062500000000002 0 0.15625 0.9375000000000001 0 0.1354166666666666 0.9374999999999999 0 0.1458333333333334 0.9375000000000002 0 0.15625 0.9166666666666665 0 0.15625 0.9270833333333336 0 0.15625 0.9062499999999999 0 0.15625 0.9374999999999999 0 0.15625 0.9166666666666665 0 0.15625 0.9270833333333336 0 0.1875 0.9062499999999999 0 0.1666666666666666 0.9062499999999999 0 0.1770833333333334 0.9062500000000002 0 0.1875 0.9375000000000001 0 0.1666666666666666 0.9374999999999999 0 0.1770833333333334 0.9375000000000002 0 0.1875 0.9166666666666665 0 0.1875 0.9270833333333336 0 0.1875 0.9062499999999999 0 0.1875 0.9374999999999999 0 0.1875 0.9166666666666665 0 0.1875 0.9270833333333336 0 0.21875 0.9062499999999999 0 0.1979166666666666 0.9062499999999999 0 0.2083333333333334 0.9062500000000002 0 0.21875 0.9375000000000001 0 0.1979166666666666 0.9374999999999999 0 0.2083333333333334 0.9375000000000002 0 0.21875 0.9166666666666665 0 0.2187500000000001 0.9270833333333336 0 0.21875 0.9062499999999999 0 0.21875 0.9374999999999999 0 0.21875 0.9166666666666665 0 0.2187500000000001 0.9270833333333336 0 0.25 0.9062499999999999 0 0.2291666666666666 0.9062499999999999 0 0.2395833333333334 0.9062500000000002 0 0.25 0.9375000000000001 0 0.2291666666666666 0.9374999999999999 0 0.2395833333333334 0.9375000000000002 0 0.2499999999999999 0.9166666666666665 0 0.2500000000000001 0.9270833333333336 0 0.25 0.9062499999999999 0 0.25 0.9374999999999999 0 0.2499999999999999 0.9166666666666665 0 0.2500000000000001 0.9270833333333336 0 0.2812499999999999 0.9062499999999999 0 0.2604166666666666 0.9062499999999999 0 0.2708333333333334 0.9062500000000002 0 0.2812500000000001 0.9375000000000001 0 0.2604166666666666 0.9374999999999999 0 0.2708333333333334 0.9375000000000002 0 0.2812499999999999 0.9166666666666665 0 0.2812500000000001 0.9270833333333336 0 0.2812499999999999 0.9062499999999999 0 0.2812499999999999 0.9374999999999999 0 0.2812499999999999 0.9166666666666665 0 0.2812500000000001 0.9270833333333336 0 0.3124999999999999 0.9062499999999999 0 0.2916666666666666 0.9062499999999999 0 0.3020833333333334 0.9062500000000002 0 0.3125000000000001 0.9375000000000001 0 0.2916666666666666 0.9374999999999999 0 0.3020833333333334 0.9375000000000002 0 0.3124999999999999 0.9166666666666665 0 0.3125000000000001 0.9270833333333336 0 0.3124999999999999 0.9062499999999999 0 0.3124999999999999 0.9374999999999999 0 0.3124999999999999 0.9166666666666665 0 0.3125000000000001 0.9270833333333336 0 0.3437499999999999 0.9062499999999999 0 0.3229166666666666 0.9062499999999999 0 0.3333333333333334 0.9062500000000002 0 0.3437500000000001 0.9375000000000001 0 0.3229166666666666 0.9374999999999999 0 0.3333333333333334 0.9375000000000002 0 0.3437499999999999 0.9166666666666665 0 0.3437500000000001 0.9270833333333336 0 0.3437499999999999 0.9062499999999999 0 0.3437499999999999 0.9374999999999999 0 0.3437499999999999 0.9166666666666665 0 0.3437500000000001 0.9270833333333336 0 0.3749999999999999 0.9062499999999999 0 0.3541666666666666 0.9062499999999999 0 0.3645833333333334 0.9062500000000002 0 0.3750000000000001 0.9375000000000001 0 0.3541666666666666 0.9374999999999999 0 0.3645833333333334 0.9375000000000002 0 0.3749999999999999 0.9166666666666665 0 0.3750000000000001 0.9270833333333336 0 0.3749999999999999 0.9062499999999999 0 0.3749999999999999 0.9374999999999999 0 0.3749999999999999 0.9166666666666665 0 0.3750000000000001 0.9270833333333336 0 0.4062499999999999 0.9062499999999999 0 0.3854166666666666 0.9062499999999999 0 0.3958333333333334 0.9062500000000002 0 0.4062500000000001 0.9375000000000001 0 0.3854166666666666 0.9374999999999999 0 0.3958333333333334 0.9375000000000002 0 0.4062499999999999 0.9166666666666665 0 0.4062500000000001 0.9270833333333336 0 0.4062499999999999 0.9062499999999999 0 0.4062499999999999 0.9374999999999999 0 0.4062499999999999 0.9166666666666665 0 0.4062500000000001 0.9270833333333336 0 0.4374999999999999 0.9062499999999999 0 0.4166666666666666 0.9062499999999999 0 0.4270833333333334 0.9062500000000002 0 0.4375000000000001 0.9375000000000001 0 0.4166666666666666 0.9374999999999999 0 0.4270833333333334 0.9375000000000002 0 0.4374999999999999 0.9166666666666665 0 0.4375000000000001 0.9270833333333336 0 0.4374999999999999 0.9062499999999999 0 0.4374999999999999 0.9374999999999999 0 0.4374999999999999 0.9166666666666665 0 0.4375000000000001 0.9270833333333336 0 0.4687499999999999 0.9062499999999999 0 0.4479166666666666 0.9062499999999999 0 0.4583333333333334 0.9062500000000002 0 0.4687500000000001 0.9375000000000001 0 0.4479166666666666 0.9374999999999999 0 0.4583333333333334 0.9375000000000002 0 0.4687499999999999 0.9166666666666665 0 0.4687500000000001 0.9270833333333336 0 0.4687499999999999 0.9062499999999999 0 0.4687499999999999 0.9374999999999999 0 0.4687499999999999 0.9166666666666665 0 0.4687500000000001 0.9270833333333336 0 0.4999999999999999 0.9062499999999999 0 0.4791666666666666 0.9062499999999999 0 0.4895833333333334 0.9062500000000002 0 0.5 0.9375000000000001 0 0.4791666666666666 0.9374999999999999 0 0.4895833333333334 0.9375000000000002 0 0.4999999999999999 0.9166666666666665 0 0.5000000000000001 0.9270833333333336 0 0.4999999999999999 0.9062499999999999 0 0.4999999999999999 0.9374999999999999 0 0.4999999999999999 0.9166666666666665 0 0.5000000000000001 0.9270833333333336 0 0.5312499999999999 0.9062499999999999 0 0.5104166666666665 0.9062499999999999 0 0.5208333333333335 0.9062500000000002 0 0.5312500000000001 0.9375000000000001 0 0.5104166666666665 0.9374999999999999 0 0.5208333333333335 0.9375000000000002 0 0.5312499999999999 0.9166666666666665 0 0.5312500000000001 0.9270833333333336 0 0.5312499999999999 0.9062499999999999 0 0.5312499999999999 0.9374999999999999 0 0.5312499999999999 0.9166666666666665 0 0.5312500000000001 0.9270833333333336 0 0.5624999999999999 0.9062499999999999 0 0.5416666666666665 0.9062499999999999 0 0.5520833333333335 0.9062500000000002 0 0.5625000000000001 0.9375000000000001 0 0.5416666666666665 0.9374999999999999 0 0.5520833333333335 0.9375000000000002 0 0.5624999999999999 0.9166666666666665 0 0.5625000000000001 0.9270833333333336 0 0.5624999999999999 0.9062499999999999 0 0.5624999999999999 0.9374999999999999 0 0.5624999999999999 0.9166666666666665 0 0.5625000000000001 0.9270833333333336 0 0.5937499999999999 0.9062499999999999 0 0.5729166666666665 0.9062499999999999 0 0.5833333333333335 0.9062500000000002 0 0.5937500000000001 0.9375000000000001 0 0.5729166666666665 0.9374999999999999 0 0.5833333333333335 0.9375000000000002 0 0.5937499999999999 0.9166666666666665 0 0.5937500000000001 0.9270833333333336 0 0.5937499999999999 0.9062499999999999 0 0.5937499999999999 0.9374999999999999 0 0.5937499999999999 0.9166666666666665 0 0.5937500000000001 0.9270833333333336 0 0.6249999999999999 0.9062499999999999 0 0.6041666666666665 0.9062499999999999 0 0.6145833333333335 0.9062500000000002 0 0.6250000000000001 0.9375000000000001 0 0.6041666666666665 0.9374999999999999 0 0.6145833333333335 0.9375000000000002 0 0.6249999999999999 0.9166666666666665 0 0.6250000000000001 0.9270833333333336 0 0.6249999999999999 0.9062499999999999 0 0.6249999999999999 0.9374999999999999 0 0.6249999999999999 0.9166666666666665 0 0.6250000000000001 0.9270833333333336 0 0.6562499999999999 0.9062499999999999 0 0.6354166666666665 0.9062499999999999 0 0.6458333333333335 0.9062500000000002 0 0.6562500000000001 0.9375000000000001 0 0.6354166666666665 0.9374999999999999 0 0.6458333333333335 0.9375000000000002 0 0.6562499999999999 0.9166666666666665 0 0.6562500000000001 0.9270833333333336 0 0.6562499999999999 0.9062499999999999 0 0.6562499999999999 0.9374999999999999 0 0.6562499999999999 0.9166666666666665 0 0.6562500000000001 0.9270833333333336 0 0.6874999999999999 0.9062499999999999 0 0.6666666666666665 0.9062499999999999 0 0.6770833333333335 0.9062500000000002 0 0.6875000000000001 0.9375000000000001 0 0.6666666666666665 0.9374999999999999 0 0.6770833333333335 0.9375000000000002 0 0.6874999999999999 0.9166666666666665 0 0.6875000000000001 0.9270833333333336 0 0.6874999999999999 0.9062499999999999 0 0.6874999999999999 0.9374999999999999 0 0.6874999999999999 0.9166666666666665 0 0.6875000000000001 0.9270833333333336 0 0.7187499999999999 0.9062499999999999 0 0.6979166666666665 0.9062499999999999 0 0.7083333333333335 0.9062500000000002 0 0.7187500000000001 0.9375000000000001 0 0.6979166666666665 0.9374999999999999 0 0.7083333333333335 0.9375000000000002 0 0.7187499999999999 0.9166666666666665 0 0.7187500000000001 0.9270833333333336 0 0.7187499999999999 0.9062499999999999 0 0.7187499999999999 0.9374999999999999 0 0.7187499999999999 0.9166666666666665 0 0.7187500000000001 0.9270833333333336 0 0.7499999999999999 0.9062499999999999 0 0.7291666666666665 0.9062499999999999 0 0.7395833333333335 0.9062500000000002 0 0.7500000000000001 0.9375000000000001 0 0.7291666666666665 0.9374999999999999 0 0.7395833333333335 0.9375000000000002 0 0.7499999999999999 0.9166666666666665 0 0.7500000000000001 0.9270833333333336 0 0.7499999999999999 0.9062499999999999 0 0.7499999999999999 0.9374999999999999 0 0.7499999999999999 0.9166666666666665 0 0.7500000000000001 0.9270833333333336 0 0.7812499999999999 0.9062499999999999 0 0.7604166666666665 0.9062499999999999 0 0.7708333333333335 0.9062500000000002 0 0.7812500000000001 0.9375000000000001 0 0.7604166666666665 0.9374999999999999 0 0.7708333333333335 0.9375000000000002 0 0.7812499999999999 0.9166666666666665 0 0.7812500000000001 0.9270833333333336 0 0.7812499999999999 0.9062499999999999 0 0.7812499999999999 0.9374999999999999 0 0.7812499999999999 0.9166666666666665 0 0.7812500000000001 0.9270833333333336 0 0.8124999999999999 0.9062499999999999 0 0.7916666666666665 0.9062499999999999 0 0.8020833333333335 0.9062500000000002 0 0.8125000000000001 0.9375000000000001 0 0.7916666666666665 0.9374999999999999 0 0.8020833333333335 0.9375000000000002 0 0.8124999999999999 0.9166666666666665 0 0.8125000000000002 0.9270833333333336 0 0.8124999999999999 0.9062499999999999 0 0.8124999999999999 0.9374999999999999 0 0.8124999999999999 0.9166666666666665 0 0.8125000000000002 0.9270833333333336 0 0.8437499999999999 0.9062499999999999 0 0.8229166666666665 0.9062499999999999 0 0.8333333333333336 0.9062500000000002 0 0.8437500000000001 0.9375000000000001 0 0.8229166666666665 0.9374999999999999 0 0.8333333333333336 0.9375000000000002 0 0.8437499999999999 0.9166666666666665 0 0.8437500000000002 0.9270833333333336 0 0.8437499999999999 0.9062499999999999 0 0.8437499999999999 0.9374999999999999 0 0.8437499999999999 0.9166666666666665 0 0.8437500000000002 0.9270833333333336 0 0.8749999999999999 0.9062499999999999 0 0.8541666666666665 0.9062499999999999 0 0.8645833333333336 0.9062500000000002 0 0.8750000000000001 0.9375000000000001 0 0.8541666666666665 0.9374999999999999 0 0.8645833333333336 0.9375000000000002 0 0.8749999999999999 0.9166666666666665 0 0.8750000000000002 0.9270833333333336 0 0.8749999999999999 0.9062499999999999 0 0.8749999999999999 0.9374999999999999 0 0.8749999999999999 0.9166666666666665 0 0.8750000000000002 0.9270833333333336 0 0.9062499999999999 0.9062499999999999 0 0.8854166666666665 0.9062499999999999 0 0.8958333333333336 0.9062500000000002 0 0.9062500000000001 0.9375000000000001 0 0.8854166666666665 0.9374999999999999 0 0.8958333333333336 0.9375000000000002 0 0.9062499999999999 0.9166666666666665 0 0.9062500000000002 0.9270833333333336 0 0.9062499999999999 0.9062499999999999 0 0.9062499999999999 0.9374999999999999 0 0.9062499999999999 0.9166666666666665 0 0.9062500000000002 0.9270833333333336 0 0.9374999999999999 0.9062499999999999 0 0.9166666666666665 0.9062499999999999 0 0.9270833333333336 0.9062500000000002 0 0.9375000000000001 0.9375000000000001 0 0.9166666666666665 0.9374999999999999 0 0.9270833333333336 0.9375000000000002 0 0.9374999999999999 0.9166666666666665 0 0.9375000000000002 0.9270833333333336 0 0.9374999999999999 0.9062499999999999 0 0.9374999999999999 0.9374999999999999 0 0.9374999999999999 0.9166666666666665 0 0.9375000000000002 0.9270833333333336 0 0.9687499999999999 0.9062499999999999 0 0.9479166666666665 0.9062499999999999 0 0.9583333333333336 0.9062500000000002 0 0.9687500000000001 0.9375000000000001 0 0.9479166666666665 0.9374999999999999 0 0.9583333333333336 0.9375000000000002 0 0.9687499999999999 0.9166666666666665 0 0.9687500000000002 0.9270833333333336 0 0.9687499999999999 0.9062499999999999 0 0.9687499999999999 0.9374999999999999 0 0.9687499999999999 0.9166666666666665 0 0.9687500000000002 0.9270833333333336 0 0.9999999999999999 0.9062499999999999 0 0.9791666666666665 0.9062499999999999 0 0.9895833333333336 0.9062500000000002 0 1 0.9375000000000001 0 0.9791666666666665 0.9374999999999999 0 0.9895833333333336 0.9375000000000002 0 0.9999999999999998 0.9166666666666665 0 1 0.9270833333333336 0 -2.891205793294678e-19 0.9374999999999999 0 -2.891205793294678e-19 0.9687499999999999 0 0 0.9479166666666665 0 0 0.9583333333333336 0 0.03125 0.9374999999999999 0 0.01041666666666666 0.9374999999999999 0 0.02083333333333334 0.9375000000000002 0 0.03125 0.9687500000000001 0 0.01041666666666666 0.9687499999999999 0 0.02083333333333334 0.9687500000000002 0 0.03124999999999999 0.9479166666666665 0 0.03125000000000001 0.9583333333333336 0 0.03125 0.9374999999999999 0 0.03125 0.9687499999999999 0 0.03124999999999999 0.9479166666666665 0 0.03125000000000001 0.9583333333333336 0 0.06249999999999999 0.9374999999999999 0 0.04166666666666666 0.9374999999999999 0 0.05208333333333334 0.9375000000000002 0 0.0625 0.9687500000000001 0 0.04166666666666666 0.9687499999999999 0 0.05208333333333334 0.9687500000000002 0 0.06249999999999999 0.9479166666666665 0 0.06250000000000001 0.9583333333333336 0 0.06249999999999999 0.9374999999999999 0 0.06249999999999999 0.9687499999999999 0 0.06249999999999999 0.9479166666666665 0 0.06250000000000001 0.9583333333333336 0 0.09374999999999999 0.9374999999999999 0 0.07291666666666666 0.9374999999999999 0 0.08333333333333334 0.9375000000000002 0 0.09375000000000001 0.9687500000000001 0 0.07291666666666666 0.9687499999999999 0 0.08333333333333334 0.9687500000000002 0 0.09374999999999999 0.9479166666666665 0 0.09375000000000001 0.9583333333333336 0 0.09374999999999999 0.9374999999999999 0 0.09374999999999999 0.9687499999999999 0 0.09374999999999999 0.9479166666666665 0 0.09375000000000001 0.9583333333333336 0 0.125 0.9374999999999999 0 0.1041666666666667 0.9374999999999999 0 0.1145833333333334 0.9375000000000002 0 0.125 0.9687500000000001 0 0.1041666666666667 0.9687499999999999 0 0.1145833333333334 0.9687500000000002 0 0.125 0.9479166666666665 0 0.125 0.9583333333333336 0 0.125 0.9374999999999999 0 0.125 0.9687499999999999 0 0.125 0.9479166666666665 0 0.125 0.9583333333333336 0 0.15625 0.9374999999999999 0 0.1354166666666666 0.9374999999999999 0 0.1458333333333334 0.9375000000000002 0 0.15625 0.9687500000000001 0 0.1354166666666666 0.9687499999999999 0 0.1458333333333334 0.9687500000000002 0 0.15625 0.9479166666666665 0 0.15625 0.9583333333333336 0 0.15625 0.9374999999999999 0 0.15625 0.9687499999999999 0 0.15625 0.9479166666666665 0 0.15625 0.9583333333333336 0 0.1875 0.9374999999999999 0 0.1666666666666666 0.9374999999999999 0 0.1770833333333334 0.9375000000000002 0 0.1875 0.9687500000000001 0 0.1666666666666666 0.9687499999999999 0 0.1770833333333334 0.9687500000000002 0 0.1875 0.9479166666666665 0 0.1875 0.9583333333333336 0 0.1875 0.9374999999999999 0 0.1875 0.9687499999999999 0 0.1875 0.9479166666666665 0 0.1875 0.9583333333333336 0 0.21875 0.9374999999999999 0 0.1979166666666666 0.9374999999999999 0 0.2083333333333334 0.9375000000000002 0 0.21875 0.9687500000000001 0 0.1979166666666666 0.9687499999999999 0 0.2083333333333334 0.9687500000000002 0 0.21875 0.9479166666666665 0 0.2187500000000001 0.9583333333333336 0 0.21875 0.9374999999999999 0 0.21875 0.9687499999999999 0 0.21875 0.9479166666666665 0 0.2187500000000001 0.9583333333333336 0 0.25 0.9374999999999999 0 0.2291666666666666 0.9374999999999999 0 0.2395833333333334 0.9375000000000002 0 0.25 0.9687500000000001 0 0.2291666666666666 0.9687499999999999 0 0.2395833333333334 0.9687500000000002 0 0.2499999999999999 0.9479166666666665 0 0.2500000000000001 0.9583333333333336 0 0.25 0.9374999999999999 0 0.25 0.9687499999999999 0 0.2499999999999999 0.9479166666666665 0 0.2500000000000001 0.9583333333333336 0 0.2812499999999999 0.9374999999999999 0 0.2604166666666666 0.9374999999999999 0 0.2708333333333334 0.9375000000000002 0 0.2812500000000001 0.9687500000000001 0 0.2604166666666666 0.9687499999999999 0 0.2708333333333334 0.9687500000000002 0 0.2812499999999999 0.9479166666666665 0 0.2812500000000001 0.9583333333333336 0 0.2812499999999999 0.9374999999999999 0 0.2812499999999999 0.9687499999999999 0 0.2812499999999999 0.9479166666666665 0 0.2812500000000001 0.9583333333333336 0 0.3124999999999999 0.9374999999999999 0 0.2916666666666666 0.9374999999999999 0 0.3020833333333334 0.9375000000000002 0 0.3125000000000001 0.9687500000000001 0 0.2916666666666666 0.9687499999999999 0 0.3020833333333334 0.9687500000000002 0 0.3124999999999999 0.9479166666666665 0 0.3125000000000001 0.9583333333333336 0 0.3124999999999999 0.9374999999999999 0 0.3124999999999999 0.9687499999999999 0 0.3124999999999999 0.9479166666666665 0 0.3125000000000001 0.9583333333333336 0 0.3437499999999999 0.9374999999999999 0 0.3229166666666666 0.9374999999999999 0 0.3333333333333334 0.9375000000000002 0 0.3437500000000001 0.9687500000000001 0 0.3229166666666666 0.9687499999999999 0 0.3333333333333334 0.9687500000000002 0 0.3437499999999999 0.9479166666666665 0 0.3437500000000001 0.9583333333333336 0 0.3437499999999999 0.9374999999999999 0 0.3437499999999999 0.9687499999999999 0 0.3437499999999999 0.9479166666666665 0 0.3437500000000001 0.9583333333333336 0 0.3749999999999999 0.9374999999999999 0 0.3541666666666666 0.9374999999999999 0 0.3645833333333334 0.9375000000000002 0 0.3750000000000001 0.9687500000000001 0 0.3541666666666666 0.9687499999999999 0 0.3645833333333334 0.9687500000000002 0 0.3749999999999999 0.9479166666666665 0 0.3750000000000001 0.9583333333333336 0 0.3749999999999999 0.9374999999999999 0 0.3749999999999999 0.9687499999999999 0 0.3749999999999999 0.9479166666666665 0 0.3750000000000001 0.9583333333333336 0 0.4062499999999999 0.9374999999999999 0 0.3854166666666666 0.9374999999999999 0 0.3958333333333334 0.9375000000000002 0 0.4062500000000001 0.9687500000000001 0 0.3854166666666666 0.9687499999999999 0 0.3958333333333334 0.9687500000000002 0 0.4062499999999999 0.9479166666666665 0 0.4062500000000001 0.9583333333333336 0 0.4062499999999999 0.9374999999999999 0 0.4062499999999999 0.9687499999999999 0 0.4062499999999999 0.9479166666666665 0 0.4062500000000001 0.9583333333333336 0 0.4374999999999999 0.9374999999999999 0 0.4166666666666666 0.9374999999999999 0 0.4270833333333334 0.9375000000000002 0 0.4375000000000001 0.9687500000000001 0 0.4166666666666666 0.9687499999999999 0 0.4270833333333334 0.9687500000000002 0 0.4374999999999999 0.9479166666666665 0 0.4375000000000001 0.9583333333333336 0 0.4374999999999999 0.9374999999999999 0 0.4374999999999999 0.9687499999999999 0 0.4374999999999999 0.9479166666666665 0 0.4375000000000001 0.9583333333333336 0 0.4687499999999999 0.9374999999999999 0 0.4479166666666666 0.9374999999999999 0 0.4583333333333334 0.9375000000000002 0 0.4687500000000001 0.9687500000000001 0 0.4479166666666666 0.9687499999999999 0 0.4583333333333334 0.9687500000000002 0 0.4687499999999999 0.9479166666666665 0 0.4687500000000001 0.9583333333333336 0 0.4687499999999999 0.9374999999999999 0 0.4687499999999999 0.9687499999999999 0 0.4687499999999999 0.9479166666666665 0 0.4687500000000001 0.9583333333333336 0 0.4999999999999999 0.9374999999999999 0 0.4791666666666666 0.9374999999999999 0 0.4895833333333334 0.9375000000000002 0 0.5 0.9687500000000001 0 0.4791666666666666 0.9687499999999999 0 0.4895833333333334 0.9687500000000002 0 0.4999999999999999 0.9479166666666665 0 0.5000000000000001 0.9583333333333336 0 0.4999999999999999 0.9374999999999999 0 0.4999999999999999 0.9687499999999999 0 0.4999999999999999 0.9479166666666665 0 0.5000000000000001 0.9583333333333336 0 0.5312499999999999 0.9374999999999999 0 0.5104166666666665 0.9374999999999999 0 0.5208333333333335 0.9375000000000002 0 0.5312500000000001 0.9687500000000001 0 0.5104166666666665 0.9687499999999999 0 0.5208333333333335 0.9687500000000002 0 0.5312499999999999 0.9479166666666665 0 0.5312500000000001 0.9583333333333336 0 0.5312499999999999 0.9374999999999999 0 0.5312499999999999 0.9687499999999999 0 0.5312499999999999 0.9479166666666665 0 0.5312500000000001 0.9583333333333336 0 0.5624999999999999 0.9374999999999999 0 0.5416666666666665 0.9374999999999999 0 0.5520833333333335 0.9375000000000002 0 0.5625000000000001 0.9687500000000001 0 0.5416666666666665 0.9687499999999999 0 0.5520833333333335 0.9687500000000002 0 0.5624999999999999 0.9479166666666665 0 0.5625000000000001 0.9583333333333336 0 0.5624999999999999 0.9374999999999999 0 0.5624999999999999 0.9687499999999999 0 0.5624999999999999 0.9479166666666665 0 0.5625000000000001 0.9583333333333336 0 0.5937499999999999 0.9374999999999999 0 0.5729166666666665 0.9374999999999999 0 0.5833333333333335 0.9375000000000002 0 0.5937500000000001 0.9687500000000001 0 0.5729166666666665 0.9687499999999999 0 0.5833333333333335 0.9687500000000002 0 0.5937499999999999 0.9479166666666665 0 0.5937500000000001 0.9583333333333336 0 0.5937499999999999 0.9374999999999999 0 0.5937499999999999 0.9687499999999999 0 0.5937499999999999 0.9479166666666665 0 0.5937500000000001 0.9583333333333336 0 0.6249999999999999 0.9374999999999999 0 0.6041666666666665 0.9374999999999999 0 0.6145833333333335 0.9375000000000002 0 0.6250000000000001 0.9687500000000001 0 0.6041666666666665 0.9687499999999999 0 0.6145833333333335 0.9687500000000002 0 0.6249999999999999 0.9479166666666665 0 0.6250000000000001 0.9583333333333336 0 0.6249999999999999 0.9374999999999999 0 0.6249999999999999 0.9687499999999999 0 0.6249999999999999 0.9479166666666665 0 0.6250000000000001 0.9583333333333336 0 0.6562499999999999 0.9374999999999999 0 0.6354166666666665 0.9374999999999999 0 0.6458333333333335 0.9375000000000002 0 0.6562500000000001 0.9687500000000001 0 0.6354166666666665 0.9687499999999999 0 0.6458333333333335 0.9687500000000002 0 0.6562499999999999 0.9479166666666665 0 0.6562500000000001 0.9583333333333336 0 0.6562499999999999 0.9374999999999999 0 0.6562499999999999 0.9687499999999999 0 0.6562499999999999 0.9479166666666665 0 0.6562500000000001 0.9583333333333336 0 0.6874999999999999 0.9374999999999999 0 0.6666666666666665 0.9374999999999999 0 0.6770833333333335 0.9375000000000002 0 0.6875000000000001 0.9687500000000001 0 0.6666666666666665 0.9687499999999999 0 0.6770833333333335 0.9687500000000002 0 0.6874999999999999 0.9479166666666665 0 0.6875000000000001 0.9583333333333336 0 0.6874999999999999 0.9374999999999999 0 0.6874999999999999 0.9687499999999999 0 0.6874999999999999 0.9479166666666665 0 0.6875000000000001 0.9583333333333336 0 0.7187499999999999 0.9374999999999999 0 0.6979166666666665 0.9374999999999999 0 0.7083333333333335 0.9375000000000002 0 0.7187500000000001 0.9687500000000001 0 0.6979166666666665 0.9687499999999999 0 0.7083333333333335 0.9687500000000002 0 0.7187499999999999 0.9479166666666665 0 0.7187500000000001 0.9583333333333336 0 0.7187499999999999 0.9374999999999999 0 0.7187499999999999 0.9687499999999999 0 0.7187499999999999 0.9479166666666665 0 0.7187500000000001 0.9583333333333336 0 0.7499999999999999 0.9374999999999999 0 0.7291666666666665 0.9374999999999999 0 0.7395833333333335 0.9375000000000002 0 0.7500000000000001 0.9687500000000001 0 0.7291666666666665 0.9687499999999999 0 0.7395833333333335 0.9687500000000002 0 0.7499999999999999 0.9479166666666665 0 0.7500000000000001 0.9583333333333336 0 0.7499999999999999 0.9374999999999999 0 0.7499999999999999 0.9687499999999999 0 0.7499999999999999 0.9479166666666665 0 0.7500000000000001 0.9583333333333336 0 0.7812499999999999 0.9374999999999999 0 0.7604166666666665 0.9374999999999999 0 0.7708333333333335 0.9375000000000002 0 0.7812500000000001 0.9687500000000001 0 0.7604166666666665 0.9687499999999999 0 0.7708333333333335 0.9687500000000002 0 0.7812499999999999 0.9479166666666665 0 0.7812500000000001 0.9583333333333336 0 0.7812499999999999 0.9374999999999999 0 0.7812499999999999 0.9687499999999999 0 0.7812499999999999 0.9479166666666665 0 0.7812500000000001 0.9583333333333336 0 0.8124999999999999 0.9374999999999999 0 0.7916666666666665 0.9374999999999999 0 0.8020833333333335 0.9375000000000002 0 0.8125000000000001 0.9687500000000001 0 0.7916666666666665 0.9687499999999999 0 0.8020833333333335 0.9687500000000002 0 0.8124999999999999 0.9479166666666665 0 0.8125000000000002 0.9583333333333336 0 0.8124999999999999 0.9374999999999999 0 0.8124999999999999 0.9687499999999999 0 0.8124999999999999 0.9479166666666665 0 0.8125000000000002 0.9583333333333336 0 0.8437499999999999 0.9374999999999999 0 0.8229166666666665 0.9374999999999999 0 0.8333333333333336 0.9375000000000002 0 0.8437500000000001 0.9687500000000001 0 0.8229166666666665 0.9687499999999999 0 0.8333333333333336 0.9687500000000002 0 0.8437499999999999 0.9479166666666665 0 0.8437500000000002 0.9583333333333336 0 0.8437499999999999 0.9374999999999999 0 0.8437499999999999 0.9687499999999999 0 0.8437499999999999 0.9479166666666665 0 0.8437500000000002 0.9583333333333336 0 0.8749999999999999 0.9374999999999999 0 0.8541666666666665 0.9374999999999999 0 0.8645833333333336 0.9375000000000002 0 0.8750000000000001 0.9687500000000001 0 0.8541666666666665 0.9687499999999999 0 0.8645833333333336 0.9687500000000002 0 0.8749999999999999 0.9479166666666665 0 0.8750000000000002 0.9583333333333336 0 0.8749999999999999 0.9374999999999999 0 0.8749999999999999 0.9687499999999999 0 0.8749999999999999 0.9479166666666665 0 0.8750000000000002 0.9583333333333336 0 0.9062499999999999 0.9374999999999999 0 0.8854166666666665 0.9374999999999999 0 0.8958333333333336 0.9375000000000002 0 0.9062500000000001 0.9687500000000001 0 0.8854166666666665 0.9687499999999999 0 0.8958333333333336 0.9687500000000002 0 0.9062499999999999 0.9479166666666665 0 0.9062500000000002 0.9583333333333336 0 0.9062499999999999 0.9374999999999999 0 0.9062499999999999 0.9687499999999999 0 0.9062499999999999 0.9479166666666665 0 0.9062500000000002 0.9583333333333336 0 0.9374999999999999 0.9374999999999999 0 0.9166666666666665 0.9374999999999999 0 0.9270833333333336 0.9375000000000002 0 0.9375000000000001 0.9687500000000001 0 0.9166666666666665 0.9687499999999999 0 0.9270833333333336 0.9687500000000002 0 0.9374999999999999 0.9479166666666665 0 0.9375000000000002 0.9583333333333336 0 0.9374999999999999 0.9374999999999999 0 0.9374999999999999 0.9687499999999999 0 0.9374999999999999 0.9479166666666665 0 0.9375000000000002 0.9583333333333336 0 0.9687499999999999 0.9374999999999999 0 0.9479166666666665 0.9374999999999999 0 0.9583333333333336 0.9375000000000002 0 0.9687500000000001 0.9687500000000001 0 0.9479166666666665 0.9687499999999999 0 0.9583333333333336 0.9687500000000002 0 0.9687499999999999 0.9479166666666665 0 0.9687500000000002 0.9583333333333336 0 0.9687499999999999 0.9374999999999999 0 0.9687499999999999 0.9687499999999999 0 0.9687499999999999 0.9479166666666665 0 0.9687500000000002 0.9583333333333336 0 0.9999999999999999 0.9374999999999999 0 0.9791666666666665 0.9374999999999999 0 0.9895833333333336 0.9375000000000002 0 1 0.9687500000000001 0 0.9791666666666665 0.9687499999999999 0 0.9895833333333336 0.9687500000000002 0 0.9999999999999998 0.9479166666666665 0 1 0.9583333333333336 0 -2.891205793294678e-19 0.9687499999999999 0 -2.891205793294678e-19 0.9999999999999999 0 0 0.9791666666666665 0 0 0.9895833333333336 0 0.03125 0.9687499999999999 0 0.01041666666666666 0.9687499999999999 0 0.02083333333333334 0.9687500000000002 0 0.03125 1 0 0.01041666666666666 0.9999999999999998 0 0.02083333333333334 1 0 0.03124999999999999 0.9791666666666665 0 0.03125000000000001 0.9895833333333336 0 0.03125 0.9687499999999999 0 0.03125 0.9999999999999999 0 0.03124999999999999 0.9791666666666665 0 0.03125000000000001 0.9895833333333336 0 0.06249999999999999 0.9687499999999999 0 0.04166666666666666 0.9687499999999999 0 0.05208333333333334 0.9687500000000002 0 0.0625 1 0 0.04166666666666666 0.9999999999999998 0 0.05208333333333334 1 0 0.06249999999999999 0.9791666666666665 0 0.06250000000000001 0.9895833333333336 0 0.06249999999999999 0.9687499999999999 0 0.06249999999999999 0.9999999999999999 0 0.06249999999999999 0.9791666666666665 0 0.06250000000000001 0.9895833333333336 0 0.09374999999999999 0.9687499999999999 0 0.07291666666666666 0.9687499999999999 0 0.08333333333333334 0.9687500000000002 0 0.09375000000000001 1 0 0.07291666666666666 0.9999999999999998 0 0.08333333333333334 1 0 0.09374999999999999 0.9791666666666665 0 0.09375000000000001 0.9895833333333336 0 0.09374999999999999 0.9687499999999999 0 0.09374999999999999 0.9999999999999999 0 0.09374999999999999 0.9791666666666665 0 0.09375000000000001 0.9895833333333336 0 0.125 0.9687499999999999 0 0.1041666666666667 0.9687499999999999 0 0.1145833333333334 0.9687500000000002 0 0.125 1 0 0.1041666666666667 0.9999999999999998 0 0.1145833333333334 1 0 0.125 0.9791666666666665 0 0.125 0.9895833333333336 0 0.125 0.9687499999999999 0 0.125 0.9999999999999999 0 0.125 0.9791666666666665 0 0.125 0.9895833333333336 0 0.15625 0.9687499999999999 0 0.1354166666666666 0.9687499999999999 0 0.1458333333333334 0.9687500000000002 0 0.15625 1 0 0.1354166666666666 0.9999999999999998 0 0.1458333333333334 1 0 0.15625 0.9791666666666665 0 0.15625 0.9895833333333336 0 0.15625 0.9687499999999999 0 0.15625 0.9999999999999999 0 0.15625 0.9791666666666665 0 0.15625 0.9895833333333336 0 0.1875 0.9687499999999999 0 0.1666666666666666 0.9687499999999999 0 0.1770833333333334 0.9687500000000002 0 0.1875 1 0 0.1666666666666666 0.9999999999999998 0 0.1770833333333334 1 0 0.1875 0.9791666666666665 0 0.1875 0.9895833333333336 0 0.1875 0.9687499999999999 0 0.1875 0.9999999999999999 0 0.1875 0.9791666666666665 0 0.1875 0.9895833333333336 0 0.21875 0.9687499999999999 0 0.1979166666666666 0.9687499999999999 0 0.2083333333333334 0.9687500000000002 0 0.21875 1 0 0.1979166666666666 0.9999999999999998 0 0.2083333333333334 1 0 0.21875 0.9791666666666665 0 0.2187500000000001 0.9895833333333336 0 0.21875 0.9687499999999999 0 0.21875 0.9999999999999999 0 0.21875 0.9791666666666665 0 0.2187500000000001 0.9895833333333336 0 0.25 0.9687499999999999 0 0.2291666666666666 0.9687499999999999 0 0.2395833333333334 0.9687500000000002 0 0.25 1 0 0.2291666666666666 0.9999999999999998 0 0.2395833333333334 1 0 0.2499999999999999 0.9791666666666665 0 0.2500000000000001 0.9895833333333336 0 0.25 0.9687499999999999 0 0.25 0.9999999999999999 0 0.2499999999999999 0.9791666666666665 0 0.2500000000000001 0.9895833333333336 0 0.2812499999999999 0.9687499999999999 0 0.2604166666666666 0.9687499999999999 0 0.2708333333333334 0.9687500000000002 0 0.2812500000000001 1 0 0.2604166666666666 0.9999999999999998 0 0.2708333333333334 1 0 0.2812499999999999 0.9791666666666665 0 0.2812500000000001 0.9895833333333336 0 0.2812499999999999 0.9687499999999999 0 0.2812499999999999 0.9999999999999999 0 0.2812499999999999 0.9791666666666665 0 0.2812500000000001 0.9895833333333336 0 0.3124999999999999 0.9687499999999999 0 0.2916666666666666 0.9687499999999999 0 0.3020833333333334 0.9687500000000002 0 0.3125000000000001 1 0 0.2916666666666666 0.9999999999999998 0 0.3020833333333334 1 0 0.3124999999999999 0.9791666666666665 0 0.3125000000000001 0.9895833333333336 0 0.3124999999999999 0.9687499999999999 0 0.3124999999999999 0.9999999999999999 0 0.3124999999999999 0.9791666666666665 0 0.3125000000000001 0.9895833333333336 0 0.3437499999999999 0.9687499999999999 0 0.3229166666666666 0.9687499999999999 0 0.3333333333333334 0.9687500000000002 0 0.3437500000000001 1 0 0.3229166666666666 0.9999999999999998 0 0.3333333333333334 1 0 0.3437499999999999 0.9791666666666665 0 0.3437500000000001 0.9895833333333336 0 0.3437499999999999 0.9687499999999999 0 0.3437499999999999 0.9999999999999999 0 0.3437499999999999 0.9791666666666665 0 0.3437500000000001 0.9895833333333336 0 0.3749999999999999 0.9687499999999999 0 0.3541666666666666 0.9687499999999999 0 0.3645833333333334 0.9687500000000002 0 0.3750000000000001 1 0 0.3541666666666666 0.9999999999999998 0 0.3645833333333334 1 0 0.3749999999999999 0.9791666666666665 0 0.3750000000000001 0.9895833333333336 0 0.3749999999999999 0.9687499999999999 0 0.3749999999999999 0.9999999999999999 0 0.3749999999999999 0.9791666666666665 0 0.3750000000000001 0.9895833333333336 0 0.4062499999999999 0.9687499999999999 0 0.3854166666666666 0.9687499999999999 0 0.3958333333333334 0.9687500000000002 0 0.4062500000000001 1 0 0.3854166666666666 0.9999999999999998 0 0.3958333333333334 1 0 0.4062499999999999 0.9791666666666665 0 0.4062500000000001 0.9895833333333336 0 0.4062499999999999 0.9687499999999999 0 0.4062499999999999 0.9999999999999999 0 0.4062499999999999 0.9791666666666665 0 0.4062500000000001 0.9895833333333336 0 0.4374999999999999 0.9687499999999999 0 0.4166666666666666 0.9687499999999999 0 0.4270833333333334 0.9687500000000002 0 0.4375000000000001 1 0 0.4166666666666666 0.9999999999999998 0 0.4270833333333334 1 0 0.4374999999999999 0.9791666666666665 0 0.4375000000000001 0.9895833333333336 0 0.4374999999999999 0.9687499999999999 0 0.4374999999999999 0.9999999999999999 0 0.4374999999999999 0.9791666666666665 0 0.4375000000000001 0.9895833333333336 0 0.4687499999999999 0.9687499999999999 0 0.4479166666666666 0.9687499999999999 0 0.4583333333333334 0.9687500000000002 0 0.4687500000000001 1 0 0.4479166666666666 0.9999999999999998 0 0.4583333333333334 1 0 0.4687499999999999 0.9791666666666665 0 0.4687500000000001 0.9895833333333336 0 0.4687499999999999 0.9687499999999999 0 0.4687499999999999 0.9999999999999999 0 0.4687499999999999 0.9791666666666665 0 0.4687500000000001 0.9895833333333336 0 0.4999999999999999 0.9687499999999999 0 0.4791666666666666 0.9687499999999999 0 0.4895833333333334 0.9687500000000002 0 0.5 1 0 0.4791666666666666 0.9999999999999998 0 0.4895833333333334 1 0 0.4999999999999999 0.9791666666666665 0 0.5000000000000001 0.9895833333333336 0 0.4999999999999999 0.9687499999999999 0 0.4999999999999999 0.9999999999999999 0 0.4999999999999999 0.9791666666666665 0 0.5000000000000001 0.9895833333333336 0 0.5312499999999999 0.9687499999999999 0 0.5104166666666665 0.9687499999999999 0 0.5208333333333335 0.9687500000000002 0 0.5312500000000001 1 0 0.5104166666666665 0.9999999999999998 0 0.5208333333333335 1 0 0.5312499999999999 0.9791666666666665 0 0.5312500000000001 0.9895833333333336 0 0.5312499999999999 0.9687499999999999 0 0.5312499999999999 0.9999999999999999 0 0.5312499999999999 0.9791666666666665 0 0.5312500000000001 0.9895833333333336 0 0.5624999999999999 0.9687499999999999 0 0.5416666666666665 0.9687499999999999 0 0.5520833333333335 0.9687500000000002 0 0.5625000000000001 1 0 0.5416666666666665 0.9999999999999998 0 0.5520833333333335 1 0 0.5624999999999999 0.9791666666666665 0 0.5625000000000001 0.9895833333333336 0 0.5624999999999999 0.9687499999999999 0 0.5624999999999999 0.9999999999999999 0 0.5624999999999999 0.9791666666666665 0 0.5625000000000001 0.9895833333333336 0 0.5937499999999999 0.9687499999999999 0 0.5729166666666665 0.9687499999999999 0 0.5833333333333335 0.9687500000000002 0 0.5937500000000001 1 0 0.5729166666666665 0.9999999999999998 0 0.5833333333333335 1 0 0.5937499999999999 0.9791666666666665 0 0.5937500000000001 0.9895833333333336 0 0.5937499999999999 0.9687499999999999 0 0.5937499999999999 0.9999999999999999 0 0.5937499999999999 0.9791666666666665 0 0.5937500000000001 0.9895833333333336 0 0.6249999999999999 0.9687499999999999 0 0.6041666666666665 0.9687499999999999 0 0.6145833333333335 0.9687500000000002 0 0.6250000000000001 1 0 0.6041666666666665 0.9999999999999998 0 0.6145833333333335 1 0 0.6249999999999999 0.9791666666666665 0 0.6250000000000001 0.9895833333333336 0 0.6249999999999999 0.9687499999999999 0 0.6249999999999999 0.9999999999999999 0 0.6249999999999999 0.9791666666666665 0 0.6250000000000001 0.9895833333333336 0 0.6562499999999999 0.9687499999999999 0 0.6354166666666665 0.9687499999999999 0 0.6458333333333335 0.9687500000000002 0 0.6562500000000001 1 0 0.6354166666666665 0.9999999999999998 0 0.6458333333333335 1 0 0.6562499999999999 0.9791666666666665 0 0.6562500000000001 0.9895833333333336 0 0.6562499999999999 0.9687499999999999 0 0.6562499999999999 0.9999999999999999 0 0.6562499999999999 0.9791666666666665 0 0.6562500000000001 0.9895833333333336 0 0.6874999999999999 0.9687499999999999 0 0.6666666666666665 0.9687499999999999 0 0.6770833333333335 0.9687500000000002 0 0.6875000000000001 1 0 0.6666666666666665 0.9999999999999998 0 0.6770833333333335 1 0 0.6874999999999999 0.9791666666666665 0 0.6875000000000001 0.9895833333333336 0 0.6874999999999999 0.9687499999999999 0 0.6874999999999999 0.9999999999999999 0 0.6874999999999999 0.9791666666666665 0 0.6875000000000001 0.9895833333333336 0 0.7187499999999999 0.9687499999999999 0 0.6979166666666665 0.9687499999999999 0 0.7083333333333335 0.9687500000000002 0 0.7187500000000001 1 0 0.6979166666666665 0.9999999999999998 0 0.7083333333333335 1 0 0.7187499999999999 0.9791666666666665 0 0.7187500000000001 0.9895833333333336 0 0.7187499999999999 0.9687499999999999 0 0.7187499999999999 0.9999999999999999 0 0.7187499999999999 0.9791666666666665 0 0.7187500000000001 0.9895833333333336 0 0.7499999999999999 0.9687499999999999 0 0.7291666666666665 0.9687499999999999 0 0.7395833333333335 0.9687500000000002 0 0.7500000000000001 1 0 0.7291666666666665 0.9999999999999998 0 0.7395833333333335 1 0 0.7499999999999999 0.9791666666666665 0 0.7500000000000001 0.9895833333333336 0 0.7499999999999999 0.9687499999999999 0 0.7499999999999999 0.9999999999999999 0 0.7499999999999999 0.9791666666666665 0 0.7500000000000001 0.9895833333333336 0 0.7812499999999999 0.9687499999999999 0 0.7604166666666665 0.9687499999999999 0 0.7708333333333335 0.9687500000000002 0 0.7812500000000001 1 0 0.7604166666666665 0.9999999999999998 0 0.7708333333333335 1 0 0.7812499999999999 0.9791666666666665 0 0.7812500000000001 0.9895833333333336 0 0.7812499999999999 0.9687499999999999 0 0.7812499999999999 0.9999999999999999 0 0.7812499999999999 0.9791666666666665 0 0.7812500000000001 0.9895833333333336 0 0.8124999999999999 0.9687499999999999 0 0.7916666666666665 0.9687499999999999 0 0.8020833333333335 0.9687500000000002 0 0.8125000000000001 1 0 0.7916666666666665 0.9999999999999998 0 0.8020833333333335 1 0 0.8124999999999999 0.9791666666666665 0 0.8125000000000002 0.9895833333333336 0 0.8124999999999999 0.9687499999999999 0 0.8124999999999999 0.9999999999999999 0 0.8124999999999999 0.9791666666666665 0 0.8125000000000002 0.9895833333333336 0 0.8437499999999999 0.9687499999999999 0 0.8229166666666665 0.9687499999999999 0 0.8333333333333336 0.9687500000000002 0 0.8437500000000001 1 0 0.8229166666666665 0.9999999999999998 0 0.8333333333333336 1 0 0.8437499999999999 0.9791666666666665 0 0.8437500000000002 0.9895833333333336 0 0.8437499999999999 0.9687499999999999 0 0.8437499999999999 0.9999999999999999 0 0.8437499999999999 0.9791666666666665 0 0.8437500000000002 0.9895833333333336 0 0.8749999999999999 0.9687499999999999 0 0.8541666666666665 0.9687499999999999 0 0.8645833333333336 0.9687500000000002 0 0.8750000000000001 1 0 0.8541666666666665 0.9999999999999998 0 0.8645833333333336 1 0 0.8749999999999999 0.9791666666666665 0 0.8750000000000002 0.9895833333333336 0 0.8749999999999999 0.9687499999999999 0 0.8749999999999999 0.9999999999999999 0 0.8749999999999999 0.9791666666666665 0 0.8750000000000002 0.9895833333333336 0 0.9062499999999999 0.9687499999999999 0 0.8854166666666665 0.9687499999999999 0 0.8958333333333336 0.9687500000000002 0 0.9062500000000001 1 0 0.8854166666666665 0.9999999999999998 0 0.8958333333333336 1 0 0.9062499999999999 0.9791666666666665 0 0.9062500000000002 0.9895833333333336 0 0.9062499999999999 0.9687499999999999 0 0.9062499999999999 0.9999999999999999 0 0.9062499999999999 0.9791666666666665 0 0.9062500000000002 0.9895833333333336 0 0.9374999999999999 0.9687499999999999 0 0.9166666666666665 0.9687499999999999 0 0.9270833333333336 0.9687500000000002 0 0.9375000000000001 1 0 0.9166666666666665 0.9999999999999998 0 0.9270833333333336 1 0 0.9374999999999999 0.9791666666666665 0 0.9375000000000002 0.9895833333333336 0 0.9374999999999999 0.9687499999999999 0 0.9374999999999999 0.9999999999999999 0 0.9374999999999999 0.9791666666666665 0 0.9375000000000002 0.9895833333333336 0 0.9687499999999999 0.9687499999999999 0 0.9479166666666665 0.9687499999999999 0 0.9583333333333336 0.9687500000000002 0 0.9687500000000001 1 0 0.9479166666666665 0.9999999999999998 0 0.9583333333333336 1 0 0.9687499999999999 0.9791666666666665 0 0.9687500000000002 0.9895833333333336 0 0.9687499999999999 0.9687499999999999 0 0.9687499999999999 0.9999999999999999 0 0.9687499999999999 0.9791666666666665 0 0.9687500000000002 0.9895833333333336 0 0.9999999999999999 0.9687499999999999 0 0.9791666666666665 0.9687499999999999 0 0.9895833333333336 0.9687500000000002 0 1 1 0 0.9791666666666665 0.9999999999999998 0 0.9895833333333336 1 0 0.9999999999999998 0.9791666666666665 0 1 0.9895833333333336 0 </DataArray>
      </Points>
      <Cells>
        <DataArray type="Int32" Name="connectivity" format="ascii">0 1 2 3 0 4 5 6 4 7 8 9 10 11 12 13 11 14 15 16 17 14 18 19 20 21 22 23 20 24 25 26 24 27 28 29 30 31 32 33 31 34 35 36 37 34 38 39 40 41 42 43 40 44 45 46 44 47 48 49 50 51 52 53 51 54 55 56 57 54 58 59 60 61 62 63 60 64 65 66 64 67 68 69 70 71 72 73 71 74 75 76 77 74 78 79 80 81 82 83 80 84 85 86 84 87 88 89 90 91 92 93 91 94 95 96 97 94 98 99 100 101 102 103 100 104 105 106 104 107 108 109 110 111 112 113 111 114 115 116 117 114 118 119 120 121 122 123 120 124 125 126 124 127 128 129 130 131 132 133 131 134 135 136 137 134 138 139 140 141 142 143 140 144 145 146 144 147 148 149 150 151 152 153 151 154 155 156 157 154 158 159 160 161 162 163 160 164 165 166 164 167 168 169 170 171 172 173 171 174 175 176 177 174 178 179 180 181 182 183 180 184 185 186 184 187 188 189 190 191 192 193 190 194 195 196 194 197 198 199 200 201 202 203 200 204 205 206 204 207 208 209 210 211 212 213 211 214 215 216 217 214 218 219 220 221 222 223 220 224 225 226 224 227 228 229 230 231 232 233 231 234 235 236 237 234 238 239 240 241 242 243 240 244 245 246 244 247 248 249 250 251 252 253 250 254 255 256 254 257 258 259 260 261 262 263 260 264 265 266 264 267 268 269 270 271 272 273 271 274 275 276 277 274 278 279 280 281 282 283 280 284 285 286 284 287 288 289 290 291 292 293 291 294 295 296 297 294 298 299 300 301 302 303 301 304 305 306 307 304 308 309 310 311 312 313 311 314 315 316 317 314 318 319 320 321 322 323 320 324 325 326 324 327 328 329 330 331 332 333 331 334 335 336 337 334 338 339 340 341 342 343 340 344 345 346 344 347 348 349 350 351 352 353 351 354 355 356 357 354 358 359 360 361 362 363 361 364 365 366 367 364 368 369 370 371 372 373 371 374 375 376 377 374 378 379 380 381 382 383 380 384 385 386 384 387 388 389 390 391 392 393 391 394 395 396 397 394 398 399 400 401 402 403 400 404 405 406 404 407 408 409 410 411 412 413 411 414 415 416 417 414 418 419 420 421 422 423 420 424 425 426 424 427 428 429 430 431 432 433 431 434 435 436 437 434 438 439 440 441 442 443 440 444 445 446 444 447 448 449 450 451 452 453 451 454 455 456 457 454 458 459 460 461 462 463 460 464 465 466 464 467 468 469 470 471 472 473 471 474 475 476 477 474 478 479 480 481 482 483 480 484 485 486 484 487 488 489 490 491 492 493 491 494 495 496 497 494 498 499 500 501 502 503 500 504 505 506 504 507 508 509 510 511 512 513 511 514 515 516 517 514 518 519 520 521 522 523 520 524 525 526 524 527 528 529 530 531 532 533 531 534 535 536 537 534 538 539 540 541 542 543 540 544 545 546 544 547 548 549 550 551 552 553 551 554 555 556 557 554 558 559 560 561 562 563 560 564 565 566 561 567 568 569 564 567 570 571 572 573 574 575 572 576 577 578 573 579 580 581 576 579 582 583 584 585 586 587 584 588 589 590 585 591 592 593 588 591 594 595 596 597 598 599 596 600 601 602 597 603 604 605 600 603 606 607 608 609 610 611 608 612 613 614 609 615 616 617 612 615 618 619 620 621 622 623 620 624 625 626 621 627 628 629 624 627 630 631 632 633 634 635 632 636 637 638 633 639 640 641 636 639 642 643 644 645 646 647 644 648 649 650 645 651 652 653 648 651 654 655 656 657 658 659 656 660 661 662 657 663 664 665 660 663 666 667 668 669 670 671 668 672 673 674 669 675 676 677 672 675 678 679 680 681 682 683 680 684 685 686 681 687 688 689 684 687 690 691 692 693 694 695 692 696 697 698 693 699 700 701 696 699 702 703 704 705 706 707 704 708 709 710 705 711 712 713 708 711 714 715 716 717 718 719 716 720 721 722 717 723 724 725 720 723 726 727 728 729 730 731 728 732 733 734 729 735 736 737 732 735 738 739 740 741 742 743 740 744 745 746 741 747 748 749 744 747 750 751 752 753 754 755 752 756 757 758 753 759 760 761 756 759 762 763 764 765 766 767 764 768 769 770 765 771 772 773 768 771 774 775 776 777 778 779 776 780 781 782 777 783 784 785 780 783 786 787 788 789 790 791 788 792 793 794 789 795 796 797 792 795 798 799 800 801 802 803 800 804 805 806 801 807 808 809 804 807 810 811 812 813 814 815 812 816 817 818 813 819 820 821 816 819 822 823 824 825 826 827 824 828 829 830 825 831 832 833 828 831 834 835 836 837 838 839 836 840 841 842 837 843 844 845 840 843 846 847 848 849 850 851 848 852 853 854 849 855 856 857 852 855 858 859 860 861 862 863 860 864 865 866 861 867 868 869 864 867 870 871 872 873 874 875 872 876 877 878 873 879 880 881 876 879 882 883 884 885 886 887 884 888 889 890 885 891 892 893 888 891 894 895 896 897 898 899 896 900 901 902 897 903 904 905 900 903 906 907 908 909 910 911 908 912 913 914 909 915 916 917 912 915 918 919 920 921 922 923 920 924 925 926 921 927 928 929 924 927 930 931 932 933 934 935 932 936 937 938 933 939 940 941 936 939 942 943 944 945 946 947 944 948 949 950 945 951 952 953 948 951 954 955 956 957 958 959 956 960 961 962 957 963 964 965 960 963 966 967 968 969 970 971 968 972 973 974 969 975 976 977 972 975 978 979 980 981 982 983 980 984 985 986 981 987 988 989 984 987 990 991 992 993 994 995 992 996 997 998 993 999 1000 1001 996 999 1002 1003 1004 1005 1006 1007 1004 1008 1009 1010 1005 1011 1012 1013 1008 1011 1014 1015 1016 1017 1018 1019 1016 1020 1021 1022 1017 1023 1024 1025 1020 1023 1026 1027 1028 1029 1030 1031 1028 1032 1033 1034 1029 1035 1036 1037 1032 1035 1038 1039 1040 1041 1042 1043 1040 1044 1045 1046 1041 1047 1048 1049 1044 1047 1050 1051 1052 1053 1054 1055 1052 1056 1057 1058 1053 1059 1060 1061 1056 1059 1062 1063 1064 1065 1066 1067 1064 1068 1069 1070 1065 1071 1072 1073 1068 1071 1074 1075 1076 1077 1078 1079 1076 1080 1081 1082 1077 1083 1084 1085 1080 1083 1086 1087 1088 1089 1090 1091 1088 1092 1093 1094 1089 1095 1096 1097 1092 1095 1098 1099 1100 1101 1102 1103 1100 1104 1105 1106 1101 1107 1108 1109 1104 1107 1110 1111 1112 1113 1114 1115 1112 1116 1117 1118 1113 1119 1120 1121 1116 1119 1122 1123 1124 1125 1126 1127 1124 1128 1129 1130 1125 1131 1132 1133 1128 1131 1134 1135 1136 1137 1138 1139 1136 1140 1141 1142 1137 1143 1144 1145 1140 1143 1146 1147 1148 1149 1150 1151 1148 1152 1153 1154 1149 1155 1156 1157 1152 1155 1158 1159 1160 1161 1162 1163 1160 1164 1165 1166 1161 1167 1168 1169 1164 1167 1170 1171 1172 1173 1174 1175 1172 1176 1177 1178 1173 1179 1180 1181 1176 1179 1182 1183 1184 1185 1186 1187 1184 1188 1189 1190 1185 1191 1192 1193 1188 1191 1194 1195 1196 1197 1198 1199 1196 1200 1201 1202 1197 1203 1204 1205 1200 1203 1206 1207 1208 1209 1210 1211 1208 1212 1213 1214 1209 1215 1216 1217 1212 1215 1218 1219 1220 1221 1222 1223 1220 1224 1225 1226 1221 1227 1228 1229 1224 1227 1230 1231 1232 1233 1234 1235 1232 1236 1237 1238 1233 1239 1240 1241 1236 1239 1242 1243 1244 1245 1246 1247 1244 1248 1249 1250 1245 1251 1252 1253 1248 1251 1254 1255 1256 1257 1258 1259 1256 1260 1261 1262 1257 1263 1264 1265 1260 1263 1266 1267 1268 1269 1270 1271 1268 1272 1273 1274 1269 1275 1276 1277 1272 1275 1278 1279 1280 1281 1282 1283 1280 1284 1285 1286 1281 1287 1288 1289 1284 1287 1290 1291 1292 1293 1294 1295 1292 1296 1297 1298 1293 1299 1300 1301 1296 1299 1302 1303 1304 1305 1306 1307 1304 1308 1309 1310 1305 1311 1312 1313 1308 1311 1314 1315 1316 1317 1318 1319 1316 1320 1321 1322 1317 1323 1324 1325 1320 1323 1326 1327 1328 1329 1330 1331 1328 1332 1333 1334 1329 1335 1336 1337 1332 1335 1338 1339 1340 1341 1342 1343 1340 1344 1345 1346 1341 1347 1348 1349 1344 1347 1350 1351 1352 1353 1354 1355 1352 1356 1357 1358 1353 1359 1360 1361 1356 1359 1362 1363 1364 1365 1366 1367 1364 1368 1369 1370 1365 1371 1372 1373 1368 1371 1374 1375 1376 1377 1378 1379 1376 1380 1381 1382 1377 1383 1384 1385 1380 1383 1386 1387 1388 1389 1390 1391 1388 1392 1393 1394 1389 1395 1396 1397 1392 1395 1398 1399 1400 1401 1402 1403 1400 1404 1405 1406 1401 1407 1408 1409 1404 1407 1410 1411 1412 1413 1414 1415 1412 1416 1417 1418 1413 1419 1420 1421 1416 1419 1422 1423 1424 1425 1426 1427 1424 1428 1429 1430 1425 1431 1432 1433 1428 1431 1434 1435 1436 1437 1438 1439 1436 1440 1441 1442 1437 1443 1444 1445 1440 1443 1446 1447 1448 1449 1450 1451 1448 1452 1453 1454 1449 1455 1456 1457 1452 1455 1458 1459 1460 1461 1462 1463 1460 1464 1465 1466 1461 1467 1468 1469 1464 1467 1470 1471 1472 1473 1474 1475 1472 1476 1477 1478 1473 1479 1480 1481 1476 1479 1482 1483 1484 1485 1486 1487 1484 1488 1489 1490 1485 1491 1492 1493 1488 1491 1494 1495 1496 1497 1498 1499 1496 1500 1501 1502 1497 1503 1504 1505 1500 1503 1506 1507 1508 1509 1510 1511 1508 1512 1513 1514 1509 1515 1516 1517 1512 1515 1518 1519 1520 1521 1522 1523 1520 1524 1525 1526 1521 1527 1528 1529 1524 1527 1530 1531 1532 1533 1534 1535 1532 1536 1537 1538 1533 1539 1540 1541 1536 1539 1542 1543 1544 1545 1546 1547 1544 1548 1549 1550 1545 1551 1552 1553 1548 1551 1554 1555 1556 1557 1558 1559 1556 1560 1561 1562 1557 1563 1564 1565 1560 1563 1566 1567 1568 1569 1570 1571 1568 1572 1573 1574 1569 1575 1576 1577 1572 1575 1578 1579 1580 1581 1582 1583 1580 1584 1585 1586 1581 1587 1588 1589 1584 1587 1590 1591 1592 1593 1594 1595 1592 1596 1597 1598 1593 1599 1600 1601 1596 1599 1602 1603 1604 1605 1606 1607 1604 1608 1609 1610 1605 1611 1612 1613 1608 1611 1614 1615 1616 1617 1618 1619 1616 1620 1621 1622 1617 1623 1624 1625 1620 1623 1626 1627 1628 1629 1630 1631 1628 1632 1633 1634 1629 1635 1636 1637 1632 1635 1638 1639 1640 1641 1642 1643 1640 1644 1645 1646 1641 1647 1648 1649 1644 1647 1650 1651 1652 1653 1654 1655 1652 1656 1657 1658 1653 1659 1660 1661 1656 1659 1662 1663 1664 1665 1666 1667 1664 1668 1669 1670 1665 1671 1672 1673 1668 1671 1674 1675 1676 1677 1678 1679 1676 1680 1681 1682 1677 1683 1684 1685 1680 1683 1686 1687 1688 1689 1690 1691 1688 1692 1693 1694 1689 1695 1696 1697 1692 1695 1698 1699 1700 1701 1702 1703 1700 1704 1705 1706 1701 1707 1708 1709 1704 1707 1710 1711 1712 1713 1714 1715 1712 1716 1717 1718 1713 1719 1720 1721 1716 1719 1722 1723 1724 1725 1726 1727 1724 1728 1729 1730 1725 1731 1732 1733 1728 1731 1734 1735 1736 1737 1738 1739 1736 1740 1741 1742 1737 1743 1744 1745 1740 1743 1746 1747 1748 1749 1750 1751 1748 1752 1753 1754 1749 1755 1756 1757 1752 1755 1758 1759 1760 1761 1762 1763 1760 1764 1765 1766 1761 1767 1768 1769 1764 1767 1770 1771 1772 1773 1774 1775 1772 1776 1777 1778 1773 1779 1780 1781 1776 1779 1782 1783 1784 1785 1786 1787 1784 1788 1789 1790 1785 1791 1792 1793 1788 1791 1794 1795 1796 1797 1798 1799 1796 1800 1801 1802 1797 1803 1804 1805 1800 1803 1806 1807 1808 1809 1810 1811 1808 1812 1813 1814 1809 1815 1816 1817 1812 1815 1818 1819 1820 1821 1822 1823 1820 1824 1825 1826 1821 1827 1828 1829 1824 1827 1830 1831 1832 1833 1834 1835 1832 1836 1837 1838 1833 1839 1840 1841 1836 1839 1842 1843 1844 1845 1846 1847 1844 1848 1849 1850 1845 1851 1852 1853 1848 1851 1854 1855 1856 1857 1858 1859 1856 1860 1861 1862 1857 1863 1864 1865 1860 1863 1866 1867 1868 1869 1870 1871 1868 1872 1873 1874 1869 1875 1876 1877 1872 1875 1878 1879 1880 1881 1882 1883 1880 1884 1885 1886 1881 1887 1888 1889 1884 1887 1890 1891 1892 1893 1894 1895 1892 1896 1897 1898 1893 1899 1900 1901 1896 1899 1902 1903 1904 1905 1906 1907 1904 1908 1909 1910 1905 1911 1912 1913 1908 1911 1914 1915 1916 1917 1918 1919 1916 1920 1921 1922 1917 1923 1924 1925 1920 1923 1926 1927 1928 1929 1930 1931 1928 1932 1933 1934 1929 1935 1936 1937 1932 1935 1938 1939 1940 1941 1942 1943 1940 1944 1945 1946 1941 1947 1948 1949 1944 1947 1950 1951 1952 1953 1954 1955 1952 1956 1957 1958 1953 1959 1960 1961 1956 1959 1962 1963 1964 1965 1966 1967 1964 1968 1969 1970 1965 1971 1972 1973 1968 1971 1974 1975 1976 1977 1978 1979 1976 1980 1981 1982 1977 1983 1984 1985 1980 1983 1986 1987 1988 1989 1990 1991 1988 1992 1993 1994 1989 1995 1996 1997 1992 1995 1998 1999 2000 2001 2002 2003 2000 2004 2005 2006 2001 2007 2008 2009 2004 2007 2010 2011 2012 2013 2014 2015 2012 2016 2017 2018 2013 2019 2020 2021 2016 2019 2022 2023 2024 2025 2026 2027 2024 2028 2029 2030 2025 2031 2032 2033 2028 2031 2034 2035 2036 2037 2038 2039 2036 2040 2041 2042 2037 2043 2044 2045 2040 2043 2046 2047 2048 2049 2050 2051 2048 2052 2053 2054 2049 2055 2056 2057 2052 2055 2058 2059 2060 2061 2062 2063 2060 2064 2065 2066 2061 2067 2068 2069 2064 2067 2070 2071 2072 2073 2074 2075 2072 2076 2077 2078 2073 2079 2080 2081 2076 2079 2082 2083 2084 2085 2086 2087 2084 2088 2089 2090 2085 2091 2092 2093 2088 2091 2094 2095 2096 2097 2098 2099 2096 2100 2101 2102 2097 2103 2104 2105 2100 2103 2106 2107 2108 2109 2110 2111 2108 2112 2113 2114 2109 2115 2116 2117 2112 2115 2118 2119 2120 2121 2122 2123 2120 2124 2125 2126 2121 2127 2128 2129 2124 2127 2130 2131 2132 2133 2134 2135 2132 2136 2137 2138 2133 2139 2140 2141 2136 2139 2142 2143 2144 2145 2146 2147 2144 2148 2149 2150 2145 2151 2152 2153 2148 2151 2154 2155 2156 2157 2158 2159 2156 2160 2161 2162 2157 2163 2164 2165 2160 2163 2166 2167 2168 2169 2170 2171 2168 2172 2173 2174 2169 2175 2176 2177 2172 2175 2178 2179 2180 2181 2182 2183 2180 2184 2185 2186 2181 2187 2188 2189 2184 2187 2190 2191 2192 2193 2194 2195 2192 2196 2197 2198 2193 2199 2200 2201 2196 2199 2202 2203 2204 2205 2206 2207 2204 2208 2209 2210 2205 2211 2212 2213 2208 2211 2214 2215 2216 2217 2218 2219 2216 2220 2221 2222 2217 2223 2224 2225 2220 2223 2226 2227 2228 2229 2230 2231 2228 2232 2233 2234 2229 2235 2236 2237 2232 2235 2238 2239 2240 2241 2242 2243 2240 2244 2245 2246 2241 2247 2248 2249 2244 2247 2250 2251 2252 2253 2254 2255 2252 2256 2257 2258 2253 2259 2260 2261 2256 2259 2262 2263 2264 2265 2266 2267 2264 2268 2269 2270 2265 2271 2272 2273 2268 2271 2274 2275 2276 2277 2278 2279 2276 2280 2281 2282 2277 2283 2284 2285 2280 2283 2286 2287 2288 2289 2290 2291 2288 2292 2293 2294 2289 2295 2296 2297 2292 2295 2298 2299 2300 2301 2302 2303 2300 2304 2305 2306 2301 2307 2308 2309 2304 2307 2310 2311 2312 2313 2314 2315 2312 2316 2317 2318 2313 2319 2320 2321 2316 2319 2322 2323 2324 2325 2326 2327 2324 2328 2329 2330 2325 2331 2332 2333 2328 2331 2334 2335 2336 2337 2338 2339 2336 2340 2341 2342 2337 2343 2344 2345 2340 2343 2346 2347 2348 2349 2350 2351 2348 2352 2353 2354 2349 2355 2356 2357 2352 2355 2358 2359 2360 2361 2362 2363 2360 2364 2365 2366 2361 2367 2368 2369 2364 2367 2370 2371 2372 2373 2374 2375 2372 2376 2377 2378 2373 2379 2380 2381 2376 2379 2382 2383 2384 2385 2386 2387 2384 2388 2389 2390 2385 2391 2392 2393 2388 2391 2394 2395 2396 2397 2398 2399 2396 2400 2401 2402 2397 2403 2404 2405 2400 2403 2406 2407 2408 2409 2410 2411 2408 2412 2413 2414 2409 2415 2416 2417 2412 2415 2418 2419 2420 2421 2422 2423 2420 2424 2425 2426 2421 2427 2428 2429 2424 2427 2430 2431 2432 2433 2434 2435 2432 2436 2437 2438 2433 2439 2440 2441 2436 2439 2442 2443 2444 2445 2446 2447 2444 2448 2449 2450 2445 2451 2452 2453 2448 2451 2454 2455 2456 2457 2458 2459 2456 2460 2461 2462 2457 2463 2464 2465 2460 2463 2466 2467 2468 2469 2470 2471 2468 2472 2473 2474 2469 2475 2476 2477 2472 2475 2478 2479 2480 2481 2482 2483 2480 2484 2485 2486 2481 2487 2488 2489 2484 2487 2490 2491 2492 2493 2494 2495 2492 2496 2497 2498 2493 2499 2500 2501 2496 2499 2502 2503 2504 2505 2506 2507 2504 2508 2509 2510 2505 2511 2512 2513 2508 2511 2514 2515 2516 2517 2518 2519 2516 2520 2521 2522 2517 2523 2524 2525 2520 2523 2526 2527 2528 2529 2530 2531 2528 2532 2533 2534 2529 2535 2536 2537 2532 2535 2538 2539 2540 2541 2542 2543 2540 2544 2545 2546 2541 2547 2548 2549 2544 2547 2550 2551 2552 2553 2554 2555 2552 2556 2557 2558 2553 2559 2560 2561 2556 2559 2562 2563 2564 2565 2566 2567 2564 2568 2569 2570 2565 2571 2572 2573 2568 2571 2574 2575 2576 2577 2578 2579 2576 2580 2581 2582 2577 2583 2584 2585 2580 2583 2586 2587 2588 2589 2590 2591 2588 2592 2593 2594 2589 2595 2596 2597 2592 2595 2598 2599 2600 2601 2602 2603 2600 2604 2605 2606 2601 2607 2608 2609 2604 2607 2610 2611 2612 2613 2614 2615 2612 2616 2617 2618 2613 2619 2620 2621 2616 2619 2622 2623 2624 2625 2626 2627 2624 2628 2629 2630 2625 2631 2632 2633 2628 2631 2634 2635 2636 2637 2638 2639 2636 2640 2641 2642 2637 2643 2644 2645 2640 2643 2646 2647 2648 2649 2650 2651 2648 2652 2653 2654 2649 2655 2656 2657 2652 2655 2658 2659 2660 2661 2662 2663 2660 2664 2665 2666 2661 2667 2668 2669 2664 2667 2670 2671 2672 2673 2674 2675 2672 2676 2677 2678 2673 2679 2680 2681 2676 2679 2682 2683 2684 2685 2686 2687 2684 2688 2689 2690 2685 2691 2692 2693 2688 2691 2694 2695 2696 2697 2698 2699 2696 2700 2701 2702 2697 2703 2704 2705 2700 2703 2706 2707 2708 2709 2710 2711 2708 2712 2713 2714 2709 2715 2716 2717 2712 2715 2718 2719 2720 2721 2722 2723 2720 2724 2725 2726 2721 2727 2728 2729 2724 2727 2730 2731 2732 2733 2734 2735 2732 2736 2737 2738 2733 2739 2740 2741 2736 2739 2742 2743 2744 2745 2746 2747 2744 2748 2749 2750 2745 2751 2752 2753 2748 2751 2754 2755 2756 2757 2758 2759 2756 2760 2761 2762 2757 2763 2764 2765 2760 2763 2766 2767 2768 2769 2770 2771 2768 2772 2773 2774 2769 2775 2776 2777 2772 2775 2778 2779 2780 2781 2782 2783 2780 2784 2785 2786 2781 2787 2788 2789 2784 2787 2790 2791 2792 2793 2794 2795 2792 2796 2797 2798 2793 2799 2800 2801 2796 2799 2802 2803 2804 2805 2806 2807 2804 2808 2809 2810 2805 2811 2812 2813 2808 2811 2814 2815 2816 2817 2818 2819 2816 2820 2821 2822 2817 2823 2824 2825 2820 2823 2826 2827 2828 2829 2830 2831 2828 2832 2833 2834 2829 2835 2836 2837 2832 2835 2838 2839 2840 2841 2842 2843 2840 2844 2845 2846 2841 2847 2848 2849 2844 2847 2850 2851 2852 2853 2854 2855 2852 2856 2857 2858 2853 2859 2860 2861 2856 2859 2862 2863 2864 2865 2866 2867 2864 2868 2869 2870 2865 2871 2872 2873 2868 2871 2874 2875 2876 2877 2878 2879 2876 2880 2881 2882 2877 2883 2884 2885 2880 2883 2886 2887 2888 2889 2890 2891 2888 2892 2893 2894 2889 2895 2896 2897 2892 2895 2898 2899 2900 2901 2902 2903 2900 2904 2905 2906 2901 2907 2908 2909 2904 2907 2910 2911 2912 2913 2914 2915 2912 2916 2917 2918 2913 2919 2920 2921 2916 2919 2922 2923 2924 2925 2926 2927 2924 2928 2929 2930 2925 2931 2932 2933 2928 2931 2934 2935 2936 2937 2938 2939 2936 2940 2941 2942 2937 2943 2944 2945 2940 2943 2946 2947 2948 2949 2950 2951 2948 2952 2953 2954 2949 2955 2956 2957 2952 2955 2958 2959 2960 2961 2962 2963 2960 2964 2965 2966 2961 2967 2968 2969 2964 2967 2970 2971 2972 2973 2974 2975 2972 2976 2977 2978 2973 2979 2980 2981 2976 2979 2982 2983 2984 2985 2986 2987 2984 2988 2989 2990 2985 2991 2992 2993 2988 2991 2994 2995 2996 2997 2998 2999 2996 3000 3001 3002 2997 3003 3004 3005 3000 3003 3006 3007 3008 3009 3010 3011 3008 3012 3013 3014 3009 3015 3016 3017 3012 3015 3018 3019 3020 3021 3022 3023 3020 3024 3025 3026 3021 3027 3028 3029 3024 3027 3030 3031 3032 3033 3034 3035 3032 3036 3037 3038 3033 3039 3040 3041 3036 3039 3042 3043 3044 3045 3046 3047 3044 3048 3049 3050 3045 3051 3052 3053 3048 3051 3054 3055 3056 3057 3058 3059 3056 3060 3061 3062 3057 3063 3064 3065 3060 3063 3066 3067 3068 3069 3070 3071 3068 3072 3073 3074 3069 3075 3076 3077 3072 3075 3078 3079 3080 3081 3082 3083 3080 3084 3085 3086 3081 3087 3088 3089 3084 3087 3090 3091 3092 3093 3094 3095 3092 3096 3097 3098 3093 3099 3100 3101 3096 3099 3102 3103 3104 3105 3106 3107 3104 3108 3109 3110 3105 3111 3112 3113 3108 3111 3114 3115 3116 3117 3118 3119 3116 3120 3121 3122 3117 3123 3124 3125 3120 3123 3126 3127 3128 3129 3130 3131 3128 3132 3133 3134 3129 3135 3136 3137 3132 3135 3138 3139 3140 3141 3142 3143 3140 3144 3145 3146 3141 3147 3148 3149 3144 3147 3150 3151 3152 3153 3154 3155 3152 3156 3157 3158 3153 3159 3160 3161 3156 3159 3162 3163 3164 3165 3166 3167 3164 3168 3169 3170 3165 3171 3172 3173 3168 3171 3174 3175 3176 3177 3178 3179 3176 3180 3181 3182 3177 3183 3184 3185 3180 3183 3186 3187 3188 3189 3190 3191 3188 3192 3193 3194 3189 3195 3196 3197 3192 3195 3198 3199 3200 3201 3202 3203 3200 3204 3205 3206 3201 3207 3208 3209 3204 3207 3210 3211 3212 3213 3214 3215 3212 3216 3217 3218 3213 3219 3220 3221 3216 3219 3222 3223 3224 3225 3226 3227 3224 3228 3229 3230 3225 3231 3232 3233 3228 3231 3234 3235 3236 3237 3238 3239 3236 3240 3241 3242 3237 3243 3244 3245 3240 3243 3246 3247 3248 3249 3250 3251 3248 3252 3253 3254 3249 3255 3256 3257 3252 3255 3258 3259 3260 3261 3262 3263 3260 3264 3265 3266 3261 3267 3268 3269 3264 3267 3270 3271 3272 3273 3274 3275 3272 3276 3277 3278 3273 3279 3280 3281 3276 3279 3282 3283 3284 3285 3286 3287 3284 3288 3289 3290 3285 3291 3292 3293 3288 3291 3294 3295 3296 3297 3298 3299 3296 3300 3301 3302 3297 3303 3304 3305 3300 3303 3306 3307 3308 3309 3310 3311 3308 3312 3313 3314 3309 3315 3316 3317 3312 3315 3318 3319 3320 3321 3322 3323 3320 3324 3325 3326 3321 3327 3328 3329 3324 3327 3330 3331 3332 3333 3334 3335 3332 3336 3337 3338 3333 3339 3340 3341 3336 3339 3342 3343 3344 3345 3346 3347 3344 3348 3349 3350 3345 3351 3352 3353 3348 3351 3354 3355 3356 3357 3358 3359 3356 3360 3361 3362 3357 3363 3364 3365 3360 3363 3366 3367 3368 3369 3370 3371 3368 3372 3373 3374 3369 3375 3376 3377 3372 3375 3378 3379 3380 3381 3382 3383 3380 3384 3385 3386 3381 3387 3388 3389 3384 3387 3390 3391 3392 3393 3394 3395 3392 3396 3397 3398 3393 3399 3400 3401 3396 3399 3402 3403 3404 3405 3406 3407 3404 3408 3409 3410 3405 3411 3412 3413 3408 3411 3414 3415 3416 3417 3418 3419 3416 3420 3421 3422 3417 3423 3424 3425 3420 3423 3426 3427 3428 3429 3430 3431 3428 3432 3433 3434 3429 3435 3436 3437 3432 3435 3438 3439 3440 3441 3442 3443 3440 3444 3445 3446 3441 3447 3448 3449 3444 3447 3450 3451 3452 3453 3454 3455 3452 3456 3457 3458 3453 3459 3460 3461 3456 3459 3462 3463 3464 3465 3466 3467 3464 3468 3469 3470 3465 3471 3472 3473 3468 3471 3474 3475 3476 3477 3478 3479 3476 3480 3481 3482 3477 3483 3484 3485 3480 3483 3486 3487 3488 3489 3490 3491 3488 3492 3493 3494 3489 3495 3496 3497 3492 3495 3498 3499 3500 3501 3502 3503 3500 3504 3505 3506 3501 3507 3508 3509 3504 3507 3510 3511 3512 3513 3514 3515 3512 3516 3517 3518 3513 3519 3520 3521 3516 3519 3522 3523 3524 3525 3526 3527 3524 3528 3529 3530 3525 3531 3532 3533 3528 3531 3534 3535 3536 3537 3538 3539 3536 3540 3541 3542 3537 3543 3544 3545 3540 3543 3546 3547 3548 3549 3550 3551 3548 3552 3553 3554 3549 3555 3556 3557 3552 3555 3558 3559 3560 3561 3562 3563 3560 3564 3565 3566 3561 3567 3568 3569 3564 3567 3570 3571 3572 3573 3574 3575 3572 3576 3577 3578 3573 3579 3580 3581 3576 3579 3582 3583 3584 3585 3586 3587 3584 3588 3589 3590 3585 3591 3592 3593 3588 3591 3594 3595 3596 3597 3598 3599 3596 3600 3601 3602 3597 3603 3604 3605 3600 3603 3606 3607 3608 3609 3610 3611 3608 3612 3613 3614 3609 3615 3616 3617 3612 3615 3618 3619 3620 3621 3622 3623 3620 3624 3625 3626 3621 3627 3628 3629 3624 3627 3630 3631 3632 3633 3634 3635 3632 3636 3637 3638 3633 3639 3640 3641 3636 3639 3642 3643 3644 3645 3646 3647 3644 3648 3649 3650 3645 3651 3652 3653 3648 3651 3654 3655 3656 3657 3658 3659 3656 3660 3661 3662 3657 3663 3664 3665 3660 3663 3666 3667 3668 3669 3670 3671 3668 3672 3673 3674 3669 3675 3676 3677 3672 3675 3678 3679 3680 3681 3682 3683 3680 3684 3685 3686 3681 3687 3688 3689 3684 3687 3690 3691 3692 3693 3694 3695 3692 3696 3697 3698 3693 3699 3700 3701 3696 3699 3702 3703 3704 3705 3706 3707 3704 3708 3709 3710 3705 3711 3712 3713 3708 3711 3714 3715 3716 3717 3718 3719 3716 3720 3721 3722 3717 3723 3724 3725 3720 3723 3726 3727 3728 3729 3730 3731 3728 3732 3733 3734 3729 3735 3736 3737 3732 3735 3738 3739 3740 3741 3742 3743 3740 3744 3745 3746 3741 3747 3748 3749 3744 3747 3750 3751 3752 3753 3754 3755 3752 3756 3757 3758 3753 3759 3760 3761 3756 3759 3762 3763 3764 3765 3766 3767 3764 3768 3769 3770 3765 3771 3772 3773 3768 3771 3774 3775 3776 3777 3778 3779 3776 3780 3781 3782 3777 3783 3784 3785 3780 3783 3786 3787 3788 3789 3790 3791 3788 3792 3793 3794 3789 3795 3796 3797 3792 3795 3798 3799 3800 3801 3802 3803 3800 3804 3805 3806 3801 3807 3808 3809 3804 3807 3810 3811 3812 3813 3814 3815 3812 3816 3817 3818 3813 3819 3820 3821 3816 3819 3822 3823 3824 3825 3826 3827 3824 3828 3829 3830 3825 3831 3832 3833 3828 3831 3834 3835 3836 3837 3838 3839 3836 3840 3841 3842 3837 3843 3844 3845 3840 3843 3846 3847 3848 3849 3850 3851 3848 3852 3853 3854 3849 3855 3856 3857 3852 3855 3858 3859 3860 3861 3862 3863 3860 3864 3865 3866 3861 3867 3868 3869 3864 3867 3870 3871 3872 3873 3874 3875 3872 3876 3877 3878 3873 3879 3880 3881 3876 3879 3882 3883 3884 3885 3886 3887 3884 3888 3889 3890 3885 3891 3892 3893 3888 3891 3894 3895 3896 3897 3898 3899 3896 3900 3901 3902 3897 3903 3904 3905 3900 3903 3906 3907 3908 3909 3910 3911 3908 3912 3913 3914 3909 3915 3916 3917 3912 3915 3918 3919 3920 3921 3922 3923 3920 3924 3925 3926 3921 3927 3928 3929 3924 3927 3930 3931 3932 3933 3934 3935 3932 3936 3937 3938 3933 3939 3940 3941 3936 3939 3942 3943 3944 3945 3946 3947 3944 3948 3949 3950 3945 3951 3952 3953 3948 3951 3954 3955 3956 3957 3958 3959 3956 3960 3961 3962 3957 3963 3964 3965 3960 3963 3966 3967 3968 3969 3970 3971 3968 3972 3973 3974 3969 3975 3976 3977 3972 3975 3978 3979 3980 3981 3982 3983 3980 3984 3985 3986 3981 3987 3988 3989 3984 3987 3990 3991 3992 3993 3994 3995 3992 3996 3997 3998 3993 3999 4000 4001 3996 3999 4002 4003 4004 4005 4006 4007 4004 4008 4009 4010 4005 4011 4012 4013 4008 4011 4014 4015 4016 4017 4018 4019 4016 4020 4021 4022 4017 4023 4024 4025 4020 4023 4026 4027 4028 4029 4030 4031 4028 4032 4033 4034 4029 4035 4036 4037 4032 4035 4038 4039 4040 4041 4042 4043 4040 4044 4045 4046 4041 4047 4048 4049 4044 4047 4050 4051 4052 4053 4054 4055 4052 4056 4057 4058 4053 4059 4060 4061 4056 4059 4062 4063 4064 4065 4066 4067 4064 4068 4069 4070 4065 4071 4072 4073 4068 4071 4074 4075 4076 4077 4078 4079 4076 4080 4081 4082 4077 4083 4084 4085 4080 4083 4086 4087 4088 4089 4090 4091 4088 4092 4093 4094 4089 4095 4096 4097 4092 4095 4098 4099 4100 4101 4102 4103 4100 4104 4105 4106 4101 4107 4108 4109 4104 4107 4110 4111 4112 4113 4114 4115 4112 4116 4117 4118 4113 4119 4120 4121 4116 4119 4122 4123 4124 4125 4126 4127 4124 4128 4129 4130 4125 4131 4132 4133 4128 4131 4134 4135 4136 4137 4138 4139 4136 4140 4141 4142 4137 4143 4144 4145 4140 4143 4146 4147 4148 4149 4150 4151 4148 4152 4153 4154 4149 4155 4156 4157 4152 4155 4158 4159 4160 4161 4162 4163 4160 4164 4165 4166 4161 4167 4168 4169 4164 4167 4170 4171 4172 4173 4174 4175 4172 4176 4177 4178 4173 4179 4180 4181 4176 4179 4182 4183 4184 4185 4186 4187 4184 4188 4189 4190 4185 4191 4192 4193 4188 4191 4194 4195 4196 4197 4198 4199 4196 4200 4201 4202 4197 4203 4204 4205 4200 4203 4206 4207 4208 4209 4210 4211 4208 4212 4213 4214 4209 4215 4216 4217 4212 4215 4218 4219 4220 4221 4222 4223 4220 4224 4225 4226 4221 4227 4228 4229 4224 4227 4230 4231 4232 4233 4234 4235 4232 4236 4237 4238 4233 4239 4240 4241 4236 4239 4242 4243 4244 4245 4246 4247 4244 4248 4249 4250 4245 4251 4252 4253 4248 4251 4254 4255 4256 4257 4258 4259 4256 4260 4261 4262 4257 4263 4264 4265 4260 4263 4266 4267 4268 4269 4270 4271 4268 4272 4273 4274 4269 4275 4276 4277 4272 4275 4278 4279 4280 4281 4282 4283 4280 4284 4285 4286 4281 4287 4288 4289 4284 4287 4290 4291 4292 4293 4294 4295 4292 4296 4297 4298 4293 4299 4300 4301 4296 4299 4302 4303 4304 4305 4306 4307 4304 4308 4309 4310 4305 4311 4312 4313 4308 4311 4314 4315 4316 4317 4318 4319 4316 4320 4321 4322 4317 4323 4324 4325 4320 4323 4326 4327 4328 4329 4330 4331 4328 4332 4333 4334 4329 4335 4336 4337 4332 4335 4338 4339 4340 4341 4342 4343 4340 4344 4345 4346 4341 4347 4348 4349 4344 4347 4350 4351 4352 4353 4354 4355 4352 4356 4357 4358 4353 4359 4360 4361 4356 4359 4362 4363 4364 4365 4366 4367 4364 4368 4369 4370 4365 4371 4372 4373 4368 4371 4374 4375 4376 4377 4378 4379 4376 4380 4381 4382 4377 4383 4384 4385 4380 4383 4386 4387 4388 4389 4390 4391 4388 4392 4393 4394 4389 4395 4396 4397 4392 4395 4398 4399 4400 4401 4402 4403 4400 4404 4405 4406 4401 4407 4408 4409 4404 4407 4410 4411 4412 4413 4414 4415 4412 4416 4417 4418 4413 4419 4420 4421 4416 4419 4422 4423 4424 4425 4426 4427 4424 4428 4429 4430 4425 4431 4432 4433 4428 4431 4434 4435 4436 4437 4438 4439 4436 4440 4441 4442 4437 4443 4444 4445 4440 4443 4446 4447 4448 4449 4450 4451 4448 4452 4453 4454 4449 4455 4456 4457 4452 4455 4458 4459 4460 4461 4462 4463 4460 4464 4465 4466 4461 4467 4468 4469 4464 4467 4470 4471 4472 4473 4474 4475 4472 4476 4477 4478 4473 4479 4480 4481 4476 4479 4482 4483 4484 4485 4486 4487 4484 4488 4489 4490 4485 4491 4492 4493 4488 4491 4494 4495 4496 4497 4498 4499 4496 4500 4501 4502 4497 4503 4504 4505 4500 4503 4506 4507 4508 4509 4510 4511 4508 4512 4513 4514 4509 4515 4516 4517 4512 4515 4518 4519 4520 4521 4522 4523 4520 4524 4525 4526 4521 4527 4528 4529 4524 4527 4530 4531 4532 4533 4534 4535 4532 4536 4537 4538 4533 4539 4540 4541 4536 4539 4542 4543 4544 4545 4546 4547 4544 4548 4549 4550 4545 4551 4552 4553 4548 4551 4554 4555 4556 4557 4558 4559 4556 4560 4561 4562 4557 4563 4564 4565 4560 4563 4566 4567 4568 4569 4570 4571 4568 4572 4573 4574 4569 4575 4576 4577 4572 4575 4578 4579 4580 4581 4582 4583 4580 4584 4585 4586 4581 4587 4588 4589 4584 4587 4590 4591 4592 4593 4594 4595 4592 4596 4597 4598 4593 4599 4600 4601 4596 4599 4602 4603 4604 4605 4606 4607 4604 4608 4609 4610 4605 4611 4612 4613 4608 4611 4614 4615 4616 4617 4618 4619 4616 4620 4621 4622 4617 4623 4624 4625 4620 4623 4626 4627 4628 4629 4630 4631 4628 4632 4633 4634 4629 4635 4636 4637 4632 4635 4638 4639 4640 4641 4642 4643 4640 4644 4645 4646 4641 4647 4648 4649 4644 4647 4650 4651 4652 4653 4654 4655 4652 4656 4657 4658 4653 4659 4660 4661 4656 4659 4662 4663 4664 4665 4666 4667 4664 4668 4669 4670 4665 4671 4672 4673 4668 4671 4674 4675 4676 4677 4678 4679 4676 4680 4681 4682 4677 4683 4684 4685 4680 4683 4686 4687 4688 4689 4690 4691 4688 4692 4693 4694 4689 4695 4696 4697 4692 4695 4698 4699 4700 4701 4702 4703 4700 4704 4705 4706 4701 4707 4708 4709 4704 4707 4710 4711 4712 4713 4714 4715 4712 4716 4717 4718 4713 4719 4720 4721 4716 4719 4722 4723 4724 4725 4726 4727 4724 4728 4729 4730 4725 4731 4732 4733 4728 4731 4734 4735 4736 4737 4738 4739 4736 4740 4741 4742 4737 4743 4744 4745 4740 4743 4746 4747 4748 4749 4750 4751 4748 4752 4753 4754 4749 4755 4756 4757 4752 4755 4758 4759 4760 4761 4762 4763 4760 4764 4765 4766 4761 4767 4768 4769 4764 4767 4770 4771 4772 4773 4774 4775 4772 4776 4777 4778 4773 4779 4780 4781 4776 4779 4782 4783 4784 4785 4786 4787 4784 4788 4789 4790 4785 4791 4792 4793 4788 4791 4794 4795 4796 4797 4798 4799 4796 4800 4801 4802 4797 4803 4804 4805 4800 4803 4806 4807 4808 4809 4810 4811 4808 4812 4813 4814 4809 4815 4816 4817 4812 4815 4818 4819 4820 4821 4822 4823 4820 4824 4825 4826 4821 4827 4828 4829 4824 4827 4830 4831 4832 4833 4834 4835 4832 4836 4837 4838 4833 4839 4840 4841 4836 4839 4842 4843 4844 4845 4846 4847 4844 4848 4849 4850 4845 4851 4852 4853 4848 4851 4854 4855 4856 4857 4858 4859 4856 4860 4861 4862 4857 4863 4864 4865 4860 4863 4866 4867 4868 4869 4870 4871 4868 4872 4873 4874 4869 4875 4876 4877 4872 4875 4878 4879 4880 4881 4882 4883 4880 4884 4885 4886 4881 4887 4888 4889 4884 4887 4890 4891 4892 4893 4894 4895 4892 4896 4897 4898 4893 4899 4900 4901 4896 4899 4902 4903 4904 4905 4906 4907 4904 4908 4909 4910 4905 4911 4912 4913 4908 4911 4914 4915 4916 4917 4918 4919 4916 4920 4921 4922 4917 4923 4924 4925 4920 4923 4926 4927 4928 4929 4930 4931 4928 4932 4933 4934 4929 4935 4936 4937 4932 4935 4938 4939 4940 4941 4942 4943 4940 4944 4945 4946 4941 4947 4948 4949 4944 4947 4950 4951 4952 4953 4954 4955 4952 4956 4957 4958 4953 4959 4960 4961 4956 4959 4962 4963 4964 4965 4966 4967 4964 4968 4969 4970 4965 4971 4972 4973 4968 4971 4974 4975 4976 4977 4978 4979 4976 4980 4981 4982 4977 4983 4984 4985 4980 4983 4986 4987 4988 4989 4990 4991 4988 4992 4993 4994 4989 4995 4996 4997 4992 4995 4998 4999 5000 5001 5002 5003 5000 5004 5005 5006 5001 5007 5008 5009 5004 5007 5010 5011 5012 5013 5014 5015 5012 5016 5017 5018 5013 5019 5020 5021 5016 5019 5022 5023 5024 5025 5026 5027 5024 5028 5029 5030 5025 5031 5032 5033 5028 5031 5034 5035 5036 5037 5038 5039 5036 5040 5041 5042 5037 5043 5044 5045 5040 5043 5046 5047 5048 5049 5050 5051 5048 5052 5053 5054 5049 5055 5056 5057 5052 5055 5058 5059 5060 5061 5062 5063 5060 5064 5065 5066 5061 5067 5068 5069 5064 5067 5070 5071 5072 5073 5074 5075 5072 5076 5077 5078 5073 5079 5080 5081 5076 5079 5082 5083 5084 5085 5086 5087 5084 5088 5089 5090 5085 5091 5092 5093 5088 5091 5094 5095 5096 5097 5098 5099 5096 5100 5101 5102 5097 5103 5104 5105 5100 5103 5106 5107 5108 5109 5110 5111 5108 5112 5113 5114 5109 5115 5116 5117 5112 5115 5118 5119 5120 5121 5122 5123 5120 5124 5125 5126 5121 5127 5128 5129 5124 5127 5130 5131 5132 5133 5134 5135 5132 5136 5137 5138 5133 5139 5140 5141 5136 5139 5142 5143 5144 5145 5146 5147 5144 5148 5149 5150 5145 5151 5152 5153 5148 5151 5154 5155 5156 5157 5158 5159 5156 5160 5161 5162 5157 5163 5164 5165 5160 5163 5166 5167 5168 5169 5170 5171 5168 5172 5173 5174 5169 5175 5176 5177 5172 5175 5178 5179 5180 5181 5182 5183 5180 5184 5185 5186 5181 5187 5188 5189 5184 5187 5190 5191 5192 5193 5194 5195 5192 5196 5197 5198 5193 5199 5200 5201 5196 5199 5202 5203 5204 5205 5206 5207 5204 5208 5209 5210 5205 5211 5212 5213 5208 5211 5214 5215 5216 5217 5218 5219 5216 5220 5221 5222 5217 5223 5224 5225 5220 5223 5226 5227 5228 5229 5230 5231 5228 5232 5233 5234 5229 5235 5236 5237 5232 5235 5238 5239 5240 5241 5242 5243 5240 5244 5245 5246 5241 5247 5248 5249 5244 5247 5250 5251 5252 5253 5254 5255 5252 5256 5257 5258 5253 5259 5260 5261 5256 5259 5262 5263 5264 5265 5266 5267 5264 5268 5269 5270 5265 5271 5272 5273 5268 5271 5274 5275 5276 5277 5278 5279 5276 5280 5281 5282 5277 5283 5284 5285 5280 5283 5286 5287 5288 5289 5290 5291 5288 5292 5293 5294 5289 5295 5296 5297 5292 5295 5298 5299 5300 5301 5302 5303 5300 5304 5305 5306 5301 5307 5308 5309 5304 5307 5310 5311 5312 5313 5314 5315 5312 5316 5317 5318 5313 5319 5320 5321 5316 5319 5322 5323 5324 5325 5326 5327 5324 5328 5329 5330 5325 5331 5332 5333 5328 5331 5334 5335 5336 5337 5338 5339 5336 5340 5341 5342 5337 5343 5344 5345 5340 5343 5346 5347 5348 5349 5350 5351 5348 5352 5353 5354 5349 5355 5356 5357 5352 5355 5358 5359 5360 5361 5362 5363 5360 5364 5365 5366 5361 5367 5368 5369 5364 5367 5370 5371 5372 5373 5374 5375 5372 5376 5377 5378 5373 5379 5380 5381 5376 5379 5382 5383 5384 5385 5386 5387 5384 5388 5389 5390 5385 5391 5392 5393 5388 5391 5394 5395 5396 5397 5398 5399 5396 5400 5401 5402 5397 5403 5404 5405 5400 5403 5406 5407 5408 5409 5410 5411 5408 5412 5413 5414 5409 5415 5416 5417 5412 5415 5418 5419 5420 5421 5422 5423 5420 5424 5425 5426 5421 5427 5428 5429 5424 5427 5430 5431 5432 5433 5434 5435 5432 5436 5437 5438 5433 5439 5440 5441 5436 5439 5442 5443 5444 5445 5446 5447 5444 5448 5449 5450 5445 5451 5452 5453 5448 5451 5454 5455 5456 5457 5458 5459 5456 5460 5461 5462 5457 5463 5464 5465 5460 5463 5466 5467 5468 5469 5470 5471 5468 5472 5473 5474 5469 5475 5476 5477 5472 5475 5478 5479 5480 5481 5482 5483 5480 5484 5485 5486 5481 5487 5488 5489 5484 5487 5490 5491 5492 5493 5494 5495 5492 5496 5497 5498 5493 5499 5500 5501 5496 5499 5502 5503 5504 5505 5506 5507 5504 5508 5509 5510 5505 5511 5512 5513 5508 5511 5514 5515 5516 5517 5518 5519 5516 5520 5521 5522 5517 5523 5524 5525 5520 5523 5526 5527 5528 5529 5530 5531 5528 5532 5533 5534 5529 5535 5536 5537 5532 5535 5538 5539 5540 5541 5542 5543 5540 5544 5545 5546 5541 5547 5548 5549 5544 5547 5550 5551 5552 5553 5554 5555 5552 5556 5557 5558 5553 5559 5560 5561 5556 5559 5562 5563 5564 5565 5566 5567 5564 5568 5569 5570 5565 5571 5572 5573 5568 5571 5574 5575 5576 5577 5578 5579 5576 5580 5581 5582 5577 5583 5584 5585 5580 5583 5586 5587 5588 5589 5590 5591 5588 5592 5593 5594 5589 5595 5596 5597 5592 5595 5598 5599 5600 5601 5602 5603 5600 5604 5605 5606 5601 5607 5608 5609 5604 5607 5610 5611 5612 5613 5614 5615 5612 5616 5617 5618 5613 5619 5620 5621 5616 5619 5622 5623 5624 5625 5626 5627 5624 5628 5629 5630 5625 5631 5632 5633 5628 5631 5634 5635 5636 5637 5638 5639 5636 5640 5641 5642 5637 5643 5644 5645 5640 5643 5646 5647 5648 5649 5650 5651 5648 5652 5653 5654 5649 5655 5656 5657 5652 5655 5658 5659 5660 5661 5662 5663 5660 5664 5665 5666 5661 5667 5668 5669 5664 5667 5670 5671 5672 5673 5674 5675 5672 5676 5677 5678 5673 5679 5680 5681 5676 5679 5682 5683 5684 5685 5686 5687 5684 5688 5689 5690 5685 5691 5692 5693 5688 5691 5694 5695 5696 5697 5698 5699 5696 5700 5701 5702 5697 5703 5704 5705 5700 5703 5706 5707 5708 5709 5710 5711 5708 5712 5713 5714 5709 5715 5716 5717 5712 5715 5718 5719 5720 5721 5722 5723 5720 5724 5725 5726 5721 5727 5728 5729 5724 5727 5730 5731 5732 5733 5734 5735 5732 5736 5737 5738 5733 5739 5740 5741 5736 5739 5742 5743 5744 5745 5746 5747 5744 5748 5749 5750 5745 5751 5752 5753 5748 5751 5754 5755 5756 5757 5758 5759 5756 5760 5761 5762 5757 5763 5764 5765 5760 5763 5766 5767 5768 5769 5770 5771 5768 5772 5773 5774 5769 5775 5776 5777 5772 5775 5778 5779 5780 5781 5782 5783 5780 5784 5785 5786 5781 5787 5788 5789 5784 5787 5790 5791 5792 5793 5794 5795 5792 5796 5797 5798 5793 5799 5800 5801 5796 5799 5802 5803 5804 5805 5806 5807 5804 5808 5809 5810 5805 5811 5812 5813 5808 5811 5814 5815 5816 5817 5818 5819 5816 5820 5821 5822 5817 5823 5824 5825 5820 5823 5826 5827 5828 5829 5830 5831 5828 5832 5833 5834 5829 5835 5836 5837 5832 5835 5838 5839 5840 5841 5842 5843 5840 5844 5845 5846 5841 5847 5848 5849 5844 5847 5850 5851 5852 5853 5854 5855 5852 5856 5857 5858 5853 5859 5860 5861 5856 5859 5862 5863 5864 5865 5866 5867 5864 5868 5869 5870 5865 5871 5872 5873 5868 5871 5874 5875 5876 5877 5878 5879 5876 5880 5881 5882 5877 5883 5884 5885 5880 5883 5886 5887 5888 5889 5890 5891 5888 5892 5893 5894 5889 5895 5896 5897 5892 5895 5898 5899 5900 5901 5902 5903 5900 5904 5905 5906 5901 5907 5908 5909 5904 5907 5910 5911 5912 5913 5914 5915 5912 5916 5917 5918 5913 5919 5920 5921 5916 5919 5922 5923 5924 5925 5926 5927 5924 5928 5929 5930 5925 5931 5932 5933 5928 5931 5934 5935 5936 5937 5938 5939 5936 5940 5941 5942 5937 5943 5944 5945 5940 5943 5946 5947 5948 5949 5950 5951 5948 5952 5953 5954 5949 5955 5956 5957 5952 5955 5958 5959 5960 5961 5962 5963 5960 5964 5965 5966 5961 5967 5968 5969 5964 5967 5970 5971 5972 5973 5974 5975 5972 5976 5977 5978 5973 5979 5980 5981 5976 5979 5982 5983 5984 5985 5986 5987 5984 5988 5989 5990 5985 5991 5992 5993 5988 5991 5994 5995 5996 5997 5998 5999 5996 6000 6001 6002 5997 6003 6004 6005 6000 6003 6006 6007 6008 6009 6010 6011 6008 6012 6013 6014 6009 6015 6016 6017 6012 6015 6018 6019 6020 6021 6022 6023 6020 6024 6025 6026 6021 6027 6028 6029 6024 6027 6030 6031 6032 6033 6034 6035 6032 6036 6037 6038 6033 6039 6040 6041 6036 6039 6042 6043 6044 6045 6046 6047 6044 6048 6049 6050 6045 6051 6052 6053 6048 6051 6054 6055 6056 6057 6058 6059 6056 6060 6061 6062 6057 6063 6064 6065 6060 6063 6066 6067 6068 6069 6070 6071 6068 6072 6073 6074 6069 6075 6076 6077 6072 6075 6078 6079 6080 6081 6082 6083 6080 6084 6085 6086 6081 6087 6088 6089 6084 6087 6090 6091 6092 6093 6094 6095 6092 6096 6097 6098 6093 6099 6100 6101 6096 6099 6102 6103 6104 6105 6106 6107 6104 6108 6109 6110 6105 6111 6112 6113 6108 6111 6114 6115 6116 6117 6118 6119 6116 6120 6121 6122 6117 6123 6124 6125 6120 6123 6126 6127 6128 6129 6130 6131 6128 6132 6133 6134 6129 6135 6136 6137 6132 6135 6138 6139 6140 6141 6142 6143 6140 6144 6145 6146 6141 6147 6148 6149 6144 6147 6150 6151 6152 6153 6154 6155 6152 6156 6157 6158 6153 6159 6160 6161 6156 6159 6162 6163 6164 6165 6166 6167 6164 6168 6169 6170 6165 6171 6172 6173 6168 6171 6174 6175 6176 6177 6178 6179 6176 6180 6181 6182 6177 6183 6184 6185 6180 6183 6186 6187 6188 6189 6190 6191 6188 6192 6193 6194 6189 6195 6196 6197 6192 6195 6198 6199 6200 6201 6202 6203 6200 6204 6205 6206 6201 6207 6208 6209 6204 6207 6210 6211 6212 6213 6214 6215 6212 6216 6217 6218 6213 6219 6220 6221 6216 6219 6222 6223 6224 6225 6226 6227 6224 6228 6229 6230 6225 6231 6232 6233 6228 6231 6234 6235 6236 6237 6238 6239 6236 6240 6241 6242 6237 6243 6244 6245 6240 6243 6246 6247 6248 6249 6250 6251 6248 6252 6253 6254 6249 6255 6256 6257 6252 6255 6258 6259 6260 6261 6262 6263 6260 6264 6265 6266 6261 6267 6268 6269 6264 6267 6270 6271 6272 6273 6274 6275 6272 6276 6277 6278 6273 6279 6280 6281 6276 6279 6282 6283 6284 6285 6286 6287 6284 6288 6289 6290 6285 6291 6292 6293 6288 6291 6294 6295 6296 6297 6298 6299 6296 6300 6301 6302 6297 6303 6304 6305 6300 6303 6306 6307 6308 6309 6310 6311 6308 6312 6313 6314 6309 6315 6316 6317 6312 6315 6318 6319 6320 6321 6322 6323 6320 6324 6325 6326 6321 6327 6328 6329 6324 6327 6330 6331 6332 6333 6334 6335 6332 6336 6337 6338 6333 6339 6340 6341 6336 6339 6342 6343 6344 6345 6346 6347 6344 6348 6349 6350 6345 6351 6352 6353 6348 6351 6354 6355 6356 6357 6358 6359 6356 6360 6361 6362 6357 6363 6364 6365 6360 6363 6366 6367 6368 6369 6370 6371 6368 6372 6373 6374 6369 6375 6376 6377 6372 6375 6378 6379 6380 6381 6382 6383 6380 6384 6385 6386 6381 6387 6388 6389 6384 6387 6390 6391 6392 6393 6394 6395 6392 6396 6397 6398 6393 6399 6400 6401 6396 6399 6402 6403 6404 6405 6406 6407 6404 6408 6409 6410 6405 6411 6412 6413 6408 6411 6414 6415 6416 6417 6418 6419 6416 6420 6421 6422 6417 6423 6424 6425 6420 6423 6426 6427 6428 6429 6430 6431 6428 6432 6433 6434 6429 6435 6436 6437 6432 6435 6438 6439 6440 6441 6442 6443 6440 6444 6445 6446 6441 6447 6448 6449 6444 6447 6450 6451 6452 6453 6454 6455 6452 6456 6457 6458 6453 6459 6460 6461 6456 6459 6462 6463 6464 6465 6466 6467 6464 6468 6469 6470 6465 6471 6472 6473 6468 6471 6474 6475 6476 6477 6478 6479 6476 6480 6481 6482 6477 6483 6484 6485 6480 6483 6486 6487 6488 6489 6490 6491 6488 6492 6493 6494 6489 6495 6496 6497 6492 6495 6498 6499 6500 6501 6502 6503 6500 6504 6505 6506 6501 6507 6508 6509 6504 6507 6510 6511 6512 6513 6514 6515 6512 6516 6517 6518 6513 6519 6520 6521 6516 6519 6522 6523 6524 6525 6526 6527 6524 6528 6529 6530 6525 6531 6532 6533 6528 6531 6534 6535 6536 6537 6538 6539 6536 6540 6541 6542 6537 6543 6544 6545 6540 6543 6546 6547 6548 6549 6550 6551 6548 6552 6553 6554 6549 6555 6556 6557 6552 6555 6558 6559 6560 6561 6562 6563 6560 6564 6565 6566 6561 6567 6568 6569 6564 6567 6570 6571 6572 6573 6574 6575 6572 6576 6577 6578 6573 6579 6580 6581 6576 6579 6582 6583 6584 6585 6586 6587 6584 6588 6589 6590 6585 6591 6592 6593 6588 6591 6594 6595 6596 6597 6598 6599 6596 6600 6601 6602 6597 6603 6604 6605 6600 6603 6606 6607 6608 6609 6610 6611 6608 6612 6613 6614 6609 6615 6616 6617 6612 6615 6618 6619 6620 6621 6622 6623 6620 6624 6625 6626 6621 6627 6628 6629 6624 6627 6630 6631 6632 6633 6634 6635 6632 6636 6637 6638 6633 6639 6640 6641 6636 6639 6642 6643 6644 6645 6646 6647 6644 6648 6649 6650 6645 6651 6652 6653 6648 6651 6654 6655 6656 6657 6658 6659 6656 6660 6661 6662 6657 6663 6664 6665 6660 6663 6666 6667 6668 6669 6670 6671 6668 6672 6673 6674 6669 6675 6676 6677 6672 6675 6678 6679 6680 6681 6682 6683 6680 6684 6685 6686 6681 6687 6688 6689 6684 6687 6690 6691 6692 6693 6694 6695 6692 6696 6697 6698 6693 6699 6700 6701 6696 6699 6702 6703 6704 6705 6706 6707 6704 6708 6709 6710 6705 6711 6712 6713 6708 6711 6714 6715 6716 6717 6718 6719 6716 6720 6721 6722 6717 6723 6724 6725 6720 6723 6726 6727 6728 6729 6730 6731 6728 6732 6733 6734 6729 6735 6736 6737 6732 6735 6738 6739 6740 6741 6742 6743 6740 6744 6745 6746 6741 6747 6748 6749 6744 6747 6750 6751 6752 6753 6754 6755 6752 6756 6757 6758 6753 6759 6760 6761 6756 6759 6762 6763 6764 6765 6766 6767 6764 6768 6769 6770 6765 6771 6772 6773 6768 6771 6774 6775 6776 6777 6778 6779 6776 6780 6781 6782 6777 6783 6784 6785 6780 6783 6786 6787 6788 6789 6790 6791 6788 6792 6793 6794 6789 6795 6796 6797 6792 6795 6798 6799 6800 6801 6802 6803 6800 6804 6805 6806 6801 6807 6808 6809 6804 6807 6810 6811 6812 6813 6814 6815 6812 6816 6817 6818 6813 6819 6820 6821 6816 6819 6822 6823 6824 6825 6826 6827 6824 6828 6829 6830 6825 6831 6832 6833 6828 6831 6834 6835 6836 6837 6838 6839 6836 6840 6841 6842 6837 6843 6844 6845 6840 6843 6846 6847 6848 6849 6850 6851 6848 6852 6853 6854 6849 6855 6856 6857 6852 6855 6858 6859 6860 6861 6862 6863 6860 6864 6865 6866 6861 6867 6868 6869 6864 6867 6870 6871 6872 6873 6874 6875 6872 6876 6877 6878 6873 6879 6880 6881 6876 6879 6882 6883 6884 6885 6886 6887 6884 6888 6889 6890 6885 6891 6892 6893 6888 6891 6894 6895 6896 6897 6898 6899 6896 6900 6901 6902 6897 6903 6904 6905 6900 6903 6906 6907 6908 6909 6910 6911 6908 6912 6913 6914 6909 6915 6916 6917 6912 6915 6918 6919 6920 6921 6922 6923 6920 6924 6925 6926 6921 6927 6928 6929 6924 6927 6930 6931 6932 6933 6934 6935 6932 6936 6937 6938 6933 6939 6940 6941 6936 6939 6942 6943 6944 6945 6946 6947 6944 6948 6949 6950 6945 6951 6952 6953 6948 6951 6954 6955 6956 6957 6958 6959 6956 6960 6961 6962 6957 6963 6964 6965 6960 6963 6966 6967 6968 6969 6970 6971 6968 6972 6973 6974 6969 6975 6976 6977 6972 6975 6978 6979 6980 6981 6982 6983 6980 6984 6985 6986 6981 6987 6988 6989 6984 6987 6990 6991 6992 6993 6994 6995 6992 6996 6997 6998 6993 6999 7000 7001 6996 6999 7002 7003 7004 7005 7006 7007 7004 7008 7009 7010 7005 7011 7012 7013 7008 7011 7014 7015 7016 7017 7018 7019 7016 7020 7021 7022 7017 7023 7024 7025 7020 7023 7026 7027 7028 7029 7030 7031 7028 7032 7033 7034 7029 7035 7036 7037 7032 7035 7038 7039 7040 7041 7042 7043 7040 7044 7045 7046 7041 7047 7048 7049 7044 7047 7050 7051 7052 7053 7054 7055 7052 7056 7057 7058 7053 7059 7060 7061 7056 7059 7062 7063 7064 7065 7066 7067 7064 7068 7069 7070 7065 7071 7072 7073 7068 7071 7074 7075 7076 7077 7078 7079 7076 7080 7081 7082 7077 7083 7084 7085 7080 7083 7086 7087 7088 7089 7090 7091 7088 7092 7093 7094 7089 7095 7096 7097 7092 7095 7098 7099 7100 7101 7102 7103 7100 7104 7105 7106 7101 7107 7108 7109 7104 7107 7110 7111 7112 7113 7114 7115 7112 7116 7117 7118 7113 7119 7120 7121 7116 7119 7122 7123 7124 7125 7126 7127 7124 7128 7129 7130 7125 7131 7132 7133 7128 7131 7134 7135 7136 7137 7138 7139 7136 7140 7141 7142 7137 7143 7144 7145 7140 7143 7146 7147 7148 7149 7150 7151 7148 7152 7153 7154 7149 7155 7156 7157 7152 7155 7158 7159 7160 7161 7162 7163 7160 7164 7165 7166 7161 7167 7168 7169 7164 7167 7170 7171 7172 7173 7174 7175 7172 7176 7177 7178 7173 7179 7180 7181 7176 7179 7182 7183 7184 7185 7186 7187 7184 7188 7189 7190 7185 7191 7192 7193 7188 7191 7194 7195 7196 7197 7198 7199 7196 7200 7201 7202 7197 7203 7204 7205 7200 7203 7206 7207 7208 7209 7210 7211 7208 7212 7213 7214 7209 7215 7216 7217 7212 7215 7218 7219 7220 7221 7222 7223 7220 7224 7225 7226 7221 7227 7228 7229 7224 7227 7230 7231 7232 7233 7234 7235 7232 7236 7237 7238 7233 7239 7240 7241 7236 7239 7242 7243 7244 7245 7246 7247 7244 7248 7249 7250 7245 7251 7252 7253 7248 7251 7254 7255 7256 7257 7258 7259 7256 7260 7261 7262 7257 7263 7264 7265 7260 7263 7266 7267 7268 7269 7270 7271 7268 7272 7273 7274 7269 7275 7276 7277 7272 7275 7278 7279 7280 7281 7282 7283 7280 7284 7285 7286 7281 7287 7288 7289 7284 7287 7290 7291 7292 7293 7294 7295 7292 7296 7297 7298 7293 7299 7300 7301 7296 7299 7302 7303 7304 7305 7306 7307 7304 7308 7309 7310 7305 7311 7312 7313 7308 7311 7314 7315 7316 7317 7318 7319 7316 7320 7321 7322 7317 7323 7324 7325 7320 7323 7326 7327 7328 7329 7330 7331 7328 7332 7333 7334 7329 7335 7336 7337 7332 7335 7338 7339 7340 7341 7342 7343 7340 7344 7345 7346 7341 7347 7348 7349 7344 7347 7350 7351 7352 7353 7354 7355 7352 7356 7357 7358 7353 7359 7360 7361 7356 7359 7362 7363 7364 7365 7366 7367 7364 7368 7369 7370 7365 7371 7372 7373 7368 7371 7374 7375 7376 7377 7378 7379 7376 7380 7381 7382 7377 7383 7384 7385 7380 7383 7386 7387 7388 7389 7390 7391 7388 7392 7393 7394 7389 7395 7396 7397 7392 7395 7398 7399 7400 7401 7402 7403 7400 7404 7405 7406 7401 7407 7408 7409 7404 7407 7410 7411 7412 7413 7414 7415 7412 7416 7417 7418 7413 7419 7420 7421 7416 7419 7422 7423 7424 7425 7426 7427 7424 7428 7429 7430 7425 7431 7432 7433 7428 7431 7434 7435 7436 7437 7438 7439 7436 7440 7441 7442 7437 7443 7444 7445 7440 7443 7446 7447 7448 7449 7450 7451 7448 7452 7453 7454 7449 7455 7456 7457 7452 7455 7458 7459 7460 7461 7462 7463 7460 7464 7465 7466 7461 7467 7468 7469 7464 7467 7470 7471 7472 7473 7474 7475 7472 7476 7477 7478 7473 7479 7480 7481 7476 7479 7482 7483 7484 7485 7486 7487 7484 7488 7489 7490 7485 7491 7492 7493 7488 7491 7494 7495 7496 7497 7498 7499 7496 7500 7501 7502 7497 7503 7504 7505 7500 7503 7506 7507 7508 7509 7510 7511 7508 7512 7513 7514 7509 7515 7516 7517 7512 7515 7518 7519 7520 7521 7522 7523 7520 7524 7525 7526 7521 7527 7528 7529 7524 7527 7530 7531 7532 7533 7534 7535 7532 7536 7537 7538 7533 7539 7540 7541 7536 7539 7542 7543 7544 7545 7546 7547 7544 7548 7549 7550 7545 7551 7552 7553 7548 7551 7554 7555 7556 7557 7558 7559 7556 7560 7561 7562 7557 7563 7564 7565 7560 7563 7566 7567 7568 7569 7570 7571 7568 7572 7573 7574 7569 7575 7576 7577 7572 7575 7578 7579 7580 7581 7582 7583 7580 7584 7585 7586 7581 7587 7588 7589 7584 7587 7590 7591 7592 7593 7594 7595 7592 7596 7597 7598 7593 7599 7600 7601 7596 7599 7602 7603 7604 7605 7606 7607 7604 7608 7609 7610 7605 7611 7612 7613 7608 7611 7614 7615 7616 7617 7618 7619 7616 7620 7621 7622 7617 7623 7624 7625 7620 7623 7626 7627 7628 7629 7630 7631 7628 7632 7633 7634 7629 7635 7636 7637 7632 7635 7638 7639 7640 7641 7642 7643 7640 7644 7645 7646 7641 7647 7648 7649 7644 7647 7650 7651 7652 7653 7654 7655 7652 7656 7657 7658 7653 7659 7660 7661 7656 7659 7662 7663 7664 7665 7666 7667 7664 7668 7669 7670 7665 7671 7672 7673 7668 7671 7674 7675 7676 7677 7678 7679 7676 7680 7681 7682 7677 7683 7684 7685 7680 7683 7686 7687 7688 7689 7690 7691 7688 7692 7693 7694 7689 7695 7696 7697 7692 7695 7698 7699 7700 7701 7702 7703 7700 7704 7705 7706 7701 7707 7708 7709 7704 7707 7710 7711 7712 7713 7714 7715 7712 7716 7717 7718 7713 7719 7720 7721 7716 7719 7722 7723 7724 7725 7726 7727 7724 7728 7729 7730 7725 7731 7732 7733 7728 7731 7734 7735 7736 7737 7738 7739 7736 7740 7741 7742 7737 7743 7744 7745 7740 7743 7746 7747 7748 7749 7750 7751 7748 7752 7753 7754 7749 7755 7756 7757 7752 7755 7758 7759 7760 7761 7762 7763 7760 7764 7765 7766 7761 7767 7768 7769 7764 7767 7770 7771 7772 7773 7774 7775 7772 7776 7777 7778 7773 7779 7780 7781 7776 7779 7782 7783 7784 7785 7786 7787 7784 7788 7789 7790 7785 7791 7792 7793 7788 7791 7794 7795 7796 7797 7798 7799 7796 7800 7801 7802 7797 7803 7804 7805 7800 7803 7806 7807 7808 7809 7810 7811 7808 7812 7813 7814 7809 7815 7816 7817 7812 7815 7818 7819 7820 7821 7822 7823 7820 7824 7825 7826 7821 7827 7828 7829 7824 7827 7830 7831 7832 7833 7834 7835 7832 7836 7837 7838 7833 7839 7840 7841 7836 7839 7842 7843 7844 7845 7846 7847 7844 7848 7849 7850 7845 7851 7852 7853 7848 7851 7854 7855 7856 7857 7858 7859 7856 7860 7861 7862 7857 7863 7864 7865 7860 7863 7866 7867 7868 7869 7870 7871 7868 7872 7873 7874 7869 7875 7876 7877 7872 7875 7878 7879 7880 7881 7882 7883 7880 7884 7885 7886 7881 7887 7888 7889 7884 7887 7890 7891 7892 7893 7894 7895 7892 7896 7897 7898 7893 7899 7900 7901 7896 7899 7902 7903 7904 7905 7906 7907 7904 7908 7909 7910 7905 7911 7912 7913 7908 7911 7914 7915 7916 7917 7918 7919 7916 7920 7921 7922 7917 7923 7924 7925 7920 7923 7926 7927 7928 7929 7930 7931 7928 7932 7933 7934 7929 7935 7936 7937 7932 7935 7938 7939 7940 7941 7942 7943 7940 7944 7945 7946 7941 7947 7948 7949 7944 7947 7950 7951 7952 7953 7954 7955 7952 7956 7957 7958 7953 7959 7960 7961 7956 7959 7962 7963 7964 7965 7966 7967 7964 7968 7969 7970 7965 7971 7972 7973 7968 7971 7974 7975 7976 7977 7978 7979 7976 7980 7981 7982 7977 7983 7984 7985 7980 7983 7986 7987 7988 7989 7990 7991 7988 7992 7993 7994 7989 7995 7996 7997 7992 7995 7998 7999 8000 8001 8002 8003 8000 8004 8005 8006 8001 8007 8008 8009 8004 8007 8010 8011 8012 8013 8014 8015 8012 8016 8017 8018 8013 8019 8020 8021 8016 8019 8022 8023 8024 8025 8026 8027 8024 8028 8029 8030 8025 8031 8032 8033 8028 8031 8034 8035 8036 8037 8038 8039 8036 8040 8041 8042 8037 8043 8044 8045 8040 8043 8046 8047 8048 8049 8050 8051 8048 8052 8053 8054 8049 8055 8056 8057 8052 8055 8058 8059 8060 8061 8062 8063 8060 8064 8065 8066 8061 8067 8068 8069 8064 8067 8070 8071 8072 8073 8074 8075 8072 8076 8077 8078 8073 8079 8080 8081 8076 8079 8082 8083 8084 8085 8086 8087 8084 8088 8089 8090 8085 8091 8092 8093 8088 8091 8094 8095 8096 8097 8098 8099 8096 8100 8101 8102 8097 8103 8104 8105 8100 8103 8106 8107 8108 8109 8110 8111 8108 8112 8113 8114 8109 8115 8116 8117 8112 8115 8118 8119 8120 8121 8122 8123 8120 8124 8125 8126 8121 8127 8128 8129 8124 8127 8130 8131 8132 8133 8134 8135 8132 8136 8137 8138 8133 8139 8140 8141 8136 8139 8142 8143 8144 8145 8146 8147 8144 8148 8149 8150 8145 8151 8152 8153 8148 8151 8154 8155 8156 8157 8158 8159 8156 8160 8161 8162 8157 8163 8164 8165 8160 8163 8166 8167 8168 8169 8170 8171 8168 8172 8173 8174 8169 8175 8176 8177 8172 8175 8178 8179 8180 8181 8182 8183 8180 8184 8185 8186 8181 8187 8188 8189 8184 8187 8190 8191 8192 8193 8194 8195 8192 8196 8197 8198 8193 8199 8200 8201 8196 8199 8202 8203 8204 8205 8206 8207 8204 8208 8209 8210 8205 8211 8212 8213 8208 8211 8214 8215 8216 8217 8218 8219 8216 8220 8221 8222 8217 8223 8224 8225 8220 8223 8226 8227 8228 8229 8230 8231 8228 8232 8233 8234 8229 8235 8236 8237 8232 8235 8238 8239 8240 8241 8242 8243 8240 8244 8245 8246 8241 8247 8248 8249 8244 8247 8250 8251 8252 8253 8254 8255 8252 8256 8257 8258 8253 8259 8260 8261 8256 8259 8262 8263 8264 8265 8266 8267 8264 8268 8269 8270 8265 8271 8272 8273 8268 8271 8274 8275 8276 8277 8278 8279 8276 8280 8281 8282 8277 8283 8284 8285 8280 8283 8286 8287 8288 8289 8290 8291 8288 8292 8293 8294 8289 8295 8296 8297 8292 8295 8298 8299 8300 8301 8302 8303 8300 8304 8305 8306 8301 8307 8308 8309 8304 8307 8310 8311 8312 8313 8314 8315 8312 8316 8317 8318 8313 8319 8320 8321 8316 8319 8322 8323 8324 8325 8326 8327 8324 8328 8329 8330 8325 8331 8332 8333 8328 8331 8334 8335 8336 8337 8338 8339 8336 8340 8341 8342 8337 8343 8344 8345 8340 8343 8346 8347 8348 8349 8350 8351 8348 8352 8353 8354 8349 8355 8356 8357 8352 8355 8358 8359 8360 8361 8362 8363 8360 8364 8365 8366 8361 8367 8368 8369 8364 8367 8370 8371 8372 8373 8374 8375 8372 8376 8377 8378 8373 8379 8380 8381 8376 8379 8382 8383 8384 8385 8386 8387 8384 8388 8389 8390 8385 8391 8392 8393 8388 8391 8394 8395 8396 8397 8398 8399 8396 8400 8401 8402 8397 8403 8404 8405 8400 8403 8406 8407 8408 8409 8410 8411 8408 8412 8413 8414 8409 8415 8416 8417 8412 8415 8418 8419 8420 8421 8422 8423 8420 8424 8425 8426 8421 8427 8428 8429 8424 8427 8430 8431 8432 8433 8434 8435 8432 8436 8437 8438 8433 8439 8440 8441 8436 8439 8442 8443 8444 8445 8446 8447 8444 8448 8449 8450 8445 8451 8452 8453 8448 8451 8454 8455 8456 8457 8458 8459 8456 8460 8461 8462 8457 8463 8464 8465 8460 8463 8466 8467 8468 8469 8470 8471 8468 8472 8473 8474 8469 8475 8476 8477 8472 8475 8478 8479 8480 8481 8482 8483 8480 8484 8485 8486 8481 8487 8488 8489 8484 8487 8490 8491 8492 8493 8494 8495 8492 8496 8497 8498 8493 8499 8500 8501 8496 8499 8502 8503 8504 8505 8506 8507 8504 8508 8509 8510 8505 8511 8512 8513 8508 8511 8514 8515 8516 8517 8518 8519 8516 8520 8521 8522 8517 8523 8524 8525 8520 8523 8526 8527 8528 8529 8530 8531 8528 8532 8533 8534 8529 8535 8536 8537 8532 8535 8538 8539 8540 8541 8542 8543 8540 8544 8545 8546 8541 8547 8548 8549 8544 8547 8550 8551 8552 8553 8554 8555 8552 8556 8557 8558 8553 8559 8560 8561 8556 8559 8562 8563 8564 8565 8566 8567 8564 8568 8569 8570 8565 8571 8572 8573 8568 8571 8574 8575 8576 8577 8578 8579 8576 8580 8581 8582 8577 8583 8584 8585 8580 8583 8586 8587 8588 8589 8590 8591 8588 8592 8593 8594 8589 8595 8596 8597 8592 8595 8598 8599 8600 8601 8602 8603 8600 8604 8605 8606 8601 8607 8608 8609 8604 8607 8610 8611 8612 8613 8614 8615 8612 8616 8617 8618 8613 8619 8620 8621 8616 8619 8622 8623 8624 8625 8626 8627 8624 8628 8629 8630 8625 8631 8632 8633 8628 8631 8634 8635 8636 8637 8638 8639 8636 8640 8641 8642 8637 8643 8644 8645 8640 8643 8646 8647 8648 8649 8650 8651 8648 8652 8653 8654 8649 8655 8656 8657 8652 8655 8658 8659 8660 8661 8662 8663 8660 8664 8665 8666 8661 8667 8668 8669 8664 8667 8670 8671 8672 8673 8674 8675 8672 8676 8677 8678 8673 8679 8680 8681 8676 8679 8682 8683 8684 8685 8686 8687 8684 8688 8689 8690 8685 8691 8692 8693 8688 8691 8694 8695 8696 8697 8698 8699 8696 8700 8701 8702 8697 8703 8704 8705 8700 8703 8706 8707 8708 8709 8710 8711 8708 8712 8713 8714 8709 8715 8716 8717 8712 8715 8718 8719 8720 8721 8722 8723 8720 8724 8725 8726 8721 8727 8728 8729 8724 8727 8730 8731 8732 8733 8734 8735 8732 8736 8737 8738 8733 8739 8740 8741 8736 8739 8742 8743 8744 8745 8746 8747 8744 8748 8749 8750 8745 8751 8752 8753 8748 8751 8754 8755 8756 8757 8758 8759 8756 8760 8761 8762 8757 8763 8764 8765 8760 8763 8766 8767 8768 8769 8770 8771 8768 8772 8773 8774 8769 8775 8776 8777 8772 8775 8778 8779 8780 8781 8782 8783 8780 8784 8785 8786 8781 8787 8788 8789 8784 8787 8790 8791 8792 8793 8794 8795 8792 8796 8797 8798 8793 8799 8800 8801 8796 8799 8802 8803 8804 8805 8806 8807 8804 8808 8809 8810 8805 8811 8812 8813 8808 8811 8814 8815 8816 8817 8818 8819 8816 8820 8821 8822 8817 8823 8824 8825 8820 8823 8826 8827 8828 8829 8830 8831 8828 8832 8833 8834 8829 8835 8836 8837 8832 8835 8838 8839 8840 8841 8842 8843 8840 8844 8845 8846 8841 8847 8848 8849 8844 8847 8850 8851 8852 8853 8854 8855 8852 8856 8857 8858 8853 8859 8860 8861 8856 8859 8862 8863 8864 8865 8866 8867 8864 8868 8869 8870 8865 8871 8872 8873 8868 8871 8874 8875 8876 8877 8878 8879 8876 8880 8881 8882 8877 8883 8884 8885 8880 8883 8886 8887 8888 8889 8890 8891 8888 8892 8893 8894 8889 8895 8896 8897 8892 8895 8898 8899 8900 8901 8902 8903 8900 8904 8905 8906 8901 8907 8908 8909 8904 8907 8910 8911 8912 8913 8914 8915 8912 8916 8917 8918 8913 8919 8920 8921 8916 8919 8922 8923 8924 8925 8926 8927 8924 8928 8929 8930 8925 8931 8932 8933 8928 8931 8934 8935 8936 8937 8938 8939 8936 8940 8941 8942 8937 8943 8944 8945 8940 8943 8946 8947 8948 8949 8950 8951 8948 8952 8953 8954 8949 8955 8956 8957 8952 8955 8958 8959 8960 8961 8962 8963 8960 8964 8965 8966 8961 8967 8968 8969 8964 8967 8970 8971 8972 8973 8974 8975 8972 8976 8977 8978 8973 8979 8980 8981 8976 8979 8982 8983 8984 8985 8986 8987 8984 8988 8989 8990 8985 8991 8992 8993 8988 8991 8994 8995 8996 8997 8998 8999 8996 9000 9001 9002 8997 9003 9004 9005 9000 9003 9006 9007 9008 9009 9010 9011 9008 9012 9013 9014 9009 9015 9016 9017 9012 9015 9018 9019 9020 9021 9022 9023 9020 9024 9025 9026 9021 9027 9028 9029 9024 9027 9030 9031 9032 9033 9034 9035 9032 9036 9037 9038 9033 9039 9040 9041 9036 9039 9042 9043 9044 9045 9046 9047 9044 9048 9049 9050 9045 9051 9052 9053 9048 9051 9054 9055 9056 9057 9058 9059 9056 9060 9061 9062 9057 9063 9064 9065 9060 9063 9066 9067 9068 9069 9070 9071 9068 9072 9073 9074 9069 9075 9076 9077 9072 9075 9078 9079 9080 9081 9082 9083 9080 9084 9085 9086 9081 9087 9088 9089 9084 9087 9090 9091 9092 9093 9094 9095 9092 9096 9097 9098 9093 9099 9100 9101 9096 9099 9102 9103 9104 9105 9106 9107 9104 9108 9109 9110 9105 9111 9112 9113 9108 9111 9114 9115 9116 9117 9118 9119 9116 9120 9121 9122 9117 9123 9124 9125 9120 9123 9126 9127 9128 9129 9130 9131 9128 9132 9133 9134 9129 9135 9136 9137 9132 9135 9138 9139 9140 9141 9142 9143 9140 9144 9145 9146 9141 9147 9148 9149 9144 9147 9150 9151 9152 9153 9154 9155 9152 9156 9157 9158 9153 9159 9160 9161 9156 9159 9162 9163 9164 9165 9166 9167 9164 9168 9169 9170 9165 9171 9172 9173 9168 9171 9174 9175 9176 9177 9178 9179 9176 9180 9181 9182 9177 9183 9184 9185 9180 9183 9186 9187 9188 9189 9190 9191 9188 9192 9193 9194 9189 9195 9196 9197 9192 9195 9198 9199 9200 9201 9202 9203 9200 9204 9205 9206 9201 9207 9208 9209 9204 9207 9210 9211 9212 9213 9214 9215 9212 9216 9217 9218 9213 9219 9220 9221 9216 9219 9222 9223 9224 9225 9226 9227 9224 9228 9229 9230 9225 9231 9232 9233 9228 9231 9234 9235 9236 9237 9238 9239 9236 9240 9241 9242 9237 9243 9244 9245 9240 9243 9246 9247 9248 9249 9250 9251 9248 9252 9253 9254 9249 9255 9256 9257 9252 9255 9258 9259 9260 9261 9262 9263 9260 9264 9265 9266 9261 9267 9268 9269 9264 9267 9270 9271 9272 9273 9274 9275 9272 9276 9277 9278 9273 9279 9280 9281 9276 9279 9282 9283 9284 9285 9286 9287 9284 9288 9289 9290 9285 9291 9292 9293 9288 9291 9294 9295 9296 9297 9298 9299 9296 9300 9301 9302 9297 9303 9304 9305 9300 9303 9306 9307 9308 9309 9310 9311 9308 9312 9313 9314 9309 9315 9316 9317 9312 9315 9318 9319 9320 9321 9322 9323 9320 9324 9325 9326 9321 9327 9328 9329 9324 9327 9330 9331 9332 9333 9334 9335 9332 9336 9337 9338 9333 9339 9340 9341 9336 9339 9342 9343 9344 9345 9346 9347 9344 9348 9349 9350 9345 9351 9352 9353 9348 9351 9354 9355 9356 9357 9358 9359 9356 9360 9361 9362 9357 9363 9364 9365 9360 9363 9366 9367 9368 9369 9370 9371 9368 9372 9373 9374 9369 9375 9376 9377 9372 9375 9378 9379 9380 9381 9382 9383 9380 9384 9385 9386 9381 9387 9388 9389 9384 9387 9390 9391 9392 9393 9394 9395 9392 9396 9397 9398 9393 9399 9400 9401 9396 9399 9402 9403 9404 9405 9406 9407 9404 9408 9409 9410 9405 9411 9412 9413 9408 9411 9414 9415 9416 9417 9418 9419 9416 9420 9421 9422 9417 9423 9424 9425 9420 9423 9426 9427 9428 9429 9430 9431 9428 9432 9433 9434 9429 9435 9436 9437 9432 9435 9438 9439 9440 9441 9442 9443 9440 9444 9445 9446 9441 9447 9448 9449 9444 9447 9450 9451 9452 9453 9454 9455 9452 9456 9457 9458 9453 9459 9460 9461 9456 9459 9462 9463 9464 9465 9466 9467 9464 9468 9469 9470 9465 9471 9472 9473 9468 9471 9474 9475 9476 9477 9478 9479 9476 9480 9481 9482 9477 9483 9484 9485 9480 9483 9486 9487 9488 9489 9490 9491 9488 9492 9493 9494 9489 9495 9496 9497 9492 9495 9498 9499 9500 9501 9502 9503 9500 9504 9505 9506 9501 9507 9508 9509 9504 9507 9510 9511 9512 9513 9514 9515 9512 9516 9517 9518 9513 9519 9520 9521 9516 9519 9522 9523 9524 9525 9526 9527 9524 9528 9529 9530 9525 9531 9532 9533 9528 9531 9534 9535 9536 9537 9538 9539 9536 9540 9541 9542 9537 9543 9544 9545 9540 9543 9546 9547 9548 9549 9550 9551 9548 9552 9553 9554 9549 9555 9556 9557 9552 9555 9558 9559 9560 9561 9562 9563 9560 9564 9565 9566 9561 9567 9568 9569 9564 9567 9570 9571 9572 9573 9574 9575 9572 9576 9577 9578 9573 9579 9580 9581 9576 9579 9582 9583 9584 9585 9586 9587 9584 9588 9589 9590 9585 9591 9592 9593 9588 9591 9594 9595 9596 9597 9598 9599 9596 9600 9601 9602 9597 9603 9604 9605 9600 9603 9606 9607 9608 9609 9610 9611 9608 9612 9613 9614 9609 9615 9616 9617 9612 9615 9618 9619 9620 9621 9622 9623 9620 9624 9625 9626 9621 9627 9628 9629 9624 9627 9630 9631 9632 9633 9634 9635 9632 9636 9637 9638 9633 9639 9640 9641 9636 9639 9642 9643 9644 9645 9646 9647 9644 9648 9649 9650 9645 9651 9652 9653 9648 9651 9654 9655 9656 9657 9658 9659 9656 9660 9661 9662 9657 9663 9664 9665 9660 9663 9666 9667 9668 9669 9670 9671 9668 9672 9673 9674 9669 9675 9676 9677 9672 9675 9678 9679 9680 9681 9682 9683 9680 9684 9685 9686 9681 9687 9688 9689 9684 9687 9690 9691 9692 9693 9694 9695 9692 9696 9697 9698 9693 9699 9700 9701 9696 9699 9702 9703 9704 9705 9706 9707 9704 9708 9709 9710 9705 9711 9712 9713 9708 9711 9714 9715 9716 9717 9718 9719 9716 9720 9721 9722 9717 9723 9724 9725 9720 9723 9726 9727 9728 9729 9730 9731 9728 9732 9733 9734 9729 9735 9736 9737 9732 9735 9738 9739 9740 9741 9742 9743 9740 9744 9745 9746 9741 9747 9748 9749 9744 9747 9750 9751 9752 9753 9754 9755 9752 9756 9757 9758 9753 9759 9760 9761 9756 9759 9762 9763 9764 9765 9766 9767 9764 9768 9769 9770 9765 9771 9772 9773 9768 9771 9774 9775 9776 9777 9778 9779 9776 9780 9781 9782 9777 9783 9784 9785 9780 9783 9786 9787 9788 9789 9790 9791 9788 9792 9793 9794 9789 9795 9796 9797 9792 9795 9798 9799 9800 9801 9802 9803 9800 9804 9805 9806 9801 9807 9808 9809 9804 9807 9810 9811 9812 9813 9814 9815 9812 9816 9817 9818 9813 9819 9820 9821 9816 9819 9822 9823 9824 9825 9826 9827 9824 9828 9829 9830 9825 9831 9832 9833 9828 9831 9834 9835 9836 9837 9838 9839 9836 9840 9841 9842 9837 9843 9844 9845 9840 9843 9846 9847 9848 9849 9850 9851 9848 9852 9853 9854 9849 9855 9856 9857 9852 9855 9858 9859 9860 9861 9862 9863 9860 9864 9865 9866 9861 9867 9868 9869 9864 9867 9870 9871 9872 9873 9874 9875 9872 9876 9877 9878 9873 9879 9880 9881 9876 9879 9882 9883 9884 9885 9886 9887 9884 9888 9889 9890 9885 9891 9892 9893 9888 9891 9894 9895 9896 9897 9898 9899 9896 9900 9901 9902 9897 9903 9904 9905 9900 9903 9906 9907 9908 9909 9910 9911 9908 9912 9913 9914 9909 9915 9916 9917 9912 9915 9918 9919 9920 9921 9922 9923 9920 9924 9925 9926 9921 9927 9928 9929 9924 9927 9930 9931 9932 9933 9934 9935 9932 9936 9937 9938 9933 9939 9940 9941 9936 9939 9942 9943 9944 9945 9946 9947 9944 9948 9949 9950 9945 9951 9952 9953 9948 9951 9954 9955 9956 9957 9958 9959 9956 9960 9961 9962 9957 9963 9964 9965 9960 9963 9966 9967 9968 9969 9970 9971 9968 9972 9973 9974 9969 9975 9976 9977 9972 9975 9978 9979 9980 9981 9982 9983 9980 9984 9985 9986 9981 9987 9988 9989 9984 9987 9990 9991 9992 9993 9994 9995 9992 9996 9997 9998 9993 9999 10000 10001 9996 9999 10002 10003 10004 10005 10006 10007 10004 10008 10009 10010 10005 10011 10012 10013 10008 10011 10014 10015 10016 10017 10018 10019 10016 10020 10021 10022 10017 10023 10024 10025 10020 10023 10026 10027 10028 10029 10030 10031 10028 10032 10033 10034 10029 10035 10036 10037 10032 10035 10038 10039 10040 10041 10042 10043 10040 10044 10045 10046 10041 10047 10048 10049 10044 10047 10050 10051 10052 10053 10054 10055 10052 10056 10057 10058 10053 10059 10060 10061 10056 10059 10062 10063 10064 10065 10066 10067 10064 10068 10069 10070 10065 10071 10072 10073 10068 10071 10074 10075 10076 10077 10078 10079 10076 10080 10081 10082 10077 10083 10084 10085 10080 10083 10086 10087 10088 10089 10090 10091 10088 10092 10093 10094 10089 10095 10096 10097 10092 10095 10098 10099 10100 10101 10102 10103 10100 10104 10105 10106 10101 10107 10108 10109 10104 10107 10110 10111 10112 10113 10114 10115 10112 10116 10117 10118 10113 10119 10120 10121 10116 10119 10122 10123 10124 10125 10126 10127 10124 10128 10129 10130 10125 10131 10132 10133 10128 10131 10134 10135 10136 10137 10138 10139 10136 10140 10141 10142 10137 10143 10144 10145 10140 10143 10146 10147 10148 10149 10150 10151 10148 10152 10153 10154 10149 10155 10156 10157 10152 10155 10158 10159 10160 10161 10162 10163 10160 10164 10165 10166 10161 10167 10168 10169 10164 10167 10170 10171 10172 10173 10174 10175 10172 10176 10177 10178 10173 10179 10180 10181 10176 10179 10182 10183 10184 10185 10186 10187 10184 10188 10189 10190 10185 10191 10192 10193 10188 10191 10194 10195 10196 10197 10198 10199 10196 10200 10201 10202 10197 10203 10204 10205 10200 10203 10206 10207 10208 10209 10210 10211 10208 10212 10213 10214 10209 10215 10216 10217 10212 10215 10218 10219 10220 10221 10222 10223 10220 10224 10225 10226 10221 10227 10228 10229 10224 10227 10230 10231 10232 10233 10234 10235 10232 10236 10237 10238 10233 10239 10240 10241 10236 10239 10242 10243 10244 10245 10246 10247 10244 10248 10249 10250 10245 10251 10252 10253 10248 10251 10254 10255 10256 10257 10258 10259 10256 10260 10261 10262 10257 10263 10264 10265 10260 10263 10266 10267 10268 10269 10270 10271 10268 10272 10273 10274 10269 10275 10276 10277 10272 10275 10278 10279 10280 10281 10282 10283 10280 10284 10285 10286 10281 10287 10288 10289 10284 10287 10290 10291 10292 10293 10294 10295 10292 10296 10297 10298 10293 10299 10300 10301 10296 10299 10302 10303 10304 10305 10306 10307 10304 10308 10309 10310 10305 10311 10312 10313 10308 10311 10314 10315 10316 10317 10318 10319 10316 10320 10321 10322 10317 10323 10324 10325 10320 10323 10326 10327 10328 10329 10330 10331 10328 10332 10333 10334 10329 10335 10336 10337 10332 10335 10338 10339 10340 10341 10342 10343 10340 10344 10345 10346 10341 10347 10348 10349 10344 10347 10350 10351 10352 10353 10354 10355 10352 10356 10357 10358 10353 10359 10360 10361 10356 10359 10362 10363 10364 10365 10366 10367 10364 10368 10369 10370 10365 10371 10372 10373 10368 10371 10374 10375 10376 10377 10378 10379 10376 10380 10381 10382 10377 10383 10384 10385 10380 10383 10386 10387 10388 10389 10390 10391 10388 10392 10393 10394 10389 10395 10396 10397 10392 10395 10398 10399 10400 10401 10402 10403 10400 10404 10405 10406 10401 10407 10408 10409 10404 10407 10410 10411 10412 10413 10414 10415 10412 10416 10417 10418 10413 10419 10420 10421 10416 10419 10422 10423 10424 10425 10426 10427 10424 10428 10429 10430 10425 10431 10432 10433 10428 10431 10434 10435 10436 10437 10438 10439 10436 10440 10441 10442 10437 10443 10444 10445 10440 10443 10446 10447 10448 10449 10450 10451 10448 10452 10453 10454 10449 10455 10456 10457 10452 10455 10458 10459 10460 10461 10462 10463 10460 10464 10465 10466 10461 10467 10468 10469 10464 10467 10470 10471 10472 10473 10474 10475 10472 10476 10477 10478 10473 10479 10480 10481 10476 10479 10482 10483 10484 10485 10486 10487 10484 10488 10489 10490 10485 10491 10492 10493 10488 10491 10494 10495 10496 10497 10498 10499 10496 10500 10501 10502 10497 10503 10504 10505 10500 10503 10506 10507 10508 10509 10510 10511 10508 10512 10513 10514 10509 10515 10516 10517 10512 10515 10518 10519 10520 10521 10522 10523 10520 10524 10525 10526 10521 10527 10528 10529 10524 10527 10530 10531 10532 10533 10534 10535 10532 10536 10537 10538 10533 10539 10540 10541 10536 10539 10542 10543 10544 10545 10546 10547 10544 10548 10549 10550 10545 10551 10552 10553 10548 10551 10554 10555 10556 10557 10558 10559 10556 10560 10561 10562 10557 10563 10564 10565 10560 10563 10566 10567 10568 10569 10570 10571 10568 10572 10573 10574 10569 10575 10576 10577 10572 10575 10578 10579 10580 10581 10582 10583 10580 10584 10585 10586 10581 10587 10588 10589 10584 10587 10590 10591 10592 10593 10594 10595 10592 10596 10597 10598 10593 10599 10600 10601 10596 10599 10602 10603 10604 10605 10606 10607 10604 10608 10609 10610 10605 10611 10612 10613 10608 10611 10614 10615 10616 10617 10618 10619 10616 10620 10621 10622 10617 10623 10624 10625 10620 10623 10626 10627 10628 10629 10630 10631 10628 10632 10633 10634 10629 10635 10636 10637 10632 10635 10638 10639 10640 10641 10642 10643 10640 10644 10645 10646 10641 10647 10648 10649 10644 10647 10650 10651 10652 10653 10654 10655 10652 10656 10657 10658 10653 10659 10660 10661 10656 10659 10662 10663 10664 10665 10666 10667 10664 10668 10669 10670 10665 10671 10672 10673 10668 10671 10674 10675 10676 10677 10678 10679 10676 10680 10681 10682 10677 10683 10684 10685 10680 10683 10686 10687 10688 10689 10690 10691 10688 10692 10693 10694 10689 10695 10696 10697 10692 10695 10698 10699 10700 10701 10702 10703 10700 10704 10705 10706 10701 10707 10708 10709 10704 10707 10710 10711 10712 10713 10714 10715 10712 10716 10717 10718 10713 10719 10720 10721 10716 10719 10722 10723 10724 10725 10726 10727 10724 10728 10729 10730 10725 10731 10732 10733 10728 10731 10734 10735 10736 10737 10738 10739 10736 10740 10741 10742 10737 10743 10744 10745 10740 10743 10746 10747 10748 10749 10750 10751 10748 10752 10753 10754 10749 10755 10756 10757 10752 10755 10758 10759 10760 10761 10762 10763 10760 10764 10765 10766 10761 10767 10768 10769 10764 10767 10770 10771 10772 10773 10774 10775 10772 10776 10777 10778 10773 10779 10780 10781 10776 10779 10782 10783 10784 10785 10786 10787 10784 10788 10789 10790 10785 10791 10792 10793 10788 10791 10794 10795 10796 10797 10798 10799 10796 10800 10801 10802 10797 10803 10804 10805 10800 10803 10806 10807 10808 10809 10810 10811 10808 10812 10813 10814 10809 10815 10816 10817 10812 10815 10818 10819 10820 10821 10822 10823 10820 10824 10825 10826 10821 10827 10828 10829 10824 10827 10830 10831 10832 10833 10834 10835 10832 10836 10837 10838 10833 10839 10840 10841 10836 10839 10842 10843 10844 10845 10846 10847 10844 10848 10849 10850 10845 10851 10852 10853 10848 10851 10854 10855 10856 10857 10858 10859 10856 10860 10861 10862 10857 10863 10864 10865 10860 10863 10866 10867 10868 10869 10870 10871 10868 10872 10873 10874 10869 10875 10876 10877 10872 10875 10878 10879 10880 10881 10882 10883 10880 10884 10885 10886 10881 10887 10888 10889 10884 10887 10890 10891 10892 10893 10894 10895 10892 10896 10897 10898 10893 10899 10900 10901 10896 10899 10902 10903 10904 10905 10906 10907 10904 10908 10909 10910 10905 10911 10912 10913 10908 10911 10914 10915 10916 10917 10918 10919 10916 10920 10921 10922 10917 10923 10924 10925 10920 10923 10926 10927 10928 10929 10930 10931 10928 10932 10933 10934 10929 10935 10936 10937 10932 10935 10938 10939 10940 10941 10942 10943 10940 10944 10945 10946 10941 10947 10948 10949 10944 10947 10950 10951 10952 10953 10954 10955 10952 10956 10957 10958 10953 10959 10960 10961 10956 10959 10962 10963 10964 10965 10966 10967 10964 10968 10969 10970 10965 10971 10972 10973 10968 10971 10974 10975 10976 10977 10978 10979 10976 10980 10981 10982 10977 10983 10984 10985 10980 10983 10986 10987 10988 10989 10990 10991 10988 10992 10993 10994 10989 10995 10996 10997 10992 10995 10998 10999 11000 11001 11002 11003 11000 11004 11005 11006 11001 11007 11008 11009 11004 11007 11010 11011 11012 11013 11014 11015 11012 11016 11017 11018 11013 11019 11020 11021 11016 11019 11022 11023 11024 11025 11026 11027 11024 11028 11029 11030 11025 11031 11032 11033 11028 11031 11034 11035 11036 11037 11038 11039 11036 11040 11041 11042 11037 11043 11044 11045 11040 11043 11046 11047 11048 11049 11050 11051 11048 11052 11053 11054 11049 11055 11056 11057 11052 11055 11058 11059 11060 11061 11062 11063 11060 11064 11065 11066 11061 11067 11068 11069 11064 11067 11070 11071 11072 11073 11074 11075 11072 11076 11077 11078 11073 11079 11080 11081 11076 11079 11082 11083 11084 11085 11086 11087 11084 11088 11089 11090 11085 11091 11092 11093 11088 11091 11094 11095 11096 11097 11098 11099 11096 11100 11101 11102 11097 11103 11104 11105 11100 11103 11106 11107 11108 11109 11110 11111 11108 11112 11113 11114 11109 11115 11116 11117 11112 11115 11118 11119 11120 11121 11122 11123 11120 11124 11125 11126 11121 11127 11128 11129 11124 11127 11130 11131 11132 11133 11134 11135 11132 11136 11137 11138 11133 11139 11140 11141 11136 11139 11142 11143 11144 11145 11146 11147 11144 11148 11149 11150 11145 11151 11152 11153 11148 11151 11154 11155 11156 11157 11158 11159 11156 11160 11161 11162 11157 11163 11164 11165 11160 11163 11166 11167 </DataArray>
        <DataArray type="Int32" Name="offsets" format="ascii">4 8 12 16 20 24 28 32 36 40 44 48 52 56 60 64 68 72 76 80 84 88 92 96 100 104 108 112 116 120 124 128 132 136 140 144 148 152 156 160 164 168 172 176 180 184 188 192 196 200 204 208 212 216 220 224 228 232 236 240 244 248 252 256 260 264 268 272 276 280 284 288 292 296 300 304 308 312 316 320 324 328 332 336 340 344 348 352 356 360 364 368 372 376 380 384 388 392 396 400 404 408 412 416 420 424 428 432 436 440 444 448 452 456 460 464 468 472 476 480 484 488 492 496 500 504 508 512 516 520 524 528 532 536 540 544 548 552 556 560 564 568 572 576 580 584 588 592 596 600 604 608 612 616 620 624 628 632 636 640 644 648 652 656 660 664 668 672 676 680 684 688 692 696 700 704 708 712 716 720 724 728 732 736 740 744 748 752 756 760 764 768 772 776 780 784 788 792 796 800 804 808 812 816 820 824 828 832 836 840 844 848 852 856 860 864 868 872 876 880 884 888 892 896 900 904 908 912 916 920 924 928 932 936 940 944 948 952 956 960 964 968 972 976 980 984 988 992 996 1000 1004 1008 1012 1016 1020 1024 1028 1032 1036 1040 1044 1048 1052 1056 1060 1064 1068 1072 1076 1080 1084 1088 1092 1096 1100 1104 1108 1112 1116 1120 1124 1128 1132 1136 1140 1144 1148 1152 1156 1160 1164 1168 1172 1176 1180 1184 1188 1192 1196 1200 1204 1208 1212 1216 1220 1224 1228 1232 1236 1240 1244 1248 1252 1256 1260 1264 1268 1272 1276 1280 1284 1288 1292 1296 1300 1304 1308 1312 1316 1320 1324 1328 1332 1336 1340 1344 1348 1352 1356 1360 1364 1368 1372 1376 1380 1384 1388 1392 1396 1400 1404 1408 1412 1416 1420 1424 1428 1432 1436 1440 1444 1448 1452 1456 1460 1464 1468 1472 1476 1480 1484 1488 1492 1496 1500 1504 1508 1512 1516 1520 1524 1528 1532 1536 1540 1544 1548 1552 1556 1560 1564 1568 1572 1576 1580 1584 1588 1592 1596 1600 1604 1608 1612 1616 1620 1624 1628 1632 1636 1640 1644 1648 1652 1656 1660 1664 1668 1672 1676 1680 1684 1688 1692 1696 1700 1704 1708 1712 1716 1720 1724 1728 1732 1736 1740 1744 1748 1752 1756 1760 1764 1768 1772 1776 1780 1784 1788 1792 1796 1800 1804 1808 1812 1816 1820 1824 1828 1832 1836 1840 1844 1848 1852 1856 1860 1864 1868 1872 1876 1880 1884 1888 1892 1896 1900 1904 1908 1912 1916 1920 1924 1928 1932 1936 1940 1944 1948 1952 1956 1960 1964 1968 1972 1976 1980 1984 1988 1992 1996 2000 2004 2008 2012 2016 2020 2024 2028 2032 2036 2040 2044 2048 2052 2056 2060 2064 2068 2072 2076 2080 2084 2088 2092 2096 2100 2104 2108 2112 2116 2120 2124 2128 2132 2136 2140 2144 2148 2152 2156 2160 2164 2168 2172 2176 2180 2184 2188 2192 2196 2200 2204 2208 2212 2216 2220 2224 2228 2232 2236 2240 2244 2248 2252 2256 2260 2264 2268 2272 2276 2280 2284 2288 2292 2296 2300 2304 2308 2312 2316 2320 2324 2328 2332 2336 2340 2344 2348 2352 2356 2360 2364 2368 2372 2376 2380 2384 2388 2392 2396 2400 2404 2408 2412 2416 2420 2424 2428 2432 2436 2440 2444 2448 2452 2456 2460 2464 2468 2472 2476 2480 2484 2488 2492 2496 2500 2504 2508 2512 2516 2520 2524 2528 2532 2536 2540 2544 2548 2552 2556 2560 2564 2568 2572 2576 2580 2584 2588 2592 2596 2600 2604 2608 2612 2616 2620 2624 2628 2632 2636 2640 2644 2648 2652 2656 2660 2664 2668 2672 2676 2680 2684 2688 2692 2696 2700 2704 2708 2712 2716 2720 2724 2728 2732 2736 2740 2744 2748 2752 2756 2760 2764 2768 2772 2776 2780 2784 2788 2792 2796 2800 2804 2808 2812 2816 2820 2824 2828 2832 2836 2840 2844 2848 2852 2856 2860 2864 2868 2872 2876 2880 2884 2888 2892 2896 2900 2904 2908 2912 2916 2920 2924 2928 2932 2936 2940 2944 2948 2952 2956 2960 2964 2968 2972 2976 2980 2984 2988 2992 2996 3000 3004 3008 3012 3016 3020 3024 3028 3032 3036 3040 3044 3048 3052 3056 3060 3064 3068 3072 3076 3080 3084 3088 3092 3096 3100 3104 3108 3112 3116 3120 3124 3128 3132 3136 3140 3144 3148 3152 3156 3160 3164 3168 3172 3176 3180 3184 3188 3192 3196 3200 3204 3208 3212 3216 3220 3224 3228 3232 3236 3240 3244 3248 3252 3256 3260 3264 3268 3272 3276 3280 3284 3288 3292 3296 3300 3304 3308 3312 3316 3320 3324 3328 3332 3336 3340 3344 3348 3352 3356 3360 3364 3368 3372 3376 3380 3384 3388 3392 3396 3400 3404 3408 3412 3416 3420 3424 3428 3432 3436 3440 3444 3448 3452 3456 3460 3464 3468 3472 3476 3480 3484 3488 3492 3496 3500 3504 3508 3512 3516 3520 3524 3528 3532 3536 3540 3544 3548 3552 3556 3560 3564 3568 3572 3576 3580 3584 3588 3592 3596 3600 3604 3608 3612 3616 3620 3624 3628 3632 3636 3640 3644 3648 3652 3656 3660 3664 3668 3672 3676 3680 3684 3688 3692 3696 3700 3704 3708 3712 3716 3720 3724 3728 3732 3736 3740 3744 3748 3752 3756 3760 3764 3768 3772 3776 3780 3784 3788 3792 3796 3800 3804 3808 3812 3816 3820 3824 3828 3832 3836 3840 3844 3848 3852 3856 3860 3864 3868 3872 3876 3880 3884 3888 3892 3896 3900 3904 3908 3912 3916 3920 3924 3928 3932 3936 3940 3944 3948 3952 3956 3960 3964 3968 3972 3976 3980 3984 3988 3992 3996 4000 4004 4008 4012 4016 4020 4024 4028 4032 4036 4040 4044 4048 4052 4056 4060 4064 4068 4072 4076 4080 4084 4088 4092 4096 4100 4104 4108 4112 4116 4120 4124 4128 4132 4136 4140 4144 4148 4152 4156 4160 4164 4168 4172 4176 4180 4184 4188 4192 4196 4200 4204 4208 4212 4216 4220 4224 4228 4232 4236 4240 4244 4248 4252 4256 4260 4264 4268 4272 4276 4280 4284 4288 4292 4296 4300 4304 4308 4312 4316 4320 4324 4328 4332 4336 4340 4344 4348 4352 4356 4360 4364 4368 4372 4376 4380 4384 4388 4392 4396 4400 4404 4408 4412 4416 4420 4424 4428 4432 4436 4440 4444 4448 4452 4456 4460 4464 4468 4472 4476 4480 4484 4488 4492 4496 4500 4504 4508 4512 4516 4520 4524 4528 4532 4536 4540 4544 4548 4552 4556 4560 4564 4568 4572 4576 4580 4584 4588 4592 4596 4600 4604 4608 4612 4616 4620 4624 4628 4632 4636 4640 4644 4648 4652 4656 4660 4664 4668 4672 4676 4680 4684 4688 4692 4696 4700 4704 4708 4712 4716 4720 4724 4728 4732 4736 4740 4744 4748 4752 4756 4760 4764 4768 4772 4776 4780 4784 4788 4792 4796 4800 4804 4808 4812 4816 4820 4824 4828 4832 4836 4840 4844 4848 4852 4856 4860 4864 4868 4872 4876 4880 4884 4888 4892 4896 4900 4904 4908 4912 4916 4920 4924 4928 4932 4936 4940 4944 4948 4952 4956 4960 4964 4968 4972 4976 4980 4984 4988 4992 4996 5000 5004 5008 5012 5016 5020 5024 5028 5032 5036 5040 5044 5048 5052 5056 5060 5064 5068 5072 5076 5080 5084 5088 5092 5096 5100 5104 5108 5112 5116 5120 5124 5128 5132 5136 5140 5144 5148 5152 5156 5160 5164 5168 5172 5176 5180 5184 5188 5192 5196 5200 5204 5208 5212 5216 5220 5224 5228 5232 5236 5240 5244 5248 5252 5256 5260 5264 5268 5272 5276 5280 5284 5288 5292 5296 5300 5304 5308 5312 5316 5320 5324 5328 5332 5336 5340 5344 5348 5352 5356 5360 5364 5368 5372 5376 5380 5384 5388 5392 5396 5400 5404 5408 5412 5416 5420 5424 5428 5432 5436 5440 5444 5448 5452 5456 5460 5464 5468 5472 5476 5480 5484 5488 5492 5496 5500 5504 5508 5512 5516 5520 5524 5528 5532 5536 5540 5544 5548 5552 5556 5560 5564 5568 5572 5576 5580 5584 5588 5592 5596 5600 5604 5608 5612 5616 5620 5624 5628 5632 5636 5640 5644 5648 5652 5656 5660 5664 5668 5672 5676 5680 5684 5688 5692 5696 5700 5704 5708 5712 5716 5720 5724 5728 5732 5736 5740 5744 5748 5752 5756 5760 5764 5768 5772 5776 5780 5784 5788 5792 5796 5800 5804 5808 5812 5816 5820 5824 5828 5832 5836 5840 5844 5848 5852 5856 5860 5864 5868 5872 5876 5880 5884 5888 5892 5896 5900 5904 5908 5912 5916 5920 5924 5928 5932 5936 5940 5944 5948 5952 5956 5960 5964 5968 5972 5976 5980 5984 5988 5992 5996 6000 6004 6008 6012 6016 6020 6024 6028 6032 6036 6040 6044 6048 6052 6056 6060 6064 6068 6072 6076 6080 6084 6088 6092 6096 6100 6104 6108 6112 6116 6120 6124 6128 6132 6136 6140 6144 6148 6152 6156 6160 6164 6168 6172 6176 6180 6184 6188 6192 6196 6200 6204 6208 6212 6216 6220 6224 6228 6232 6236 6240 6244 6248 6252 6256 6260 6264 6268 6272 6276 6280 6284 6288 6292 6296 6300 6304 6308 6312 6316 6320 6324 6328 6332 6336 6340 6344 6348 6352 6356 6360 6364 6368 6372 6376 6380 6384 6388 6392 6396 6400 6404 6408 6412 6416 6420 6424 6428 6432 6436 6440 6444 6448 6452 6456 6460 6464 6468 6472 6476 6480 6484 6488 6492 6496 6500 6504 6508 6512 6516 6520 6524 6528 6532 6536 6540 6544 6548 6552 6556 6560 6564 6568 6572 6576 6580 6584 6588 6592 6596 6600 6604 6608 6612 6616 6620 6624 6628 6632 6636 6640 6644 6648 6652 6656 6660 6664 6668 6672 6676 6680 6684 6688 6692 6696 6700 6704 6708 6712 6716 6720 6724 6728 6732 6736 6740 6744 6748 6752 6756 6760 6764 6768 6772 6776 6780 6784 6788 6792 6796 6800 6804 6808 6812 6816 6820 6824 6828 6832 6836 6840 6844 6848 6852 6856 6860 6864 6868 6872 6876 6880 6884 6888 6892 6896 6900 6904 6908 6912 6916 6920 6924 6928 6932 6936 6940 6944 6948 6952 6956 6960 6964 6968 6972 6976 6980 6984 6988 6992 6996 7000 7004 7008 7012 7016 7020 7024 7028 7032 7036 7040 7044 7048 7052 7056 7060 7064 7068 7072 7076 7080 7084 7088 7092 7096 7100 7104 7108 7112 7116 7120 7124 7128 7132 7136 7140 7144 7148 7152 7156 7160 7164 7168 7172 7176 7180 7184 7188 7192 7196 7200 7204 7208 7212 7216 7220 7224 7228 7232 7236 7240 7244 7248 7252 7256 7260 7264 7268 7272 7276 7280 7284 7288 7292 7296 7300 7304 7308 7312 7316 7320 7324 7328 7332 7336 7340 7344 7348 7352 7356 7360 7364 7368 7372 7376 7380 7384 7388 7392 7396 7400 7404 7408 7412 7416 7420 7424 7428 7432 7436 7440 7444 7448 7452 7456 7460 7464 7468 7472 7476 7480 7484 7488 7492 7496 7500 7504 7508 7512 7516 7520 7524 7528 7532 7536 7540 7544 7548 7552 7556 7560 7564 7568 7572 7576 7580 7584 7588 7592 7596 7600 7604 7608 7612 7616 7620 7624 7628 7632 7636 7640 7644 7648 7652 7656 7660 7664 7668 7672 7676 7680 7684 7688 7692 7696 7700 7704 7708 7712 7716 7720 7724 7728 7732 7736 7740 7744 7748 7752 7756 7760 7764 7768 7772 7776 7780 7784 7788 7792 7796 7800 7804 7808 7812 7816 7820 7824 7828 7832 7836 7840 7844 7848 7852 7856 7860 7864 7868 7872 7876 7880 7884 7888 7892 7896 7900 7904 7908 7912 7916 7920 7924 7928 7932 7936 7940 7944 7948 7952 7956 7960 7964 7968 7972 7976 7980 7984 7988 7992 7996 8000 8004 8008 8012 8016 8020 8024 8028 8032 8036 8040 8044 8048 8052 8056 8060 8064 8068 8072 8076 8080 8084 8088 8092 8096 8100 8104 8108 8112 8116 8120 8124 8128 8132 8136 8140 8144 8148 8152 8156 8160 8164 8168 8172 8176 8180 8184 8188 8192 8196 8200 8204 8208 8212 8216 8220 8224 8228 8232 8236 8240 8244 8248 8252 8256 8260 8264 8268 8272 8276 8280 8284 8288 8292 8296 8300 8304 8308 8312 8316 8320 8324 8328 8332 8336 8340 8344 8348 8352 8356 8360 8364 8368 8372 8376 8380 8384 8388 8392 8396 8400 8404 8408 8412 8416 8420 8424 8428 8432 8436 8440 8444 8448 8452 8456 8460 8464 8468 8472 8476 8480 8484 8488 8492 8496 8500 8504 8508 8512 8516 8520 8524 8528 8532 8536 8540 8544 8548 8552 8556 8560 8564 8568 8572 8576 8580 8584 8588 8592 8596 8600 8604 8608 8612 8616 8620 8624 8628 8632 8636 8640 8644 8648 8652 8656 8660 8664 8668 8672 8676 8680 8684 8688 8692 8696 8700 8704 8708 8712 8716 8720 8724 8728 8732 8736 8740 8744 8748 8752 8756 8760 8764 8768 8772 8776 8780 8784 8788 8792 8796 8800 8804 8808 8812 8816 8820 8824 8828 8832 8836 8840 8844 8848 8852 8856 8860 8864 8868 8872 8876 8880 8884 8888 8892 8896 8900 8904 8908 8912 8916 8920 8924 8928 8932 8936 8940 8944 8948 8952 8956 8960 8964 8968 8972 8976 8980 8984 8988 8992 8996 9000 9004 9008 9012 9016 9020 9024 9028 9032 9036 9040 9044 9048 9052 9056 9060 9064 9068 9072 9076 9080 9084 9088 9092 9096 9100 9104 9108 9112 9116 9120 9124 9128 9132 9136 9140 9144 9148 9152 9156 9160 9164 9168 9172 9176 9180 9184 9188 9192 9196 9200 9204 9208 9212 9216 9220 9224 9228 9232 9236 9240 9244 9248 9252 9256 9260 9264 9268 9272 9276 9280 9284 9288 9292 9296 9300 9304 9308 9312 9316 9320 9324 9328 9332 9336 9340 9344 9348 9352 9356 9360 9364 9368 9372 9376 9380 9384 9388 9392 9396 9400 9404 9408 9412 9416 9420 9424 9428 9432 9436 9440 9444 9448 9452 9456 9460 9464 9468 9472 9476 9480 9484 9488 9492 9496 9500 9504 9508 9512 9516 9520 9524 9528 9532 9536 9540 9544 9548 9552 9556 9560 9564 9568 9572 9576 9580 9584 9588 9592 9596 9600 9604 9608 9612 9616 9620 9624 9628 9632 9636 9640 9644 9648 9652 9656 9660 9664 9668 9672 9676 9680 9684 9688 9692 9696 9700 9704 9708 9712 9716 9720 9724 9728 9732 9736 9740 9744 9748 9752 9756 9760 9764 9768 9772 9776 9780 9784 9788 9792 9796 9800 9804 9808 9812 9816 9820 9824 9828 9832 9836 9840 9844 9848 9852 9856 9860 9864 9868 9872 9876 9880 9884 9888 9892 9896 9900 9904 9908 9912 9916 9920 9924 9928 9932 9936 9940 9944 9948 9952 9956 9960 9964 9968 9972 9976 9980 9984 9988 9992 9996 10000 10004 10008 10012 10016 10020 10024 10028 10032 10036 10040 10044 10048 10052 10056 10060 10064 10068 10072 10076 10080 10084 10088 10092 10096 10100 10104 10108 10112 10116 10120 10124 10128 10132 10136 10140 10144 10148 10152 10156 10160 10164 10168 10172 10176 10180 10184 10188 10192 10196 10200 10204 10208 10212 10216 10220 10224 10228 10232 10236 10240 10244 10248 10252 10256 10260 10264 10268 10272 10276 10280 10284 10288 10292 10296 10300 10304 10308 10312 10316 10320 10324 10328 10332 10336 10340 10344 10348 10352 10356 10360 10364 10368 10372 10376 10380 10384 10388 10392 10396 10400 10404 10408 10412 10416 10420 10424 10428 10432 10436 10440 10444 10448 10452 10456 10460 10464 10468 10472 10476 10480 10484 10488 10492 10496 10500 10504 10508 10512 10516 10520 10524 10528 10532 10536 10540 10544 10548 10552 10556 10560 10564 10568 10572 10576 10580 10584 10588 10592 10596 10600 10604 10608 10612 10616 10620 10624 10628 10632 10636 10640 10644 10648 10652 10656 10660 10664 10668 10672 10676 10680 10684 10688 10692 10696 10700 10704 10708 10712 10716 10720 10724 10728 10732 10736 10740 10744 10748 10752 10756 10760 10764 10768 10772 10776 10780 10784 10788 10792 10796 10800 10804 10808 10812 10816 10820 10824 10828 10832 10836 10840 10844 10848 10852 10856 10860 10864 10868 10872 10876 10880 10884 10888 10892 10896 10900 10904 10908 10912 10916 10920 10924 10928 10932 10936 10940 10944 10948 10952 10956 10960 10964 10968 10972 10976 10980 10984 10988 10992 10996 11000 11004 11008 11012 11016 11020 11024 11028 11032 11036 11040 11044 11048 11052 11056 11060 11064 11068 11072 11076 11080 11084 11088 11092 11096 11100 11104 11108 11112 11116 11120 11124 11128 11132 11136 11140 11144 11148 11152 11156 11160 11164 11168 11172 11176 11180 11184 11188 11192 11196 11200 11204 11208 11212 11216 11220 11224 11228 11232 11236 11240 11244 11248 11252 11256 11260 11264 11268 11272 11276 11280 11284 11288 11292 11296 11300 11304 11308 11312 11316 11320 11324 11328 11332 11336 11340 11344 11348 11352 11356 11360 11364 11368 11372 11376 11380 11384 11388 11392 11396 11400 11404 11408 11412 11416 11420 11424 11428 11432 11436 11440 11444 11448 11452 11456 11460 11464 11468 11472 11476 11480 11484 11488 11492 11496 11500 11504 11508 11512 11516 11520 11524 11528 11532 11536 11540 11544 11548 11552 11556 11560 11564 11568 11572 11576 11580 11584 11588 11592 11596 11600 11604 11608 11612 11616 11620 11624 11628 11632 11636 11640 11644 11648 11652 11656 11660 11664 11668 11672 11676 11680 11684 11688 11692 11696 11700 11704 11708 11712 11716 11720 11724 11728 11732 11736 11740 11744 11748 11752 11756 11760 11764 11768 11772 11776 11780 11784 11788 11792 11796 11800 11804 11808 11812 11816 11820 11824 11828 11832 11836 11840 11844 11848 11852 11856 11860 11864 11868 11872 11876 11880 11884 11888 11892 11896 11900 11904 11908 11912 11916 11920 11924 11928 11932 11936 11940 11944 11948 11952 11956 11960 11964 11968 11972 11976 11980 11984 11988 11992 11996 12000 12004 12008 12012 12016 12020 12024 12028 12032 12036 12040 12044 12048 12052 12056 12060 12064 12068 12072 12076 12080 12084 12088 12092 12096 12100 12104 12108 12112 12116 12120 12124 12128 12132 12136 12140 12144 12148 12152 12156 12160 12164 12168 12172 12176 12180 12184 12188 12192 12196 12200 12204 12208 12212 12216 12220 12224 12228 12232 12236 12240 12244 12248 12252 12256 12260 12264 12268 12272 12276 12280 12284 12288 12292 12296 12300 12304 12308 12312 12316 12320 12324 12328 12332 12336 12340 12344 12348 12352 12356 12360 12364 12368 12372 12376 12380 12384 12388 12392 12396 12400 12404 12408 12412 12416 12420 12424 12428 12432 12436 12440 12444 12448 12452 12456 12460 12464 12468 12472 12476 12480 12484 12488 12492 12496 12500 12504 12508 12512 12516 12520 12524 12528 12532 12536 12540 12544 12548 12552 12556 12560 12564 12568 12572 12576 12580 12584 12588 12592 12596 12600 12604 12608 12612 12616 12620 12624 12628 12632 12636 12640 12644 12648 12652 12656 12660 12664 12668 12672 12676 12680 12684 12688 12692 12696 12700 12704 12708 12712 12716 12720 12724 12728 12732 12736 12740 12744 12748 12752 12756 12760 12764 12768 12772 12776 12780 12784 12788 12792 12796 12800 12804 12808 12812 12816 12820 12824 12828 12832 12836 12840 12844 12848 12852 12856 12860 12864 12868 12872 12876 12880 12884 12888 12892 12896 12900 12904 12908 12912 12916 12920 12924 12928 12932 12936 12940 12944 12948 12952 12956 12960 12964 12968 12972 12976 12980 12984 12988 12992 12996 13000 13004 13008 13012 13016 13020 13024 13028 13032 13036 13040 13044 13048 13052 13056 13060 13064 13068 13072 13076 13080 13084 13088 13092 13096 13100 13104 13108 13112 13116 13120 13124 13128 13132 13136 13140 13144 13148 13152 13156 13160 13164 13168 13172 13176 13180 13184 13188 13192 13196 13200 13204 13208 13212 13216 13220 13224 13228 13232 13236 13240 13244 13248 13252 13256 13260 13264 13268 13272 13276 13280 13284 13288 13292 13296 13300 13304 13308 13312 13316 13320 13324 13328 13332 13336 13340 13344 13348 13352 13356 13360 13364 13368 13372 13376 13380 13384 13388 13392 13396 13400 13404 13408 13412 13416 13420 13424 13428 13432 13436 13440 13444 13448 13452 13456 13460 13464 13468 13472 13476 13480 13484 13488 13492 13496 13500 13504 13508 13512 13516 13520 13524 13528 13532 13536 13540 13544 13548 13552 13556 13560 13564 13568 13572 13576 13580 13584 13588 13592 13596 13600 13604 13608 13612 13616 13620 13624 13628 13632 13636 13640 13644 13648 13652 13656 13660 13664 13668 13672 13676 13680 13684 13688 13692 13696 13700 13704 13708 13712 13716 13720 13724 13728 13732 13736 13740 13744 13748 13752 13756 13760 13764 13768 13772 13776 13780 13784 13788 13792 13796 13800 13804 13808 13812 13816 13820 13824 13828 13832 13836 13840 13844 13848 13852 13856 13860 13864 13868 13872 13876 13880 13884 13888 13892 13896 13900 13904 13908 13912 13916 13920 13924 13928 13932 13936 13940 13944 13948 13952 13956 13960 13964 13968 13972 13976 13980 13984 13988 13992 13996 14000 14004 14008 14012 14016 14020 14024 14028 14032 14036 14040 14044 14048 14052 14056 14060 14064 14068 14072 14076 14080 14084 14088 14092 14096 14100 14104 14108 14112 14116 14120 14124 14128 14132 14136 14140 14144 14148 14152 14156 14160 14164 14168 14172 14176 14180 14184 14188 14192 14196 14200 14204 14208 14212 14216 14220 14224 14228 14232 14236 14240 14244 14248 14252 14256 14260 14264 14268 14272 14276 14280 14284 14288 14292 14296 14300 14304 14308 14312 14316 14320 14324 14328 14332 14336 14340 14344 14348 14352 14356 14360 14364 14368 14372 14376 14380 14384 14388 14392 14396 14400 14404 14408 14412 14416 14420 14424 14428 14432 14436 14440 14444 14448 14452 14456 14460 14464 14468 14472 14476 14480 14484 14488 14492 14496 14500 14504 14508 14512 14516 14520 14524 14528 14532 14536 14540 14544 14548 14552 14556 14560 14564 14568 14572 14576 14580 14584 14588 14592 14596 14600 14604 14608 14612 14616 14620 14624 14628 14632 14636 14640 14644 14648 14652 14656 14660 14664 14668 14672 14676 14680 14684 14688 14692 14696 14700 14704 14708 14712 14716 14720 14724 14728 14732 14736 14740 14744 14748 14752 14756 14760 14764 14768 14772 14776 14780 14784 14788 14792 14796 14800 14804 14808 14812 14816 </DataArray>
        <DataArray type="Int8" Name="types" format="ascii">68 68 68 68 68 68 68 68 68 68 68 68 68 68 68 68 68 68 68 68 68 68 68 68 68 68 68 68 68 68 68 68 68 68 68 68 68 68 68 68 68 68 68 68 68 68 68 68 68 68 68 68 68 68 68 68 68 68 68 68 68 68 68 68 68 68 68 68 68 68 68 68 68 68 68 68 68 68 68 68 68 68 68 68 68 68 68 68 68 68 68 68 68 68 68 68 68 68 68 68 68 68 68 68 68 68 68 68 68 68 68 68 68 68 68 68 68 68 68 68 68 68 68 68 68 68 68 68 68 68 68 68 68 68 68 68 68 68 68 68 68 68 68 68 68 68 68 68 68 68 68 68 68 68 68 68 68 68 68 68 68 68 68 68 68 68 68 68 68 68 68 68 68 68 68 68 68 68 68 68 68 68 68 68 68 68 68 68 68 68 68 68 68 68 68 68 68 68 68 68 68 68 68 68 68 68 68 68 68 68 68 68 68 68 68 68 68 68 68 68 68 68 68 68 68 68 68 68 68 68 68 68 68 68 68 68 68 68 68 68 68 68 68 68 68 68 68 68 68 68 68 68 68 68 68 68 68 68 68 68 68 68 68 68 68 68 68 68 68 68 68 68 68 68 68 68 68 68 68 68 68 68 68 68 68 68 68 68 68 68 68 68 68 68 68 68 68 68 68 68 68 68 68 68 68 68 68 68 68 68 68 68 68 68 68 68 68 68 68 68 68 68 68 68 68 68 68 68 68 68 68 68 68 68 68 68 68 68 68 68 68 68 68 68 68 68 68 68 68 68 68 68 68 68 68 68 68 68 68 68 68 68 68 68 68 68 68 68 68 68 68 68 68 68 68 68 68 68 68 68 68 68 68 68 68 68 68 68 68 68 68 68 68 68 68 68 68 68 68 68 68 68 68 68 68 68 68 68 68 68 68 68 68 68 68 68 68 68 68 68 68 68 68 68 68 68 68 68 68 68 68 68 68 68 68 68 68 68 68 68 68 68 68 68 68 68 68 68 68 68 68 68 68 68 68 68 68 68 68 68 68 68 68 68 68 68 68 68 68 68 68 68 68 68 68 68 68 68 68 68 68 68 68 68 68 68 68 68 68 68 68 68 68 68 68 68 68 68 68 68 68 68 68 68 68 68 68 68 68 68 68 68 68 68 68 68 68 68 68 68 68 68 68 68 68 68 68 68 68 68 68 68 68 68 68 68 68 68 68 68 68 68 68 68 68 68 68 68 68 68 68 68 68 68 68 68 68 68 68 68 68 68 68 68 68 68 68 68 68 68 68 68 68 68 68 68 68 68 68 68 68 68 68 68 68 68 68 68 68 68 68 68 68 68 68 68 68 68 68 68 68 68 68 68 68 68 68 68 68 68 68 68 68 68 68 68 68 68 68 68 68 68 68 68 68 68 68 68 68 68 68 68 68 68 68 68 68 68 68 68 68 68 68 68 68 68 68 68 68 68 68 68 68 68 68 68 68 68 68 68 68 68 68 68 68 68 68 68 68 68 68 68 68 68 68 68 68 68 68 68 68 68 68 68 68 68 68 68 68 68 68 68 68 68 68 68 68 68 68 68 68 68 68 68 68 68 68 68 68 68 68 68 68 68 68 68 68 68 68 68 68 68 68 68 68 68 68 68 68 68 68 68 68 68 68 68 68 68 68 68 68 68 68 68 68 68 68 68 68 68 68 68 68 68 68 68 68 68 68 68 68 68 68 68 68 68 68 68 68 68 68 68 68 68 68 68 68 68 68 68 68 68 68 68 68 68 68 68 68 68 68 68 68 68 68 68 68 68 68 68 68 68 68 68 68 68 68 68 68 68 68 68 68 68 68 68 68 68 68 68 68 68 68 68 68 68 68 68 68 68 68 68 68 68 68 68 68 68 68 68 68 68 68 68 68 68 68 68 68 68 68 68 68 68 68 68 68 68 68 68 68 68 68 68 68 68 68 68 68 68 68 68 68 68 68 68 68 68 68 68 68 68 68 68 68 68 68 68 68 68 68 68 68 68 68 68 68 68 68 68 68 68 68 68 68 68 68 68 68 68 68 68 68 68 68 68 68 68 68 68 68 68 68 68 68 68 68 68 68 68 68 68 68 68 68 68 68 68 68 68 68 68 68 68 68 68 68 68 68 68 68 68 68 68 68 68 68 68 68 68 68 68 68 68 68 68 68 68 68 68 68 68 68 68 68 68 68 68 68 68 68 68 68 68 68 68 68 68 68 68 68 68 68 68 68 68 68 68 68 68 68 68 68 68 68 68 68 68 68 68 68 68 68 68 68 68 68 68 68 68 68 68 68 68 68 68 68 68 68 68 68 68 68 68 68 68 68 68 68 68 68 68 68 68 68 68 68 68 68 68 68 68 68 68 68 68 68 68 68 68 68 68 68 68 68 68 68 68 68 68 68 68 68 68 68 68 68 68 68 68 68 68 68 68 68 68 68 68 68 68 68 68 68 68 68 68 68 68 68 68 68 68 68 68 68 68 68 68 68 68 68 68 68 68 68 68 68 68 68 68 68 68 68 68 68 68 68 68 68 68 68 68 68 68 68 68 68 68 68 68 68 68 68 68 68 68 68 68 68 68 68 68 68 68 68 68 68 68 68 68 68 68 68 68 68 68 68 68 68 68 68 68 68 68 68 68 68 68 68 68 68 68 68 68 68 68 68 68 68 68 68 68 68 68 68 68 68 68 68 68 68 68 68 68 68 68 68 68 68 68 68 68 68 68 68 68 68 68 68 68 68 68 68 68 68 68 68 68 68 68 68 68 68 68 68 68 68 68 68 68 68 68 68 68 68 68 68 68 68 68 68 68 68 68 68 68 68 68 68 68 68 68 68 68 68 68 68 68 68 68 68 68 68 68 68 68 68 68 68 68 68 68 68 68 68 68 68 68 68 68 68 68 68 68 68 68 68 68 68 68 68 68 68 68 68 68 68 68 68 68 68 68 68 68 68 68 68 68 68 68 68 68 68 68 68 68 68 68 68 68 68 68 68 68 68 68 68 68 68 68 68 68 68 68 68 68 68 68 68 68 68 68 68 68 68 68 68 68 68 68 68 68 68 68 68 68 68 68 68 68 68 68 68 68 68 68 68 68 68 68 68 68 68 68 68 68 68 68 68 68 68 68 68 68 68 68 68 68 68 68 68 68 68 68 68 68 68 68 68 68 68 68 68 68 68 68 68 68 68 68 68 68 68 68 68 68 68 68 68 68 68 68 68 68 68 68 68 68 68 68 68 68 68 68 68 68 68 68 68 68 68 68 68 68 68 68 68 68 68 68 68 68 68 68 68 68 68 68 68 68 68 68 68 68 68 68 68 68 68 68 68 68 68 68 68 68 68 68 68 68 68 68 68 68 68 68 68 68 68 68 68 68 68 68 68 68 68 68 68 68 68 68 68 68 68 68 68 68 68 68 68 68 68 68 68 68 68 68 68 68 68 68 68 68 68 68 68 68 68 68 68 68 68 68 68 68 68 68 68 68 68 68 68 68 68 68 68 68 68 68 68 68 68 68 68 68 68 68 68 68 68 68 68 68 68 68 68 68 68 68 68 68 68 68 68 68 68 68 68 68 68 68 68 68 68 68 68 68 68 68 68 68 68 68 68 68 68 68 68 68 68 68 68 68 68 68 68 68 68 68 68 68 68 68 68 68 68 68 68 68 68 68 68 68 68 68 68 68 68 68 68 68 68 68 68 68 68 68 68 68 68 68 68 68 68 68 68 68 68 68 68 68 68 68 68 68 68 68 68 68 68 68 68 68 68 68 68 68 68 68 68 68 68 68 68 68 68 68 68 68 68 68 68 68 68 68 68 68 68 68 68 68 68 68 68 68 68 68 68 68 68 68 68 68 68 68 68 68 68 68 68 68 68 68 68 68 68 68 68 68 68 68 68 68 68 68 68 68 68 68 68 68 68 68 68 68 68 68 68 68 68 68 68 68 68 68 68 68 68 68 68 68 68 68 68 68 68 68 68 68 68 68 68 68 68 68 68 68 68 68 68 68 68 68 68 68 68 68 68 68 68 68 68 68 68 68 68 68 68 68 68 68 68 68 68 68 68 68 68 68 68 68 68 68 68 68 68 68 68 68 68 68 68 68 68 68 68 68 68 68 68 68 68 68 68 68 68 68 68 68 68 68 68 68 68 68 68 68 68 68 68 68 68 68 68 68 68 68 68 68 68 68 68 68 68 68 68 68 68 68 68 68 68 68 68 68 68 68 68 68 68 68 68 68 68 68 68 68 68 68 68 68 68 68 68 68 68 68 68 68 68 68 68 68 68 68 68 68 68 68 68 68 68 68 68 68 68 68 68 68 68 68 68 68 68 68 68 68 68 68 68 68 68 68 68 68 68 68 68 68 68 68 68 68 68 68 68 68 68 68 68 68 68 68 68 68 68 68 68 68 68 68 68 68 68 68 68 68 68 68 68 68 68 68 68 68 68 68 68 68 68 68 68 68 68 68 68 68 68 68 68 68 68 68 68 68 68 68 68 68 68 68 68 68 68 68 68 68 68 68 68 68 68 68 68 68 68 68 68 68 68 68 68 68 68 68 68 68 68 68 68 68 68 68 68 68 68 68 68 68 68 68 68 68 68 68 68 68 68 68 68 68 68 68 68 68 68 68 68 68 68 68 68 68 68 68 68 68 68 68 68 68 68 68 68 68 68 68 68 68 68 68 68 68 68 68 68 68 68 68 68 68 68 68 68 68 68 68 68 68 68 68 68 68 68 68 68 68 68 68 68 68 68 68 68 68 68 68 68 68 68 68 68 68 68 68 68 68 68 68 68 68 68 68 68 68 68 68 68 68 68 68 68 68 68 68 68 68 68 68 68 68 68 68 68 68 68 68 68 68 68 68 68 68 68 68 68 68 68 68 68 68 68 68 68 68 68 68 68 68 68 68 68 68 68 68 68 68 68 68 68 68 68 68 68 68 68 68 68 68 68 68 68 68 68 68 68 68 68 68 68 68 68 68 68 68 68 68 68 68 68 68 68 68 68 68 68 68 68 68 68 68 68 68 68 68 68 68 68 68 68 68 68 68 68 68 68 68 68 68 68 68 68 68 68 68 68 68 68 68 68 68 68 68 68 68 68 68 68 68 68 68 68 68 68 68 68 68 68 68 68 68 68 68 68 68 68 68 68 68 68 68 68 68 68 68 68 68 68 68 68 68 68 68 68 68 68 68 68 68 68 68 68 68 68 68 68 68 68 68 68 68 68 68 68 68 68 68 68 68 68 68 68 68 68 68 68 68 68 68 68 68 68 68 68 68 68 68 68 68 68 68 68 68 68 68 68 68 68 68 68 68 68 68 68 68 68 68 68 68 68 68 68 68 68 68 68 68 68 68 68 68 68 68 68 68 68 68 68 68 68 68 68 68 68 68 68 68 68 68 68 68 68 68 68 68 68 68 68 68 68 68 68 68 68 68 68 68 68 68 68 68 68 68 68 68 68 68 68 68 68 68 68 68 68 68 68 68 68 68 68 68 68 68 68 68 68 68 68 68 68 68 68 68 68 68 68 68 68 68 68 68 68 68 68 68 68 68 68 68 68 68 68 68 68 68 68 68 68 68 68 68 68 68 68 68 68 68 68 68 68 68 68 68 68 68 68 68 68 68 68 68 68 68 68 68 68 68 68 68 68 68 68 68 68 68 68 68 68 68 68 68 68 68 68 68 68 68 68 68 68 68 68 68 68 68 68 68 68 68 68 68 68 68 68 68 68 68 68 68 68 68 68 68 68 68 68 68 68 68 68 68 68 68 68 68 68 68 68 68 68 68 68 68 68 68 68 68 68 68 68 68 68 68 68 68 68 68 68 68 68 68 68 68 68 68 68 68 68 68 68 68 68 68 68 68 68 68 68 68 68 68 68 68 68 68 68 68 68 68 68 68 68 68 68 68 68 68 68 68 68 68 68 68 68 68 68 68 68 68 68 68 68 68 68 68 68 68 68 68 68 68 68 68 68 68 68 68 68 68 68 68 68 68 68 68 68 68 68 68 68 68 68 68 68 68 68 68 68 68 68 68 68 68 68 68 68 68 68 68 68 68 68 68 68 68 68 68 68 68 68 68 68 68 68 68 68 68 68 68 68 68 68 68 68 68 68 68 68 68 68 68 68 68 68 68 68 68 68 68 68 68 68 68 68 68 68 68 68 68 68 68 68 68 68 68 68 68 68 68 68 68 68 68 68 68 68 68 68 68 68 68 68 68 68 68 68 68 68 68 68 68 68 68 68 68 68 68 68 68 68 68 68 68 68 68 68 68 68 68 68 68 68 68 68 68 68 68 68 68 68 68 68 68 68 68 68 68 68 68 68 68 68 68 68 68 68 68 68 68 68 68 68 68 68 68 68 68 68 68 68 68 68 68 68 68 68 68 68 68 68 68 68 68 68 68 68 68 68 68 68 68 68 68 68 68 68 68 68 68 68 68 68 68 68 68 68 68 68 68 68 68 68 68 68 68 68 68 68 68 68 68 68 68 68 68 68 68 68 68 68 68 68 68 68 68 68 68 68 68 68 68 68 68 68 68 68 68 68 68 68 68 68 68 68 68 68 68 68 68 68 68 68 68 68 68 68 68 68 68 68 68 68 68 68 68 68 68 68 68 68 68 68 68 68 68 68 68 68 68 68 68 68 68 68 68 68 68 68 68 68 68 68 68 68 68 68 68 68 68 68 68 68 68 68 68 68 68 68 68 68 68 68 68 68 68 68 68 68 68 68 68 68 68 68 68 68 68 68 68 68 68 68 68 68 68 68 68 68 68 68 68 68 68 68 68 68 68 68 68 68 68 68 68 68 68 68 68 68 68 68 68 68 68 68 68 68 68 68 68 68 68 68 68 68 68 68 68 68 68 68 68 68 68 68 68 68 68 68 68 68 68 68 68 68 68 68 68 68 68 68 68 68 68 68 68 68 68 68 68 68 68 68 68 68 68 68 68 68 68 68 68 68 68 68 68 68 68 68 68 68 68 68 68 68 68 68 68 68 68 68 68 68 68 68 68 68 68 68 68 68 68 68 68 68 68 68 68 68 68 68 68 68 68 68 68 68 68 68 68 68 68 68 68 68 68 68 68 68 68 68 68 68 68 68 68 68 68 68 68 68 68 68 68 68 68 68 68 68 68 68 68 68 68 68 68 68 68 68 68 68 68 68 68 68 68 68 68 68 68 68 68 68 68 68 68 68 68 68 68 68 68 68 68 68 68 68 68 68 68 68 68 68 68 68 68 68 68 68 68 68 68 68 68 68 68 68 68 68 68 68 68 68 68 68 68 68 68 68 68 68 68 68 68 68 68 68 68 68 68 68 68 68 68 68 68 68 68 68 68 68 68 68 68 68 68 68 68 68 68 68 68 68 68 68 68 68 68 68 68 68 68 68 68 68 68 68 68 68 68 68 68 68 68 68 68 68 68 68 68 68 68 68 68 68 68 68 68 68 68 68 68 68 68 68 68 68 68 68 68 68 68 68 68 68 68 68 68 68 68 68 68 68 68 68 68 68 68 68 68 68 68 68 68 68 68 68 68 68 68 68 68 68 68 68 68 68 68 68 68 68 68 68 68 68 68 68 68 68 68 68 68 68 68 68 68 68 68 68 68 68 68 68 68 68 68 68 68 68 68 68 68 68 68 68 68 68 68 68 68 68 68 68 68 68 68 68 68 68 68 68 68 68 68 68 68 68 68 68 68 68 68 68 68 68 68 68 68 68 68 68 68 68 68 68 68 68 68 68 68 68 68 68 68 68 68 68 68 68 68 68 68 68 68 68 68 68 68 68 68 68 68 68 68 68 68 68 68 68 68 68 68 68 68 68 68 68 68 68 68 68 68 68 68 68 68 68 68 68 68 68 68 68 68 68 68 68 68 68 68 68 68 68 68 68 68 68 68 68 68 68 68 68 68 68 68 68 68 68 68 68 68 68 68 68 68 68 68 68 68 68 68 68 68 68 68 68 68 68 68 68 68 68 68 68 68 68 68 68 68 68 68 68 68 68 68 68 68 68 68 68 68 68 68 68 68 68 68 68 68 68 68 68 68 68 68 68 68 68 68 68 68 68 68 68 68 68 68 68 68 68 68 68 68 68 68 68 68 68 68 68 68 68 68 68 68 68 68 68 68 68 68 68 68 68 68 68 68 68 68 68 68 68 68 68 68 68 68 68 68 68 68 68 68 68 68 68 68 68 68 68 68 68 68 68 68 68 68 68 68 68 68 68 68 68 68 68 68 68 68 68 68 68 68 68 68 68 68 68 68 68 68 68 68 68 68 68 68 68 68 68 68 68 68 68 68 68 68 68 68 68 68 68 68 68 68 68 68 68 68 68 68 68 68 </DataArray>
      </Cells>
      <CellData>
        <DataArray type="UInt8" Name="vtkGhostType" format="ascii" RangeMin="0" RangeMax="1">0 0 0 0 0 0 0 0 0 0 0 0 0 0 0 0 0 0 0 0 0 0 0 0 0 0 0 0 0 0 0 0 0 0 0 0 0 0 0 0 0 0 0 0 0 0 0 0 0 0 0 0 0 0 0 0 0 0 0 0 0 0 0 0 0 0 0 0 0 0 0 0 0 0 0 0 0 0 0 0 0 0 0 0 0 0 0 0 0 0 0 0 0 0 0 0 0 0 0 0 0 0 0 0 0 0 0 0 0 0 0 0 0 0 0 0 0 0 0 0 0 0 0 0 0 0 0 0 0 0 0 0 0 0 0 0 0 0 0 0 0 0 0 0 0 0 0 0 0 0 0 0 0 0 0 0 0 0 0 0 0 0 0 0 0 0 0 0 0 0 0 0 0 0 0 0 0 0 0 0 0 0 0 0 0 0 0 0 0 0 0 0 0 0 0 0 0 0 0 0 0 0 0 0 0 0 0 0 0 0 0 0 0 0 0 0 0 0 0 0 0 0 0 0 0 0 0 0 0 0 0 0 0 0 0 0 0 0 0 0 0 0 0 0 0 0 0 0 0 0 0 0 0 0 0 0 0 0 0 0 0 0 0 0 0 0 0 0 0 0 0 0 0 0 0 0 0 0 0 0 0 0 0 0 0 0 0 0 0 0 0 0 0 0 0 0 0 0 0 0 0 0 0 0 0 0 0 0 0 0 0 0 0 0 0 0 0 0 0 0 0 0 0 0 0 0 0 0 0 0 0 0 0 0 0 0 0 0 0 0 0 0 0 0 0 0 0 0 0 0 0 0 0 0 0 0 0 0 0 0 0 0 0 0 0 0 0 0 0 0 0 0 0 0 0 0 0 0 0 0 0 0 0 0 0 0 0 0 0 0 0 0 0 0 0 0 0 0 0 0 0 0 0 0 0 0 0 0 0 0 0 0 0 0 0 0 0 0 0 0 0 0 0 0 0 0 0 0 0 0 0 0 0 0 0 0 0 0 0 0 0 0 0 0 0 0 0 0 0 0 0 0 0 0 0 0 0 0 0 0 0 0 0 0 0 0 0 0 0 0 0 0 0 0 0 0 0 0 0 0 0 0 0 0 0 0 0 0 0 0 0 0 0 0 0 0 0 0 0 0 0 0 0 0 0 0 0 0 0 0 0 0 0 0 0 0 0 0 0 0 0 0 0 0 0 0 0 0 0 0 0 0 0 0 0 0 0 0 0 0 0 0 0 0 0 0 0 0 0 0 0 0 0 0 0 0 0 0 0 0 0 0 0 0 0 0 0 0 0 0 0 0 0 0 0 0 0 0 0 0 0 0 0 0 0 0 0 0 0 0 0 0 0 0 0 0 0 0 0 0 0 0 0 0 0 0 0 0 0 0 0 0 0 0 0 0 0 0 0 0 0 0 0 0 0 0 0 0 0 0 0 0 0 0 0 0 0 0 0 0 0 0 0 0 0 0 0 0 0 0 0 0 0 0 0 0 0 0 0 0 0 0 0 0 0 0 0 0 0 0 0 0 0 0 0 0 0 0 0 0 0 0 0 0 0 0 0 0 0 0 0 0 0 0 0 0 0 0 0 0 0 0 0 0 0 0 0 0 0 0 0 0 0 0 0 0 0 0 0 0 0 0 0 0 0 0 0 0 0 0 0 0 0 0 0 0 0 0 0 0 0 0 0 0 0 0 0 0 0 0 0 0 0 0 0 0 0 0 0 0 0 0 0 0 0 0 0 0 0 0 0 0 0 0 0 0 0 0 0 0 0 0 0 0 0 0 0 0 0 0 0 0 0 0 0 0 0 0 0 0 0 0 0 0 0 0 0 0 0 0 0 0 0 0 0 0 0 0 0 0 0 0 0 0 0 0 0 0 0 0 0 0 0 0 0 0 0 0 0 0 0 0 0 0 0 0 0 0 0 0 0 0 0 0 0 0 0 0 0 0 0 0 0 0 0 0 0 0 0 0 0 0 0 0 0 0 0 0 0 0 0 0 0 0 0 0 0 0 0 0 0 0 0 0 0 0 0 0 0 0 0 0 0 0 0 0 0 0 0 0 0 0 0 0 0 0 0 0 0 0 0 0 0 0 0 0 0 0 0 0 0 0 0 0 0 0 0 0 0 0 0 0 0 0 0 0 0 0 0 0 0 0 0 0 0 0 0 0 0 0 0 0 0 0 0 0 0 0 0 0 0 0 0 0 0 0 0 0 0 0 0 0 0 0 0 0 0 0 0 0 0 0 0 0 0 0 0 0 0 0 0 0 0 0 0 0 0 0 0 0 0 0 0 0 0 0 0 0 0 0 0 0 0 0 0 0 0 0 0 0 0 0 0 0 0 0 0 0 0 0 0 0 0 0 0 0 0 0 0 0 0 0 0 0 0 0 0 0 0 0 0 0 0 0 0 0 0 0 0 0 0 0 0 0 0 0 0 0 0 0 0 0 0 0 0 0 0 0 0 0 0 0 0 0 0 0 0 0 0 0 0 0 0 0 0 0 0 0 0 0 0 0 0 0 0 0 0 0 0 0 0 0 0 0 0 0 0 0 0 0 0 0 0 0 0 0 0 0 0 0 0 0 0 0 0 0 0 0 0 0 0 0 0 0 0 0 0 0 0 0 0 0 0 0 0 0 0 0 0 0 0 0 0 0 0 0 0 0 0 0 0 0 0 0 0 0 0 0 0 0 0 0 0 0 0 0 0 0 0 0 0 0 0 0 0 0 0 0 0 0 0 0 0 0 0 0 0 0 0 0 0 0 0 0 0 0 0 0 0 0 0 0 0 0 0 0 0 0 0 0 0 0 0 0 0 0 0 0 0 0 0 0 0 0 0 0 0 0 0 0 0 0 0 0 0 0 0 0 0 0 0 0 0 0 0 0 0 0 0 0 0 0 0 0 0 0 0 0 0 0 0 0 0 0 0 0 0 0 0 0 0 0 0 0 0 0 0 0 0 0 0 0 0 0 0 0 0 0 0 0 0 0 0 0 0 0 0 0 0 0 0 0 0 0 0 0 0 0 0 0 0 0 0 0 0 0 0 0 0 0 0 0 0 0 0 0 0 0 0 0 0 0 0 0 0 0 0 0 0 0 0 0 0 0 0 0 0 0 0 0 0 0 0 0 0 0 0 0 0 0 0 0 0 0 0 0 0 0 0 0 0 0 0 0 0 0 0 0 0 0 0 0 0 0 0 0 0 0 0 0 0 0 0 0 0 0 0 0 0 0 0 0 0 0 0 0 0 0 0 0 0 0 0 0 0 0 0 0 0 0 0 0 0 0 0 0 0 0 0 0 0 0 0 0 0 0 0 0 0 0 0 0 0 0 0 0 0 0 0 0 0 0 0 0 0 0 0 0 0 0 0 0 0 0 0 0 0 0 0 0 0 0 0 0 0 0 0 0 0 0 0 0 0 0 0 0 0 0 0 0 0 0 0 0 0 0 0 0 0 0 0 0 0 0 0 0 0 0 0 0 0 0 0 0 0 0 0 0 0 0 0 0 0 0 0 0 0 0 0 0 0 0 0 0 0 0 0 0 0 0 0 0 0 0 0 0 0 0 0 0 0 0 0 0 0 0 0 0 0 0 0 0 0 0 0 0 0 0 0 0 0 0 0 0 0 0 0 0 0 0 0 0 0 0 0 0 0 0 0 0 0 0 0 0 0 0 0 0 0 0 0 0 0 0 0 0 0 0 0 0 0 0 0 0 0 0 0 0 0 0 0 0 0 0 0 0 0 0 0 0 0 0 0 0 0 0 0 0 0 0 0 0 0 0 0 0 0 0 0 0 0 0 0 0 0 0 0 0 0 0 0 0 0 0 0 0 0 0 0 0 0 0 0 0 0 0 0 0 0 0 0 0 0 0 0 0 0 0 0 0 0 0 0 0 0 0 0 0 0 0 0 0 0 0 0 0 0 0 0 0 0 0 0 0 0 0 0 0 0 0 0 0 0 0 0 0 0 0 0 0 0 0 0 0 0 0 0 0 0 0 0 0 0 0 0 0 0 0 0 0 0 0 0 0 0 0 0 0 0 0 0 0 0 0 0 0 0 0 0 0 0 0 0 0 0 0 0 0 0 0 0 0 0 0 0 0 0 0 0 0 0 0 0 0 0 0 0 0 0 0 0 0 0 0 0 0 0 0 0 0 0 0 0 0 0 0 0 0 0 0 0 0 0 0 0 0 0 0 0 0 0 0 0 0 0 0 0 0 0 0 0 0 0 0 0 0 0 0 0 0 0 0 0 0 0 0 0 0 0 0 0 0 0 0 0 0 0 0 0 0 0 0 0 0 0 0 0 0 0 0 0 0 0 0 0 0 0 0 0 0 0 0 0 0 0 0 0 0 0 0 0 0 0 0 0 0 0 0 0 0 0 0 0 0 0 0 0 0 0 0 0 0 0 0 0 0 0 0 0 0 0 0 0 0 0 0 0 0 0 0 0 0 0 0 0 0 0 0 0 0 0 0 0 0 0 0 0 0 0 0 0 0 0 0 0 0 0 0 0 0 0 0 0 0 0 0 0 0 0 0 0 0 0 0 0 0 0 0 0 0 0 0 0 0 0 0 0 0 0 0 0 0 0 0 0 0 0 0 0 0 0 0 0 0 0 0 0 0 0 0 0 0 0 0 0 0 0 0 0 0 0 0 0 0 0 0 0 0 0 0 0 0 0 0 0 0 0 0 0 0 0 0 0 0 0 0 0 0 0 0 0 0 0 0 0 0 0 0 0 0 0 0 0 0 0 0 0 0 0 0 0 0 0 0 0 0 0 0 0 0 0 0 0 0 0 0 0 0 0 0 0 0 0 0 0 0 0 0 0 0 0 0 0 0 0 0 0 0 0 0 0 0 0 0 0 0 0 0 0 0 0 0 0 0 0 0 0 0 0 0 0 0 0 0 0 0 0 0 0 0 0 0 0 0 0 0 0 0 0 0 0 0 0 0 0 0 0 0 0 0 0 0 0 0 0 0 0 0 0 0 0 0 0 0 0 0 0 0 0 0 0 0 0 0 0 0 0 0 0 0 0 0 0 0 0 0 0 0 0 0 0 0 0 0 0 0 0 0 0 0 0 0 0 0 0 0 0 0 0 0 0 0 0 0 0 0 0 0 0 0 0 0 0 0 0 0 0 0 0 0 0 0 0 0 0 0 0 0 0 0 0 0 0 0 0 0 0 0 0 0 0 0 0 0 0 0 0 0 0 0 0 0 0 0 0 0 0 0 0 0 0 0 0 0 0 0 0 0 0 0 0 0 0 0 0 0 0 0 0 0 0 0 0 0 0 0 0 0 0 0 0 0 0 0 0 0 0 0 0 0 0 0 0 0 0 0 0 0 0 0 0 0 0 0 0 0 0 0 0 0 0 0 0 0 0 0 0 0 0 0 0 0 0 0 0 0 0 0 0 0 0 0 0 0 0 0 0 0 0 0 0 0 0 0 0 0 0 0 0 0 0 0 0 0 0 0 0 0 0 0 0 0 0 0 0 0 0 0 0 0 0 0 0 0 0 0 0 0 0 0 0 0 0 0 0 0 0 0 0 0 0 0 0 0 0 0 0 0 0 0 0 0 0 0 0 0 0 0 0 0 0 0 0 0 0 0 0 0 0 0 0 0 0 0 0 0 0 0 0 0 0 0 0 0 0 0 0 0 0 0 0 0 0 0 0 0 0 0 0 0 0 0 0 0 0 0 0 0 0 0 0 0 0 0 0 0 0 0 0 0 0 0 0 0 0 0 0 0 0 0 0 0 0 0 0 0 0 0 0 0 0 0 0 0 0 0 0 0 0 0 0 0 0 0 0 0 0 0 0 0 0 0 0 0 0 0 0 0 0 0 0 0 0 0 0 0 0 0 0 0 0 0 0 0 0 0 0 0 0 0 0 0 0 0 0 0 0 0 0 0 0 0 0 0 0 0 0 0 0 0 0 0 0 0 0 0 0 0 0 0 0 0 0 0 0 0 0 0 0 0 0 0 0 0 0 0 0 0 0 0 0 0 0 0 0 0 0 0 0 0 0 0 0 0 0 0 0 0 0 0 0 0 0 0 0 0 0 0 0 0 0 0 0 0 0 0 0 0 0 0 0 0 0 0 0 0 0 0 0 0 0 0 0 0 0 0 0 0 0 0 0 0 0 0 0 0 0 0 0 0 0 0 0 0 0 0 0 0 0 0 0 0 0 0 0 0 0 0 0 0 0 0 0 0 0 0 0 0 0 0 0 0 0 0 0 0 0 0 0 0 0 0 0 0 0 0 0 0 0 0 0 0 0 0 0 0 0 0 0 0 0 0 0 0 0 0 0 0 0 0 0 0 0 0 0 0 0 0 0 0 0 0 0 0 0 0 0 0 0 0 0 0 0 0 0 0 0 0 0 0 0 0 0 0 0 0 0 0 0 0 0 0 0 0 0 0 0 0 0 0 0 0 0 0 0 0 0 0 0 0 0 0 0 0 0 0 0 0 0 0 0 0 0 0 0 0 0 0 0 0 0 0 0 0 0 0 0 0 0 0 0 0 0 0 0 0 0 0 0 0 0 0 0 0 0 0 0 0 0 0 0 0 0 0 0 0 0 0 0 0 0 0 0 0 0 0 0 0 0 0 0 0 0 0 0 0 0 0 0 0 0 0 0 0 0 0 0 0 0 0 0 0 0 0 0 0 0 0 0 0 0 0 0 0 0 0 0 0 0 0 0 0 0 0 0 0 0 0 0 0 0 0 0 0 0 0 0 0 0 0 0 0 0 0 0 0 0 0 0 0 0 0 0 0 0 0 0 0 0 0 0 0 0 0 0 0 0 0 0 0 0 0 0 0 0 0 0 0 0 0 0 0 0 0 0 0 0 0 0 0 0 0 0 0 0 0 0 0 0 0 0 0 0 0 0 0 0 0 0 0 0 0 0 0 0 0 0 0 0 0 0 0 0 0 0 0 0 0 0 0 0 0 0 0 0 0 0 0 0 0 0 0 0 0 0 0 0 0 0 0 0 0 0 0 0 0 0 0 0 0 0 0 0 0 0 0 0 0 0 0 0 0 0 0 0 0 0 0 0 0 0 0 0 0 0 0 0 0 0 0 0 0 0 0 0 0 0 0 0 0 0 0 0 0 0 0 0 0 0 0 0 0 0 0 0 0 0 0 0 0 0 0 0 0 0 0 0 0 0 0 0 0 0 0 0 0 0 0 0 0 0 0 0 0 0 0 0 0 0 0 0 0 0 0 0 0 0 0 0 0 0 0 0 0 0 0 0 0 0 0 0 0 0 0 0 0 0 0 0 0 0 0 0 0 0 0 0 0 0 0 0 0 0 0 0 0 0 0 0 0 0 0 0 0 0 0 0 0 0 0 0 0 0 0 0 0 0 0 0 0 0 0 0 0 0 0 0 0 0 0 0 0 0 0 0 0 0 0 0 0 0 0 0 0 0 0 0 0 0 0 0 0 0 0 0 0 0 0 0 0 0 0 0 0 0 0 0 0 0 0 0 0 0 0 0 0 0 0 0 0 0 0 0 0 0 0 0 0 0 0 0 0 0 0 0 0 0 0 0 0 0 0 0 0 0 0 0 0 0 0 0 0 0 0 0 0 0 0 0 0 0 0 0 0 0 0 0 0 0 0 0 0 0 0 0 0 0 0 0 0 0 0 0 0 0 0 0 0 0 0 0 0 0 0 0 0 0 0 0 0 0 0 0 0 0 0 0 0 0 0 0 0 0 0 0 0 0 0 0 0 0 0 0 0 0 0 0 0 0 0 0 0 0 0 0 0 0 0 0 0 0 0 0 0 0 0 0 0 0 0 0 0 0 0 0 0 0 0 0 0 0 0 0 0 0 0 0 0 0 0 0 0 0 0 0 0 0 0 0 0 0 0 0 0 0 0 0 0 0 0 0 0 0 0 0 0 0 0 0 0 0 0 0 0 0 0 0 0 0 0 0 0 0 0 0 0 0 0 0 0 0 0 0 0 0 0 0 0 0 0 0 0 0 0 0 0 0 0 0 0 0 0 0 0 0 0 0 0 0 0 0 0 0 0 0 0 0 0 0 0 0 0 0 0 0 0 0 0 0 0 0 0 0 0 0 0 0 0 0 0 0 0 0 0 0 0 0 0 0 0 0 0 0 0 0 0 0 0 0 0 0 0 0 0 0 0 0 0 0 0 0 0 0 0 0 0 0 0 0 0 0 0 0 0 0 0 0 0 0 0 0 0 0 0 0 0 0 0 0 0 0 0 0 0 0 0 0 0 0 0 0 0 0 0 0 0 0 0 0 0 0 0 0 0 0 0 0 0 0 0 0 0 0 0 0 0 0 0 0 0 0 0 0 0 0 0 0 0 0 0 0 0 0 0 </DataArray>
        <DataArray type="Int64" IdType="1" Name="vtkOriginalCellIds" format="ascii" RangeMin="0" RangeMax="3703">0 1 2 3 4 5 6 7 8 9 10 11 12 13 14 15 16 17 18 19 20 21 22 23 24 25 26 27 28 29 30 31 32 33 34 35 36 37 38 39 40 41 42 43 44 45 46 47 48 49 50 51 52 53 54 55 56 57 58 59 60 61 62 63 64 65 66 67 68 69 70 71 72 73 74 75 76 77 78 79 80 81 82 83 84 85 86 87 88 89 90 91 92 93 94 95 96 97 98 99 100 101 102 103 104 105 106 107 108 109 110 111 112 113 114 115 116 117 118 119 120 121 122 123 124 125 126 127 128 129 130 131 132 133 134 135 136 137 138 139 140 141 142 143 144 145 146 147 148 149 150 151 152 153 154 155 156 157 158 159 160 161 162 163 164 165 166 167 168 169 170 171 172 173 174 175 176 177 178 179 180 181 182 183 184 185 186 187 188 189 190 191 192 193 194 195 196 197 198 199 200 201 202 203 204 205 206 207 208 209 210 211 212 213 214 215 216 217 218 219 220 221 222 223 224 225 226 227 228 229 230 231 232 233 234 235 236 237 238 239 240 241 242 243 244 245 246 247 248 249 250 251 252 253 254 255 256 257 258 259 260 261 262 263 264 265 266 267 268 269 270 271 272 273 274 275 276 277 278 279 280 281 282 283 284 285 286 287 288 289 290 291 292 293 294 295 296 297 298 299 300 301 302 303 304 305 306 307 308 309 310 311 312 313 314 315 316 317 318 319 320 321 322 323 324 325 326 327 328 329 330 331 332 333 334 335 336 337 338 339 340 341 342 343 344 345 346 347 348 349 350 351 352 353 354 355 356 357 358 359 360 361 362 363 364 365 366 367 368 369 370 371 372 373 374 375 376 377 378 379 380 381 382 383 384 385 386 387 388 389 390 391 392 393 394 395 396 397 398 399 400 401 402 403 404 405 406 407 408 409 410 411 412 413 414 415 416 417 418 419 420 421 422 423 424 425 426 427 428 429 430 431 432 433 434 435 436 437 438 439 440 441 442 443 444 445 446 447 448 449 450 451 452 453 454 455 456 457 458 459 460 461 462 463 464 465 466 467 468 469 470 471 472 473 474 475 476 477 478 479 480 481 482 483 484 485 486 487 488 489 490 491 492 493 494 495 496 497 498 499 500 501 502 503 504 505 506 507 508 509 510 511 512 513 514 515 516 517 518 519 520 521 522 523 524 525 526 527 528 529 530 531 532 533 534 535 536 537 538 539 540 541 542 543 544 545 546 547 548 549 550 551 552 553 554 555 556 557 558 559 560 561 562 563 564 565 566 567 568 569 570 571 572 573 574 575 576 577 578 579 580 581 582 583 584 585 586 587 588 589 590 591 592 593 594 595 596 597 598 599 600 601 602 603 604 605 606 607 608 609 610 611 612 613 614 615 616 617 618 619 620 621 622 623 624 625 626 627 628 629 630 631 632 633 634 635 636 637 638 639 640 641 642 643 644 645 646 647 648 649 650 651 652 653 654 655 656 657 658 659 660 661 662 663 664 665 666 667 668 669 670 671 672 673 674 675 676 677 678 679 680 681 682 683 684 685 686 687 688 689 690 691 692 693 694 695 696 697 698 699 700 701 702 703 704 705 706 707 708 709 710 711 712 713 714 715 716 717 718 719 720 721 722 723 724 725 726 727 728 729 730 731 732 733 734 735 736 737 738 739 740 741 742 743 744 745 746 747 748 749 750 751 752 753 754 755 756 757 758 759 760 761 762 763 764 765 766 767 768 769 770 771 772 773 774 775 776 777 778 779 780 781 782 783 784 785 786 787 788 789 790 791 792 793 794 795 796 797 798 799 800 801 802 803 804 805 806 807 808 809 810 811 812 813 814 815 816 817 818 819 820 821 822 823 824 825 826 827 828 829 830 831 832 833 834 835 836 837 838 839 840 841 842 843 844 845 846 847 848 849 850 851 852 853 854 855 856 857 858 859 860 861 862 863 864 865 866 867 868 869 870 871 872 873 874 875 876 877 878 879 880 881 882 883 884 885 886 887 888 889 890 891 892 893 894 895 896 897 898 899 900 901 902 903 904 905 906 907 908 909 910 911 912 913 914 915 916 917 918 919 920 921 922 923 924 925 926 927 928 929 930 931 932 933 934 935 936 937 938 939 940 941 942 943 944 945 946 947 948 949 950 951 952 953 954 955 956 957 958 959 960 961 962 963 964 965 966 967 968 969 970 971 972 973 974 975 976 977 978 979 980 981 982 983 984 985 986 987 988 989 990 991 992 993 994 995 996 997 998 999 1000 1001 1002 1003 1004 1005 1006 1007 1008 1009 1010 1011 1012 1013 1014 1015 1016 1017 1018 1019 1020 1021 1022 1023 1024 1025 1026 1027 1028 1029 1030 1031 1032 1033 1034 1035 1036 1037 1038 1039 1040 1041 1042 1043 1044 1045 1046 1047 1048 1049 1050 1051 1052 1053 1054 1055 1056 1057 1058 1059 1060 1061 1062 1063 1064 1065 1066 1067 1068 1069 1070 1071 1072 1073 1074 1075 1076 1077 1078 1079 1080 1081 1082 1083 1084 1085 1086 1087 1088 1089 1090 1091 1092 1093 1094 1095 1096 1097 1098 1099 1100 1101 1102 1103 1104 1105 1106 1107 1108 1109 1110 1111 1112 1113 1114 1115 1116 1117 1118 1119 1120 1121 1122 1123 1124 1125 1126 1127 1128 1129 1130 1131 1132 1133 1134 1135 1136 1137 1138 1139 1140 1141 1142 1143 1144 1145 1146 1147 1148 1149 1150 1151 1152 1153 1154 1155 1156 1157 1158 1159 1160 1161 1162 1163 1164 1165 1166 1167 1168 1169 1170 1171 1172 1173 1174 1175 1176 1177 1178 1179 1180 1181 1182 1183 1184 1185 1186 1187 1188 1189 1190 1191 1192 1193 1194 1195 1196 1197 1198 1199 1200 1201 1202 1203 1204 1205 1206 1207 1208 1209 1210 1211 1212 1213 1214 1215 1216 1217 1218 1219 1220 1221 1222 1223 1224 1225 1226 1227 1228 1229 1230 1231 1232 1233 1234 1235 1236 1237 1238 1239 1240 1241 1242 1243 1244 1245 1246 1247 1248 1249 1250 1251 1252 1253 1254 1255 1256 1257 1258 1259 1260 1261 1262 1263 1264 1265 1266 1267 1268 1269 1270 1271 1272 1273 1274 1275 1276 1277 1278 1279 1280 1281 1282 1283 1284 1285 1286 1287 1288 1289 1290 1291 1292 1293 1294 1295 1296 1297 1298 1299 1300 1301 1302 1303 1304 1305 1306 1307 1308 1309 1310 1311 1312 1313 1314 1315 1316 1317 1318 1319 1320 1321 1322 1323 1324 1325 1326 1327 1328 1329 1330 1331 1332 1333 1334 1335 1336 1337 1338 1339 1340 1341 1342 1343 1344 1345 1346 1347 1348 1349 1350 1351 1352 1353 1354 1355 1356 1357 1358 1359 1360 1361 1362 1363 1364 1365 1366 1367 1368 1369 1370 1371 1372 1373 1374 1375 1376 1377 1378 1379 1380 1381 1382 1383 1384 1385 1386 1387 1388 1389 1390 1391 1392 1393 1394 1395 1396 1397 1398 1399 1400 1401 1402 1403 1404 1405 1406 1407 1408 1409 1410 1411 1412 1413 1414 1415 1416 1417 1418 1419 1420 1421 1422 1423 1424 1425 1426 1427 1428 1429 1430 1431 1432 1433 1434 1435 1436 1437 1438 1439 1440 1441 1442 1443 1444 1445 1446 1447 1448 1449 1450 1451 1452 1453 1454 1455 1456 1457 1458 1459 1460 1461 1462 1463 1464 1465 1466 1467 1468 1469 1470 1471 1472 1473 1474 1475 1476 1477 1478 1479 1480 1481 1482 1483 1484 1485 1486 1487 1488 1489 1490 1491 1492 1493 1494 1495 1496 1497 1498 1499 1500 1501 1502 1503 1504 1505 1506 1507 1508 1509 1510 1511 1512 1513 1514 1515 1516 1517 1518 1519 1520 1521 1522 1523 1524 1525 1526 1527 1528 1529 1530 1531 1532 1533 1534 1535 1536 1537 1538 1539 1540 1541 1542 1543 1544 1545 1546 1547 1548 1549 1550 1551 1552 1553 1554 1555 1556 1557 1558 1559 1560 1561 1562 1563 1564 1565 1566 1567 1568 1569 1570 1571 1572 1573 1574 1575 1576 1577 1578 1579 1580 1581 1582 1583 1584 1585 1586 1587 1588 1589 1590 1591 1592 1593 1594 1595 1596 1597 1598 1599 1600 1601 1602 1603 1604 1605 1606 1607 1608 1609 1610 1611 1612 1613 1614 1615 1616 1617 1618 1619 1620 1621 1622 1623 1624 1625 1626 1627 1628 1629 1630 1631 1632 1633 1634 1635 1636 1637 1638 1639 1640 1641 1642 1643 1644 1645 1646 1647 1648 1649 1650 1651 1652 1653 1654 1655 1656 1657 1658 1659 1660 1661 1662 1663 1664 1665 1666 1667 1668 1669 1670 1671 1672 1673 1674 1675 1676 1677 1678 1679 1680 1681 1682 1683 1684 1685 1686 1687 1688 1689 1690 1691 1692 1693 1694 1695 1696 1697 1698 1699 1700 1701 1702 1703 1704 1705 1706 1707 1708 1709 1710 1711 1712 1713 1714 1715 1716 1717 1718 1719 1720 1721 1722 1723 1724 1725 1726 1727 1728 1729 1730 1731 1732 1733 1734 1735 1736 1737 1738 1739 1740 1741 1742 1743 1744 1745 1746 1747 1748 1749 1750 1751 1752 1753 1754 1755 1756 1757 1758 1759 1760 1761 1762 1763 1764 1765 1766 1767 1768 1769 1770 1771 1772 1773 1774 1775 1776 1777 1778 1779 1780 1781 1782 1783 1784 1785 1786 1787 1788 1789 1790 1791 1792 1793 1794 1795 1796 1797 1798 1799 1800 1801 1802 1803 1804 1805 1806 1807 1808 1809 1810 1811 1812 1813 1814 1815 1816 1817 1818 1819 1820 1821 1822 1823 1824 1825 1826 1827 1828 1829 1830 1831 1832 1833 1834 1835 1836 1837 1838 1839 1840 1841 1842 1843 1844 1845 1846 1847 1848 1849 1850 1851 1852 1853 1854 1855 1856 1857 1858 1859 1860 1861 1862 1863 1864 1865 1866 1867 1868 1869 1870 1871 1872 1873 1874 1875 1876 1877 1878 1879 1880 1881 1882 1883 1884 1885 1886 1887 1888 1889 1890 1891 1892 1893 1894 1895 1896 1897 1898 1899 1900 1901 1902 1903 1904 1905 1906 1907 1908 1909 1910 1911 1912 1913 1914 1915 1916 1917 1918 1919 1920 1921 1922 1923 1924 1925 1926 1927 1928 1929 1930 1931 1932 1933 1934 1935 1936 1937 1938 1939 1940 1941 1942 1943 1944 1945 1946 1947 1948 1949 1950 1951 1952 1953 1954 1955 1956 1957 1958 1959 1960 1961 1962 1963 1964 1965 1966 1967 1968 1969 1970 1971 1972 1973 1974 1975 1976 1977 1978 1979 1980 1981 1982 1983 1984 1985 1986 1987 1988 1989 1990 1991 1992 1993 1994 1995 1996 1997 1998 1999 2000 2001 2002 2003 2004 2005 2006 2007 2008 2009 2010 2011 2012 2013 2014 2015 2016 2017 2018 2019 2020 2021 2022 2023 2024 2025 2026 2027 2028 2029 2030 2031 2032 2033 2034 2035 2036 2037 2038 2039 2040 2041 2042 2043 2044 2045 2046 2047 2048 2049 2050 2051 2052 2053 2054 2055 2056 2057 2058 2059 2060 2061 2062 2063 2064 2065 2066 2067 2068 2069 2070 2071 2072 2073 2074 2075 2076 2077 2078 2079 2080 2081 2082 2083 2084 2085 2086 2087 2088 2089 2090 2091 2092 2093 2094 2095 2096 2097 2098 2099 2100 2101 2102 2103 2104 2105 2106 2107 2108 2109 2110 2111 2112 2113 2114 2115 2116 2117 2118 2119 2120 2121 2122 2123 2124 2125 2126 2127 2128 2129 2130 2131 2132 2133 2134 2135 2136 2137 2138 2139 2140 2141 2142 2143 2144 2145 2146 2147 2148 2149 2150 2151 2152 2153 2154 2155 2156 2157 2158 2159 2160 2161 2162 2163 2164 2165 2166 2167 2168 2169 2170 2171 2172 2173 2174 2175 2176 2177 2178 2179 2180 2181 2182 2183 2184 2185 2186 2187 2188 2189 2190 2191 2192 2193 2194 2195 2196 2197 2198 2199 2200 2201 2202 2203 2204 2205 2206 2207 2208 2209 2210 2211 2212 2213 2214 2215 2216 2217 2218 2219 2220 2221 2222 2223 2224 2225 2226 2227 2228 2229 2230 2231 2232 2233 2234 2235 2236 2237 2238 2239 2240 2241 2242 2243 2244 2245 2246 2247 2248 2249 2250 2251 2252 2253 2254 2255 2256 2257 2258 2259 2260 2261 2262 2263 2264 2265 2266 2267 2268 2269 2270 2271 2272 2273 2274 2275 2276 2277 2278 2279 2280 2281 2282 2283 2284 2285 2286 2287 2288 2289 2290 2291 2292 2293 2294 2295 2296 2297 2298 2299 2300 2301 2302 2303 2304 2305 2306 2307 2308 2309 2310 2311 2312 2313 2314 2315 2316 2317 2318 2319 2320 2321 2322 2323 2324 2325 2326 2327 2328 2329 2330 2331 2332 2333 2334 2335 2336 2337 2338 2339 2340 2341 2342 2343 2344 2345 2346 2347 2348 2349 2350 2351 2352 2353 2354 2355 2356 2357 2358 2359 2360 2361 2362 2363 2364 2365 2366 2367 2368 2369 2370 2371 2372 2373 2374 2375 2376 2377 2378 2379 2380 2381 2382 2383 2384 2385 2386 2387 2388 2389 2390 2391 2392 2393 2394 2395 2396 2397 2398 2399 2400 2401 2402 2403 2404 2405 2406 2407 2408 2409 2410 2411 2412 2413 2414 2415 2416 2417 2418 2419 2420 2421 2422 2423 2424 2425 2426 2427 2428 2429 2430 2431 2432 2433 2434 2435 2436 2437 2438 2439 2440 2441 2442 2443 2444 2445 2446 2447 2448 2449 2450 2451 2452 2453 2454 2455 2456 2457 2458 2459 2460 2461 2462 2463 2464 2465 2466 2467 2468 2469 2470 2471 2472 2473 2474 2475 2476 2477 2478 2479 2480 2481 2482 2483 2484 2485 2486 2487 2488 2489 2490 2491 2492 2493 2494 2495 2496 2497 2498 2499 2500 2501 2502 2503 2504 2505 2506 2507 2508 2509 2510 2511 2512 2513 2514 2515 2516 2517 2518 2519 2520 2521 2522 2523 2524 2525 2526 2527 2528 2529 2530 2531 2532 2533 2534 2535 2536 2537 2538 2539 2540 2541 2542 2543 2544 2545 2546 2547 2548 2549 2550 2551 2552 2553 2554 2555 2556 2557 2558 2559 2560 2561 2562 2563 2564 2565 2566 2567 2568 2569 2570 2571 2572 2573 2574 2575 2576 2577 2578 2579 2580 2581 2582 2583 2584 2585 2586 2587 2588 2589 2590 2591 2592 2593 2594 2595 2596 2597 2598 2599 2600 2601 2602 2603 2604 2605 2606 2607 2608 2609 2610 2611 2612 2613 2614 2615 2616 2617 2618 2619 2620 2621 2622 2623 2624 2625 2626 2627 2628 2629 2630 2631 2632 2633 2634 2635 2636 2637 2638 2639 2640 2641 2642 2643 2644 2645 2646 2647 2648 2649 2650 2651 2652 2653 2654 2655 2656 2657 2658 2659 2660 2661 2662 2663 2664 2665 2666 2667 2668 2669 2670 2671 2672 2673 2674 2675 2676 2677 2678 2679 2680 2681 2682 2683 2684 2685 2686 2687 2688 2689 2690 2691 2692 2693 2694 2695 2696 2697 2698 2699 2700 2701 2702 2703 2704 2705 2706 2707 2708 2709 2710 2711 2712 2713 2714 2715 2716 2717 2718 2719 2720 2721 2722 2723 2724 2725 2726 2727 2728 2729 2730 2731 2732 2733 2734 2735 2736 2737 2738 2739 2740 2741 2742 2743 2744 2745 2746 2747 2748 2749 2750 2751 2752 2753 2754 2755 2756 2757 2758 2759 2760 2761 2762 2763 2764 2765 2766 2767 2768 2769 2770 2771 2772 2773 2774 2775 2776 2777 2778 2779 2780 2781 2782 2783 2784 2785 2786 2787 2788 2789 2790 2791 2792 2793 2794 2795 2796 2797 2798 2799 2800 2801 2802 2803 2804 2805 2806 2807 2808 2809 2810 2811 2812 2813 2814 2815 2816 2817 2818 2819 2820 2821 2822 2823 2824 2825 2826 2827 2828 2829 2830 2831 2832 2833 2834 2835 2836 2837 2838 2839 2840 2841 2842 2843 2844 2845 2846 2847 2848 2849 2850 2851 2852 2853 2854 2855 2856 2857 2858 2859 2860 2861 2862 2863 2864 2865 2866 2867 2868 2869 2870 2871 2872 2873 2874 2875 2876 2877 2878 2879 2880 2881 2882 2883 2884 2885 2886 2887 2888 2889 2890 2891 2892 2893 2894 2895 2896 2897 2898 2899 2900 2901 2902 2903 2904 2905 2906 2907 2908 2909 2910 2911 2912 2913 2914 2915 2916 2917 2918 2919 2920 2921 2922 2923 2924 2925 2926 2927 2928 2929 2930 2931 2932 2933 2934 2935 2936 2937 2938 2939 2940 2941 2942 2943 2944 2945 2946 2947 2948 2949 2950 2951 2952 2953 2954 2955 2956 2957 2958 2959 2960 2961 2962 2963 2964 2965 2966 2967 2968 2969 2970 2971 2972 2973 2974 2975 2976 2977 2978 2979 2980 2981 2982 2983 2984 2985 2986 2987 2988 2989 2990 2991 2992 2993 2994 2995 2996 2997 2998 2999 3000 3001 3002 3003 3004 3005 3006 3007 3008 3009 3010 3011 3012 3013 3014 3015 3016 3017 3018 3019 3020 3021 3022 3023 3024 3025 3026 3027 3028 3029 3030 3031 3032 3033 3034 3035 3036 3037 3038 3039 3040 3041 3042 3043 3044 3045 3046 3047 3048 3049 3050 3051 3052 3053 3054 3055 3056 3057 3058 3059 3060 3061 3062 3063 3064 3065 3066 3067 3068 3069 3070 3071 3072 3073 3074 3075 3076 3077 3078 3079 3080 3081 3082 3083 3084 3085 3086 3087 3088 3089 3090 3091 3092 3093 3094 3095 3096 3097 3098 3099 3100 3101 3102 3103 3104 3105 3106 3107 3108 3109 3110 3111 3112 3113 3114 3115 3116 3117 3118 3119 3120 3121 3122 3123 3124 3125 3126 3127 3128 3129 3130 3131 3132 3133 3134 3135 3136 3137 3138 3139 3140 3141 3142 3143 3144 3145 3146 3147 3148 3149 3150 3151 3152 3153 3154 3155 3156 3157 3158 3159 3160 3161 3162 3163 3164 3165 3166 3167 3168 3169 3170 3171 3172 3173 3174 3175 3176 3177 3178 3179 3180 3181 3182 3183 3184 3185 3186 3187 3188 3189 3190 3191 3192 3193 3194 3195 3196 3197 3198 3199 3200 3201 3202 3203 3204 3205 3206 3207 3208 3209 3210 3211 3212 3213 3214 3215 3216 3217 3218 3219 3220 3221 3222 3223 3224 3225 3226 3227 3228 3229 3230 3231 3232 3233 3234 3235 3236 3237 3238 3239 3240 3241 3242 3243 3244 3245 3246 3247 3248 3249 3250 3251 3252 3253 3254 3255 3256 3257 3258 3259 3260 3261 3262 3263 3264 3265 3266 3267 3268 3269 3270 3271 3272 3273 3274 3275 3276 3277 3278 3279 3280 3281 3282 3283 3284 3285 3286 3287 3288 3289 3290 3291 3292 3293 3294 3295 3296 3297 3298 3299 3300 3301 3302 3303 3304 3305 3306 3307 3308 3309 3310 3311 3312 3313 3314 3315 3316 3317 3318 3319 3320 3321 3322 3323 3324 3325 3326 3327 3328 3329 3330 3331 3332 3333 3334 3335 3336 3337 3338 3339 3340 3341 3342 3343 3344 3345 3346 3347 3348 3349 3350 3351 3352 3353 3354 3355 3356 3357 3358 3359 3360 3361 3362 3363 3364 3365 3366 3367 3368 3369 3370 3371 3372 3373 3374 3375 3376 3377 3378 3379 3380 3381 3382 3383 3384 3385 3386 3387 3388 3389 3390 3391 3392 3393 3394 3395 3396 3397 3398 3399 3400 3401 3402 3403 3404 3405 3406 3407 3408 3409 3410 3411 3412 3413 3414 3415 3416 3417 3418 3419 3420 3421 3422 3423 3424 3425 3426 3427 3428 3429 3430 3431 3432 3433 3434 3435 3436 3437 3438 3439 3440 3441 3442 3443 3444 3445 3446 3447 3448 3449 3450 3451 3452 3453 3454 3455 3456 3457 3458 3459 3460 3461 3462 3463 3464 3465 3466 3467 3468 3469 3470 3471 3472 3473 3474 3475 3476 3477 3478 3479 3480 3481 3482 3483 3484 3485 3486 3487 3488 3489 3490 3491 3492 3493 3494 3495 3496 3497 3498 3499 3500 3501 3502 3503 3504 3505 3506 3507 3508 3509 3510 3511 3512 3513 3514 3515 3516 3517 3518 3519 3520 3521 3522 3523 3524 3525 3526 3527 3528 3529 3530 3531 3532 3533 3534 3535 3536 3537 3538 3539 3540 3541 3542 3543 3544 3545 3546 3547 3548 3549 3550 3551 3552 3553 3554 3555 3556 3557 3558 3559 3560 3561 3562 3563 3564 3565 3566 3567 3568 3569 3570 3571 3572 3573 3574 3575 3576 3577 3578 3579 3580 3581 3582 3583 3584 3585 3586 3587 3588 3589 3590 3591 3592 3593 3594 3595 3596 3597 3598 3599 3600 3601 3602 3603 3604 3605 3606 3607 3608 3609 3610 3611 3612 3613 3614 3615 3616 3617 3618 3619 3620 3621 3622 3623 3624 3625 3626 3627 3628 3629 3630 3631 3632 3633 3634 3635 3636 3637 3638 3639 3640 3641 3642 3643 3644 3645 3646 3647 3648 3649 3650 3651 3652 3653 3654 3655 3656 3657 3658 3659 3660 3661 3662 3663 3664 3665 3666 3667 3668 3669 3670 3671 3672 3673 3674 3675 3676 3677 3678 3679 3680 3681 3682 3683 3684 3685 3686 3687 3688 3689 3690 3691 3692 3693 3694 3695 3696 3697 3698 3699 3700 3701 3702 3703 </DataArray>
      </CellData>
      <PointData Vectors="solution_wirebasket">
        <DataArray type="Int64" IdType="1" Name="vtkOriginalPointIds" format="ascii" RangeMin="0" RangeMax="11167">0 1 2 3 4 5 6 7 8 9 10 11 12 13 14 15 16 17 18 19 20 21 22 23 24 25 26 27 28 29 30 31 32 33 34 35 36 37 38 39 40 41 42 43 44 45 46 47 48 49 50 51 52 53 54 55 56 57 58 59 60 61 62 63 64 65 66 67 68 69 70 71 72 73 74 75 76 77 78 79 80 81 82 83 84 85 86 87 88 89 90 91 92 93 94 95 96 97 98 99 100 101 102 103 104 105 106 107 108 109 110 111 112 113 114 115 116 117 118 119 120 121 122 123 124 125 126 127 128 129 130 131 132 133 134 135 136 137 138 139 140 141 142 143 144 145 146 147 148 149 150 151 152 153 154 155 156 157 158 159 160 161 162 163 164 165 166 167 168 169 170 171 172 173 174 175 176 177 178 179 180 181 182 183 184 185 186 187 188 189 190 191 192 193 194 195 196 197 198 199 200 201 202 203 204 205 206 207 208 209 210 211 212 213 214 215 216 217 218 219 220 221 222 223 224 225 226 227 228 229 230 231 232 233 234 235 236 237 238 239 240 241 242 243 244 245 246 247 248 249 250 251 252 253 254 255 256 257 258 259 260 261 262 263 264 265 266 267 268 269 270 271 272 273 274 275 276 277 278 279 280 281 282 283 284 285 286 287 288 289 290 291 292 293 294 295 296 297 298 299 300 301 302 303 304 305 306 307 308 309 310 311 312 313 314 315 316 317 318 319 320 321 322 323 324 325 326 327 328 329 330 331 332 333 334 335 336 337 338 339 340 341 342 343 344 345 346 347 348 349 350 351 352 353 354 355 356 357 358 359 360 361 362 363 364 365 366 367 368 369 370 371 372 373 374 375 376 377 378 379 380 381 382 383 384 385 386 387 388 389 390 391 392 393 394 395 396 397 398 399 400 401 402 403 404 405 406 407 408 409 410 411 412 413 414 415 416 417 418 419 420 421 422 423 424 425 426 427 428 429 430 431 432 433 434 435 436 437 438 439 440 441 442 443 444 445 446 447 448 449 450 451 452 453 454 455 456 457 458 459 460 461 462 463 464 465 466 467 468 469 470 471 472 473 474 475 476 477 478 479 480 481 482 483 484 485 486 487 488 489 490 491 492 493 494 495 496 497 498 499 500 501 502 503 504 505 506 507 508 509 510 511 512 513 514 515 516 517 518 519 520 521 522 523 524 525 526 527 528 529 530 531 532 533 534 535 536 537 538 539 540 541 542 543 544 545 546 547 548 549 550 551 552 553 554 555 556 557 558 559 560 561 562 563 564 565 566 567 568 569 570 571 572 573 574 575 576 577 578 579 580 581 582 583 584 585 586 587 588 589 590 591 592 593 594 595 596 597 598 599 600 601 602 603 604 605 606 607 608 609 610 611 612 613 614 615 616 617 618 619 620 621 622 623 624 625 626 627 628 629 630 631 632 633 634 635 636 637 638 639 640 641 642 643 644 645 646 647 648 649 650 651 652 653 654 655 656 657 658 659 660 661 662 663 664 665 666 667 668 669 670 671 672 673 674 675 676 677 678 679 680 681 682 683 684 685 686 687 688 689 690 691 692 693 694 695 696 697 698 699 700 701 702 703 704 705 706 707 708 709 710 711 712 713 714 715 716 717 718 719 720 721 722 723 724 725 726 727 728 729 730 731 732 733 734 735 736 737 738 739 740 741 742 743 744 745 746 747 748 749 750 751 752 753 754 755 756 757 758 759 760 761 762 763 764 765 766 767 768 769 770 771 772 773 774 775 776 777 778 779 780 781 782 783 784 785 786 787 788 789 790 791 792 793 794 795 796 797 798 799 800 801 802 803 804 805 806 807 808 809 810 811 812 813 814 815 816 817 818 819 820 821 822 823 824 825 826 827 828 829 830 831 832 833 834 835 836 837 838 839 840 841 842 843 844 845 846 847 848 849 850 851 852 853 854 855 856 857 858 859 860 861 862 863 864 865 866 867 868 869 870 871 872 873 874 875 876 877 878 879 880 881 882 883 884 885 886 887 888 889 890 891 892 893 894 895 896 897 898 899 900 901 902 903 904 905 906 907 908 909 910 911 912 913 914 915 916 917 918 919 920 921 922 923 924 925 926 927 928 929 930 931 932 933 934 935 936 937 938 939 940 941 942 943 944 945 946 947 948 949 950 951 952 953 954 955 956 957 958 959 960 961 962 963 964 965 966 967 968 969 970 971 972 973 974 975 976 977 978 979 980 981 982 983 984 985 986 987 988 989 990 991 992 993 994 995 996 997 998 999 1000 1001 1002 1003 1004 1005 1006 1007 1008 1009 1010 1011 1012 1013 1014 1015 1016 1017 1018 1019 1020 1021 1022 1023 1024 1025 1026 1027 1028 1029 1030 1031 1032 1033 1034 1035 1036 1037 1038 1039 1040 1041 1042 1043 1044 1045 1046 1047 1048 1049 1050 1051 1052 1053 1054 1055 1056 1057 1058 1059 1060 1061 1062 1063 1064 1065 1066 1067 1068 1069 1070 1071 1072 1073 1074 1075 1076 1077 1078 1079 1080 1081 1082 1083 1084 1085 1086 1087 1088 1089 1090 1091 1092 1093 1094 1095 1096 1097 1098 1099 1100 1101 1102 1103 1104 1105 1106 1107 1108 1109 1110 1111 1112 1113 1114 1115 1116 1117 1118 1119 1120 1121 1122 1123 1124 1125 1126 1127 1128 1129 1130 1131 1132 1133 1134 1135 1136 1137 1138 1139 1140 1141 1142 1143 1144 1145 1146 1147 1148 1149 1150 1151 1152 1153 1154 1155 1156 1157 1158 1159 1160 1161 1162 1163 1164 1165 1166 1167 1168 1169 1170 1171 1172 1173 1174 1175 1176 1177 1178 1179 1180 1181 1182 1183 1184 1185 1186 1187 1188 1189 1190 1191 1192 1193 1194 1195 1196 1197 1198 1199 1200 1201 1202 1203 1204 1205 1206 1207 1208 1209 1210 1211 1212 1213 1214 1215 1216 1217 1218 1219 1220 1221 1222 1223 1224 1225 1226 1227 1228 1229 1230 1231 1232 1233 1234 1235 1236 1237 1238 1239 1240 1241 1242 1243 1244 1245 1246 1247 1248 1249 1250 1251 1252 1253 1254 1255 1256 1257 1258 1259 1260 1261 1262 1263 1264 1265 1266 1267 1268 1269 1270 1271 1272 1273 1274 1275 1276 1277 1278 1279 1280 1281 1282 1283 1284 1285 1286 1287 1288 1289 1290 1291 1292 1293 1294 1295 1296 1297 1298 1299 1300 1301 1302 1303 1304 1305 1306 1307 1308 1309 1310 1311 1312 1313 1314 1315 1316 1317 1318 1319 1320 1321 1322 1323 1324 1325 1326 1327 1328 1329 1330 1331 1332 1333 1334 1335 1336 1337 1338 1339 1340 1341 1342 1343 1344 1345 1346 1347 1348 1349 1350 1351 1352 1353 1354 1355 1356 1357 1358 1359 1360 1361 1362 1363 1364 1365 1366 1367 1368 1369 1370 1371 1372 1373 1374 1375 1376 1377 1378 1379 1380 1381 1382 1383 1384 1385 1386 1387 1388 1389 1390 1391 1392 1393 1394 1395 1396 1397 1398 1399 1400 1401 1402 1403 1404 1405 1406 1407 1408 1409 1410 1411 1412 1413 1414 1415 1416 1417 1418 1419 1420 1421 1422 1423 1424 1425 1426 1427 1428 1429 1430 1431 1432 1433 1434 1435 1436 1437 1438 1439 1440 1441 1442 1443 1444 1445 1446 1447 1448 1449 1450 1451 1452 1453 1454 1455 1456 1457 1458 1459 1460 1461 1462 1463 1464 1465 1466 1467 1468 1469 1470 1471 1472 1473 1474 1475 1476 1477 1478 1479 1480 1481 1482 1483 1484 1485 1486 1487 1488 1489 1490 1491 1492 1493 1494 1495 1496 1497 1498 1499 1500 1501 1502 1503 1504 1505 1506 1507 1508 1509 1510 1511 1512 1513 1514 1515 1516 1517 1518 1519 1520 1521 1522 1523 1524 1525 1526 1527 1528 1529 1530 1531 1532 1533 1534 1535 1536 1537 1538 1539 1540 1541 1542 1543 1544 1545 1546 1547 1548 1549 1550 1551 1552 1553 1554 1555 1556 1557 1558 1559 1560 1561 1562 1563 1564 1565 1566 1567 1568 1569 1570 1571 1572 1573 1574 1575 1576 1577 1578 1579 1580 1581 1582 1583 1584 1585 1586 1587 1588 1589 1590 1591 1592 1593 1594 1595 1596 1597 1598 1599 1600 1601 1602 1603 1604 1605 1606 1607 1608 1609 1610 1611 1612 1613 1614 1615 1616 1617 1618 1619 1620 1621 1622 1623 1624 1625 1626 1627 1628 1629 1630 1631 1632 1633 1634 1635 1636 1637 1638 1639 1640 1641 1642 1643 1644 1645 1646 1647 1648 1649 1650 1651 1652 1653 1654 1655 1656 1657 1658 1659 1660 1661 1662 1663 1664 1665 1666 1667 1668 1669 1670 1671 1672 1673 1674 1675 1676 1677 1678 1679 1680 1681 1682 1683 1684 1685 1686 1687 1688 1689 1690 1691 1692 1693 1694 1695 1696 1697 1698 1699 1700 1701 1702 1703 1704 1705 1706 1707 1708 1709 1710 1711 1712 1713 1714 1715 1716 1717 1718 1719 1720 1721 1722 1723 1724 1725 1726 1727 1728 1729 1730 1731 1732 1733 1734 1735 1736 1737 1738 1739 1740 1741 1742 1743 1744 1745 1746 1747 1748 1749 1750 1751 1752 1753 1754 1755 1756 1757 1758 1759 1760 1761 1762 1763 1764 1765 1766 1767 1768 1769 1770 1771 1772 1773 1774 1775 1776 1777 1778 1779 1780 1781 1782 1783 1784 1785 1786 1787 1788 1789 1790 1791 1792 1793 1794 1795 1796 1797 1798 1799 1800 1801 1802 1803 1804 1805 1806 1807 1808 1809 1810 1811 1812 1813 1814 1815 1816 1817 1818 1819 1820 1821 1822 1823 1824 1825 1826 1827 1828 1829 1830 1831 1832 1833 1834 1835 1836 1837 1838 1839 1840 1841 1842 1843 1844 1845 1846 1847 1848 1849 1850 1851 1852 1853 1854 1855 1856 1857 1858 1859 1860 1861 1862 1863 1864 1865 1866 1867 1868 1869 1870 1871 1872 1873 1874 1875 1876 1877 1878 1879 1880 1881 1882 1883 1884 1885 1886 1887 1888 1889 1890 1891 1892 1893 1894 1895 1896 1897 1898 1899 1900 1901 1902 1903 1904 1905 1906 1907 1908 1909 1910 1911 1912 1913 1914 1915 1916 1917 1918 1919 1920 1921 1922 1923 1924 1925 1926 1927 1928 1929 1930 1931 1932 1933 1934 1935 1936 1937 1938 1939 1940 1941 1942 1943 1944 1945 1946 1947 1948 1949 1950 1951 1952 1953 1954 1955 1956 1957 1958 1959 1960 1961 1962 1963 1964 1965 1966 1967 1968 1969 1970 1971 1972 1973 1974 1975 1976 1977 1978 1979 1980 1981 1982 1983 1984 1985 1986 1987 1988 1989 1990 1991 1992 1993 1994 1995 1996 1997 1998 1999 2000 2001 2002 2003 2004 2005 2006 2007 2008 2009 2010 2011 2012 2013 2014 2015 2016 2017 2018 2019 2020 2021 2022 2023 2024 2025 2026 2027 2028 2029 2030 2031 2032 2033 2034 2035 2036 2037 2038 2039 2040 2041 2042 2043 2044 2045 2046 2047 2048 2049 2050 2051 2052 2053 2054 2055 2056 2057 2058 2059 2060 2061 2062 2063 2064 2065 2066 2067 2068 2069 2070 2071 2072 2073 2074 2075 2076 2077 2078 2079 2080 2081 2082 2083 2084 2085 2086 2087 2088 2089 2090 2091 2092 2093 2094 2095 2096 2097 2098 2099 2100 2101 2102 2103 2104 2105 2106 2107 2108 2109 2110 2111 2112 2113 2114 2115 2116 2117 2118 2119 2120 2121 2122 2123 2124 2125 2126 2127 2128 2129 2130 2131 2132 2133 2134 2135 2136 2137 2138 2139 2140 2141 2142 2143 2144 2145 2146 2147 2148 2149 2150 2151 2152 2153 2154 2155 2156 2157 2158 2159 2160 2161 2162 2163 2164 2165 2166 2167 2168 2169 2170 2171 2172 2173 2174 2175 2176 2177 2178 2179 2180 2181 2182 2183 2184 2185 2186 2187 2188 2189 2190 2191 2192 2193 2194 2195 2196 2197 2198 2199 2200 2201 2202 2203 2204 2205 2206 2207 2208 2209 2210 2211 2212 2213 2214 2215 2216 2217 2218 2219 2220 2221 2222 2223 2224 2225 2226 2227 2228 2229 2230 2231 2232 2233 2234 2235 2236 2237 2238 2239 2240 2241 2242 2243 2244 2245 2246 2247 2248 2249 2250 2251 2252 2253 2254 2255 2256 2257 2258 2259 2260 2261 2262 2263 2264 2265 2266 2267 2268 2269 2270 2271 2272 2273 2274 2275 2276 2277 2278 2279 2280 2281 2282 2283 2284 2285 2286 2287 2288 2289 2290 2291 2292 2293 2294 2295 2296 2297 2298 2299 2300 2301 2302 2303 2304 2305 2306 2307 2308 2309 2310 2311 2312 2313 2314 2315 2316 2317 2318 2319 2320 2321 2322 2323 2324 2325 2326 2327 2328 2329 2330 2331 2332 2333 2334 2335 2336 2337 2338 2339 2340 2341 2342 2343 2344 2345 2346 2347 2348 2349 2350 2351 2352 2353 2354 2355 2356 2357 2358 2359 2360 2361 2362 2363 2364 2365 2366 2367 2368 2369 2370 2371 2372 2373 2374 2375 2376 2377 2378 2379 2380 2381 2382 2383 2384 2385 2386 2387 2388 2389 2390 2391 2392 2393 2394 2395 2396 2397 2398 2399 2400 2401 2402 2403 2404 2405 2406 2407 2408 2409 2410 2411 2412 2413 2414 2415 2416 2417 2418 2419 2420 2421 2422 2423 2424 2425 2426 2427 2428 2429 2430 2431 2432 2433 2434 2435 2436 2437 2438 2439 2440 2441 2442 2443 2444 2445 2446 2447 2448 2449 2450 2451 2452 2453 2454 2455 2456 2457 2458 2459 2460 2461 2462 2463 2464 2465 2466 2467 2468 2469 2470 2471 2472 2473 2474 2475 2476 2477 2478 2479 2480 2481 2482 2483 2484 2485 2486 2487 2488 2489 2490 2491 2492 2493 2494 2495 2496 2497 2498 2499 2500 2501 2502 2503 2504 2505 2506 2507 2508 2509 2510 2511 2512 2513 2514 2515 2516 2517 2518 2519 2520 2521 2522 2523 2524 2525 2526 2527 2528 2529 2530 2531 2532 2533 2534 2535 2536 2537 2538 2539 2540 2541 2542 2543 2544 2545 2546 2547 2548 2549 2550 2551 2552 2553 2554 2555 2556 2557 2558 2559 2560 2561 2562 2563 2564 2565 2566 2567 2568 2569 2570 2571 2572 2573 2574 2575 2576 2577 2578 2579 2580 2581 2582 2583 2584 2585 2586 2587 2588 2589 2590 2591 2592 2593 2594 2595 2596 2597 2598 2599 2600 2601 2602 2603 2604 2605 2606 2607 2608 2609 2610 2611 2612 2613 2614 2615 2616 2617 2618 2619 2620 2621 2622 2623 2624 2625 2626 2627 2628 2629 2630 2631 2632 2633 2634 2635 2636 2637 2638 2639 2640 2641 2642 2643 2644 2645 2646 2647 2648 2649 2650 2651 2652 2653 2654 2655 2656 2657 2658 2659 2660 2661 2662 2663 2664 2665 2666 2667 2668 2669 2670 2671 2672 2673 2674 2675 2676 2677 2678 2679 2680 2681 2682 2683 2684 2685 2686 2687 2688 2689 2690 2691 2692 2693 2694 2695 2696 2697 2698 2699 2700 2701 2702 2703 2704 2705 2706 2707 2708 2709 2710 2711 2712 2713 2714 2715 2716 2717 2718 2719 2720 2721 2722 2723 2724 2725 2726 2727 2728 2729 2730 2731 2732 2733 2734 2735 2736 2737 2738 2739 2740 2741 2742 2743 2744 2745 2746 2747 2748 2749 2750 2751 2752 2753 2754 2755 2756 2757 2758 2759 2760 2761 2762 2763 2764 2765 2766 2767 2768 2769 2770 2771 2772 2773 2774 2775 2776 2777 2778 2779 2780 2781 2782 2783 2784 2785 2786 2787 2788 2789 2790 2791 2792 2793 2794 2795 2796 2797 2798 2799 2800 2801 2802 2803 2804 2805 2806 2807 2808 2809 2810 2811 2812 2813 2814 2815 2816 2817 2818 2819 2820 2821 2822 2823 2824 2825 2826 2827 2828 2829 2830 2831 2832 2833 2834 2835 2836 2837 2838 2839 2840 2841 2842 2843 2844 2845 2846 2847 2848 2849 2850 2851 2852 2853 2854 2855 2856 2857 2858 2859 2860 2861 2862 2863 2864 2865 2866 2867 2868 2869 2870 2871 2872 2873 2874 2875 2876 2877 2878 2879 2880 2881 2882 2883 2884 2885 2886 2887 2888 2889 2890 2891 2892 2893 2894 2895 2896 2897 2898 2899 2900 2901 2902 2903 2904 2905 2906 2907 2908 2909 2910 2911 2912 2913 2914 2915 2916 2917 2918 2919 2920 2921 2922 2923 2924 2925 2926 2927 2928 2929 2930 2931 2932 2933 2934 2935 2936 2937 2938 2939 2940 2941 2942 2943 2944 2945 2946 2947 2948 2949 2950 2951 2952 2953 2954 2955 2956 2957 2958 2959 2960 2961 2962 2963 2964 2965 2966 2967 2968 2969 2970 2971 2972 2973 2974 2975 2976 2977 2978 2979 2980 2981 2982 2983 2984 2985 2986 2987 2988 2989 2990 2991 2992 2993 2994 2995 2996 2997 2998 2999 3000 3001 3002 3003 3004 3005 3006 3007 3008 3009 3010 3011 3012 3013 3014 3015 3016 3017 3018 3019 3020 3021 3022 3023 3024 3025 3026 3027 3028 3029 3030 3031 3032 3033 3034 3035 3036 3037 3038 3039 3040 3041 3042 3043 3044 3045 3046 3047 3048 3049 3050 3051 3052 3053 3054 3055 3056 3057 3058 3059 3060 3061 3062 3063 3064 3065 3066 3067 3068 3069 3070 3071 3072 3073 3074 3075 3076 3077 3078 3079 3080 3081 3082 3083 3084 3085 3086 3087 3088 3089 3090 3091 3092 3093 3094 3095 3096 3097 3098 3099 3100 3101 3102 3103 3104 3105 3106 3107 3108 3109 3110 3111 3112 3113 3114 3115 3116 3117 3118 3119 3120 3121 3122 3123 3124 3125 3126 3127 3128 3129 3130 3131 3132 3133 3134 3135 3136 3137 3138 3139 3140 3141 3142 3143 3144 3145 3146 3147 3148 3149 3150 3151 3152 3153 3154 3155 3156 3157 3158 3159 3160 3161 3162 3163 3164 3165 3166 3167 3168 3169 3170 3171 3172 3173 3174 3175 3176 3177 3178 3179 3180 3181 3182 3183 3184 3185 3186 3187 3188 3189 3190 3191 3192 3193 3194 3195 3196 3197 3198 3199 3200 3201 3202 3203 3204 3205 3206 3207 3208 3209 3210 3211 3212 3213 3214 3215 3216 3217 3218 3219 3220 3221 3222 3223 3224 3225 3226 3227 3228 3229 3230 3231 3232 3233 3234 3235 3236 3237 3238 3239 3240 3241 3242 3243 3244 3245 3246 3247 3248 3249 3250 3251 3252 3253 3254 3255 3256 3257 3258 3259 3260 3261 3262 3263 3264 3265 3266 3267 3268 3269 3270 3271 3272 3273 3274 3275 3276 3277 3278 3279 3280 3281 3282 3283 3284 3285 3286 3287 3288 3289 3290 3291 3292 3293 3294 3295 3296 3297 3298 3299 3300 3301 3302 3303 3304 3305 3306 3307 3308 3309 3310 3311 3312 3313 3314 3315 3316 3317 3318 3319 3320 3321 3322 3323 3324 3325 3326 3327 3328 3329 3330 3331 3332 3333 3334 3335 3336 3337 3338 3339 3340 3341 3342 3343 3344 3345 3346 3347 3348 3349 3350 3351 3352 3353 3354 3355 3356 3357 3358 3359 3360 3361 3362 3363 3364 3365 3366 3367 3368 3369 3370 3371 3372 3373 3374 3375 3376 3377 3378 3379 3380 3381 3382 3383 3384 3385 3386 3387 3388 3389 3390 3391 3392 3393 3394 3395 3396 3397 3398 3399 3400 3401 3402 3403 3404 3405 3406 3407 3408 3409 3410 3411 3412 3413 3414 3415 3416 3417 3418 3419 3420 3421 3422 3423 3424 3425 3426 3427 3428 3429 3430 3431 3432 3433 3434 3435 3436 3437 3438 3439 3440 3441 3442 3443 3444 3445 3446 3447 3448 3449 3450 3451 3452 3453 3454 3455 3456 3457 3458 3459 3460 3461 3462 3463 3464 3465 3466 3467 3468 3469 3470 3471 3472 3473 3474 3475 3476 3477 3478 3479 3480 3481 3482 3483 3484 3485 3486 3487 3488 3489 3490 3491 3492 3493 3494 3495 3496 3497 3498 3499 3500 3501 3502 3503 3504 3505 3506 3507 3508 3509 3510 3511 3512 3513 3514 3515 3516 3517 3518 3519 3520 3521 3522 3523 3524 3525 3526 3527 3528 3529 3530 3531 3532 3533 3534 3535 3536 3537 3538 3539 3540 3541 3542 3543 3544 3545 3546 3547 3548 3549 3550 3551 3552 3553 3554 3555 3556 3557 3558 3559 3560 3561 3562 3563 3564 3565 3566 3567 3568 3569 3570 3571 3572 3573 3574 3575 3576 3577 3578 3579 3580 3581 3582 3583 3584 3585 3586 3587 3588 3589 3590 3591 3592 3593 3594 3595 3596 3597 3598 3599 3600 3601 3602 3603 3604 3605 3606 3607 3608 3609 3610 3611 3612 3613 3614 3615 3616 3617 3618 3619 3620 3621 3622 3623 3624 3625 3626 3627 3628 3629 3630 3631 3632 3633 3634 3635 3636 3637 3638 3639 3640 3641 3642 3643 3644 3645 3646 3647 3648 3649 3650 3651 3652 3653 3654 3655 3656 3657 3658 3659 3660 3661 3662 3663 3664 3665 3666 3667 3668 3669 3670 3671 3672 3673 3674 3675 3676 3677 3678 3679 3680 3681 3682 3683 3684 3685 3686 3687 3688 3689 3690 3691 3692 3693 3694 3695 3696 3697 3698 3699 3700 3701 3702 3703 3704 3705 3706 3707 3708 3709 3710 3711 3712 3713 3714 3715 3716 3717 3718 3719 3720 3721 3722 3723 3724 3725 3726 3727 3728 3729 3730 3731 3732 3733 3734 3735 3736 3737 3738 3739 3740 3741 3742 3743 3744 3745 3746 3747 3748 3749 3750 3751 3752 3753 3754 3755 3756 3757 3758 3759 3760 3761 3762 3763 3764 3765 3766 3767 3768 3769 3770 3771 3772 3773 3774 3775 3776 3777 3778 3779 3780 3781 3782 3783 3784 3785 3786 3787 3788 3789 3790 3791 3792 3793 3794 3795 3796 3797 3798 3799 3800 3801 3802 3803 3804 3805 3806 3807 3808 3809 3810 3811 3812 3813 3814 3815 3816 3817 3818 3819 3820 3821 3822 3823 3824 3825 3826 3827 3828 3829 3830 3831 3832 3833 3834 3835 3836 3837 3838 3839 3840 3841 3842 3843 3844 3845 3846 3847 3848 3849 3850 3851 3852 3853 3854 3855 3856 3857 3858 3859 3860 3861 3862 3863 3864 3865 3866 3867 3868 3869 3870 3871 3872 3873 3874 3875 3876 3877 3878 3879 3880 3881 3882 3883 3884 3885 3886 3887 3888 3889 3890 3891 3892 3893 3894 3895 3896 3897 3898 3899 3900 3901 3902 3903 3904 3905 3906 3907 3908 3909 3910 3911 3912 3913 3914 3915 3916 3917 3918 3919 3920 3921 3922 3923 3924 3925 3926 3927 3928 3929 3930 3931 3932 3933 3934 3935 3936 3937 3938 3939 3940 3941 3942 3943 3944 3945 3946 3947 3948 3949 3950 3951 3952 3953 3954 3955 3956 3957 3958 3959 3960 3961 3962 3963 3964 3965 3966 3967 3968 3969 3970 3971 3972 3973 3974 3975 3976 3977 3978 3979 3980 3981 3982 3983 3984 3985 3986 3987 3988 3989 3990 3991 3992 3993 3994 3995 3996 3997 3998 3999 4000 4001 4002 4003 4004 4005 4006 4007 4008 4009 4010 4011 4012 4013 4014 4015 4016 4017 4018 4019 4020 4021 4022 4023 4024 4025 4026 4027 4028 4029 4030 4031 4032 4033 4034 4035 4036 4037 4038 4039 4040 4041 4042 4043 4044 4045 4046 4047 4048 4049 4050 4051 4052 4053 4054 4055 4056 4057 4058 4059 4060 4061 4062 4063 4064 4065 4066 4067 4068 4069 4070 4071 4072 4073 4074 4075 4076 4077 4078 4079 4080 4081 4082 4083 4084 4085 4086 4087 4088 4089 4090 4091 4092 4093 4094 4095 4096 4097 4098 4099 4100 4101 4102 4103 4104 4105 4106 4107 4108 4109 4110 4111 4112 4113 4114 4115 4116 4117 4118 4119 4120 4121 4122 4123 4124 4125 4126 4127 4128 4129 4130 4131 4132 4133 4134 4135 4136 4137 4138 4139 4140 4141 4142 4143 4144 4145 4146 4147 4148 4149 4150 4151 4152 4153 4154 4155 4156 4157 4158 4159 4160 4161 4162 4163 4164 4165 4166 4167 4168 4169 4170 4171 4172 4173 4174 4175 4176 4177 4178 4179 4180 4181 4182 4183 4184 4185 4186 4187 4188 4189 4190 4191 4192 4193 4194 4195 4196 4197 4198 4199 4200 4201 4202 4203 4204 4205 4206 4207 4208 4209 4210 4211 4212 4213 4214 4215 4216 4217 4218 4219 4220 4221 4222 4223 4224 4225 4226 4227 4228 4229 4230 4231 4232 4233 4234 4235 4236 4237 4238 4239 4240 4241 4242 4243 4244 4245 4246 4247 4248 4249 4250 4251 4252 4253 4254 4255 4256 4257 4258 4259 4260 4261 4262 4263 4264 4265 4266 4267 4268 4269 4270 4271 4272 4273 4274 4275 4276 4277 4278 4279 4280 4281 4282 4283 4284 4285 4286 4287 4288 4289 4290 4291 4292 4293 4294 4295 4296 4297 4298 4299 4300 4301 4302 4303 4304 4305 4306 4307 4308 4309 4310 4311 4312 4313 4314 4315 4316 4317 4318 4319 4320 4321 4322 4323 4324 4325 4326 4327 4328 4329 4330 4331 4332 4333 4334 4335 4336 4337 4338 4339 4340 4341 4342 4343 4344 4345 4346 4347 4348 4349 4350 4351 4352 4353 4354 4355 4356 4357 4358 4359 4360 4361 4362 4363 4364 4365 4366 4367 4368 4369 4370 4371 4372 4373 4374 4375 4376 4377 4378 4379 4380 4381 4382 4383 4384 4385 4386 4387 4388 4389 4390 4391 4392 4393 4394 4395 4396 4397 4398 4399 4400 4401 4402 4403 4404 4405 4406 4407 4408 4409 4410 4411 4412 4413 4414 4415 4416 4417 4418 4419 4420 4421 4422 4423 4424 4425 4426 4427 4428 4429 4430 4431 4432 4433 4434 4435 4436 4437 4438 4439 4440 4441 4442 4443 4444 4445 4446 4447 4448 4449 4450 4451 4452 4453 4454 4455 4456 4457 4458 4459 4460 4461 4462 4463 4464 4465 4466 4467 4468 4469 4470 4471 4472 4473 4474 4475 4476 4477 4478 4479 4480 4481 4482 4483 4484 4485 4486 4487 4488 4489 4490 4491 4492 4493 4494 4495 4496 4497 4498 4499 4500 4501 4502 4503 4504 4505 4506 4507 4508 4509 4510 4511 4512 4513 4514 4515 4516 4517 4518 4519 4520 4521 4522 4523 4524 4525 4526 4527 4528 4529 4530 4531 4532 4533 4534 4535 4536 4537 4538 4539 4540 4541 4542 4543 4544 4545 4546 4547 4548 4549 4550 4551 4552 4553 4554 4555 4556 4557 4558 4559 4560 4561 4562 4563 4564 4565 4566 4567 4568 4569 4570 4571 4572 4573 4574 4575 4576 4577 4578 4579 4580 4581 4582 4583 4584 4585 4586 4587 4588 4589 4590 4591 4592 4593 4594 4595 4596 4597 4598 4599 4600 4601 4602 4603 4604 4605 4606 4607 4608 4609 4610 4611 4612 4613 4614 4615 4616 4617 4618 4619 4620 4621 4622 4623 4624 4625 4626 4627 4628 4629 4630 4631 4632 4633 4634 4635 4636 4637 4638 4639 4640 4641 4642 4643 4644 4645 4646 4647 4648 4649 4650 4651 4652 4653 4654 4655 4656 4657 4658 4659 4660 4661 4662 4663 4664 4665 4666 4667 4668 4669 4670 4671 4672 4673 4674 4675 4676 4677 4678 4679 4680 4681 4682 4683 4684 4685 4686 4687 4688 4689 4690 4691 4692 4693 4694 4695 4696 4697 4698 4699 4700 4701 4702 4703 4704 4705 4706 4707 4708 4709 4710 4711 4712 4713 4714 4715 4716 4717 4718 4719 4720 4721 4722 4723 4724 4725 4726 4727 4728 4729 4730 4731 4732 4733 4734 4735 4736 4737 4738 4739 4740 4741 4742 4743 4744 4745 4746 4747 4748 4749 4750 4751 4752 4753 4754 4755 4756 4757 4758 4759 4760 4761 4762 4763 4764 4765 4766 4767 4768 4769 4770 4771 4772 4773 4774 4775 4776 4777 4778 4779 4780 4781 4782 4783 4784 4785 4786 4787 4788 4789 4790 4791 4792 4793 4794 4795 4796 4797 4798 4799 4800 4801 4802 4803 4804 4805 4806 4807 4808 4809 4810 4811 4812 4813 4814 4815 4816 4817 4818 4819 4820 4821 4822 4823 4824 4825 4826 4827 4828 4829 4830 4831 4832 4833 4834 4835 4836 4837 4838 4839 4840 4841 4842 4843 4844 4845 4846 4847 4848 4849 4850 4851 4852 4853 4854 4855 4856 4857 4858 4859 4860 4861 4862 4863 4864 4865 4866 4867 4868 4869 4870 4871 4872 4873 4874 4875 4876 4877 4878 4879 4880 4881 4882 4883 4884 4885 4886 4887 4888 4889 4890 4891 4892 4893 4894 4895 4896 4897 4898 4899 4900 4901 4902 4903 4904 4905 4906 4907 4908 4909 4910 4911 4912 4913 4914 4915 4916 4917 4918 4919 4920 4921 4922 4923 4924 4925 4926 4927 4928 4929 4930 4931 4932 4933 4934 4935 4936 4937 4938 4939 4940 4941 4942 4943 4944 4945 4946 4947 4948 4949 4950 4951 4952 4953 4954 4955 4956 4957 4958 4959 4960 4961 4962 4963 4964 4965 4966 4967 4968 4969 4970 4971 4972 4973 4974 4975 4976 4977 4978 4979 4980 4981 4982 4983 4984 4985 4986 4987 4988 4989 4990 4991 4992 4993 4994 4995 4996 4997 4998 4999 5000 5001 5002 5003 5004 5005 5006 5007 5008 5009 5010 5011 5012 5013 5014 5015 5016 5017 5018 5019 5020 5021 5022 5023 5024 5025 5026 5027 5028 5029 5030 5031 5032 5033 5034 5035 5036 5037 5038 5039 5040 5041 5042 5043 5044 5045 5046 5047 5048 5049 5050 5051 5052 5053 5054 5055 5056 5057 5058 5059 5060 5061 5062 5063 5064 5065 5066 5067 5068 5069 5070 5071 5072 5073 5074 5075 5076 5077 5078 5079 5080 5081 5082 5083 5084 5085 5086 5087 5088 5089 5090 5091 5092 5093 5094 5095 5096 5097 5098 5099 5100 5101 5102 5103 5104 5105 5106 5107 5108 5109 5110 5111 5112 5113 5114 5115 5116 5117 5118 5119 5120 5121 5122 5123 5124 5125 5126 5127 5128 5129 5130 5131 5132 5133 5134 5135 5136 5137 5138 5139 5140 5141 5142 5143 5144 5145 5146 5147 5148 5149 5150 5151 5152 5153 5154 5155 5156 5157 5158 5159 5160 5161 5162 5163 5164 5165 5166 5167 5168 5169 5170 5171 5172 5173 5174 5175 5176 5177 5178 5179 5180 5181 5182 5183 5184 5185 5186 5187 5188 5189 5190 5191 5192 5193 5194 5195 5196 5197 5198 5199 5200 5201 5202 5203 5204 5205 5206 5207 5208 5209 5210 5211 5212 5213 5214 5215 5216 5217 5218 5219 5220 5221 5222 5223 5224 5225 5226 5227 5228 5229 5230 5231 5232 5233 5234 5235 5236 5237 5238 5239 5240 5241 5242 5243 5244 5245 5246 5247 5248 5249 5250 5251 5252 5253 5254 5255 5256 5257 5258 5259 5260 5261 5262 5263 5264 5265 5266 5267 5268 5269 5270 5271 5272 5273 5274 5275 5276 5277 5278 5279 5280 5281 5282 5283 5284 5285 5286 5287 5288 5289 5290 5291 5292 5293 5294 5295 5296 5297 5298 5299 5300 5301 5302 5303 5304 5305 5306 5307 5308 5309 5310 5311 5312 5313 5314 5315 5316 5317 5318 5319 5320 5321 5322 5323 5324 5325 5326 5327 5328 5329 5330 5331 5332 5333 5334 5335 5336 5337 5338 5339 5340 5341 5342 5343 5344 5345 5346 5347 5348 5349 5350 5351 5352 5353 5354 5355 5356 5357 5358 5359 5360 5361 5362 5363 5364 5365 5366 5367 5368 5369 5370 5371 5372 5373 5374 5375 5376 5377 5378 5379 5380 5381 5382 5383 5384 5385 5386 5387 5388 5389 5390 5391 5392 5393 5394 5395 5396 5397 5398 5399 5400 5401 5402 5403 5404 5405 5406 5407 5408 5409 5410 5411 5412 5413 5414 5415 5416 5417 5418 5419 5420 5421 5422 5423 5424 5425 5426 5427 5428 5429 5430 5431 5432 5433 5434 5435 5436 5437 5438 5439 5440 5441 5442 5443 5444 5445 5446 5447 5448 5449 5450 5451 5452 5453 5454 5455 5456 5457 5458 5459 5460 5461 5462 5463 5464 5465 5466 5467 5468 5469 5470 5471 5472 5473 5474 5475 5476 5477 5478 5479 5480 5481 5482 5483 5484 5485 5486 5487 5488 5489 5490 5491 5492 5493 5494 5495 5496 5497 5498 5499 5500 5501 5502 5503 5504 5505 5506 5507 5508 5509 5510 5511 5512 5513 5514 5515 5516 5517 5518 5519 5520 5521 5522 5523 5524 5525 5526 5527 5528 5529 5530 5531 5532 5533 5534 5535 5536 5537 5538 5539 5540 5541 5542 5543 5544 5545 5546 5547 5548 5549 5550 5551 5552 5553 5554 5555 5556 5557 5558 5559 5560 5561 5562 5563 5564 5565 5566 5567 5568 5569 5570 5571 5572 5573 5574 5575 5576 5577 5578 5579 5580 5581 5582 5583 5584 5585 5586 5587 5588 5589 5590 5591 5592 5593 5594 5595 5596 5597 5598 5599 5600 5601 5602 5603 5604 5605 5606 5607 5608 5609 5610 5611 5612 5613 5614 5615 5616 5617 5618 5619 5620 5621 5622 5623 5624 5625 5626 5627 5628 5629 5630 5631 5632 5633 5634 5635 5636 5637 5638 5639 5640 5641 5642 5643 5644 5645 5646 5647 5648 5649 5650 5651 5652 5653 5654 5655 5656 5657 5658 5659 5660 5661 5662 5663 5664 5665 5666 5667 5668 5669 5670 5671 5672 5673 5674 5675 5676 5677 5678 5679 5680 5681 5682 5683 5684 5685 5686 5687 5688 5689 5690 5691 5692 5693 5694 5695 5696 5697 5698 5699 5700 5701 5702 5703 5704 5705 5706 5707 5708 5709 5710 5711 5712 5713 5714 5715 5716 5717 5718 5719 5720 5721 5722 5723 5724 5725 5726 5727 5728 5729 5730 5731 5732 5733 5734 5735 5736 5737 5738 5739 5740 5741 5742 5743 5744 5745 5746 5747 5748 5749 5750 5751 5752 5753 5754 5755 5756 5757 5758 5759 5760 5761 5762 5763 5764 5765 5766 5767 5768 5769 5770 5771 5772 5773 5774 5775 5776 5777 5778 5779 5780 5781 5782 5783 5784 5785 5786 5787 5788 5789 5790 5791 5792 5793 5794 5795 5796 5797 5798 5799 5800 5801 5802 5803 5804 5805 5806 5807 5808 5809 5810 5811 5812 5813 5814 5815 5816 5817 5818 5819 5820 5821 5822 5823 5824 5825 5826 5827 5828 5829 5830 5831 5832 5833 5834 5835 5836 5837 5838 5839 5840 5841 5842 5843 5844 5845 5846 5847 5848 5849 5850 5851 5852 5853 5854 5855 5856 5857 5858 5859 5860 5861 5862 5863 5864 5865 5866 5867 5868 5869 5870 5871 5872 5873 5874 5875 5876 5877 5878 5879 5880 5881 5882 5883 5884 5885 5886 5887 5888 5889 5890 5891 5892 5893 5894 5895 5896 5897 5898 5899 5900 5901 5902 5903 5904 5905 5906 5907 5908 5909 5910 5911 5912 5913 5914 5915 5916 5917 5918 5919 5920 5921 5922 5923 5924 5925 5926 5927 5928 5929 5930 5931 5932 5933 5934 5935 5936 5937 5938 5939 5940 5941 5942 5943 5944 5945 5946 5947 5948 5949 5950 5951 5952 5953 5954 5955 5956 5957 5958 5959 5960 5961 5962 5963 5964 5965 5966 5967 5968 5969 5970 5971 5972 5973 5974 5975 5976 5977 5978 5979 5980 5981 5982 5983 5984 5985 5986 5987 5988 5989 5990 5991 5992 5993 5994 5995 5996 5997 5998 5999 6000 6001 6002 6003 6004 6005 6006 6007 6008 6009 6010 6011 6012 6013 6014 6015 6016 6017 6018 6019 6020 6021 6022 6023 6024 6025 6026 6027 6028 6029 6030 6031 6032 6033 6034 6035 6036 6037 6038 6039 6040 6041 6042 6043 6044 6045 6046 6047 6048 6049 6050 6051 6052 6053 6054 6055 6056 6057 6058 6059 6060 6061 6062 6063 6064 6065 6066 6067 6068 6069 6070 6071 6072 6073 6074 6075 6076 6077 6078 6079 6080 6081 6082 6083 6084 6085 6086 6087 6088 6089 6090 6091 6092 6093 6094 6095 6096 6097 6098 6099 6100 6101 6102 6103 6104 6105 6106 6107 6108 6109 6110 6111 6112 6113 6114 6115 6116 6117 6118 6119 6120 6121 6122 6123 6124 6125 6126 6127 6128 6129 6130 6131 6132 6133 6134 6135 6136 6137 6138 6139 6140 6141 6142 6143 6144 6145 6146 6147 6148 6149 6150 6151 6152 6153 6154 6155 6156 6157 6158 6159 6160 6161 6162 6163 6164 6165 6166 6167 6168 6169 6170 6171 6172 6173 6174 6175 6176 6177 6178 6179 6180 6181 6182 6183 6184 6185 6186 6187 6188 6189 6190 6191 6192 6193 6194 6195 6196 6197 6198 6199 6200 6201 6202 6203 6204 6205 6206 6207 6208 6209 6210 6211 6212 6213 6214 6215 6216 6217 6218 6219 6220 6221 6222 6223 6224 6225 6226 6227 6228 6229 6230 6231 6232 6233 6234 6235 6236 6237 6238 6239 6240 6241 6242 6243 6244 6245 6246 6247 6248 6249 6250 6251 6252 6253 6254 6255 6256 6257 6258 6259 6260 6261 6262 6263 6264 6265 6266 6267 6268 6269 6270 6271 6272 6273 6274 6275 6276 6277 6278 6279 6280 6281 6282 6283 6284 6285 6286 6287 6288 6289 6290 6291 6292 6293 6294 6295 6296 6297 6298 6299 6300 6301 6302 6303 6304 6305 6306 6307 6308 6309 6310 6311 6312 6313 6314 6315 6316 6317 6318 6319 6320 6321 6322 6323 6324 6325 6326 6327 6328 6329 6330 6331 6332 6333 6334 6335 6336 6337 6338 6339 6340 6341 6342 6343 6344 6345 6346 6347 6348 6349 6350 6351 6352 6353 6354 6355 6356 6357 6358 6359 6360 6361 6362 6363 6364 6365 6366 6367 6368 6369 6370 6371 6372 6373 6374 6375 6376 6377 6378 6379 6380 6381 6382 6383 6384 6385 6386 6387 6388 6389 6390 6391 6392 6393 6394 6395 6396 6397 6398 6399 6400 6401 6402 6403 6404 6405 6406 6407 6408 6409 6410 6411 6412 6413 6414 6415 6416 6417 6418 6419 6420 6421 6422 6423 6424 6425 6426 6427 6428 6429 6430 6431 6432 6433 6434 6435 6436 6437 6438 6439 6440 6441 6442 6443 6444 6445 6446 6447 6448 6449 6450 6451 6452 6453 6454 6455 6456 6457 6458 6459 6460 6461 6462 6463 6464 6465 6466 6467 6468 6469 6470 6471 6472 6473 6474 6475 6476 6477 6478 6479 6480 6481 6482 6483 6484 6485 6486 6487 6488 6489 6490 6491 6492 6493 6494 6495 6496 6497 6498 6499 6500 6501 6502 6503 6504 6505 6506 6507 6508 6509 6510 6511 6512 6513 6514 6515 6516 6517 6518 6519 6520 6521 6522 6523 6524 6525 6526 6527 6528 6529 6530 6531 6532 6533 6534 6535 6536 6537 6538 6539 6540 6541 6542 6543 6544 6545 6546 6547 6548 6549 6550 6551 6552 6553 6554 6555 6556 6557 6558 6559 6560 6561 6562 6563 6564 6565 6566 6567 6568 6569 6570 6571 6572 6573 6574 6575 6576 6577 6578 6579 6580 6581 6582 6583 6584 6585 6586 6587 6588 6589 6590 6591 6592 6593 6594 6595 6596 6597 6598 6599 6600 6601 6602 6603 6604 6605 6606 6607 6608 6609 6610 6611 6612 6613 6614 6615 6616 6617 6618 6619 6620 6621 6622 6623 6624 6625 6626 6627 6628 6629 6630 6631 6632 6633 6634 6635 6636 6637 6638 6639 6640 6641 6642 6643 6644 6645 6646 6647 6648 6649 6650 6651 6652 6653 6654 6655 6656 6657 6658 6659 6660 6661 6662 6663 6664 6665 6666 6667 6668 6669 6670 6671 6672 6673 6674 6675 6676 6677 6678 6679 6680 6681 6682 6683 6684 6685 6686 6687 6688 6689 6690 6691 6692 6693 6694 6695 6696 6697 6698 6699 6700 6701 6702 6703 6704 6705 6706 6707 6708 6709 6710 6711 6712 6713 6714 6715 6716 6717 6718 6719 6720 6721 6722 6723 6724 6725 6726 6727 6728 6729 6730 6731 6732 6733 6734 6735 6736 6737 6738 6739 6740 6741 6742 6743 6744 6745 6746 6747 6748 6749 6750 6751 6752 6753 6754 6755 6756 6757 6758 6759 6760 6761 6762 6763 6764 6765 6766 6767 6768 6769 6770 6771 6772 6773 6774 6775 6776 6777 6778 6779 6780 6781 6782 6783 6784 6785 6786 6787 6788 6789 6790 6791 6792 6793 6794 6795 6796 6797 6798 6799 6800 6801 6802 6803 6804 6805 6806 6807 6808 6809 6810 6811 6812 6813 6814 6815 6816 6817 6818 6819 6820 6821 6822 6823 6824 6825 6826 6827 6828 6829 6830 6831 6832 6833 6834 6835 6836 6837 6838 6839 6840 6841 6842 6843 6844 6845 6846 6847 6848 6849 6850 6851 6852 6853 6854 6855 6856 6857 6858 6859 6860 6861 6862 6863 6864 6865 6866 6867 6868 6869 6870 6871 6872 6873 6874 6875 6876 6877 6878 6879 6880 6881 6882 6883 6884 6885 6886 6887 6888 6889 6890 6891 6892 6893 6894 6895 6896 6897 6898 6899 6900 6901 6902 6903 6904 6905 6906 6907 6908 6909 6910 6911 6912 6913 6914 6915 6916 6917 6918 6919 6920 6921 6922 6923 6924 6925 6926 6927 6928 6929 6930 6931 6932 6933 6934 6935 6936 6937 6938 6939 6940 6941 6942 6943 6944 6945 6946 6947 6948 6949 6950 6951 6952 6953 6954 6955 6956 6957 6958 6959 6960 6961 6962 6963 6964 6965 6966 6967 6968 6969 6970 6971 6972 6973 6974 6975 6976 6977 6978 6979 6980 6981 6982 6983 6984 6985 6986 6987 6988 6989 6990 6991 6992 6993 6994 6995 6996 6997 6998 6999 7000 7001 7002 7003 7004 7005 7006 7007 7008 7009 7010 7011 7012 7013 7014 7015 7016 7017 7018 7019 7020 7021 7022 7023 7024 7025 7026 7027 7028 7029 7030 7031 7032 7033 7034 7035 7036 7037 7038 7039 7040 7041 7042 7043 7044 7045 7046 7047 7048 7049 7050 7051 7052 7053 7054 7055 7056 7057 7058 7059 7060 7061 7062 7063 7064 7065 7066 7067 7068 7069 7070 7071 7072 7073 7074 7075 7076 7077 7078 7079 7080 7081 7082 7083 7084 7085 7086 7087 7088 7089 7090 7091 7092 7093 7094 7095 7096 7097 7098 7099 7100 7101 7102 7103 7104 7105 7106 7107 7108 7109 7110 7111 7112 7113 7114 7115 7116 7117 7118 7119 7120 7121 7122 7123 7124 7125 7126 7127 7128 7129 7130 7131 7132 7133 7134 7135 7136 7137 7138 7139 7140 7141 7142 7143 7144 7145 7146 7147 7148 7149 7150 7151 7152 7153 7154 7155 7156 7157 7158 7159 7160 7161 7162 7163 7164 7165 7166 7167 7168 7169 7170 7171 7172 7173 7174 7175 7176 7177 7178 7179 7180 7181 7182 7183 7184 7185 7186 7187 7188 7189 7190 7191 7192 7193 7194 7195 7196 7197 7198 7199 7200 7201 7202 7203 7204 7205 7206 7207 7208 7209 7210 7211 7212 7213 7214 7215 7216 7217 7218 7219 7220 7221 7222 7223 7224 7225 7226 7227 7228 7229 7230 7231 7232 7233 7234 7235 7236 7237 7238 7239 7240 7241 7242 7243 7244 7245 7246 7247 7248 7249 7250 7251 7252 7253 7254 7255 7256 7257 7258 7259 7260 7261 7262 7263 7264 7265 7266 7267 7268 7269 7270 7271 7272 7273 7274 7275 7276 7277 7278 7279 7280 7281 7282 7283 7284 7285 7286 7287 7288 7289 7290 7291 7292 7293 7294 7295 7296 7297 7298 7299 7300 7301 7302 7303 7304 7305 7306 7307 7308 7309 7310 7311 7312 7313 7314 7315 7316 7317 7318 7319 7320 7321 7322 7323 7324 7325 7326 7327 7328 7329 7330 7331 7332 7333 7334 7335 7336 7337 7338 7339 7340 7341 7342 7343 7344 7345 7346 7347 7348 7349 7350 7351 7352 7353 7354 7355 7356 7357 7358 7359 7360 7361 7362 7363 7364 7365 7366 7367 7368 7369 7370 7371 7372 7373 7374 7375 7376 7377 7378 7379 7380 7381 7382 7383 7384 7385 7386 7387 7388 7389 7390 7391 7392 7393 7394 7395 7396 7397 7398 7399 7400 7401 7402 7403 7404 7405 7406 7407 7408 7409 7410 7411 7412 7413 7414 7415 7416 7417 7418 7419 7420 7421 7422 7423 7424 7425 7426 7427 7428 7429 7430 7431 7432 7433 7434 7435 7436 7437 7438 7439 7440 7441 7442 7443 7444 7445 7446 7447 7448 7449 7450 7451 7452 7453 7454 7455 7456 7457 7458 7459 7460 7461 7462 7463 7464 7465 7466 7467 7468 7469 7470 7471 7472 7473 7474 7475 7476 7477 7478 7479 7480 7481 7482 7483 7484 7485 7486 7487 7488 7489 7490 7491 7492 7493 7494 7495 7496 7497 7498 7499 7500 7501 7502 7503 7504 7505 7506 7507 7508 7509 7510 7511 7512 7513 7514 7515 7516 7517 7518 7519 7520 7521 7522 7523 7524 7525 7526 7527 7528 7529 7530 7531 7532 7533 7534 7535 7536 7537 7538 7539 7540 7541 7542 7543 7544 7545 7546 7547 7548 7549 7550 7551 7552 7553 7554 7555 7556 7557 7558 7559 7560 7561 7562 7563 7564 7565 7566 7567 7568 7569 7570 7571 7572 7573 7574 7575 7576 7577 7578 7579 7580 7581 7582 7583 7584 7585 7586 7587 7588 7589 7590 7591 7592 7593 7594 7595 7596 7597 7598 7599 7600 7601 7602 7603 7604 7605 7606 7607 7608 7609 7610 7611 7612 7613 7614 7615 7616 7617 7618 7619 7620 7621 7622 7623 7624 7625 7626 7627 7628 7629 7630 7631 7632 7633 7634 7635 7636 7637 7638 7639 7640 7641 7642 7643 7644 7645 7646 7647 7648 7649 7650 7651 7652 7653 7654 7655 7656 7657 7658 7659 7660 7661 7662 7663 7664 7665 7666 7667 7668 7669 7670 7671 7672 7673 7674 7675 7676 7677 7678 7679 7680 7681 7682 7683 7684 7685 7686 7687 7688 7689 7690 7691 7692 7693 7694 7695 7696 7697 7698 7699 7700 7701 7702 7703 7704 7705 7706 7707 7708 7709 7710 7711 7712 7713 7714 7715 7716 7717 7718 7719 7720 7721 7722 7723 7724 7725 7726 7727 7728 7729 7730 7731 7732 7733 7734 7735 7736 7737 7738 7739 7740 7741 7742 7743 7744 7745 7746 7747 7748 7749 7750 7751 7752 7753 7754 7755 7756 7757 7758 7759 7760 7761 7762 7763 7764 7765 7766 7767 7768 7769 7770 7771 7772 7773 7774 7775 7776 7777 7778 7779 7780 7781 7782 7783 7784 7785 7786 7787 7788 7789 7790 7791 7792 7793 7794 7795 7796 7797 7798 7799 7800 7801 7802 7803 7804 7805 7806 7807 7808 7809 7810 7811 7812 7813 7814 7815 7816 7817 7818 7819 7820 7821 7822 7823 7824 7825 7826 7827 7828 7829 7830 7831 7832 7833 7834 7835 7836 7837 7838 7839 7840 7841 7842 7843 7844 7845 7846 7847 7848 7849 7850 7851 7852 7853 7854 7855 7856 7857 7858 7859 7860 7861 7862 7863 7864 7865 7866 7867 7868 7869 7870 7871 7872 7873 7874 7875 7876 7877 7878 7879 7880 7881 7882 7883 7884 7885 7886 7887 7888 7889 7890 7891 7892 7893 7894 7895 7896 7897 7898 7899 7900 7901 7902 7903 7904 7905 7906 7907 7908 7909 7910 7911 7912 7913 7914 7915 7916 7917 7918 7919 7920 7921 7922 7923 7924 7925 7926 7927 7928 7929 7930 7931 7932 7933 7934 7935 7936 7937 7938 7939 7940 7941 7942 7943 7944 7945 7946 7947 7948 7949 7950 7951 7952 7953 7954 7955 7956 7957 7958 7959 7960 7961 7962 7963 7964 7965 7966 7967 7968 7969 7970 7971 7972 7973 7974 7975 7976 7977 7978 7979 7980 7981 7982 7983 7984 7985 7986 7987 7988 7989 7990 7991 7992 7993 7994 7995 7996 7997 7998 7999 8000 8001 8002 8003 8004 8005 8006 8007 8008 8009 8010 8011 8012 8013 8014 8015 8016 8017 8018 8019 8020 8021 8022 8023 8024 8025 8026 8027 8028 8029 8030 8031 8032 8033 8034 8035 8036 8037 8038 8039 8040 8041 8042 8043 8044 8045 8046 8047 8048 8049 8050 8051 8052 8053 8054 8055 8056 8057 8058 8059 8060 8061 8062 8063 8064 8065 8066 8067 8068 8069 8070 8071 8072 8073 8074 8075 8076 8077 8078 8079 8080 8081 8082 8083 8084 8085 8086 8087 8088 8089 8090 8091 8092 8093 8094 8095 8096 8097 8098 8099 8100 8101 8102 8103 8104 8105 8106 8107 8108 8109 8110 8111 8112 8113 8114 8115 8116 8117 8118 8119 8120 8121 8122 8123 8124 8125 8126 8127 8128 8129 8130 8131 8132 8133 8134 8135 8136 8137 8138 8139 8140 8141 8142 8143 8144 8145 8146 8147 8148 8149 8150 8151 8152 8153 8154 8155 8156 8157 8158 8159 8160 8161 8162 8163 8164 8165 8166 8167 8168 8169 8170 8171 8172 8173 8174 8175 8176 8177 8178 8179 8180 8181 8182 8183 8184 8185 8186 8187 8188 8189 8190 8191 8192 8193 8194 8195 8196 8197 8198 8199 8200 8201 8202 8203 8204 8205 8206 8207 8208 8209 8210 8211 8212 8213 8214 8215 8216 8217 8218 8219 8220 8221 8222 8223 8224 8225 8226 8227 8228 8229 8230 8231 8232 8233 8234 8235 8236 8237 8238 8239 8240 8241 8242 8243 8244 8245 8246 8247 8248 8249 8250 8251 8252 8253 8254 8255 8256 8257 8258 8259 8260 8261 8262 8263 8264 8265 8266 8267 8268 8269 8270 8271 8272 8273 8274 8275 8276 8277 8278 8279 8280 8281 8282 8283 8284 8285 8286 8287 8288 8289 8290 8291 8292 8293 8294 8295 8296 8297 8298 8299 8300 8301 8302 8303 8304 8305 8306 8307 8308 8309 8310 8311 8312 8313 8314 8315 8316 8317 8318 8319 8320 8321 8322 8323 8324 8325 8326 8327 8328 8329 8330 8331 8332 8333 8334 8335 8336 8337 8338 8339 8340 8341 8342 8343 8344 8345 8346 8347 8348 8349 8350 8351 8352 8353 8354 8355 8356 8357 8358 8359 8360 8361 8362 8363 8364 8365 8366 8367 8368 8369 8370 8371 8372 8373 8374 8375 8376 8377 8378 8379 8380 8381 8382 8383 8384 8385 8386 8387 8388 8389 8390 8391 8392 8393 8394 8395 8396 8397 8398 8399 8400 8401 8402 8403 8404 8405 8406 8407 8408 8409 8410 8411 8412 8413 8414 8415 8416 8417 8418 8419 8420 8421 8422 8423 8424 8425 8426 8427 8428 8429 8430 8431 8432 8433 8434 8435 8436 8437 8438 8439 8440 8441 8442 8443 8444 8445 8446 8447 8448 8449 8450 8451 8452 8453 8454 8455 8456 8457 8458 8459 8460 8461 8462 8463 8464 8465 8466 8467 8468 8469 8470 8471 8472 8473 8474 8475 8476 8477 8478 8479 8480 8481 8482 8483 8484 8485 8486 8487 8488 8489 8490 8491 8492 8493 8494 8495 8496 8497 8498 8499 8500 8501 8502 8503 8504 8505 8506 8507 8508 8509 8510 8511 8512 8513 8514 8515 8516 8517 8518 8519 8520 8521 8522 8523 8524 8525 8526 8527 8528 8529 8530 8531 8532 8533 8534 8535 8536 8537 8538 8539 8540 8541 8542 8543 8544 8545 8546 8547 8548 8549 8550 8551 8552 8553 8554 8555 8556 8557 8558 8559 8560 8561 8562 8563 8564 8565 8566 8567 8568 8569 8570 8571 8572 8573 8574 8575 8576 8577 8578 8579 8580 8581 8582 8583 8584 8585 8586 8587 8588 8589 8590 8591 8592 8593 8594 8595 8596 8597 8598 8599 8600 8601 8602 8603 8604 8605 8606 8607 8608 8609 8610 8611 8612 8613 8614 8615 8616 8617 8618 8619 8620 8621 8622 8623 8624 8625 8626 8627 8628 8629 8630 8631 8632 8633 8634 8635 8636 8637 8638 8639 8640 8641 8642 8643 8644 8645 8646 8647 8648 8649 8650 8651 8652 8653 8654 8655 8656 8657 8658 8659 8660 8661 8662 8663 8664 8665 8666 8667 8668 8669 8670 8671 8672 8673 8674 8675 8676 8677 8678 8679 8680 8681 8682 8683 8684 8685 8686 8687 8688 8689 8690 8691 8692 8693 8694 8695 8696 8697 8698 8699 8700 8701 8702 8703 8704 8705 8706 8707 8708 8709 8710 8711 8712 8713 8714 8715 8716 8717 8718 8719 8720 8721 8722 8723 8724 8725 8726 8727 8728 8729 8730 8731 8732 8733 8734 8735 8736 8737 8738 8739 8740 8741 8742 8743 8744 8745 8746 8747 8748 8749 8750 8751 8752 8753 8754 8755 8756 8757 8758 8759 8760 8761 8762 8763 8764 8765 8766 8767 8768 8769 8770 8771 8772 8773 8774 8775 8776 8777 8778 8779 8780 8781 8782 8783 8784 8785 8786 8787 8788 8789 8790 8791 8792 8793 8794 8795 8796 8797 8798 8799 8800 8801 8802 8803 8804 8805 8806 8807 8808 8809 8810 8811 8812 8813 8814 8815 8816 8817 8818 8819 8820 8821 8822 8823 8824 8825 8826 8827 8828 8829 8830 8831 8832 8833 8834 8835 8836 8837 8838 8839 8840 8841 8842 8843 8844 8845 8846 8847 8848 8849 8850 8851 8852 8853 8854 8855 8856 8857 8858 8859 8860 8861 8862 8863 8864 8865 8866 8867 8868 8869 8870 8871 8872 8873 8874 8875 8876 8877 8878 8879 8880 8881 8882 8883 8884 8885 8886 8887 8888 8889 8890 8891 8892 8893 8894 8895 8896 8897 8898 8899 8900 8901 8902 8903 8904 8905 8906 8907 8908 8909 8910 8911 8912 8913 8914 8915 8916 8917 8918 8919 8920 8921 8922 8923 8924 8925 8926 8927 8928 8929 8930 8931 8932 8933 8934 8935 8936 8937 8938 8939 8940 8941 8942 8943 8944 8945 8946 8947 8948 8949 8950 8951 8952 8953 8954 8955 8956 8957 8958 8959 8960 8961 8962 8963 8964 8965 8966 8967 8968 8969 8970 8971 8972 8973 8974 8975 8976 8977 8978 8979 8980 8981 8982 8983 8984 8985 8986 8987 8988 8989 8990 8991 8992 8993 8994 8995 8996 8997 8998 8999 9000 9001 9002 9003 9004 9005 9006 9007 9008 9009 9010 9011 9012 9013 9014 9015 9016 9017 9018 9019 9020 9021 9022 9023 9024 9025 9026 9027 9028 9029 9030 9031 9032 9033 9034 9035 9036 9037 9038 9039 9040 9041 9042 9043 9044 9045 9046 9047 9048 9049 9050 9051 9052 9053 9054 9055 9056 9057 9058 9059 9060 9061 9062 9063 9064 9065 9066 9067 9068 9069 9070 9071 9072 9073 9074 9075 9076 9077 9078 9079 9080 9081 9082 9083 9084 9085 9086 9087 9088 9089 9090 9091 9092 9093 9094 9095 9096 9097 9098 9099 9100 9101 9102 9103 9104 9105 9106 9107 9108 9109 9110 9111 9112 9113 9114 9115 9116 9117 9118 9119 9120 9121 9122 9123 9124 9125 9126 9127 9128 9129 9130 9131 9132 9133 9134 9135 9136 9137 9138 9139 9140 9141 9142 9143 9144 9145 9146 9147 9148 9149 9150 9151 9152 9153 9154 9155 9156 9157 9158 9159 9160 9161 9162 9163 9164 9165 9166 9167 9168 9169 9170 9171 9172 9173 9174 9175 9176 9177 9178 9179 9180 9181 9182 9183 9184 9185 9186 9187 9188 9189 9190 9191 9192 9193 9194 9195 9196 9197 9198 9199 9200 9201 9202 9203 9204 9205 9206 9207 9208 9209 9210 9211 9212 9213 9214 9215 9216 9217 9218 9219 9220 9221 9222 9223 9224 9225 9226 9227 9228 9229 9230 9231 9232 9233 9234 9235 9236 9237 9238 9239 9240 9241 9242 9243 9244 9245 9246 9247 9248 9249 9250 9251 9252 9253 9254 9255 9256 9257 9258 9259 9260 9261 9262 9263 9264 9265 9266 9267 9268 9269 9270 9271 9272 9273 9274 9275 9276 9277 9278 9279 9280 9281 9282 9283 9284 9285 9286 9287 9288 9289 9290 9291 9292 9293 9294 9295 9296 9297 9298 9299 9300 9301 9302 9303 9304 9305 9306 9307 9308 9309 9310 9311 9312 9313 9314 9315 9316 9317 9318 9319 9320 9321 9322 9323 9324 9325 9326 9327 9328 9329 9330 9331 9332 9333 9334 9335 9336 9337 9338 9339 9340 9341 9342 9343 9344 9345 9346 9347 9348 9349 9350 9351 9352 9353 9354 9355 9356 9357 9358 9359 9360 9361 9362 9363 9364 9365 9366 9367 9368 9369 9370 9371 9372 9373 9374 9375 9376 9377 9378 9379 9380 9381 9382 9383 9384 9385 9386 9387 9388 9389 9390 9391 9392 9393 9394 9395 9396 9397 9398 9399 9400 9401 9402 9403 9404 9405 9406 9407 9408 9409 9410 9411 9412 9413 9414 9415 9416 9417 9418 9419 9420 9421 9422 9423 9424 9425 9426 9427 9428 9429 9430 9431 9432 9433 9434 9435 9436 9437 9438 9439 9440 9441 9442 9443 9444 9445 9446 9447 9448 9449 9450 9451 9452 9453 9454 9455 9456 9457 9458 9459 9460 9461 9462 9463 9464 9465 9466 9467 9468 9469 9470 9471 9472 9473 9474 9475 9476 9477 9478 9479 9480 9481 9482 9483 9484 9485 9486 9487 9488 9489 9490 9491 9492 9493 9494 9495 9496 9497 9498 9499 9500 9501 9502 9503 9504 9505 9506 9507 9508 9509 9510 9511 9512 9513 9514 9515 9516 9517 9518 9519 9520 9521 9522 9523 9524 9525 9526 9527 9528 9529 9530 9531 9532 9533 9534 9535 9536 9537 9538 9539 9540 9541 9542 9543 9544 9545 9546 9547 9548 9549 9550 9551 9552 9553 9554 9555 9556 9557 9558 9559 9560 9561 9562 9563 9564 9565 9566 9567 9568 9569 9570 9571 9572 9573 9574 9575 9576 9577 9578 9579 9580 9581 9582 9583 9584 9585 9586 9587 9588 9589 9590 9591 9592 9593 9594 9595 9596 9597 9598 9599 9600 9601 9602 9603 9604 9605 9606 9607 9608 9609 9610 9611 9612 9613 9614 9615 9616 9617 9618 9619 9620 9621 9622 9623 9624 9625 9626 9627 9628 9629 9630 9631 9632 9633 9634 9635 9636 9637 9638 9639 9640 9641 9642 9643 9644 9645 9646 9647 9648 9649 9650 9651 9652 9653 9654 9655 9656 9657 9658 9659 9660 9661 9662 9663 9664 9665 9666 9667 9668 9669 9670 9671 9672 9673 9674 9675 9676 9677 9678 9679 9680 9681 9682 9683 9684 9685 9686 9687 9688 9689 9690 9691 9692 9693 9694 9695 9696 9697 9698 9699 9700 9701 9702 9703 9704 9705 9706 9707 9708 9709 9710 9711 9712 9713 9714 9715 9716 9717 9718 9719 9720 9721 9722 9723 9724 9725 9726 9727 9728 9729 9730 9731 9732 9733 9734 9735 9736 9737 9738 9739 9740 9741 9742 9743 9744 9745 9746 9747 9748 9749 9750 9751 9752 9753 9754 9755 9756 9757 9758 9759 9760 9761 9762 9763 9764 9765 9766 9767 9768 9769 9770 9771 9772 9773 9774 9775 9776 9777 9778 9779 9780 9781 9782 9783 9784 9785 9786 9787 9788 9789 9790 9791 9792 9793 9794 9795 9796 9797 9798 9799 9800 9801 9802 9803 9804 9805 9806 9807 9808 9809 9810 9811 9812 9813 9814 9815 9816 9817 9818 9819 9820 9821 9822 9823 9824 9825 9826 9827 9828 9829 9830 9831 9832 9833 9834 9835 9836 9837 9838 9839 9840 9841 9842 9843 9844 9845 9846 9847 9848 9849 9850 9851 9852 9853 9854 9855 9856 9857 9858 9859 9860 9861 9862 9863 9864 9865 9866 9867 9868 9869 9870 9871 9872 9873 9874 9875 9876 9877 9878 9879 9880 9881 9882 9883 9884 9885 9886 9887 9888 9889 9890 9891 9892 9893 9894 9895 9896 9897 9898 9899 9900 9901 9902 9903 9904 9905 9906 9907 9908 9909 9910 9911 9912 9913 9914 9915 9916 9917 9918 9919 9920 9921 9922 9923 9924 9925 9926 9927 9928 9929 9930 9931 9932 9933 9934 9935 9936 9937 9938 9939 9940 9941 9942 9943 9944 9945 9946 9947 9948 9949 9950 9951 9952 9953 9954 9955 9956 9957 9958 9959 9960 9961 9962 9963 9964 9965 9966 9967 9968 9969 9970 9971 9972 9973 9974 9975 9976 9977 9978 9979 9980 9981 9982 9983 9984 9985 9986 9987 9988 9989 9990 9991 9992 9993 9994 9995 9996 9997 9998 9999 10000 10001 10002 10003 10004 10005 10006 10007 10008 10009 10010 10011 10012 10013 10014 10015 10016 10017 10018 10019 10020 10021 10022 10023 10024 10025 10026 10027 10028 10029 10030 10031 10032 10033 10034 10035 10036 10037 10038 10039 10040 10041 10042 10043 10044 10045 10046 10047 10048 10049 10050 10051 10052 10053 10054 10055 10056 10057 10058 10059 10060 10061 10062 10063 10064 10065 10066 10067 10068 10069 10070 10071 10072 10073 10074 10075 10076 10077 10078 10079 10080 10081 10082 10083 10084 10085 10086 10087 10088 10089 10090 10091 10092 10093 10094 10095 10096 10097 10098 10099 10100 10101 10102 10103 10104 10105 10106 10107 10108 10109 10110 10111 10112 10113 10114 10115 10116 10117 10118 10119 10120 10121 10122 10123 10124 10125 10126 10127 10128 10129 10130 10131 10132 10133 10134 10135 10136 10137 10138 10139 10140 10141 10142 10143 10144 10145 10146 10147 10148 10149 10150 10151 10152 10153 10154 10155 10156 10157 10158 10159 10160 10161 10162 10163 10164 10165 10166 10167 10168 10169 10170 10171 10172 10173 10174 10175 10176 10177 10178 10179 10180 10181 10182 10183 10184 10185 10186 10187 10188 10189 10190 10191 10192 10193 10194 10195 10196 10197 10198 10199 10200 10201 10202 10203 10204 10205 10206 10207 10208 10209 10210 10211 10212 10213 10214 10215 10216 10217 10218 10219 10220 10221 10222 10223 10224 10225 10226 10227 10228 10229 10230 10231 10232 10233 10234 10235 10236 10237 10238 10239 10240 10241 10242 10243 10244 10245 10246 10247 10248 10249 10250 10251 10252 10253 10254 10255 10256 10257 10258 10259 10260 10261 10262 10263 10264 10265 10266 10267 10268 10269 10270 10271 10272 10273 10274 10275 10276 10277 10278 10279 10280 10281 10282 10283 10284 10285 10286 10287 10288 10289 10290 10291 10292 10293 10294 10295 10296 10297 10298 10299 10300 10301 10302 10303 10304 10305 10306 10307 10308 10309 10310 10311 10312 10313 10314 10315 10316 10317 10318 10319 10320 10321 10322 10323 10324 10325 10326 10327 10328 10329 10330 10331 10332 10333 10334 10335 10336 10337 10338 10339 10340 10341 10342 10343 10344 10345 10346 10347 10348 10349 10350 10351 10352 10353 10354 10355 10356 10357 10358 10359 10360 10361 10362 10363 10364 10365 10366 10367 10368 10369 10370 10371 10372 10373 10374 10375 10376 10377 10378 10379 10380 10381 10382 10383 10384 10385 10386 10387 10388 10389 10390 10391 10392 10393 10394 10395 10396 10397 10398 10399 10400 10401 10402 10403 10404 10405 10406 10407 10408 10409 10410 10411 10412 10413 10414 10415 10416 10417 10418 10419 10420 10421 10422 10423 10424 10425 10426 10427 10428 10429 10430 10431 10432 10433 10434 10435 10436 10437 10438 10439 10440 10441 10442 10443 10444 10445 10446 10447 10448 10449 10450 10451 10452 10453 10454 10455 10456 10457 10458 10459 10460 10461 10462 10463 10464 10465 10466 10467 10468 10469 10470 10471 10472 10473 10474 10475 10476 10477 10478 10479 10480 10481 10482 10483 10484 10485 10486 10487 10488 10489 10490 10491 10492 10493 10494 10495 10496 10497 10498 10499 10500 10501 10502 10503 10504 10505 10506 10507 10508 10509 10510 10511 10512 10513 10514 10515 10516 10517 10518 10519 10520 10521 10522 10523 10524 10525 10526 10527 10528 10529 10530 10531 10532 10533 10534 10535 10536 10537 10538 10539 10540 10541 10542 10543 10544 10545 10546 10547 10548 10549 10550 10551 10552 10553 10554 10555 10556 10557 10558 10559 10560 10561 10562 10563 10564 10565 10566 10567 10568 10569 10570 10571 10572 10573 10574 10575 10576 10577 10578 10579 10580 10581 10582 10583 10584 10585 10586 10587 10588 10589 10590 10591 10592 10593 10594 10595 10596 10597 10598 10599 10600 10601 10602 10603 10604 10605 10606 10607 10608 10609 10610 10611 10612 10613 10614 10615 10616 10617 10618 10619 10620 10621 10622 10623 10624 10625 10626 10627 10628 10629 10630 10631 10632 10633 10634 10635 10636 10637 10638 10639 10640 10641 10642 10643 10644 10645 10646 10647 10648 10649 10650 10651 10652 10653 10654 10655 10656 10657 10658 10659 10660 10661 10662 10663 10664 10665 10666 10667 10668 10669 10670 10671 10672 10673 10674 10675 10676 10677 10678 10679 10680 10681 10682 10683 10684 10685 10686 10687 10688 10689 10690 10691 10692 10693 10694 10695 10696 10697 10698 10699 10700 10701 10702 10703 10704 10705 10706 10707 10708 10709 10710 10711 10712 10713 10714 10715 10716 10717 10718 10719 10720 10721 10722 10723 10724 10725 10726 10727 10728 10729 10730 10731 10732 10733 10734 10735 10736 10737 10738 10739 10740 10741 10742 10743 10744 10745 10746 10747 10748 10749 10750 10751 10752 10753 10754 10755 10756 10757 10758 10759 10760 10761 10762 10763 10764 10765 10766 10767 10768 10769 10770 10771 10772 10773 10774 10775 10776 10777 10778 10779 10780 10781 10782 10783 10784 10785 10786 10787 10788 10789 10790 10791 10792 10793 10794 10795 10796 10797 10798 10799 10800 10801 10802 10803 10804 10805 10806 10807 10808 10809 10810 10811 10812 10813 10814 10815 10816 10817 10818 10819 10820 10821 10822 10823 10824 10825 10826 10827 10828 10829 10830 10831 10832 10833 10834 10835 10836 10837 10838 10839 10840 10841 10842 10843 10844 10845 10846 10847 10848 10849 10850 10851 10852 10853 10854 10855 10856 10857 10858 10859 10860 10861 10862 10863 10864 10865 10866 10867 10868 10869 10870 10871 10872 10873 10874 10875 10876 10877 10878 10879 10880 10881 10882 10883 10884 10885 10886 10887 10888 10889 10890 10891 10892 10893 10894 10895 10896 10897 10898 10899 10900 10901 10902 10903 10904 10905 10906 10907 10908 10909 10910 10911 10912 10913 10914 10915 10916 10917 10918 10919 10920 10921 10922 10923 10924 10925 10926 10927 10928 10929 10930 10931 10932 10933 10934 10935 10936 10937 10938 10939 10940 10941 10942 10943 10944 10945 10946 10947 10948 10949 10950 10951 10952 10953 10954 10955 10956 10957 10958 10959 10960 10961 10962 10963 10964 10965 10966 10967 10968 10969 10970 10971 10972 10973 10974 10975 10976 10977 10978 10979 10980 10981 10982 10983 10984 10985 10986 10987 10988 10989 10990 10991 10992 10993 10994 10995 10996 10997 10998 10999 11000 11001 11002 11003 11004 11005 11006 11007 11008 11009 11010 11011 11012 11013 11014 11015 11016 11017 11018 11019 11020 11021 11022 11023 11024 11025 11026 11027 11028 11029 11030 11031 11032 11033 11034 11035 11036 11037 11038 11039 11040 11041 11042 11043 11044 11045 11046 11047 11048 11049 11050 11051 11052 11053 11054 11055 11056 11057 11058 11059 11060 11061 11062 11063 11064 11065 11066 11067 11068 11069 11070 11071 11072 11073 11074 11075 11076 11077 11078 11079 11080 11081 11082 11083 11084 11085 11086 11087 11088 11089 11090 11091 11092 11093 11094 11095 11096 11097 11098 11099 11100 11101 11102 11103 11104 11105 11106 11107 11108 11109 11110 11111 11112 11113 11114 11115 11116 11117 11118 11119 11120 11121 11122 11123 11124 11125 11126 11127 11128 11129 11130 11131 11132 11133 11134 11135 11136 11137 11138 11139 11140 11141 11142 11143 11144 11145 11146 11147 11148 11149 11150 11151 11152 11153 11154 11155 11156 11157 11158 11159 11160 11161 11162 11163 11164 11165 11166 11167 </DataArray>
        <DataArray type="UInt8" Name="vtkGhostType" format="ascii" RangeMin="0" RangeMax="0">0 0 0 0 0 0 0 0 0 0 0 0 0 0 0 0 0 0 0 0 0 0 0 0 0 0 0 0 0 0 0 0 0 0 0 0 0 0 0 0 0 0 0 0 0 0 0 0 0 0 0 0 0 0 0 0 0 0 0 0 0 0 0 0 0 0 0 0 0 0 0 0 0 0 0 0 0 0 0 0 0 0 0 0 0 0 0 0 0 0 0 0 0 0 0 0 0 0 0 0 0 0 0 0 0 0 0 0 0 0 0 0 0 0 0 0 0 0 0 0 0 0 0 0 0 0 0 0 0 0 0 0 0 0 0 0 0 0 0 0 0 0 0 0 0 0 0 0 0 0 0 0 0 0 0 0 0 0 0 0 0 0 0 0 0 0 0 0 0 0 0 0 0 0 0 0 0 0 0 0 0 0 0 0 0 0 0 0 0 0 0 0 0 0 0 0 0 0 0 0 0 0 0 0 0 0 0 0 0 0 0 0 0 0 0 0 0 0 0 0 0 0 0 0 0 0 0 0 0 0 0 0 0 0 0 0 0 0 0 0 0 0 0 0 0 0 0 0 0 0 0 0 0 0 0 0 0 0 0 0 0 0 0 0 0 0 0 0 0 0 0 0 0 0 0 0 0 0 0 0 0 0 0 0 0 0 0 0 0 0 0 0 0 0 0 0 0 0 0 0 0 0 0 0 0 0 0 0 0 0 0 0 0 0 0 0 0 0 0 0 0 0 0 0 0 0 0 0 0 0 0 0 0 0 0 0 0 0 0 0 0 0 0 0 0 0 0 0 0 0 0 0 0 0 0 0 0 0 0 0 0 0 0 0 0 0 0 0 0 0 0 0 0 0 0 0 0 0 0 0 0 0 0 0 0 0 0 0 0 0 0 0 0 0 0 0 0 0 0 0 0 0 0 0 0 0 0 0 0 0 0 0 0 0 0 0 0 0 0 0 0 0 0 0 0 0 0 0 0 0 0 0 0 0 0 0 0 0 0 0 0 0 0 0 0 0 0 0 0 0 0 0 0 0 0 0 0 0 0 0 0 0 0 0 0 0 0 0 0 0 0 0 0 0 0 0 0 0 0 0 0 0 0 0 0 0 0 0 0 0 0 0 0 0 0 0 0 0 0 0 0 0 0 0 0 0 0 0 0 0 0 0 0 0 0 0 0 0 0 0 0 0 0 0 0 0 0 0 0 0 0 0 0 0 0 0 0 0 0 0 0 0 0 0 0 0 0 0 0 0 0 0 0 0 0 0 0 0 0 0 0 0 0 0 0 0 0 0 0 0 0 0 0 0 0 0 0 0 0 0 0 0 0 0 0 0 0 0 0 0 0 0 0 0 0 0 0 0 0 0 0 0 0 0 0 0 0 0 0 0 0 0 0 0 0 0 0 0 0 0 0 0 0 0 0 0 0 0 0 0 0 0 0 0 0 0 0 0 0 0 0 0 0 0 0 0 0 0 0 0 0 0 0 0 0 0 0 0 0 0 0 0 0 0 0 0 0 0 0 0 0 0 0 0 0 0 0 0 0 0 0 0 0 0 0 0 0 0 0 0 0 0 0 0 0 0 0 0 0 0 0 0 0 0 0 0 0 0 0 0 0 0 0 0 0 0 0 0 0 0 0 0 0 0 0 0 0 0 0 0 0 0 0 0 0 0 0 0 0 0 0 0 0 0 0 0 0 0 0 0 0 0 0 0 0 0 0 0 0 0 0 0 0 0 0 0 0 0 0 0 0 0 0 0 0 0 0 0 0 0 0 0 0 0 0 0 0 0 0 0 0 0 0 0 0 0 0 0 0 0 0 0 0 0 0 0 0 0 0 0 0 0 0 0 0 0 0 0 0 0 0 0 0 0 0 0 0 0 0 0 0 0 0 0 0 0 0 0 0 0 0 0 0 0 0 0 0 0 0 0 0 0 0 0 0 0 0 0 0 0 0 0 0 0 0 0 0 0 0 0 0 0 0 0 0 0 0 0 0 0 0 0 0 0 0 0 0 0 0 0 0 0 0 0 0 0 0 0 0 0 0 0 0 0 0 0 0 0 0 0 0 0 0 0 0 0 0 0 0 0 0 0 0 0 0 0 0 0 0 0 0 0 0 0 0 0 0 0 0 0 0 0 0 0 0 0 0 0 0 0 0 0 0 0 0 0 0 0 0 0 0 0 0 0 0 0 0 0 0 0 0 0 0 0 0 0 0 0 0 0 0 0 0 0 0 0 0 0 0 0 0 0 0 0 0 0 0 0 0 0 0 0 0 0 0 0 0 0 0 0 0 0 0 0 0 0 0 0 0 0 0 0 0 0 0 0 0 0 0 0 0 0 0 0 0 0 0 0 0 0 0 0 0 0 0 0 0 0 0 0 0 0 0 0 0 0 0 0 0 0 0 0 0 0 0 0 0 0 0 0 0 0 0 0 0 0 0 0 0 0 0 0 0 0 0 0 0 0 0 0 0 0 0 0 0 0 0 0 0 0 0 0 0 0 0 0 0 0 0 0 0 0 0 0 0 0 0 0 0 0 0 0 0 0 0 0 0 0 0 0 0 0 0 0 0 0 0 0 0 0 0 0 0 0 0 0 0 0 0 0 0 0 0 0 0 0 0 0 0 0 0 0 0 0 0 0 0 0 0 0 0 0 0 0 0 0 0 0 0 0 0 0 0 0 0 0 0 0 0 0 0 0 0 0 0 0 0 0 0 0 0 0 0 0 0 0 0 0 0 0 0 0 0 0 0 0 0 0 0 0 0 0 0 0 0 0 0 0 0 0 0 0 0 0 0 0 0 0 0 0 0 0 0 0 0 0 0 0 0 0 0 0 0 0 0 0 0 0 0 0 0 0 0 0 0 0 0 0 0 0 0 0 0 0 0 0 0 0 0 0 0 0 0 0 0 0 0 0 0 0 0 0 0 0 0 0 0 0 0 0 0 0 0 0 0 0 0 0 0 0 0 0 0 0 0 0 0 0 0 0 0 0 0 0 0 0 0 0 0 0 0 0 0 0 0 0 0 0 0 0 0 0 0 0 0 0 0 0 0 0 0 0 0 0 0 0 0 0 0 0 0 0 0 0 0 0 0 0 0 0 0 0 0 0 0 0 0 0 0 0 0 0 0 0 0 0 0 0 0 0 0 0 0 0 0 0 0 0 0 0 0 0 0 0 0 0 0 0 0 0 0 0 0 0 0 0 0 0 0 0 0 0 0 0 0 0 0 0 0 0 0 0 0 0 0 0 0 0 0 0 0 0 0 0 0 0 0 0 0 0 0 0 0 0 0 0 0 0 0 0 0 0 0 0 0 0 0 0 0 0 0 0 0 0 0 0 0 0 0 0 0 0 0 0 0 0 0 0 0 0 0 0 0 0 0 0 0 0 0 0 0 0 0 0 0 0 0 0 0 0 0 0 0 0 0 0 0 0 0 0 0 0 0 0 0 0 0 0 0 0 0 0 0 0 0 0 0 0 0 0 0 0 0 0 0 0 0 0 0 0 0 0 0 0 0 0 0 0 0 0 0 0 0 0 0 0 0 0 0 0 0 0 0 0 0 0 0 0 0 0 0 0 0 0 0 0 0 0 0 0 0 0 0 0 0 0 0 0 0 0 0 0 0 0 0 0 0 0 0 0 0 0 0 0 0 0 0 0 0 0 0 0 0 0 0 0 0 0 0 0 0 0 0 0 0 0 0 0 0 0 0 0 0 0 0 0 0 0 0 0 0 0 0 0 0 0 0 0 0 0 0 0 0 0 0 0 0 0 0 0 0 0 0 0 0 0 0 0 0 0 0 0 0 0 0 0 0 0 0 0 0 0 0 0 0 0 0 0 0 0 0 0 0 0 0 0 0 0 0 0 0 0 0 0 0 0 0 0 0 0 0 0 0 0 0 0 0 0 0 0 0 0 0 0 0 0 0 0 0 0 0 0 0 0 0 0 0 0 0 0 0 0 0 0 0 0 0 0 0 0 0 0 0 0 0 0 0 0 0 0 0 0 0 0 0 0 0 0 0 0 0 0 0 0 0 0 0 0 0 0 0 0 0 0 0 0 0 0 0 0 0 0 0 0 0 0 0 0 0 0 0 0 0 0 0 0 0 0 0 0 0 0 0 0 0 0 0 0 0 0 0 0 0 0 0 0 0 0 0 0 0 0 0 0 0 0 0 0 0 0 0 0 0 0 0 0 0 0 0 0 0 0 0 0 0 0 0 0 0 0 0 0 0 0 0 0 0 0 0 0 0 0 0 0 0 0 0 0 0 0 0 0 0 0 0 0 0 0 0 0 0 0 0 0 0 0 0 0 0 0 0 0 0 0 0 0 0 0 0 0 0 0 0 0 0 0 0 0 0 0 0 0 0 0 0 0 0 0 0 0 0 0 0 0 0 0 0 0 0 0 0 0 0 0 0 0 0 0 0 0 0 0 0 0 0 0 0 0 0 0 0 0 0 0 0 0 0 0 0 0 0 0 0 0 0 0 0 0 0 0 0 0 0 0 0 0 0 0 0 0 0 0 0 0 0 0 0 0 0 0 0 0 0 0 0 0 0 0 0 0 0 0 0 0 0 0 0 0 0 0 0 0 0 0 0 0 0 0 0 0 0 0 0 0 0 0 0 0 0 0 0 0 0 0 0 0 0 0 0 0 0 0 0 0 0 0 0 0 0 0 0 0 0 0 0 0 0 0 0 0 0 0 0 0 0 0 0 0 0 0 0 0 0 0 0 0 0 0 0 0 0 0 0 0 0 0 0 0 0 0 0 0 0 0 0 0 0 0 0 0 0 0 0 0 0 0 0 0 0 0 0 0 0 0 0 0 0 0 0 0 0 0 0 0 0 0 0 0 0 0 0 0 0 0 0 0 0 0 0 0 0 0 0 0 0 0 0 0 0 0 0 0 0 0 0 0 0 0 0 0 0 0 0 0 0 0 0 0 0 0 0 0 0 0 0 0 0 0 0 0 0 0 0 0 0 0 0 0 0 0 0 0 0 0 0 0 0 0 0 0 0 0 0 0 0 0 0 0 0 0 0 0 0 0 0 0 0 0 0 0 0 0 0 0 0 0 0 0 0 0 0 0 0 0 0 0 0 0 0 0 0 0 0 0 0 0 0 0 0 0 0 0 0 0 0 0 0 0 0 0 0 0 0 0 0 0 0 0 0 0 0 0 0 0 0 0 0 0 0 0 0 0 0 0 0 0 0 0 0 0 0 0 0 0 0 0 0 0 0 0 0 0 0 0 0 0 0 0 0 0 0 0 0 0 0 0 0 0 0 0 0 0 0 0 0 0 0 0 0 0 0 0 0 0 0 0 0 0 0 0 0 0 0 0 0 0 0 0 0 0 0 0 0 0 0 0 0 0 0 0 0 0 0 0 0 0 0 0 0 0 0 0 0 0 0 0 0 0 0 0 0 0 0 0 0 0 0 0 0 0 0 0 0 0 0 0 0 0 0 0 0 0 0 0 0 0 0 0 0 0 0 0 0 0 0 0 0 0 0 0 0 0 0 0 0 0 0 0 0 0 0 0 0 0 0 0 0 0 0 0 0 0 0 0 0 0 0 0 0 0 0 0 0 0 0 0 0 0 0 0 0 0 0 0 0 0 0 0 0 0 0 0 0 0 0 0 0 0 0 0 0 0 0 0 0 0 0 0 0 0 0 0 0 0 0 0 0 0 0 0 0 0 0 0 0 0 0 0 0 0 0 0 0 0 0 0 0 0 0 0 0 0 0 0 0 0 0 0 0 0 0 0 0 0 0 0 0 0 0 0 0 0 0 0 0 0 0 0 0 0 0 0 0 0 0 0 0 0 0 0 0 0 0 0 0 0 0 0 0 0 0 0 0 0 0 0 0 0 0 0 0 0 0 0 0 0 0 0 0 0 0 0 0 0 0 0 0 0 0 0 0 0 0 0 0 0 0 0 0 0 0 0 0 0 0 0 0 0 0 0 0 0 0 0 0 0 0 0 0 0 0 0 0 0 0 0 0 0 0 0 0 0 0 0 0 0 0 0 0 0 0 0 0 0 0 0 0 0 0 0 0 0 0 0 0 0 0 0 0 0 0 0 0 0 0 0 0 0 0 0 0 0 0 0 0 0 0 0 0 0 0 0 0 0 0 0 0 0 0 0 0 0 0 0 0 0 0 0 0 0 0 0 0 0 0 0 0 0 0 0 0 0 0 0 0 0 0 0 0 0 0 0 0 0 0 0 0 0 0 0 0 0 0 0 0 0 0 0 0 0 0 0 0 0 0 0 0 0 0 0 0 0 0 0 0 0 0 0 0 0 0 0 0 0 0 0 0 0 0 0 0 0 0 0 0 0 0 0 0 0 0 0 0 0 0 0 0 0 0 0 0 0 0 0 0 0 0 0 0 0 0 0 0 0 0 0 0 0 0 0 0 0 0 0 0 0 0 0 0 0 0 0 0 0 0 0 0 0 0 0 0 0 0 0 0 0 0 0 0 0 0 0 0 0 0 0 0 0 0 0 0 0 0 0 0 0 0 0 0 0 0 0 0 0 0 0 0 0 0 0 0 0 0 0 0 0 0 0 0 0 0 0 0 0 0 0 0 0 0 0 0 0 0 0 0 0 0 0 0 0 0 0 0 0 0 0 0 0 0 0 0 0 0 0 0 0 0 0 0 0 0 0 0 0 0 0 0 0 0 0 0 0 0 0 0 0 0 0 0 0 0 0 0 0 0 0 0 0 0 0 0 0 0 0 0 0 0 0 0 0 0 0 0 0 0 0 0 0 0 0 0 0 0 0 0 0 0 0 0 0 0 0 0 0 0 0 0 0 0 0 0 0 0 0 0 0 0 0 0 0 0 0 0 0 0 0 0 0 0 0 0 0 0 0 0 0 0 0 0 0 0 0 0 0 0 0 0 0 0 0 0 0 0 0 0 0 0 0 0 0 0 0 0 0 0 0 0 0 0 0 0 0 0 0 0 0 0 0 0 0 0 0 0 0 0 0 0 0 0 0 0 0 0 0 0 0 0 0 0 0 0 0 0 0 0 0 0 0 0 0 0 0 0 0 0 0 0 0 0 0 0 0 0 0 0 0 0 0 0 0 0 0 0 0 0 0 0 0 0 0 0 0 0 0 0 0 0 0 0 0 0 0 0 0 0 0 0 0 0 0 0 0 0 0 0 0 0 0 0 0 0 0 0 0 0 0 0 0 0 0 0 0 0 0 0 0 0 0 0 0 0 0 0 0 0 0 0 0 0 0 0 0 0 0 0 0 0 0 0 0 0 0 0 0 0 0 0 0 0 0 0 0 0 0 0 0 0 0 0 0 0 0 0 0 0 0 0 0 0 0 0 0 0 0 0 0 0 0 0 0 0 0 0 0 0 0 0 0 0 0 0 0 0 0 0 0 0 0 0 0 0 0 0 0 0 0 0 0 0 0 0 0 0 0 0 0 0 0 0 0 0 0 0 0 0 0 0 0 0 0 0 0 0 0 0 0 0 0 0 0 0 0 0 0 0 0 0 0 0 0 0 0 0 0 0 0 0 0 0 0 0 0 0 0 0 0 0 0 0 0 0 0 0 0 0 0 0 0 0 0 0 0 0 0 0 0 0 0 0 0 0 0 0 0 0 0 0 0 0 0 0 0 0 0 0 0 0 0 0 0 0 0 0 0 0 0 0 0 0 0 0 0 0 0 0 0 0 0 0 0 0 0 0 0 0 0 0 0 0 0 0 0 0 0 0 0 0 0 0 0 0 0 0 0 0 0 0 0 0 0 0 0 0 0 0 0 0 0 0 0 0 0 0 0 0 0 0 0 0 0 0 0 0 0 0 0 0 0 0 0 0 0 0 0 0 0 0 0 0 0 0 0 0 0 0 0 0 0 0 0 0 0 0 0 0 0 0 0 0 0 0 0 0 0 0 0 0 0 0 0 0 0 0 0 0 0 0 0 0 0 0 0 0 0 0 0 0 0 0 0 0 0 0 0 0 0 0 0 0 0 0 0 0 0 0 0 0 0 0 0 0 0 0 0 0 0 0 0 0 0 0 0 0 0 0 0 0 0 0 0 0 0 0 0 0 0 0 0 0 0 0 0 0 0 0 0 0 0 0 0 0 0 0 0 0 0 0 0 0 0 0 0 0 0 0 0 0 0 0 0 0 0 0 0 0 0 0 0 0 0 0 0 0 0 0 0 0 0 0 0 0 0 0 0 0 0 0 0 0 0 0 0 0 0 0 0 0 0 0 0 0 0 0 0 0 0 0 0 0 0 0 0 0 0 0 0 0 0 0 0 0 0 0 0 0 0 0 0 0 0 0 0 0 0 0 0 0 0 0 0 0 0 0 0 0 0 0 0 0 0 0 0 0 0 0 0 0 0 0 0 0 0 0 0 0 0 0 0 0 0 0 0 0 0 0 0 0 0 0 0 0 0 0 0 0 0 0 0 0 0 0 0 0 0 0 0 0 0 0 0 0 0 0 0 0 0 0 0 0 0 0 0 0 0 0 0 0 0 0 0 0 0 0 0 0 0 0 0 0 0 0 0 0 0 0 0 0 0 0 0 0 0 0 0 0 0 0 0 0 0 0 0 0 0 0 0 0 0 0 0 0 0 0 0 0 0 0 0 0 0 0 0 0 0 0 0 0 0 0 0 0 0 0 0 0 0 0 0 0 0 0 0 0 0 0 0 0 0 0 0 0 0 0 0 0 0 0 0 0 0 0 0 0 0 0 0 0 0 0 0 0 0 0 0 0 0 0 0 0 0 0 0 0 0 0 0 0 0 0 0 0 0 0 0 0 0 0 0 0 0 0 0 0 0 0 0 0 0 0 0 0 0 0 0 0 0 0 0 0 0 0 0 0 0 0 0 0 0 0 0 0 0 0 0 0 0 0 0 0 0 0 0 0 0 0 0 0 0 0 0 0 0 0 0 0 0 0 0 0 0 0 0 0 0 0 0 0 0 0 0 0 0 0 0 0 0 0 0 0 0 0 0 0 0 0 0 0 0 0 0 0 0 0 0 0 0 0 0 0 0 0 0 0 0 0 0 0 0 0 0 0 0 0 0 0 0 0 0 0 0 0 0 0 0 0 0 0 0 0 0 0 0 0 0 0 0 0 0 0 0 0 0 0 0 0 0 0 0 0 0 0 0 0 0 0 0 0 0 0 0 0 0 0 0 0 0 0 0 0 0 0 0 0 0 0 0 0 0 0 0 0 0 0 0 0 0 0 0 0 0 0 0 0 0 0 0 0 0 0 0 0 0 0 0 0 0 0 0 0 0 0 0 0 0 0 0 0 0 0 0 0 0 0 0 0 0 0 0 0 0 0 0 0 0 0 0 0 0 0 0 0 0 0 0 0 0 0 0 0 0 0 0 0 0 0 0 0 0 0 0 0 0 0 0 0 0 0 0 0 0 0 0 0 0 0 0 0 0 0 0 0 0 0 0 0 0 0 0 0 0 0 0 0 0 0 0 0 0 0 0 0 0 0 0 0 0 0 0 0 0 0 0 0 0 0 0 0 0 0 0 0 0 0 0 0 0 0 0 0 0 0 0 0 0 0 0 0 0 0 0 0 0 0 0 0 0 0 0 0 0 0 0 0 0 0 0 0 0 0 0 0 0 0 0 0 0 0 0 0 0 0 0 0 0 0 0 0 0 0 0 0 0 0 0 0 0 0 0 0 0 0 0 0 0 0 0 0 0 0 0 0 0 0 0 0 0 0 0 0 0 0 0 0 0 0 0 0 0 0 0 0 0 0 0 0 0 0 0 0 0 0 0 0 0 0 0 0 0 0 0 0 0 0 0 0 0 0 0 0 0 0 0 0 0 0 0 0 0 0 0 0 0 0 0 0 0 0 0 0 0 0 0 0 0 0 0 0 0 0 0 0 0 0 0 0 0 0 0 0 0 0 0 0 0 0 0 0 0 0 0 0 0 0 0 0 0 0 0 0 0 0 0 0 0 0 0 0 0 0 0 0 0 0 0 0 0 0 0 0 0 0 0 0 0 0 0 0 0 0 0 0 0 0 0 0 0 0 0 0 0 0 0 0 0 0 0 0 0 0 0 0 0 0 0 0 0 0 0 0 0 0 0 0 0 0 0 0 0 0 0 0 0 0 0 0 0 0 0 0 0 0 0 0 0 0 0 0 0 0 0 0 0 0 0 0 0 0 0 0 0 0 0 0 0 0 0 0 0 0 0 0 0 0 0 0 0 0 0 0 0 0 0 0 0 0 0 0 0 0 0 0 0 0 0 0 0 0 0 0 0 0 0 0 0 0 0 0 0 0 0 0 0 0 0 0 0 0 0 0 0 0 0 0 0 0 0 0 0 0 0 0 0 0 0 0 0 0 0 0 0 0 0 0 0 0 0 0 0 0 0 0 0 0 0 0 0 0 0 0 0 0 0 0 0 0 0 0 0 0 0 0 0 0 0 0 0 0 0 0 0 0 0 0 0 0 0 0 0 0 0 0 0 0 0 0 0 0 0 0 0 0 0 0 0 0 0 0 0 0 0 0 0 0 0 0 0 0 0 0 0 0 0 0 0 0 0 0 0 0 0 0 0 0 0 0 0 0 0 0 0 0 0 0 0 0 0 0 0 0 0 0 0 0 0 0 0 0 0 0 0 0 0 0 0 0 0 0 0 0 0 0 0 0 0 0 0 0 0 0 0 0 0 0 0 0 0 0 0 0 0 0 0 0 0 0 0 0 0 0 0 0 0 0 0 0 0 0 0 0 0 0 0 0 0 0 0 0 0 0 0 0 0 0 0 0 0 0 0 0 0 0 0 0 0 0 0 0 0 0 0 0 0 0 0 0 0 0 0 0 0 0 0 0 0 0 0 0 0 0 0 0 0 0 0 0 0 0 0 0 0 0 0 0 0 0 0 0 0 0 0 0 0 0 0 0 0 0 0 0 0 0 0 0 0 0 0 0 0 0 0 0 0 0 0 0 0 0 0 0 0 0 0 0 0 0 0 0 0 0 0 0 0 0 0 0 0 0 0 0 0 0 0 0 0 0 0 0 0 0 0 0 0 0 0 0 0 0 0 0 0 0 0 0 0 0 0 0 0 0 0 0 0 0 0 0 0 0 0 0 0 0 0 0 0 0 0 0 0 0 0 0 0 0 0 0 0 0 0 0 0 0 0 0 0 0 0 0 0 0 0 0 0 0 0 0 0 0 0 0 0 0 0 0 0 0 0 0 0 0 0 0 0 0 0 0 0 0 0 0 0 0 0 0 0 0 0 0 0 0 0 0 0 0 0 0 0 0 0 0 0 0 0 0 0 0 0 0 0 0 0 0 0 0 0 0 0 0 0 0 0 0 0 0 0 0 0 0 0 0 0 0 0 0 0 0 0 0 0 0 0 0 0 0 0 0 0 0 0 0 0 0 0 0 0 0 0 0 0 0 0 0 0 0 0 0 0 0 0 0 0 0 0 0 0 0 0 0 0 0 0 0 0 0 0 0 0 0 0 0 0 0 0 0 0 0 0 0 0 0 0 0 0 0 0 0 0 0 0 0 0 0 0 0 0 0 0 0 0 0 0 0 0 0 0 0 0 0 0 0 0 0 0 0 0 0 0 0 0 0 0 0 0 0 0 0 0 0 0 0 0 0 0 0 0 0 0 0 0 0 0 0 0 0 0 0 0 0 0 0 0 0 0 0 0 0 0 0 0 0 0 0 0 0 0 0 0 0 0 0 0 0 0 0 0 0 0 0 0 0 0 0 0 0 0 0 0 0 0 0 0 0 0 0 0 0 0 0 0 0 0 0 0 0 0 0 0 0 0 0 0 0 0 0 0 0 0 0 0 0 0 0 0 0 0 0 0 0 0 0 0 0 0 0 0 0 0 0 0 0 0 0 0 0 0 0 0 0 0 0 0 0 0 0 0 0 0 0 0 0 0 0 0 0 0 0 0 0 0 0 0 0 0 0 0 0 0 0 0 0 0 0 0 0 0 0 0 0 0 0 0 0 0 0 0 0 0 0 0 0 0 0 0 0 0 0 0 0 0 0 0 0 0 0 0 0 0 0 0 0 0 0 0 0 0 0 0 0 0 0 0 0 0 0 0 0 0 0 0 0 0 0 0 0 0 0 0 0 0 0 0 0 0 0 0 0 0 0 0 0 0 0 0 0 0 0 0 0 0 0 0 0 0 0 0 0 0 0 0 0 0 0 0 0 0 0 0 0 0 0 0 0 0 0 0 0 0 0 0 0 0 0 0 0 0 0 0 0 0 0 0 0 0 0 0 0 0 0 0 0 0 0 0 0 0 0 0 0 0 0 0 0 0 0 0 0 0 0 0 0 0 0 0 0 0 0 0 0 0 0 0 0 0 0 0 0 0 0 0 0 0 0 0 0 0 0 0 0 0 0 0 0 0 0 0 0 0 0 0 0 0 0 0 0 0 0 0 0 0 0 0 0 0 0 0 0 0 0 0 0 0 0 0 0 0 0 0 0 0 0 0 0 0 0 0 0 0 0 0 0 0 0 0 0 0 0 0 0 0 0 0 0 0 0 0 0 0 0 0 0 0 0 0 0 0 0 0 0 0 0 0 0 0 0 0 0 0 0 0 0 0 0 0 0 0 0 0 0 0 0 0 0 0 0 0 0 0 0 0 0 0 0 0 0 0 0 0 0 0 0 0 0 0 0 0 0 0 0 0 0 0 0 0 0 0 0 0 0 0 0 0 0 0 0 0 0 0 0 0 0 0 0 0 0 0 0 0 0 0 0 0 0 0 0 0 0 0 0 0 0 0 0 0 0 0 0 0 0 0 0 0 0 0 0 0 0 0 0 0 0 0 0 0 0 0 0 0 0 0 0 0 0 0 0 0 0 0 0 0 0 0 0 0 0 0 0 0 0 0 0 0 0 0 0 0 0 0 0 0 0 0 0 0 0 0 0 0 0 0 0 0 0 0 0 0 0 0 0 0 0 0 0 0 0 0 0 0 0 0 0 0 0 0 0 0 0 0 0 0 0 0 0 0 0 0 0 0 0 0 0 0 0 0 0 0 0 0 0 0 0 0 0 0 0 0 0 0 0 0 0 0 0 0 0 0 0 0 0 0 0 0 0 0 0 0 0 0 0 0 0 0 0 0 0 0 0 0 0 0 0 0 0 0 0 0 0 0 0 0 0 0 0 0 0 0 0 0 0 0 0 0 0 0 0 0 0 0 0 0 0 0 0 0 0 0 0 0 0 0 0 0 0 0 0 0 0 0 0 0 0 0 0 0 0 0 0 0 0 0 0 0 0 0 0 0 0 0 0 0 0 0 0 0 0 0 0 0 0 0 0 0 0 0 0 0 0 0 0 0 0 0 0 0 0 0 0 0 0 0 0 0 0 0 0 0 0 0 0 0 0 0 0 0 0 0 0 0 0 0 0 0 0 0 0 0 0 0 0 0 0 0 0 0 0 0 0 0 0 0 0 0 0 0 0 0 0 0 0 0 0 0 0 0 0 0 0 0 0 0 0 0 0 0 0 0 0 0 0 0 0 0 0 0 0 0 0 0 0 0 0 0 0 0 0 0 0 0 0 0 0 0 0 0 0 0 0 0 0 0 0 0 0 0 0 0 0 0 0 0 0 0 0 0 0 0 0 0 0 0 0 0 0 0 0 0 0 0 0 0 0 0 0 0 0 0 0 0 0 0 0 0 0 0 0 0 0 0 0 0 0 0 0 0 0 0 0 0 0 0 0 0 0 0 0 0 0 0 0 0 0 0 0 0 0 0 0 0 0 0 0 0 0 0 0 0 0 0 0 0 0 0 0 0 0 0 0 0 0 0 0 0 0 0 0 0 0 0 0 0 0 0 0 0 0 0 0 0 0 0 0 0 0 0 0 0 0 0 0 0 0 0 0 0 0 0 0 0 0 0 0 0 0 0 0 0 0 0 0 0 0 0 0 0 0 0 0 0 0 0 0 0 0 0 0 0 0 0 0 0 0 0 0 0 0 0 0 0 0 0 0 0 0 0 0 0 0 0 0 0 0 0 0 0 0 0 0 0 0 0 0 0 0 0 0 0 0 0 0 0 0 0 0 0 0 0 0 0 0 0 0 0 0 0 0 0 0 0 0 0 0 0 0 0 0 0 0 0 0 0 0 0 0 0 0 0 0 0 0 0 0 0 0 0 0 0 0 0 0 0 0 0 0 0 0 0 0 0 0 0 0 0 0 0 0 0 0 0 0 0 0 0 0 0 0 0 0 0 0 0 0 0 0 0 0 0 0 0 0 0 0 0 0 0 0 0 0 0 0 0 0 0 0 0 0 0 0 0 0 0 0 0 0 0 0 0 0 0 0 0 0 0 0 0 0 0 0 0 0 0 0 0 0 0 0 0 0 0 0 0 0 0 0 0 0 0 0 0 0 0 0 0 0 0 0 0 0 0 0 0 0 0 0 0 0 0 0 0 0 0 0 0 0 0 0 0 0 0 0 0 0 0 0 0 0 0 0 0 0 0 0 0 0 0 0 0 0 0 0 0 0 0 0 0 0 0 0 0 0 0 0 0 0 0 0 0 0 0 0 0 0 0 0 0 0 0 0 0 0 0 0 0 0 0 0 0 0 0 0 0 0 0 0 0 0 0 0 0 0 0 0 0 0 0 0 0 0 0 0 0 0 0 0 0 0 0 0 0 0 0 0 0 0 0 0 0 0 0 0 0 0 0 0 0 0 0 0 0 0 0 0 0 0 0 0 0 0 0 0 0 0 0 0 0 0 0 0 0 0 0 0 0 0 0 0 0 0 0 0 0 0 0 0 0 0 0 0 0 0 0 0 0 0 0 0 0 0 0 0 0 0 0 0 0 0 0 0 0 0 0 0 0 0 0 0 0 0 0 0 0 0 0 0 0 0 0 0 0 0 0 0 0 0 0 0 0 0 0 0 0 0 0 0 0 0 0 0 0 0 0 0 0 0 0 0 0 0 0 0 0 0 0 0 0 0 0 0 0 0 0 0 0 0 0 0 0 0 0 0 0 0 0 0 0 0 0 0 0 0 0 0 0 0 0 0 0 0 0 0 0 0 0 0 0 0 0 0 0 0 0 0 0 0 0 0 0 0 0 0 0 0 0 0 0 0 0 0 0 0 0 0 0 0 0 0 0 0 0 0 0 0 0 0 0 0 0 0 0 0 0 0 0 0 0 0 0 0 0 0 0 0 0 0 0 0 0 0 0 0 0 0 0 0 0 0 0 0 0 0 0 0 0 0 0 0 0 0 0 0 0 0 0 0 0 0 0 0 0 0 0 0 0 0 0 0 0 0 0 0 0 0 0 0 0 0 0 0 0 0 0 0 0 0 0 0 0 0 0 0 0 0 0 0 0 0 0 0 0 0 0 0 0 0 0 0 0 0 0 0 0 0 0 0 0 0 0 0 0 0 0 0 0 0 0 0 0 0 0 0 0 0 0 0 0 0 0 0 0 0 0 0 0 0 0 0 0 0 0 0 0 0 0 0 0 0 0 0 0 0 0 0 0 0 0 0 0 0 0 0 0 0 0 0 0 0 0 0 0 0 0 0 0 0 0 0 0 0 0 0 0 0 0 0 0 0 0 0 0 0 0 0 0 0 0 0 0 0 0 0 0 0 0 0 0 0 0 0 0 0 0 0 0 0 0 0 0 0 0 0 0 0 0 0 0 0 0 0 0 0 0 0 0 0 0 0 0 0 0 0 0 0 0 0 0 0 0 0 0 0 0 0 0 0 0 0 0 0 0 0 0 0 0 0 0 0 0 0 0 0 0 0 0 0 0 0 0 0 0 0 0 0 0 0 0 0 0 0 0 0 0 0 0 0 0 0 0 0 0 0 0 0 0 0 0 0 0 0 0 0 0 0 0 0 0 0 0 0 0 0 0 0 0 0 0 0 0 0 0 0 0 0 0 0 0 0 0 0 0 0 0 0 0 0 0 0 0 0 0 0 0 0 0 0 0 0 0 0 0 0 0 0 0 0 0 0 0 0 0 0 0 0 0 0 0 0 0 0 0 0 0 0 0 0 0 0 0 0 0 0 0 0 0 0 0 0 0 0 0 0 0 0 0 0 0 0 0 0 0 0 0 0 0 0 0 0 0 0 0 0 0 0 0 0 0 0 0 0 0 0 0 0 0 0 0 0 0 0 0 0 0 0 0 0 0 0 0 0 0 0 0 0 0 0 0 0 0 0 0 0 0 0 0 0 0 0 0 0 0 0 0 0 0 0 0 0 0 0 0 0 0 0 0 0 0 0 0 0 0 0 0 0 0 0 0 0 0 0 0 0 0 0 0 0 0 0 0 0 0 0 0 0 0 0 0 0 0 0 0 0 0 0 0 0 0 0 0 0 0 0 0 0 0 0 0 0 0 0 0 0 0 0 0 0 0 0 0 0 0 0 0 0 0 0 0 0 0 0 0 0 0 0 0 0 0 0 0 0 0 0 0 0 0 0 0 0 0 0 0 0 0 0 0 0 0 0 0 0 0 0 0 0 0 0 0 0 0 0 0 0 0 0 0 0 0 0 0 0 0 0 0 0 0 0 0 0 0 0 0 0 0 0 0 0 0 0 0 0 0 0 0 0 0 0 0 0 0 0 0 0 0 0 0 0 0 0 0 0 0 0 0 0 0 0 0 0 0 0 0 0 0 0 0 0 0 0 0 0 0 0 0 0 0 0 0 0 0 0 0 0 0 0 0 0 0 0 0 0 0 0 0 0 0 0 0 0 0 0 0 0 0 0 0 0 0 0 0 0 0 0 0 0 0 0 0 0 0 0 0 0 0 0 0 0 0 0 0 0 0 0 0 0 0 0 0 0 0 0 0 0 0 0 0 0 0 0 0 0 0 0 0 0 0 0 0 0 0 0 0 0 0 0 0 0 0 0 0 0 0 0 0 0 0 0 0 0 0 0 0 0 0 0 0 0 0 0 0 0 0 0 0 0 0 0 0 0 0 0 0 0 0 0 0 0 0 0 0 0 0 0 0 0 0 0 0 0 0 0 0 0 0 0 0 0 0 0 0 0 0 0 0 0 0 0 0 0 0 0 0 0 0 0 0 0 0 0 0 0 0 0 0 0 0 0 0 0 0 0 0 0 0 0 0 0 0 0 0 0 0 0 0 0 0 0 0 0 0 0 0 0 0 0 0 0 0 0 0 0 0 0 0 0 0 0 0 0 0 0 0 0 0 0 0 0 0 0 0 0 0 0 0 0 0 0 0 0 0 0 0 0 0 0 0 0 0 0 0 0 0 0 0 0 0 0 0 0 0 0 0 0 0 0 0 0 0 0 0 0 0 0 0 0 0 0 0 0 0 0 0 0 0 0 0 0 0 0 0 0 0 0 0 0 0 0 0 0 0 0 0 0 0 0 0 0 0 0 0 0 0 0 0 0 0 0 0 0 0 0 0 0 0 0 0 0 0 0 0 0 0 0 0 0 0 0 0 0 0 0 0 0 0 0 0 0 0 0 0 0 0 0 0 0 0 0 0 0 0 0 0 0 0 0 0 0 0 0 0 0 0 0 0 0 0 0 0 0 0 0 0 0 0 0 0 0 0 0 0 0 0 0 0 0 0 0 0 0 0 0 0 0 0 0 0 0 0 0 0 0 0 0 0 0 0 0 0 0 0 0 0 0 0 0 0 0 0 0 0 0 0 0 0 0 0 0 0 0 0 0 0 0 0 0 0 0 0 0 0 0 0 0 0 0 0 0 0 0 0 0 0 0 0 0 0 0 0 0 0 0 0 0 0 0 0 0 0 0 0 0 0 0 0 0 0 0 0 0 0 0 0 0 0 0 0 0 0 0 0 0 0 0 0 0 0 0 0 0 0 0 0 0 0 0 0 0 0 0 0 0 0 0 0 0 0 0 0 0 0 0 0 0 0 0 0 0 0 0 0 0 0 0 0 0 0 0 0 0 0 0 0 0 0 0 0 0 0 0 0 0 0 0 0 0 0 0 0 0 0 0 0 0 0 0 0 0 0 0 0 0 0 0 0 0 0 0 0 0 0 0 0 0 0 0 0 0 0 0 0 0 0 0 0 0 0 0 0 0 0 0 0 0 0 0 0 0 0 0 0 0 0 0 0 0 0 0 0 0 0 0 0 0 0 0 0 0 0 0 0 0 0 0 0 0 0 0 0 0 0 0 0 0 0 0 0 0 0 0 0 0 0 0 0 0 0 0 0 0 0 0 0 0 0 0 0 0 0 0 0 0 0 0 0 0 0 0 0 0 0 0 0 0 0 0 0 0 0 0 0 0 0 0 0 0 0 0 0 0 0 0 0 0 0 0 0 0 0 0 0 0 0 0 0 0 0 0 0 0 0 0 0 0 0 0 0 0 0 0 0 0 0 0 0 0 0 0 0 0 0 0 0 0 0 0 0 0 0 0 0 0 0 0 0 0 0 0 0 0 0 0 0 0 0 0 0 0 0 0 0 0 0 0 0 0 0 0 0 0 0 0 0 0 0 0 0 0 0 0 0 0 0 0 0 0 0 0 0 0 0 0 0 0 0 0 0 0 0 0 0 0 0 0 0 0 0 0 0 0 0 0 0 0 0 0 0 0 0 0 0 0 0 0 0 0 0 0 0 0 0 0 0 0 0 0 0 0 0 0 0 0 0 0 0 0 0 0 0 0 0 0 0 0 0 0 0 0 0 0 0 0 0 0 0 0 0 0 0 0 0 0 0 0 0 0 0 0 0 0 0 0 0 0 0 0 0 0 0 0 0 0 0 0 0 0 0 0 0 0 0 0 0 0 0 0 0 0 0 0 0 0 0 0 0 0 0 0 0 0 0 0 0 0 0 0 0 0 0 0 0 0 0 0 0 0 0 0 0 0 0 0 0 0 0 0 0 0 0 0 0 0 0 0 0 0 0 0 0 0 0 0 0 0 0 0 0 0 0 0 0 0 0 0 0 0 0 0 0 0 0 0 0 0 0 0 0 0 0 0 0 0 0 0 0 0 0 0 0 0 0 0 0 0 0 0 0 0 0 0 0 0 0 0 0 0 0 0 0 0 0 0 0 0 0 0 0 0 0 0 0 0 0 0 0 0 0 0 0 0 0 0 0 0 0 0 0 0 0 0 0 0 0 0 0 0 0 0 0 0 0 0 0 0 0 0 0 0 0 0 0 0 0 0 0 0 0 0 0 0 0 0 0 0 0 0 0 0 0 0 0 0 0 0 0 0 0 0 0 0 0 0 0 0 0 0 0 0 0 0 0 0 0 0 0 0 0 0 0 0 0 0 0 0 0 0 0 0 0 0 0 0 0 0 0 0 0 0 0 0 0 0 0 0 0 0 0 0 0 0 0 0 0 0 0 0 0 0 0 0 0 0 0 0 0 0 0 0 0 0 0 0 0 0 0 0 0 0 0 0 0 0 0 0 0 0 0 0 0 0 0 0 0 0 0 0 0 0 0 0 0 0 0 0 0 0 0 0 0 0 0 0 0 0 0 0 0 0 0 0 0 0 0 0 0 0 0 0 0 0 0 0 0 0 0 0 0 0 0 0 0 0 0 0 0 0 0 0 0 0 0 0 0 0 0 0 0 0 0 0 0 0 0 0 0 0 0 0 0 0 0 0 0 0 0 0 0 0 0 0 0 0 0 0 0 0 0 0 0 0 0 0 0 0 0 0 0 0 0 0 0 0 0 0 0 0 0 0 0 0 0 0 0 0 0 0 0 0 0 0 0 0 0 0 0 0 0 0 0 0 0 0 0 0 0 0 0 0 0 0 0 0 0 0 0 0 0 0 0 0 0 0 0 0 0 0 0 0 0 0 0 0 0 0 0 0 0 0 0 0 0 0 0 0 0 0 0 0 0 0 0 0 0 0 0 0 0 0 0 0 0 0 0 0 0 0 0 0 0 0 0 0 0 0 0 0 0 0 0 0 0 0 0 0 0 0 0 0 0 0 0 0 0 0 0 0 0 0 0 0 0 0 0 0 0 0 0 0 0 0 0 0 0 0 0 0 0 0 0 0 0 0 0 0 0 0 0 0 0 0 0 0 0 0 0 0 0 0 0 0 0 0 0 0 0 0 0 0 0 0 0 0 0 0 0 0 0 0 0 0 0 0 0 0 0 0 0 0 0 0 0 0 0 0 0 0 0 0 0 0 0 0 0 0 0 0 0 0 0 0 0 0 0 0 0 0 0 0 0 0 0 0 0 0 0 0 0 0 0 0 0 0 0 0 0 0 0 0 0 0 0 0 0 0 0 0 0 0 0 0 0 0 0 0 0 0 0 0 0 0 0 0 0 0 0 0 0 0 0 0 0 0 0 0 0 0 0 0 0 0 0 0 0 0 0 0 0 0 0 0 0 0 0 0 0 0 0 0 0 0 0 0 0 0 0 0 0 0 0 0 0 0 0 0 0 0 0 0 0 0 0 0 0 0 0 0 0 0 0 0 0 0 0 0 0 0 0 0 0 0 0 0 0 0 0 0 0 0 0 0 0 0 0 0 0 0 0 0 0 0 0 0 0 0 0 0 0 0 0 0 0 0 0 0 0 0 0 0 0 0 0 0 0 0 0 0 0 0 0 0 0 0 0 0 0 0 0 0 0 0 0 0 0 0 0 0 0 0 0 0 0 0 0 0 0 0 0 0 0 0 0 0 0 0 0 0 0 0 0 0 0 0 0 0 0 0 0 0 0 0 0 0 0 0 0 0 0 0 0 0 0 0 0 0 0 0 0 0 0 0 0 0 0 0 0 0 0 0 0 0 0 0 0 0 0 0 0 0 0 0 0 0 0 0 0 0 0 0 0 0 0 0 0 0 0 0 0 0 0 0 0 0 0 0 0 0 0 0 0 0 0 0 0 0 0 0 0 0 0 0 0 0 0 0 0 0 0 0 0 0 0 0 0 0 0 0 0 0 0 0 0 0 0 0 0 0 0 0 0 0 0 0 0 0 0 0 0 0 0 0 0 0 0 0 0 0 0 0 0 0 0 0 0 0 0 0 0 0 0 0 0 0 0 0 0 0 0 0 0 0 0 0 0 0 0 0 0 0 0 0 0 0 0 0 0 0 0 0 0 0 0 0 0 0 0 0 0 0 0 0 0 0 0 0 0 0 0 0 0 0 0 0 0 0 0 0 0 0 0 0 0 0 0 0 0 0 0 0 0 0 0 0 0 0 0 0 0 0 0 0 0 0 0 0 0 0 0 0 0 0 0 0 0 0 0 0 0 0 0 0 0 0 0 0 0 0 0 0 0 0 0 0 0 0 0 0 0 0 0 0 0 0 0 0 0 0 0 0 0 0 0 0 0 0 0 0 0 0 0 0 0 0 0 0 0 0 0 0 0 0 0 0 0 0 0 0 0 0 0 0 0 0 0 0 0 0 0 0 0 0 0 0 0 0 0 0 0 0 0 0 0 0 0 0 0 0 0 0 0 0 0 0 0 0 0 0 0 0 0 0 0 0 0 0 0 0 0 0 0 0 0 0 0 0 0 0 0 0 0 0 0 0 0 0 0 0 0 0 0 0 0 0 0 0 0 0 0 0 0 0 0 0 0 0 0 0 0 0 0 0 0 0 0 0 0 0 0 0 0 0 0 0 0 0 0 0 0 0 0 0 0 0 0 0 0 0 0 0 0 0 0 0 0 0 0 0 0 0 0 0 0 0 0 0 0 0 0 0 0 0 0 0 0 0 0 0 0 0 0 0 0 0 0 0 0 0 0 0 0 0 0 0 0 0 0 0 0 0 0 0 0 0 0 0 0 0 0 0 0 0 0 0 0 0 0 0 0 0 0 0 0 0 0 0 0 0 0 0 0 0 0 0 0 0 0 0 0 0 0 0 0 0 0 0 0 0 0 0 0 0 0 0 0 0 0 0 0 0 0 0 0 0 0 0 0 0 0 0 0 0 0 0 0 0 0 0 0 0 0 0 0 0 0 0 0 0 0 0 0 0 0 0 0 0 0 0 0 0 0 0 0 0 0 0 0 0 0 0 0 0 0 0 0 0 0 0 0 0 0 0 0 0 0 0 0 0 0 0 0 0 0 0 0 0 0 0 0 0 0 0 0 0 0 0 0 0 0 0 0 0 0 0 0 0 0 0 0 0 0 0 0 0 0 0 0 0 0 0 0 0 0 0 0 0 0 0 0 0 0 0 0 0 0 0 0 0 0 0 0 0 0 0 0 0 0 0 0 0 0 0 0 0 0 0 0 0 0 0 0 0 0 0 0 0 0 0 0 0 0 0 0 0 0 0 0 0 0 0 0 0 0 0 0 0 0 0 0 0 0 0 0 0 0 0 0 0 0 0 0 0 0 0 0 0 0 0 0 0 0 0 0 0 0 0 0 0 0 0 0 0 0 0 0 0 0 0 0 0 0 0 0 0 0 0 0 0 0 0 0 0 0 0 0 0 0 0 0 0 0 0 0 0 0 0 0 0 0 0 0 0 0 0 0 0 0 0 0 0 0 0 0 0 0 0 0 0 0 0 0 0 0 0 0 0 0 0 0 0 0 0 0 0 0 0 0 0 0 0 0 0 0 0 0 0 0 0 0 0 0 0 0 0 0 0 0 0 0 0 0 0 0 0 0 0 0 0 0 0 0 0 0 0 0 0 0 0 0 0 0 0 0 0 0 0 0 0 0 0 0 0 0 0 0 0 0 0 0 0 0 0 0 0 0 0 0 0 0 0 0 0 0 0 0 0 0 0 0 0 0 0 0 0 0 0 0 0 0 0 0 0 0 0 0 0 0 0 0 0 0 0 0 0 0 0 0 0 0 0 0 0 0 0 0 0 0 0 0 0 0 0 0 0 0 0 0 0 0 0 0 0 0 0 0 0 0 0 0 0 0 0 0 0 0 0 0 0 0 0 0 0 0 0 0 0 0 0 0 0 0 0 0 0 0 0 0 0 0 0 0 0 0 0 0 0 0 0 0 0 0 0 0 0 0 0 0 0 0 0 0 0 0 0 0 0 0 0 0 0 0 0 0 0 0 0 0 0 0 0 0 0 0 0 0 0 0 0 0 0 0 0 0 0 0 0 0 0 0 0 0 0 0 0 0 0 0 0 0 0 0 0 0 0 0 0 0 0 0 0 0 0 0 0 0 0 0 0 0 0 0 0 0 0 0 0 0 0 0 0 0 0 0 0 0 0 0 0 0 0 0 0 0 0 0 0 0 0 0 0 0 0 0 0 0 0 0 0 0 0 0 0 0 0 0 0 0 0 0 0 0 0 0 0 0 0 0 0 0 0 0 0 0 0 0 0 0 0 0 0 0 0 0 0 0 0 0 0 0 0 0 0 0 0 0 0 0 0 0 0 0 0 0 0 0 0 0 0 0 0 0 0 0 0 0 0 0 0 0 0 0 0 0 0 0 0 0 0 0 0 0 0 0 0 0 0 0 0 0 0 0 0 0 0 0 0 0 0 0 0 0 0 0 0 0 0 0 0 0 0 0 0 0 0 0 0 0 0 0 0 0 0 0 0 0 0 0 0 0 0 0 0 0 0 0 0 0 0 0 0 0 0 0 0 0 0 0 0 0 0 0 0 0 0 0 0 0 0 0 0 0 0 0 0 0 0 0 0 0 0 0 0 0 0 0 0 0 0 0 0 0 0 0 0 0 0 0 0 0 0 0 0 0 0 0 0 0 0 0 0 0 0 0 0 0 0 0 0 0 0 0 0 0 0 0 0 0 0 0 0 0 0 0 0 0 0 0 0 0 0 0 0 0 0 0 0 0 0 0 0 0 0 0 0 0 0 0 0 0 0 0 0 0 0 0 0 0 0 0 0 0 0 0 0 0 0 0 0 0 0 0 0 0 0 0 0 0 0 0 0 0 0 0 0 0 0 0 0 0 0 0 0 0 0 0 0 0 0 0 0 0 0 0 0 0 0 0 0 0 0 0 0 0 0 0 0 0 0 0 0 0 0 0 0 0 0 0 0 0 0 0 0 0 0 0 0 0 0 0 0 0 0 0 0 0 0 0 0 0 0 0 0 0 0 0 0 0 0 0 0 0 0 0 0 0 0 0 0 0 0 0 0 0 0 0 0 0 0 0 0 0 0 0 0 0 0 0 0 0 0 0 0 0 0 0 0 0 0 0 0 0 0 0 0 0 0 0 0 0 0 0 0 0 0 0 0 0 0 0 0 0 0 0 0 0 0 0 0 0 0 0 0 0 0 0 0 0 0 0 0 0 0 0 0 0 0 0 0 0 0 0 0 0 0 0 0 0 0 0 0 0 0 0 0 0 0 0 0 0 0 0 0 0 0 0 0 0 0 0 0 0 0 0 0 0 0 0 0 0 0 0 0 0 0 0 0 0 0 0 0 0 0 0 0 0 0 0 0 0 0 0 0 0 0 0 0 0 0 0 0 0 0 0 0 0 0 0 0 0 0 0 0 0 0 0 0 0 0 0 0 0 0 0 0 0 0 0 0 0 0 0 0 0 0 0 0 0 0 0 0 0 0 0 0 0 0 0 0 0 0 0 0 0 0 0 0 0 0 0 0 0 0 0 0 0 0 0 0 0 0 0 0 0 0 0 0 0 0 0 0 0 0 0 0 0 0 0 0 0 0 0 0 0 0 0 0 0 0 0 0 0 0 0 0 0 0 0 0 0 0 0 0 0 0 0 0 0 0 0 0 0 0 0 0 0 0 0 0 0 0 0 0 0 0 0 0 0 0 0 0 0 0 0 0 0 0 0 0 0 0 0 0 0 0 0 0 0 0 0 0 0 0 0 0 0 0 0 0 0 0 0 0 0 0 0 0 0 0 0 0 0 0 0 0 0 0 0 0 0 0 0 0 0 0 0 0 0 0 0 0 0 0 0 0 0 0 0 0 0 0 0 0 0 0 0 0 0 0 0 0 0 0 0 0 0 0 0 0 0 0 0 0 0 0 0 0 0 0 0 0 0 0 0 0 0 0 0 0 0 0 0 0 0 0 0 0 0 0 0 0 0 0 0 0 0 0 0 0 0 0 0 0 0 0 0 0 0 0 0 0 0 0 0 0 0 0 0 0 0 0 0 0 0 0 0 0 0 0 0 0 0 0 0 0 0 0 0 0 0 0 0 0 0 0 0 0 0 0 0 0 0 0 0 0 0 0 0 0 0 0 0 0 0 0 0 0 0 0 0 0 0 0 0 0 0 0 0 0 0 0 0 0 0 0 0 0 0 0 0 0 0 0 0 0 0 0 0 </DataArray>
        <DataArray type="Float64" Name="solution_wirebasket" format="ascii" NumberOfComponents="3">0.7403874617483086 0 0 0.7546474206034364 0 0 0.7451407813666844 0 0 0.7498941009850608 0 0 0.7958203829743477 0 0 0.7588651021569884 0 0 0.7773427425656686 0 0 0.8120790225311172 0 0 0.8012399294932706 0 0 0.8066594760121942 0 0 0.7546474206034361 0 0 0.7588375391881561 0 0 0.756044126798343 0 0 0.75744083299325 0 0 0.8122454559167943 0 0 0.7766401780977021 0 0 0.7944428170072484 0 0 0.812079022531117 0 0 0.8120833673865732 0 0 0.8121389062934298 0 0 0.7588375391881573 0 0 0.7546474206034373 0 0 0.7574408329932506 0 0 0.756044126798344 0 0 0.812245455916794 0 0 0.7766401780977028 0 0 0.7944428170072485 0 0 0.812079022531117 0 0 0.8121389062934293 0 0 0.8120833673865728 0 0 0.7546474206034373 0 0 0.7403874617483094 0 0 0.749894100985061 0 0 0.7451407813666855 0 0 0.7958203829743491 0 0 0.7588651021569892 0 0 0.7773427425656693 0 0 0.812079022531117 0 0 0.8066594760121942 0 0 0.8012399294932716 0 0 0.7690220043536501 0 0 0.769156080096532 0 0 0.7690666962679444 0 0 0.7691113881822382 0 0 0.8155166489732759 0 0 0.7845202192268589 0 0 0.8000184341000676 0 0 0.8156973538762851 0 0 0.8155768839409455 0 0 0.8156371189086152 0 0 0.7691560800965321 0 0 0.7958203829743477 0 0 0.7780441810558039 0 0 0.786932282015076 0 0 0.8151703372732191 0 0 0.8022703677406384 0 0 0.8087203525069288 0 0 0.8156973538762847 0 0 0.8153748361567986 0 0 0.8151693749026458 0 0 0.7958203829743477 0 0 0.8120790225311172 0 0 0.8012399294932706 0 0 0.8066594760121941 0 0 0.8151703372732189 0 0 0.8022703677406384 0 0 0.8087203525069288 0 0 0.8120790225311172 0 0 0.8124248095154504 0 0 0.8114671178842586 0 0 0.8120790225311167 0 0 0.7958203829743489 0 0 0.8066594760121941 0 0 0.8012399294932716 0 0 0.8151703372732193 0 0 0.802270367740639 0 0 0.8087203525069289 0 0 0.8120790225311167 0 0 0.8114671178842592 0 0 0.8124248095154516 0 0 0.7958203829743489 0 0 0.7691560800965344 0 0 0.7869322820150773 0 0 0.7780441810558059 0 0 0.8151703372732187 0 0 0.802270367740639 0 0 0.8087203525069289 0 0 0.8156973538762735 0 0 0.815169374902643 0 0 0.8153748361567914 0 0 0.7691560800965344 0 0 0.7690220043536528 0 0 0.7691113881822405 0 0 0.7690666962679465 0 0 0.8155166489732645 0 0 0.7845202192268554 0 0 0.8000184341000584 0 0 0.815697353876267 0 0 0.8156371189086042 0 0 0.815576883940941 0 0 0.7784560612476509 0 0 0.778604362942979 0 0 0.7785054951460935 0 0 0.7785549290445364 0 0 0.8155166184219418 0 0 0.7908095803057481 0 0 0.803163099363845 0 0 0.815871182885619 0 0 0.8156348065765004 0 0 0.8157529947310601 0 0 0.7786043629429785 0 0 0.8155166489732759 0 0 0.7909084582864108 0 0 0.8032125536298438 0 0 0.8158712133146989 0 0 0.8156348370870832 0 0 0.8157530252008912 0 0 0.8158711828856183 0 0 0.8244829437383263 0 0 0.8238719690702792 0 0 0.8155166489732759 0 0 0.8156973538762851 0 0 0.8155768839409455 0 0 0.8156371189086152 0 0 0.8158712133146985 0 0 0.8156348370870832 0 0 0.8157530252008912 0 0 0.8156973538762851 0 0 0.8147176570323416 0 0 0.8146600785920831 0 0 0.815697353876267 0 0 0.8155166489732578 0 0 0.8156371189086042 0 0 0.815576883940941 0 0 0.815871213314696 0 0 0.8156348370870652 0 0 0.8157530252008726 0 0 0.815697353876267 0 0 0.8146600785920662 0 0 0.8147176570323313 0 0 0.8155166489732578 0 0 0.7786043629429824 0 0 0.8032125536298351 0 0 0.7909084582864085 0 0 0.8158712133146866 0 0 0.8156348370870652 0 0 0.8157530252008726 0 0 0.8158711828856192 0 0 0.823871969070243 0 0 0.8244829437382941 0 0 0.7786043629429824 0 0 0.7784560612476549 0 0 0.7785549290445398 0 0 0.7785054951460975 0 0 0.8155166184219429 0 0 0.790809580305751 0 0 0.8031630993638468 0 0 0.8158711828856197 0 0 0.8157529947310608 0 0 0.8156348065765019 0 0 0.7690220060773314 0 0 0.7691560818088893 0 0 0.7690666979878507 0 0 0.7691113898983701 0 0 0.8155166184219418 0 0 0.7845202101922013 0 0 0.8000184143070719 0 0 0.8156973235152086 0 0 0.8155768534530308 0 0 0.8156370884841199 0 0 0.7691560818088889 0 0 0.7958203824346781 0 0 0.7780441820174853 0 0 0.786932282226082 0 0 0.8151703395125609 0 0 0.8022703681273055 0 0 0.8087203538199332 0 0 0.8156973235152082 0 0 0.815374823045673 0 0 0.8151693722498916 0 0 0.8155166184219418 0 0 0.8156973235152086 0 0 0.8155768534530308 0 0 0.8156370884841199 0 0 0.8158711828856186 0 0 0.8156348065765007 0 0 0.8157529947310602 0 0 0.8156973235152086 0 0 0.8147176671964751 0 0 0.8146600887650023 0 0 0.81587118288562 0 0 0.8156973235152076 0 0 0.8147176671964863 0 0 0.8146600887650147 0 0 0.8155166184219435 0 0 0.8157529947310611 0 0 0.8156348065765019 0 0 0.8156973235152076 0 0 0.8155768534530311 0 0 0.8156370884841254 0 0 0.8155166184219435 0 0 0.8156973235152076 0 0 0.8155768534530311 0 0 0.8156370884841254 0 0 0.769022006077332 0 0 0.8000184143070728 0 0 0.7845202101922022 0 0 0.7691560818088894 0 0 0.7690666979878513 0 0 0.7691113898983701 0 0 0.8156973235151994 0 0 0.8151703395125601 0 0 0.8153748230456731 0 0 0.8151693722498905 0 0 0.7958203824346782 0 0 0.8087203538199329 0 0 0.8022703681273057 0 0 0.7691560818088897 0 0 0.7780441820174859 0 0 0.786932282226082 0 0 0.740387461793668 0 0 0.7546474205437121 0 0 0.745140781377016 0 0 0.7498941009603645 0 0 0.7958203824346781 0 0 0.758865102007338 0 0 0.7773427422210084 0 0 0.8120790224330418 0 0 0.8012399291007992 0 0 0.8066594757669207 0 0 0.7546474205437119 0 0 0.7588375390975542 0 0 0.7560441267283261 0 0 0.7574408329129405 0 0 0.8122454559387581 0 0 0.776640178044622 0 0 0.7944428169916902 0 0 0.8120790224330418 0 0 0.8120833673313316 0 0 0.8121389062781443 0 0 0.7958203824346781 0 0 0.8120790224330418 0 0 0.8012399291007992 0 0 0.8066594757669208 0 0 0.8151703395125605 0 0 0.8022703681273055 0 0 0.8087203538199333 0 0 0.8120790224330418 0 0 0.8124248099340637 0 0 0.8114671175827163 0 0 0.8151703395125601 0 0 0.8120790224330401 0 0 0.812424809934061 0 0 0.8114671175827128 0 0 0.7958203824346785 0 0 0.8087203538199329 0 0 0.8022703681273057 0 0 0.8120790224330401 0 0 0.801239929100799 0 0 0.8066594757669194 0 0 0.7958203824346785 0 0 0.8120790224330403 0 0 0.801239929100799 0 0 0.8066594757669194 0 0 0.740387461793669 0 0 0.7773427422210084 0 0 0.7588651020073385 0 0 0.7546474205437129 0 0 0.7451407813770168 0 0 0.7498941009603646 0 0 0.8120790224330405 0 0 0.8122454559387563 0 0 0.81208336733133 0 0 0.812138906278142 0 0 0.7588375390975556 0 0 0.7944428169916889 0 0 0.7766401780446222 0 0 0.7546474205437133 0 0 0.7560441267283272 0 0 0.7574408329129413 0 0 0.7588375390975548 0 0 0.7546474205437125 0 0 0.7574408329129407 0 0 0.7560441267283267 0 0 0.8122454559387572 0 0 0.7766401780446222 0 0 0.7944428169916898 0 0 0.8120790224330412 0 0 0.8121389062781434 0 0 0.812083367331331 0 0 0.7546474205437125 0 0 0.7403874617936687 0 0 0.7498941009603646 0 0 0.7451407813770168 0 0 0.7958203824346779 0 0 0.7588651020073385 0 0 0.7773427422210082 0 0 0.8120790224330412 0 0 0.8066594757669203 0 0 0.8012399291007991 0 0 0.8120790224330412 0 0 0.795820382434678 0 0 0.8066594757669203 0 0 0.8012399291007991 0 0 0.8151703395125622 0 0 0.8022703681273059 0 0 0.8087203538199341 0 0 0.8120790224330412 0 0 0.8114671175827148 0 0 0.8124248099340634 0 0 0.8120790224330416 0 0 0.8151703395125677 0 0 0.8114671175827173 0 0 0.8124248099340667 0 0 0.7958203824346789 0 0 0.8087203538199381 0 0 0.8022703681273082 0 0 0.8120790224330416 0 0 0.806659475766921 0 0 0.8012399291007998 0 0 0.8122454559387573 0 0 0.8120790224330415 0 0 0.8121389062781436 0 0 0.8120833673313306 0 0 0.7588375390975559 0 0 0.7944428169916897 0 0 0.7766401780446225 0 0 0.7546474205437131 0 0 0.7574408329129423 0 0 0.7560441267283269 0 0 0.8120790224330416 0 0 0.7958203824346796 0 0 0.806659475766921 0 0 0.8012399291007998 0 0 0.7403874617936688 0 0 0.7773427422210094 0 0 0.7588651020073388 0 0 0.7546474205437139 0 0 0.7498941009603655 0 0 0.7451407813770168 0 0 0.795820382434678 0 0 0.7691560818088917 0 0 0.7869322822260827 0 0 0.778044182017487 0 0 0.8151703395125619 0 0 0.8022703681273059 0 0 0.808720353819934 0 0 0.8156973235151982 0 0 0.8151693722498914 0 0 0.8153748230456694 0 0 0.7691560818088917 0 0 0.7690220060773338 0 0 0.7691113898983725 0 0 0.7690666979878532 0 0 0.8155166184219318 0 0 0.7845202101921998 0 0 0.8000184143070657 0 0 0.815697323515198 0 0 0.8156370884841092 0 0 0.8155768534530204 0 0 0.815697323515198 0 0 0.8155166184219316 0 0 0.8156370884841092 0 0 0.8155768534530204 0 0 0.8158711828856111 0 0 0.8156348065764936 0 0 0.8157529947310524 0 0 0.815697323515198 0 0 0.8146600887649923 0 0 0.8147176671964583 0 0 0.8156973235152025 0 0 0.8158711828856118 0 0 0.814660088764995 0 0 0.8147176671964624 0 0 0.8155166184219402 0 0 0.8157529947310602 0 0 0.8156348065765032 0 0 0.8156973235152025 0 0 0.8156370884841139 0 0 0.8155768534530219 0 0 0.8151703395125677 0 0 0.8156973235152063 0 0 0.8151693722498945 0 0 0.8153748230456664 0 0 0.7958203824346796 0 0 0.8087203538199381 0 0 0.8022703681273082 0 0 0.7691560818088926 0 0 0.7869322822260838 0 0 0.7780441820174879 0 0 0.8156973235152025 0 0 0.8155166184219457 0 0 0.8156370884841139 0 0 0.8155768534530219 0 0 0.7690220060773345 0 0 0.8000184143070586 0 0 0.7845202101921962 0 0 0.7691560818088929 0 0 0.7691113898983738 0 0 0.7690666979878538 0 0 0.8155166184219316 0 0 0.8158711828856177 0 0 0.8156348065764936 0 0 0.8157529947310524 0 0 0.7784560612476561 0 0 0.8031630993638397 0 0 0.7908095803057479 0 0 0.7786043629429835 0 0 0.7785054951460987 0 0 0.7785549290445413 0 0 0.8158711828856019 0 0 0.8158712133146829 0 0 0.8244829437382815 0 0 0.823871969070234 0 0 0.8155166489732606 0 0 0.8157530252008758 0 0 0.8156348370870679 0 0 0.7786043629429837 0 0 0.7909084582864094 0 0 0.8032125536298349 0 0 0.8158712133146829 0 0 0.815697353876277 0 0 0.8147176570323352 0 0 0.8146600785920699 0 0 0.815516648973261 0 0 0.8157530252008758 0 0 0.8156348370870679 0 0 0.815697353876277 0 0 0.8155768839409379 0 0 0.8156371189086072 0 0 0.8156973538762565 0 0 0.8158712133146758 0 0 0.8146600785920295 0 0 0.8147176570322955 0 0 0.8155166489732468 0 0 0.8157530252008619 0 0 0.8156348370870607 0 0 0.8156973538762565 0 0 0.8156371189085801 0 0 0.8155768839409097 0 0 0.8158712133146758 0 0 0.8158711828856198 0 0 0.8238719690701863 0 0 0.8244829437382368 0 0 0.8155166489732477 0 0 0.8157530252008619 0 0 0.8156348370870607 0 0 0.7786043629429885 0 0 0.8032125536298171 0 0 0.7909084582864025 0 0 0.8158711828856113 0 0 0.8155166184219457 0 0 0.8157529947310531 0 0 0.8156348065765032 0 0 0.7784560612476609 0 0 0.8031630993638333 0 0 0.7908095803057463 0 0 0.778604362942989 0 0 0.7785549290445465 0 0 0.7785054951461037 0 0 0.815516648973261 0 0 0.815697353876277 0 0 0.8155768839409379 0 0 0.8156371189086072 0 0 0.7690220043536533 0 0 0.8000184341000582 0 0 0.7845202192268554 0 0 0.7691560800965345 0 0 0.7690666962679468 0 0 0.7691113881822405 0 0 0.8156973538762706 0 0 0.815170337273219 0 0 0.8153748361567908 0 0 0.815169374902643 0 0 0.7958203829743496 0 0 0.8087203525069291 0 0 0.8022703677406391 0 0 0.7691560800965347 0 0 0.7780441810558065 0 0 0.7869322820150779 0 0 0.815170337273219 0 0 0.8120790225311181 0 0 0.8124248095154529 0 0 0.8114671178842607 0 0 0.7958203829743499 0 0 0.8087203525069291 0 0 0.8022703677406391 0 0 0.8120790225311181 0 0 0.8012399294932724 0 0 0.806659476012195 0 0 0.8120790225311182 0 0 0.8151703372732217 0 0 0.8114671178842634 0 0 0.8124248095154558 0 0 0.7958203829743512 0 0 0.8087203525069318 0 0 0.8022703677406412 0 0 0.8120790225311182 0 0 0.8066594760121959 0 0 0.8012399294932735 0 0 0.8151703372732217 0 0 0.8156973538762556 0 0 0.8151693749026397 0 0 0.815374836156777 0 0 0.7958203829743518 0 0 0.8087203525069318 0 0 0.8022703677406412 0 0 0.7691560800965382 0 0 0.7869322820150806 0 0 0.7780441810558094 0 0 0.8156973538762565 0 0 0.8155166489732477 0 0 0.8156371189085801 0 0 0.8155768839409097 0 0 0.7690220043536565 0 0 0.8000184341000403 0 0 0.7845202192268479 0 0 0.7691560800965387 0 0 0.7691113881822449 0 0 0.7690666962679505 0 0 0.7958203829743499 0 0 0.8120790225311181 0 0 0.8012399294932724 0 0 0.8066594760121951 0 0 0.7403874617483102 0 0 0.7773427425656697 0 0 0.7588651021569892 0 0 0.7546474206034377 0 0 0.7451407813666859 0 0 0.7498941009850615 0 0 0.8120790225311183 0 0 0.8122454559167954 0 0 0.8120833673865742 0 0 0.8121389062934304 0 0 0.758837539188157 0 0 0.7944428170072493 0 0 0.7766401780977029 0 0 0.754647420603438 0 0 0.7560441267983444 0 0 0.7574408329932505 0 0 0.8122454559167946 0 0 0.8120790225311179 0 0 0.8121389062934299 0 0 0.8120833673865729 0 0 0.7588375391881574 0 0 0.7944428170072489 0 0 0.7766401780977026 0 0 0.7546474206034369 0 0 0.7574408329932508 0 0 0.7560441267983433 0 0 0.8120790225311181 0 0 0.7958203829743518 0 0 0.806659476012196 0 0 0.8012399294932735 0 0 0.7403874617483103 0 0 0.7773427425656718 0 0 0.7588651021569908 0 0 0.7546474206034373 0 0 0.7498941009850618 0 0 0.745140781366686 0 0 0.7588375391881561 0 0 0.812245455916794 0 0 0.7766401780977021 0 0 0.7944428170072484 0 0 0.7698124602020935 0 0 0.762495846192802 0 0 0.766154153197448 0 0 0.8113976376546148 0 0 0.8110114181348989 0 0 0.8107228708665501 0 0 0.7836741860196004 0 0 0.7975359118371077 0 0 0.7698124602020935 0 0 0.8113976376546145 0 0 0.7836741860196004 0 0 0.7975359118371077 0 0 0.7735997527742186 0 0 0.7710748910594685 0 0 0.7723373219168437 0 0 0.8106477446629381 0 0 0.8100752777921401 0 0 0.8098270195268716 0 0 0.7859490834037918 0 0 0.7982984140333651 0 0 0.7735997527742186 0 0 0.8106477446629377 0 0 0.7859490834037918 0 0 0.7982984140333651 0 0 0.7698124602020943 0 0 0.7723373219168437 0 0 0.7710748910594691 0 0 0.8113976376546129 0 0 0.809827019526871 0 0 0.8100752777921392 0 0 0.7836741860196005 0 0 0.7975359118371067 0 0 0.7698124602020943 0 0 0.8113976376546126 0 0 0.7836741860196005 0 0 0.7975359118371067 0 0 0.7588375391881573 0 0 0.7661541531974487 0 0 0.7624958461928029 0 0 0.812245455916794 0 0 0.8107228708665488 0 0 0.8110114181348982 0 0 0.7766401780977028 0 0 0.7944428170072485 0 0 0.7588375390975542 0 0 0.7698124601751598 0 0 0.7624958461234229 0 0 0.7661541531492916 0 0 0.8122454559387576 0 0 0.776640178044622 0 0 0.7944428169916902 0 0 0.8113976376502092 0 0 0.7836741860001761 0 0 0.7975359118251928 0 0 0.8110114181415186 0 0 0.8107228708649614 0 0 0.8122454559387563 0 0 0.8113976376502101 0 0 0.8110114181415181 0 0 0.8107228708649615 0 0 0.7588375390975559 0 0 0.7944428169916889 0 0 0.7766401780446222 0 0 0.7698124601751609 0 0 0.7975359118251938 0 0 0.7836741860001774 0 0 0.7624958461234244 0 0 0.7661541531492924 0 0 0.7698124601751598 0 0 0.77359975275266 0 0 0.7710748910343266 0 0 0.7723373218934936 0 0 0.8113976376502088 0 0 0.7836741860001761 0 0 0.7975359118251928 0 0 0.8106477446632862 0 0 0.7859490833895354 0 0 0.7982984140264109 0 0 0.8100752777887734 0 0 0.8098270195250729 0 0 0.8113976376502101 0 0 0.8106477446632882 0 0 0.810075277788775 0 0 0.8098270195250737 0 0 0.7698124601751615 0 0 0.7975359118251938 0 0 0.7836741860001774 0 0 0.7735997527526611 0 0 0.7982984140264126 0 0 0.7859490833895365 0 0 0.7710748910343279 0 0 0.7723373218934944 0 0 0.77359975275266 0 0 0.76981246017516 0 0 0.7723373218934934 0 0 0.771074891034327 0 0 0.8106477446632859 0 0 0.7859490833895354 0 0 0.7982984140264109 0 0 0.8113976376502097 0 0 0.7836741860001766 0 0 0.7975359118251932 0 0 0.8098270195250727 0 0 0.8100752777887742 0 0 0.8106477446632882 0 0 0.8113976376502101 0 0 0.809827019525074 0 0 0.8100752777887742 0 0 0.7735997527526618 0 0 0.7982984140264126 0 0 0.7859490833895365 0 0 0.7698124601751609 0 0 0.7975359118251939 0 0 0.7836741860001771 0 0 0.7723373218934946 0 0 0.7710748910343275 0 0 0.76981246017516 0 0 0.7588375390975548 0 0 0.7661541531492917 0 0 0.7624958461234235 0 0 0.8113976376502097 0 0 0.7836741860001766 0 0 0.7975359118251932 0 0 0.8122454559387572 0 0 0.7766401780446222 0 0 0.7944428169916898 0 0 0.8107228708649618 0 0 0.8110114181415187 0 0 0.8113976376502101 0 0 0.8122454559387573 0 0 0.8107228708649621 0 0 0.8110114181415181 0 0 0.7698124601751615 0 0 0.7975359118251939 0 0 0.7836741860001771 0 0 0.7588375390975552 0 0 0.7944428169916897 0 0 0.7766401780446225 0 0 0.7661541531492926 0 0 0.7624958461234239 0 0 0.8122454559167954 0 0 0.7588375391881576 0 0 0.7944428170072493 0 0 0.7766401780977029 0 0 0.8113976376546141 0 0 0.8110114181348992 0 0 0.8107228708665494 0 0 0.7698124602020948 0 0 0.7624958461928031 0 0 0.7661541531974491 0 0 0.7975359118371077 0 0 0.7836741860196014 0 0 0.8113976376546141 0 0 0.7698124602020953 0 0 0.7975359118371077 0 0 0.7836741860196014 0 0 0.8106477446629388 0 0 0.8100752777921402 0 0 0.8098270195268713 0 0 0.7735997527742181 0 0 0.7710748910594696 0 0 0.7723373219168443 0 0 0.7982984140333653 0 0 0.7859490834037917 0 0 0.8106477446629388 0 0 0.7735997527742188 0 0 0.7982984140333653 0 0 0.7859490834037917 0 0 0.8113976376546128 0 0 0.8098270195268711 0 0 0.8100752777921387 0 0 0.7698124602020946 0 0 0.7723373219168435 0 0 0.7710748910594687 0 0 0.7975359118371068 0 0 0.7836741860196007 0 0 0.8113976376546128 0 0 0.7698124602020952 0 0 0.7975359118371068 0 0 0.7836741860196007 0 0 0.8122454559167946 0 0 0.8107228708665488 0 0 0.8110114181348984 0 0 0.7588375391881568 0 0 0.766154153197449 0 0 0.7624958461928026 0 0 0.7944428170072489 0 0 0.7766401780977026 0 0 3.113628647118737e-19 0 0 2.22810410319948e-19 0 0 -3.112267433461464e-19 0 0 2.722427314539914e-22 0 0 -2.221978641741761e-19 0 0 1.335092884165238e-19 0 0 -1.777855156124865e-19 0 0 0.00961545381595477 0 0 0.003205151271984921 0 0 0.006410302543969847 0 0 0.003205151271984921 0 0 0.00641030254396985 0 0 4.468459129314413e-20 0 0 0.009615453815954769 0 0 0.003205151271984921 0 0 0.00641030254396985 0 0 3.113408139344374e-19 0 0 1.324277186007397e-19 0 0 -4.427517418618321e-19 0 0 0.01913830892041197 0 0 0.01278973885077383 0 0 0.01596402388559291 0 0 0.006379436306803986 0 0 0.01275887261360799 0 0 3.113408139344374e-19 0 0 0.01913830892041197 0 0 0.006379436306803986 0 0 0.01275887261360799 0 0 4.380383023622327e-20 0 0 4.367178791631351e-20 0 0 -4.37856893341546e-19 0 0 0.02847685690274834 0 0 0.02225115824785742 0 0 0.02536400757530289 0 0 0.009492285634249441 0 0 0.0189845712684989 0 0 4.380383023622327e-20 0 0 0.02847685690274834 0 0 0.009492285634249441 0 0 0.0189845712684989 0 0 8.331188800945096e-19 0 0 8.45300727936855e-20 0 0 -9.573824296833487e-19 0 0 0.03754116141576446 0 0 0.03149829174042038 0 0 0.03451972657809243 0 0 0.01251372047192148 0 0 0.02502744094384298 0 0 8.331188800945096e-19 0 0 0.03754116141576445 0 0 0.01251372047192148 0 0 0.02502744094384298 0 0 1.083215879867973e-18 0 0 1.216330667399141e-19 0 0 -5.60327150230072e-19 0 0 0.04624392303979031 0 0 0.04044208195710639 0 0 0.04334300249844839 0 0 0.01541464101326343 0 0 0.03082928202652688 0 0 1.083215879867973e-18 0 0 0.04624392303979031 0 0 0.01541464101326343 0 0 0.03082928202652688 0 0 1.322881154681697e-18 0 0 7.191990369495884e-19 0 0 -7.93458001151083e-19 0 0 0.05450131921488686 0 0 0.04899638843148914 0 0 0.05174885382318802 0 0 0.01816710640496227 0 0 0.03633421280992457 0 0 1.322881154681697e-18 0 0 0.05450131921488682 0 0 0.01816710640496227 0 0 0.03633421280992457 0 0 1.549806709778923e-18 0 0 8.29108970112603e-19 0 0 -8.981713143704351e-19 0 0 0.06223381161465433 0 0 0.05707881668147598 0 0 0.05965631414806519 0 0 0.02074460387155143 0 0 0.0414892077431029 0 0 1.549806709778923e-18 0 0 0.06223381161465432 0 0 0.02074460387155143 0 0 0.0414892077431029 0 0 9.119458250395506e-20 0 0 1.003640890341971e-19 0 0 -8.952412945480497e-19 0 0 0.06936691370906541 0 0 0.06461151231279133 0 0 0.06698921301092842 0 0 0.02312230456968845 0 0 0.04624460913937696 0 0 9.119458250395506e-20 0 0 0.06936691370906538 0 0 0.02312230456968845 0 0 0.04624460913937696 0 0 1.956840956600602e-18 0 0 1.809614504118672e-19 0 0 -2.043376393802651e-18 0 0 0.07583191151427486 0 0 0.07152191297746853 0 0 0.07367691224587172 0 0 0.0252773038380916 0 0 0.05055460767618324 0 0 1.956840956600602e-18 0 0 0.07583191151427485 0 0 0.0252773038380916 0 0 0.05055460767618324 0 0 2.292197213893225e-18 0 0 8.124205827780697e-20 0 0 -2.20916937464211e-18 0 0 0.08156653057762371 0 0 0.07774345120205778 0 0 0.07965499088984078 0 0 0.02718884352587455 0 0 0.05437768705174913 0 0 2.292197213893225e-18 0 0 0.08156653057762366 0 0 0.02718884352587455 0 0 0.05437768705174913 0 0 2.288675955347112e-18 0 0 -2.111287688951475e-20 0 0 -1.22171957592321e-18 0 0 0.08651554204481791 0 0 0.08321620106668841 0 0 0.0848658715557532 0 0 0.02883851401493929 0 0 0.05767702802987863 0 0 2.288675955347112e-18 0 0 0.08651554204481791 0 0 0.02883851401493929 0 0 0.05767702802987863 0 0 2.099211084049286e-20 0 0 5.900603399809497e-20 0 0 -2.475524833305302e-18 0 0 0.09063130019570198 0 0 0.08788746142844592 0 0 0.08925938081207398 0 0 0.03021043339856731 0 0 0.06042086679713465 0 0 2.099211084049286e-20 0 0 0.09063130019570194 0 0 0.03021043339856731 0 0 0.06042086679713465 0 0 2.53255689687378e-18 0 0 -1.302232134440806e-20 0 0 -1.315762382632328e-18 0 0 0.09387420346872583 0 0 0.09171226795337657 0 0 0.09279323571105123 0 0 0.03129140115624193 0 0 0.06258280231248391 0 0 2.53255689687378e-18 0 0 0.09387420346872581 0 0 0.03129140115624193 0 0 0.06258280231248391 0 0 1.2909380173636e-20 0 0 -8.768425102375648e-21 0 0 -1.343973554273783e-18 0 0 0.09621307166815149 0 0 0.09465382620186767 0 0 0.0954334489350096 0 0 0.0320710238893838 0 0 0.06414204777876766 0 0 1.2909380173636e-20 0 0 0.09621307166815142 0 0 0.0320710238893838 0 0 0.06414204777876766 0 0 5.467160717709627e-18 0 0 8.635453468527304e-21 0 0 -2.694469170823757e-18 0 0 0.09762543475849175 0 0 0.09668385936493154 0 0 0.09715464706171167 0 0 0.0325418115861639 0 0 0.06508362317232784 0 0 5.467160717709627e-18 0 0 0.09762543475849175 0 0 0.0325418115861639 0 0 0.06508362317232784 0 0 2.713973166276794e-18 0 0 4.314891318308129e-21 0 0 -2.716255273666976e-18 0 0 0.09809773328087021 0 0 0.09778286759928453 0 0 0.09794030044007743 0 0 0.03269924442695673 0 0 0.06539848885391349 0 0 2.713973166276794e-18 0 0 0.09809773328087019 0 0 0.03269924442695673 0 0 0.06539848885391349 0 0 2.722700236745216e-18 0 0 -5.067854342572254e-23 0 0 -1.357064635581261e-18 0 0 0.09762543475849184 0 0 0.0979403004400774 0 0 0.09778286759928466 0 0 0.03254181158616393 0 0 0.06508362317232791 0 0 2.722700236745216e-18 0 0 0.09762543475849184 0 0 0.03254181158616393 0 0 0.06508362317232791 0 0 2.705206586002461e-18 0 0 8.647473865840375e-21 0 0 -1.326589139480188e-18 0 0 0.09621307166815168 0 0 0.09715464706171176 0 0 0.09668385936493173 0 0 0.03207102388938388 0 0 0.06414204777876779 0 0 2.705206586002461e-18 0 0 0.09621307166815168 0 0 0.03207102388938388 0 0 0.06414204777876779 0 0 2.661661297017802e-18 0 0 -8.748961325069391e-21 0 0 -2.625120416696307e-18 0 0 0.09387420346872606 0 0 0.0954334489350098 0 0 0.09465382620186794 0 0 0.03129140115624202 0 0 0.06258280231248406 0 0 2.661661297017802e-18 0 0 0.09387420346872608 0 0 0.03129140115624202 0 0 0.06258280231248406 0 0 -1.304853642294989e-20 0 0 1.700677607050454e-20 0 0 -1.240781391870576e-18 0 0 0.09063130019570217 0 0 0.09279323571105144 0 0 0.09171226795337681 0 0 0.03021043339856739 0 0 0.06042086679713479 0 0 -1.304853642294989e-20 0 0 0.09063130019570217 0 0 0.03021043339856739 0 0 0.06042086679713479 0 0 2.498340870824546e-18 0 0 -1.711854586695403e-20 0 0 -2.437478665631134e-18 0 0 0.086515542044818 0 0 0.08925938081207409 0 0 0.08788746142844604 0 0 0.02883851401493933 0 0 0.05767702802987865 0 0 2.498340870824546e-18 0 0 0.086515542044818 0 0 0.02883851401493933 0 0 0.05767702802987865 0 0 2.380138156720324e-18 0 0 -2.107524134711654e-20 0 0 -2.307932661041371e-18 0 0 0.08156653057762354 0 0 0.08486587155575318 0 0 0.08321620106668837 0 0 0.02718884352587451 0 0 0.05437768705174903 0 0 2.380138156720324e-18 0 0 0.08156653057762357 0 0 0.02718884352587451 0 0 0.05437768705174903 0 0 2.239013780331504e-18 0 0 -2.482719401013463e-20 0 0 -2.156156006700726e-18 0 0 0.07583191151427482 0 0 0.07965499088984061 0 0 0.07774345120205771 0 0 0.02527730383809161 0 0 0.05055460767618322 0 0 2.239013780331504e-18 0 0 0.07583191151427479 0 0 0.02527730383809161 0 0 0.05055460767618322 0 0 2.076326446324612e-18 0 0 -2.833790740916235e-20 0 0 -1.983610148846137e-18 0 0 0.06936691370906548 0 0 0.07367691224587172 0 0 0.0715219129774686 0 0 0.0231223045696885 0 0 0.046244609139377 0 0 2.076326446324612e-18 0 0 0.06936691370906554 0 0 0.0231223045696885 0 0 0.046244609139377 0 0 1.893642653157708e-18 0 0 -3.157366248834025e-20 0 0 -1.791957303881404e-18 0 0 0.06223381161465452 0 0 0.06698921301092853 0 0 0.0646115123127915 0 0 0.02074460387155152 0 0 0.04148920774310301 0 0 1.893642653157708e-18 0 0 0.06223381161465454 0 0 0.02074460387155152 0 0 0.04148920774310301 0 0 -3.46136415833179e-20 0 0 -1.060436081437003e-19 0 0 -7.193764794242467e-19 0 0 0.05450131921488707 0 0 0.05965631414806542 0 0 0.05707881668147621 0 0 0.01816710640496237 0 0 0.03633421280992469 0 0 -3.46136415833179e-20 0 0 0.0545013192148871 0 0 0.01816710640496237 0 0 0.03633421280992469 0 0 1.47549833174015e-18 0 0 3.929600346780594e-20 0 0 -1.358883539709261e-18 0 0 0.04624392303979055 0 0 0.05174885382318823 0 0 0.04899638843148935 0 0 0.01541464101326354 0 0 0.03082928202652703 0 0 1.47549833174015e-18 0 0 0.04624392303979055 0 0 0.01541464101326354 0 0 0.03082928202652703 0 0 -3.946186623753759e-20 0 0 -1.601139572033766e-19 0 0 -4.798719248871745e-19 0 0 0.03754116141576467 0 0 0.04334300249844864 0 0 0.04044208195710656 0 0 0.01251372047192156 0 0 0.02502744094384306 0 0 -3.946186623753759e-20 0 0 0.0375411614157647 0 0 0.01251372047192156 0 0 0.02502744094384306 0 0 1.000650080613673e-18 0 0 -1.250600430713048e-19 0 0 -8.735848084754172e-19 0 0 0.02847685690274849 0 0 0.03451972657809266 0 0 0.03149829174042048 0 0 0.009492285634249521 0 0 0.01898457126849898 0 0 1.000650080613673e-18 0 0 0.02847685690274855 0 0 0.009492285634249521 0 0 0.01898457126849898 0 0 7.475983969280735e-19 0 0 -1.290600406996663e-19 0 0 -6.171213798114199e-19 0 0 0.01913830892041212 0 0 0.02536400757530308 0 0 0.02225115824785746 0 0 0.006379436306804068 0 0 0.01275887261360805 0 0 7.475983969280735e-19 0 0 0.01913830892041219 0 0 0.006379436306804068 0 0 0.01275887261360805 0 0 -1.332370456850747e-19 0 0 -1.318172322397745e-19 0 0 -3.547150076402902e-19 0 0 0.009615453815954715 0 0 0.01596402388559299 0 0 0.01278973885077387 0 0 0.00320515127198494 0 0 0.006410302543969795 0 0 -1.332370456850747e-19 0 0 0.009615453815954845 0 0 0.00320515127198494 0 0 0.006410302543969795 0 0 2.224020462227767e-19 0 0 -1.333051063679338e-19 0 0 -8.889275780624116e-20 0 0 1.06606775294383e-17 0 0 0.006410302543969899 0 0 0.003205151271984836 0 0 2.622374108812047e-17 0 0 -8.388497215831706e-17 0 0 2.22810410319948e-19 0 0 -9.294207896922241e-19 0 0 -1.906545869066825e-18 0 0 2.675603159201472e-19 0 0 0.009615453815954769 0 0 0.003205151271984921 0 0 0.006410302543969847 0 0 0.0191383089203057 0 0 0.006379436306768565 0 0 0.01275887261353714 0 0 0.01278973885073841 0 0 0.01596402388552207 0 0 0.009615453815954769 0 0 0.01913830892030571 0 0 0.01278973885073841 0 0 0.01596402388552207 0 0 0.01913830892041197 0 0 0.01278973885077383 0 0 0.01596402388559291 0 0 0.03809231367001599 0 0 0.02545631050354247 0 0 0.03177431208677925 0 0 0.0254563105036133 0 0 0.03177431208681467 0 0 0.01913830892041197 0 0 0.03809231367001601 0 0 0.0254563105036133 0 0 0.03177431208681467 0 0 0.02847685690274834 0 0 0.02225115824785742 0 0 0.02536400757530289 0 0 0.05667948207522414 0 0 0.04428803647175204 0 0 0.05048375927348811 0 0 0.03787773196024026 0 0 0.04727860701773221 0 0 0.02847685690274834 0 0 0.05667948207522409 0 0 0.03787773196024026 0 0 0.04727860701773221 0 0 0.03754116141576445 0 0 0.03149829174042038 0 0 0.03451972657809243 0 0 0.07472080886199754 0 0 0.06269325767081524 0 0 0.06870703326640644 0 0 0.04993437723117547 0 0 0.06232759304658653 0 0 0.03754116141576445 0 0 0.07472080886199751 0 0 0.04993437723117547 0 0 0.06232759304658653 0 0 0.04624392303979031 0 0 0.04044208195710639 0 0 0.04334300249844839 0 0 0.09204253674037473 0 0 0.08049471815478991 0 0 0.08626862744758239 0 0 0.0615101276066518 0 0 0.07677633217351326 0 0 0.04624392303979031 0 0 0.09204253674037474 0 0 0.0615101276066518 0 0 0.07677633217351326 0 0 0.05450131921488682 0 0 0.04899638843148914 0 0 0.05174885382318802 0 0 0.1084778276698822 0 0 0.09752096705021052 0 0 0.1029993973600464 0 0 0.07249348869988528 0 0 0.09048565818488376 0 0 0.05450131921488682 0 0 0.1084778276698821 0 0 0.07249348869988528 0 0 0.09048565818488376 0 0 0.06223381161465432 0 0 0.05707881668147598 0 0 0.05965631414806519 0 0 0.1238683692317702 0 0 0.1136080081905115 0 0 0.1187381887111409 0 0 0.08277866415369289 0 0 0.1033235166927316 0 0 0.06223381161465432 0 0 0.1238683692317702 0 0 0.08277866415369289 0 0 0.1033235166927316 0 0 0.06936691370906538 0 0 0.06461151231279133 0 0 0.06698921301092842 0 0 0.1380659019231528 0 0 0.1286008801288977 0 0 0.1333333910260253 0 0 0.09226657644709452 0 0 0.1151662391851237 0 0 0.06936691370906538 0 0 0.1380659019231528 0 0 0.09226657644709452 0 0 0.1151662391851237 0 0 0.07583191151427485 0 0 0.07152191297746853 0 0 0.07367691224587172 0 0 0.1509336536889737 0 0 0.1423551525117597 0 0 0.1466444031003668 0 0 0.1008658255725077 0 0 0.1258997396307407 0 0 0.07583191151427485 0 0 0.1509336536889737 0 0 0.1008658255725077 0 0 0.1258997396307407 0 0 0.08156653057762366 0 0 0.07774345120205778 0 0 0.07965499088984078 0 0 0.1623476681741646 0 0 0.1547383251840373 0 0 0.158542996679101 0 0 0.1084935764431373 0 0 0.135420622308651 0 0 0.08156653057762366 0 0 0.1623476681741645 0 0 0.1084935764431373 0 0 0.135420622308651 0 0 0.08651554204481791 0 0 0.08321620106668841 0 0 0.0848658715557532 0 0 0.1721980128369482 0 0 0.1656311163950925 0 0 0.1689145646160204 0 0 0.1150763656421946 0 0 0.1436371892395715 0 0 0.08651554204481791 0 0 0.1721980128369482 0 0 0.1150763656421946 0 0 0.1436371892395715 0 0 0.09063130019570194 0 0 0.08788746142844592 0 0 0.08925938081207398 0 0 0.1803898520087319 0 0 0.1749286258942094 0 0 0.1776592389514707 0 0 0.1205508174667119 0 0 0.1504703347377219 0 0 0.09063130019570194 0 0 0.1803898520087319 0 0 0.1205508174667119 0 0 0.1504703347377219 0 0 0.09387420346872581 0 0 0.09171226795337657 0 0 0.09279323571105123 0 0 0.1868443682316029 0 0 0.1825413574163555 0 0 0.1846928628239792 0 0 0.1248642583896848 0 0 0.1558543133106439 0 0 0.09387420346872581 0 0 0.1868443682316028 0 0 0.1248642583896848 0 0 0.1558543133106439 0 0 0.09621307166815142 0 0 0.09465382620186767 0 0 0.0954334489350096 0 0 0.1914995148328079 0 0 0.1883960837653378 0 0 0.1899477992990729 0 0 0.1279752193897035 0 0 0.1597373671112558 0 0 0.09621307166815142 0 0 0.1914995148328079 0 0 0.1279752193897035 0 0 0.1597373671112558 0 0 0.09762543475849175 0 0 0.09668385936493154 0 0 0.09715464706171167 0 0 0.1943105878286035 0 0 0.1924365391647397 0 0 0.1933735634966717 0 0 0.1298538191151956 0 0 0.1620822034718996 0 0 0.09762543475849175 0 0 0.1943105878286036 0 0 0.1298538191151956 0 0 0.1620822034718996 0 0 0.09809773328087019 0 0 0.09778286759928453 0 0 0.09794030044007743 0 0 0.1952506168250302 0 0 0.1946239308274124 0 0 0.1949372738262214 0 0 0.1304820277955901 0 0 0.1628663223103102 0 0 0.09809773328087019 0 0 0.1952506168250302 0 0 0.1304820277955901 0 0 0.1628663223103102 0 0 0.09762543475849184 0 0 0.0979403004400774 0 0 0.09778286759928466 0 0 0.1943105878286037 0 0 0.1949372738262214 0 0 0.1946239308274126 0 0 0.1298538191151958 0 0 0.1620822034718998 0 0 0.09762543475849184 0 0 0.1943105878286038 0 0 0.1298538191151958 0 0 0.1620822034718998 0 0 0.09621307166815168 0 0 0.09715464706171176 0 0 0.09668385936493173 0 0 0.1914995148328084 0 0 0.1933735634966719 0 0 0.1924365391647402 0 0 0.1279752193897039 0 0 0.1597373671112561 0 0 0.09621307166815168 0 0 0.1914995148328083 0 0 0.1279752193897039 0 0 0.1597373671112561 0 0 0.09387420346872608 0 0 0.0954334489350098 0 0 0.09465382620186794 0 0 0.1868443682316033 0 0 0.1899477992990733 0 0 0.1883960837653383 0 0 0.1248642583896851 0 0 0.1558543133106442 0 0 0.09387420346872608 0 0 0.1868443682316032 0 0 0.1248642583896851 0 0 0.1558543133106442 0 0 0.09063130019570217 0 0 0.09279323571105144 0 0 0.09171226795337681 0 0 0.1803898520087322 0 0 0.1846928628239796 0 0 0.182541357416356 0 0 0.1205508174667122 0 0 0.1504703347377222 0 0 0.09063130019570217 0 0 0.1803898520087323 0 0 0.1205508174667122 0 0 0.1504703347377222 0 0 0.086515542044818 0 0 0.08925938081207409 0 0 0.08788746142844604 0 0 0.1721980128369482 0 0 0.177659238951471 0 0 0.1749286258942096 0 0 0.1150763656421947 0 0 0.1436371892395715 0 0 0.086515542044818 0 0 0.1721980128369483 0 0 0.1150763656421947 0 0 0.1436371892395715 0 0 0.08156653057762357 0 0 0.08486587155575318 0 0 0.08321620106668837 0 0 0.1623476681741644 0 0 0.1689145646160204 0 0 0.1656311163950924 0 0 0.1084935764431372 0 0 0.1354206223086508 0 0 0.08156653057762357 0 0 0.1623476681741644 0 0 0.1084935764431372 0 0 0.1354206223086508 0 0 0.07583191151427479 0 0 0.07965499088984061 0 0 0.07774345120205771 0 0 0.1509336536889735 0 0 0.1585429966791009 0 0 0.1547383251840372 0 0 0.1008658255725078 0 0 0.1258997396307407 0 0 0.07583191151427479 0 0 0.1509336536889736 0 0 0.1008658255725078 0 0 0.1258997396307407 0 0 0.06936691370906554 0 0 0.07367691224587172 0 0 0.0715219129774686 0 0 0.1380659019231529 0 0 0.1466444031003667 0 0 0.1423551525117598 0 0 0.09226657644709468 0 0 0.1151662391851237 0 0 0.06936691370906554 0 0 0.138065901923153 0 0 0.09226657644709468 0 0 0.1151662391851237 0 0 0.06223381161465454 0 0 0.06698921301092853 0 0 0.0646115123127915 0 0 0.1238683692317704 0 0 0.1333333910260255 0 0 0.1286008801288979 0 0 0.08277866415369323 0 0 0.1033235166927318 0 0 0.06223381161465454 0 0 0.1238683692317705 0 0 0.08277866415369323 0 0 0.1033235166927318 0 0 0.0545013192148871 0 0 0.05965631414806542 0 0 0.05707881668147621 0 0 0.1084778276698826 0 0 0.1187381887111411 0 0 0.1136080081905119 0 0 0.07249348869988562 0 0 0.09048565818488408 0 0 0.0545013192148871 0 0 0.1084778276698827 0 0 0.07249348869988562 0 0 0.09048565818488408 0 0 0.04624392303979055 0 0 0.05174885382318823 0 0 0.04899638843148935 0 0 0.0920425367403752 0 0 0.102999397360047 0 0 0.09752096705021093 0 0 0.06151012760665213 0 0 0.07677633217351353 0 0 0.04624392303979055 0 0 0.09204253674037523 0 0 0.06151012760665213 0 0 0.07677633217351353 0 0 0.0375411614157647 0 0 0.04334300249844864 0 0 0.04044208195710656 0 0 0.07472080886199776 0 0 0.08626862744758286 0 0 0.08049471815479016 0 0 0.04993437723117575 0 0 0.06232759304658669 0 0 0.0375411614157647 0 0 0.07472080886199789 0 0 0.04993437723117575 0 0 0.06232759304658669 0 0 0.02847685690274855 0 0 0.03451972657809266 0 0 0.03149829174042048 0 0 0.05667948207522437 0 0 0.06870703326640665 0 0 0.06269325767081541 0 0 0.03787773196024057 0 0 0.0472786070177324 0 0 0.02847685690274855 0 0 0.05667948207522445 0 0 0.03787773196024057 0 0 0.0472786070177324 0 0 0.01913830892041219 0 0 0.02536400757530308 0 0 0.02225115824785746 0 0 0.03809231367001629 0 0 0.05048375927348844 0 0 0.04428803647175213 0 0 0.02545631050361346 0 0 0.03177431208681459 0 0 0.01913830892041219 0 0 0.03809231367001648 0 0 0.02545631050361346 0 0 0.03177431208681459 0 0 0.009615453815954845 0 0 0.01596402388559299 0 0 0.01278973885077387 0 0 0.01913830892030581 0 0 0.03177431208677947 0 0 0.02545631050354242 0 0 0.01278973885073853 0 0 0.01596402388552206 0 0 0.009615453815954845 0 0 0.01913830892030588 0 0 0.01278973885073853 0 0 0.01596402388552206 0 0 -2.474572822922666e-17 0 0 0.006410302543969899 0 0 0.003205151271984836 0 0 -1.833836612078586e-16 0 0 0.01275887261353721 0 0 0.006379436306768448 0 0 1.496427391514398e-17 0 0 -2.089713047174513e-16 0 0 -9.294207896922241e-19 0 0 -1.62277383693042e-18 0 0 -1.808637002434612e-18 0 0 1.076693282185245e-21 0 0 0.01913830892030571 0 0 0.006379436306768565 0 0 0.01275887261353714 0 0 0.02847685690232516 0 0 0.00949228563410838 0 0 0.01898457126821677 0 0 0.02225115824764552 0 0 0.02536400757498534 0 0 0.01913830892030571 0 0 0.02847685690232514 0 0 0.02225115824764552 0 0 0.02536400757498534 0 0 0.03809231367001601 0 0 0.02545631050354247 0 0 0.03177431208677925 0 0 0.05667948207469099 0 0 0.03787773195978041 0 0 0.04727860701723571 0 0 0.0442880364715743 0 0 0.05048375927313267 0 0 0.03809231367001601 0 0 0.05667948207469097 0 0 0.0442880364715743 0 0 0.05048375927313267 0 0 0.05667948207522409 0 0 0.04428803647175204 0 0 0.05048375927348811 0 0 0.08433628045298994 0 0 0.06589841486745726 0 0 0.0751173476602236 0 0 0.06589841486781273 0 0 0.07511734766040135 0 0 0.05667948207522409 0 0 0.08433628045298988 0 0 0.06589841486781273 0 0 0.07511734766040135 0 0 0.07472080886199751 0 0 0.06269325767081524 0 0 0.06870703326640644 0 0 0.1111809046181464 0 0 0.09328448850804202 0 0 0.1022326965630942 0 0 0.0868741741140471 0 0 0.09902753936609679 0 0 0.07472080886199751 0 0 0.1111809046181464 0 0 0.0868741741140471 0 0 0.09902753936609679 0 0 0.09204253674037474 0 0 0.08049471815478991 0 0 0.08626862744758239 0 0 0.1369548149569524 0 0 0.119772208064415 0 0 0.1283635115106837 0 0 0.1070132961459006 0 0 0.1219840555514266 0 0 0.09204253674037474 0 0 0.1369548149569523 0 0 0.1070132961459006 0 0 0.1219840555514266 0 0 0.1084778276698821 0 0 0.09752096705021052 0 0 0.1029993973600464 0 0 0.1614097650169743 0 0 0.1451064649769596 0 0 0.153258114996967 0 0 0.1261218067855795 0 0 0.1437657859012769 0 0 0.1084778276698821 0 0 0.1614097650169742 0 0 0.1261218067855795 0 0 0.1437657859012769 0 0 0.1238683692317702 0 0 0.1136080081905115 0 0 0.1187381887111409 0 0 0.1843101899597605 0 0 0.1690432399979029 0 0 0.1766767149788317 0 0 0.1440156428077669 0 0 0.1641629163837637 0 0 0.1238683692317702 0 0 0.1843101899597603 0 0 0.1440156428077669 0 0 0.1641629163837637 0 0 0.1380659019231528 0 0 0.1286008801288977 0 0 0.1333333910260253 0 0 0.2054354776234646 0 0 0.1913519525143284 0 0 0.1983937150688964 0 0 0.16052242715659 0 0 0.1829789523900273 0 0 0.1380659019231528 0 0 0.2054354776234644 0 0 0.16052242715659 0 0 0.1829789523900273 0 0 0.1509336536889737 0 0 0.1423551525117597 0 0 0.1466444031003668 0 0 0.2245821028335633 0 0 0.2118176860268307 0 0 0.218199894430197 0 0 0.1754831367371701 0 0 0.2000326197853668 0 0 0.1509336536889737 0 0 0.2245821028335631 0 0 0.1754831367371701 0 0 0.2000326197853668 0 0 0.1623476681741645 0 0 0.1547383251840373 0 0 0.158542996679101 0 0 0.2415656050949727 0 0 0.230243270254033 0 0 0.2359044376745029 0 0 0.1887536471477672 0 0 0.21515962612137 0 0 0.1623476681741645 0 0 0.2415656050949727 0 0 0.1887536471477672 0 0 0.21515962612137 0 0 0.1721980128369482 0 0 0.1656311163950925 0 0 0.1689145646160204 0 0 0.25622239019555 0 0 0.2464512001284984 0 0 0.2513367951620242 0 0 0.2002061386231488 0 0 0.2282142644093494 0 0 0.1721980128369482 0 0 0.2562223901955498 0 0 0.2002061386231488 0 0 0.2282142644093494 0 0 0.1803898520087319 0 0 0.1749286258942094 0 0 0.1776592389514707 0 0 0.2684113350674239 0 0 0.2602853718195078 0 0 0.2643483534434659 0 0 0.2097303463616292 0 0 0.2390708407145266 0 0 0.1803898520087319 0 0 0.2684113350674239 0 0 0.2097303463616292 0 0 0.2390708407145266 0 0 0.1868443682316028 0 0 0.1825413574163555 0 0 0.1846928628239792 0 0 0.2780151706509006 0 0 0.2716126135952494 0 0 0.2748138921230751 0 0 0.217234635704702 0 0 0.2476249031778014 0 0 0.1868443682316028 0 0 0.2780151706509005 0 0 0.217234635704702 0 0 0.2476249031778014 0 0 0.1914995148328079 0 0 0.1883960837653378 0 0 0.1899477992990729 0 0 0.2849416107606103 0 0 0.2803239840208038 0 0 0.2826327973907071 0 0 0.2226468801420753 0 0 0.2537942454513429 0 0 0.1914995148328079 0 0 0.2849416107606103 0 0 0.2226468801420753 0 0 0.2537942454513429 0 0 0.1943105878286036 0 0 0.1924365391647397 0 0 0.1933735634966717 0 0 0.2891241968500962 0 0 0.2863358061237722 0 0 0.2877300014869342 0 0 0.225915124169101 0 0 0.2575196605095986 0 0 0.1943105878286036 0 0 0.289124196850096 0 0 0.225915124169101 0 0 0.2575196605095986 0 0 0.1952506168250302 0 0 0.1946239308274124 0 0 0.1949372738262214 0 0 0.2905228551800488 0 0 0.2895904162934136 0 0 0.2900566357367312 0 0 0.2270080296100364 0 0 0.2587654423950426 0 0 0.1952506168250302 0 0 0.2905228551800488 0 0 0.2270080296100364 0 0 0.2587654423950426 0 0 0.1943105878286038 0 0 0.1949372738262214 0 0 0.1946239308274126 0 0 0.2891241968500963 0 0 0.2900566357367312 0 0 0.2895904162934138 0 0 0.2259151241691013 0 0 0.2575196605095989 0 0 0.1943105878286038 0 0 0.2891241968500963 0 0 0.2259151241691013 0 0 0.2575196605095989 0 0 0.1914995148328083 0 0 0.1933735634966719 0 0 0.1924365391647402 0 0 0.2849416107606109 0 0 0.2877300014869345 0 0 0.2863358061237727 0 0 0.2226468801420758 0 0 0.2537942454513433 0 0 0.1914995148328083 0 0 0.2849416107606109 0 0 0.2226468801420758 0 0 0.2537942454513433 0 0 0.1868443682316032 0 0 0.1899477992990733 0 0 0.1883960837653383 0 0 0.2780151706509011 0 0 0.2826327973907076 0 0 0.2803239840208043 0 0 0.2172346357047025 0 0 0.2476249031778018 0 0 0.1868443682316032 0 0 0.2780151706509011 0 0 0.2172346357047025 0 0 0.2476249031778018 0 0 0.1803898520087323 0 0 0.1846928628239796 0 0 0.182541357416356 0 0 0.2684113350674245 0 0 0.2748138921230756 0 0 0.27161261359525 0 0 0.2097303463616297 0 0 0.2390708407145271 0 0 0.1803898520087323 0 0 0.2684113350674245 0 0 0.2097303463616297 0 0 0.2390708407145271 0 0 0.1721980128369483 0 0 0.177659238951471 0 0 0.1749286258942096 0 0 0.25622239019555 0 0 0.2643483534434664 0 0 0.2602853718195082 0 0 0.2002061386231489 0 0 0.2282142644093495 0 0 0.1721980128369483 0 0 0.2562223901955501 0 0 0.2002061386231489 0 0 0.2282142644093495 0 0 0.1623476681741644 0 0 0.1689145646160204 0 0 0.1656311163950924 0 0 0.2415656050949724 0 0 0.2513367951620242 0 0 0.2464512001284983 0 0 0.188753647147767 0 0 0.2151596261213697 0 0 0.1623476681741644 0 0 0.2415656050949724 0 0 0.188753647147767 0 0 0.2151596261213697 0 0 0.1509336536889736 0 0 0.1585429966791009 0 0 0.1547383251840372 0 0 0.224582102833563 0 0 0.2359044376745026 0 0 0.2302432702540328 0 0 0.1754831367371701 0 0 0.2000326197853665 0 0 0.1509336536889736 0 0 0.2245821028335631 0 0 0.1754831367371701 0 0 0.2000326197853665 0 0 0.138065901923153 0 0 0.1466444031003667 0 0 0.1423551525117598 0 0 0.2054354776234644 0 0 0.2181998944301969 0 0 0.2118176860268306 0 0 0.1605224271565901 0 0 0.1829789523900272 0 0 0.138065901923153 0 0 0.2054354776234645 0 0 0.1605224271565901 0 0 0.1829789523900272 0 0 0.1238683692317705 0 0 0.1333333910260255 0 0 0.1286008801288979 0 0 0.1843101899597608 0 0 0.1983937150688966 0 0 0.1913519525143287 0 0 0.1440156428077673 0 0 0.164162916383764 0 0 0.1238683692317705 0 0 0.1843101899597609 0 0 0.1440156428077673 0 0 0.164162916383764 0 0 0.1084778276698827 0 0 0.1187381887111411 0 0 0.1136080081905119 0 0 0.1614097650169748 0 0 0.1766767149788322 0 0 0.1690432399979035 0 0 0.1261218067855801 0 0 0.1437657859012772 0 0 0.1084778276698827 0 0 0.1614097650169749 0 0 0.1261218067855801 0 0 0.1437657859012772 0 0 0.09204253674037523 0 0 0.102999397360047 0 0 0.09752096705021093 0 0 0.1369548149569529 0 0 0.1532581149969677 0 0 0.1451064649769601 0 0 0.1070132961459012 0 0 0.1219840555514269 0 0 0.09204253674037523 0 0 0.1369548149569532 0 0 0.1070132961459012 0 0 0.1219840555514269 0 0 0.07472080886199789 0 0 0.08626862744758286 0 0 0.08049471815479016 0 0 0.1111809046181467 0 0 0.1283635115106844 0 0 0.1197722080644155 0 0 0.08687417411404746 0 0 0.09902753936609693 0 0 0.07472080886199789 0 0 0.1111809046181469 0 0 0.08687417411404746 0 0 0.09902753936609693 0 0 0.05667948207522445 0 0 0.06870703326640665 0 0 0.06269325767081541 0 0 0.08433628045299014 0 0 0.1022326965630947 0 0 0.09328448850804238 0 0 0.0658984148678132 0 0 0.07511734766040158 0 0 0.05667948207522445 0 0 0.08433628045299042 0 0 0.0658984148678132 0 0 0.07511734766040158 0 0 0.03809231367001648 0 0 0.05048375927348844 0 0 0.04428803647175213 0 0 0.05667948207469108 0 0 0.07511734766022413 0 0 0.06589841486745751 0 0 0.04428803647157463 0 0 0.05048375927313278 0 0 0.03809231367001648 0 0 0.05667948207469126 0 0 0.04428803647157463 0 0 0.05048375927313278 0 0 0.01913830892030588 0 0 0.03177431208677947 0 0 0.02545631050354242 0 0 0.02847685690232526 0 0 0.04727860701723608 0 0 0.03787773195978048 0 0 0.02225115824764568 0 0 0.0253640075749853 0 0 0.01913830892030588 0 0 0.02847685690232546 0 0 0.02225115824764568 0 0 0.0253640075749853 0 0 2.156941991546007e-17 0 0 0.01275887261353721 0 0 0.006379436306768448 0 0 -2.732680223545839e-16 0 0 0.01898457126821695 0 0 0.009492285634108186 0 0 2.668540924798187e-17 0 0 -3.32576348601557e-16 0 0 -1.62277383693042e-18 0 0 -2.124290933215914e-18 0 0 -2.579492003478155e-18 0 0 1.464903218005015e-21 0 0 0.02847685690232514 0 0 0.00949228563410838 0 0 0.01898457126821677 0 0 0.03754116141471828 0 0 0.01251372047157275 0 0 0.02502744094314553 0 0 0.03149829173978952 0 0 0.03451972657725391 0 0 0.02847685690232514 0 0 0.03754116141471825 0 0 0.03149829173978952 0 0 0.03451972657725391 0 0 0.05667948207469097 0 0 0.03787773195978041 0 0 0.04727860701723571 0 0 0.07472080886029769 0 0 0.0499343772299114 0 0 0.06232759304510454 0 0 0.06269325766989318 0 0 0.06870703326509547 0 0 0.05667948207469097 0 0 0.07472080886029768 0 0 0.06269325766989318 0 0 0.06870703326509547 0 0 0.08433628045298988 0 0 0.06589841486745726 0 0 0.0751173476602236 0 0 0.1111809046166234 0 0 0.08687417411240622 0 0 0.09902753936451483 0 0 0.09328448850753437 0 0 0.1022326965620789 0 0 0.08433628045298988 0 0 0.1111809046166233 0 0 0.09328448850753437 0 0 0.1022326965620789 0 0 0.1111809046181464 0 0 0.09328448850804202 0 0 0.1022326965630942 0 0 0.1465703291360293 0 0 0.1229773794564253 0 0 0.1347738542962273 0 0 0.1229773794574406 0 0 0.134773854296735 0 0 0.1111809046181464 0 0 0.1465703291360293 0 0 0.1229773794574406 0 0 0.134773854296735 0 0 0.1369548149569523 0 0 0.119772208064415 0 0 0.1283635115106837 0 0 0.1805482549973285 0 0 0.157896304423129 0 0 0.1692222797102289 0 0 0.1514859616370777 0 0 0.1660171083172032 0 0 0.1369548149569523 0 0 0.1805482549973285 0 0 0.1514859616370777 0 0 0.1660171083172032 0 0 0.1614097650169742 0 0 0.1451064649769596 0 0 0.153258114996967 0 0 0.2127874207524195 0 0 0.1912946435823587 0 0 0.2020410321673893 0 0 0.1785356502621226 0 0 0.1956615355072711 0 0 0.1614097650169742 0 0 0.2127874207524194 0 0 0.1785356502621226 0 0 0.1956615355072711 0 0 0.1843101899597603 0 0 0.1690432399979029 0 0 0.1766767149788317 0 0 0.2429772749990042 0 0 0.2228507055012809 0 0 0.2329139902501426 0 0 0.2038658849728417 0 0 0.223421579985923 0 0 0.1843101899597603 0 0 0.242977274999004 0 0 0.2038658849728417 0 0 0.223421579985923 0 0 0.2054354776234644 0 0 0.1913519525143284 0 0 0.1983937150688964 0 0 0.2708269668363029 0 0 0.252260505611437 0 0 0.2615437362238701 0 0 0.2272326406944105 0 0 0.2490298037653568 0 0 0.2054354776234644 0 0 0.270826966836303 0 0 0.2272326406944105 0 0 0.2490298037653568 0 0 0.2245821028335631 0 0 0.2118176860268307 0 0 0.218199894430197 0 0 0.2960681580310563 0 0 0.279240697234554 0 0 0.2876544276328052 0 0 0.2484107878993942 0 0 0.2722394729652254 0 0 0.2245821028335631 0 0 0.2960681580310561 0 0 0.2484107878993942 0 0 0.2722394729652254 0 0 0.2415656050949727 0 0 0.230243270254033 0 0 0.2359044376745029 0 0 0.318457633521349 0 0 0.3035313165278203 0 0 0.3109944750245848 0 0 0.2671962812370981 0 0 0.2928269573792237 0 0 0.2415656050949727 0 0 0.3184576335213488 0 0 0.2671962812370981 0 0 0.2928269573792237 0 0 0.2562223901955498 0 0 0.2464512001284984 0 0 0.2513367951620242 0 0 0.337779680441879 0 0 0.3248983158281921 0 0 0.3313389981350356 0 0 0.2834081536109928 0 0 0.3105939170264359 0 0 0.2562223901955498 0 0 0.3377796804418787 0 0 0.2834081536109928 0 0 0.3105939170264359 0 0 0.2684113350674239 0 0 0.2602853718195078 0 0 0.2643483534434659 0 0 0.3538482169995278 0 0 0.3431358592944284 0 0 0.3484920381469782 0 0 0.2968902957114585 0 0 0.3253692563554933 0 0 0.2684113350674239 0 0 0.3538482169995278 0 0 0.2968902957114585 0 0 0.3253692563554933 0 0 0.2780151706509005 0 0 0.2716126135952494 0 0 0.2748138921230751 0 0 0.3665086456126722 0 0 0.3580683598705759 0 0 0.3622885027416242 0 0 0.3075129956381577 0 0 0.3370108206254151 0 0 0.2780151706509005 0 0 0.3665086456126722 0 0 0.3075129956381577 0 0 0.3370108206254151 0 0 0.2849416107606103 0 0 0.2803239840208038 0 0 0.2826327973907071 0 0 0.3756393746831732 0 0 0.3695522219695058 0 0 0.3725957983263396 0 0 0.3151741987347979 0 0 0.3454067867089856 0 0 0.2849416107606103 0 0 0.3756393746831732 0 0 0.3151741987347979 0 0 0.3454067867089856 0 0 0.289124196850096 0 0 0.2863358061237722 0 0 0.2877300014869342 0 0 0.3811529359475165 0 0 0.3774772284379543 0 0 0.3793150821927355 0 0 0.3198004432159029 0 0 0.3504766895817099 0 0 0.289124196850096 0 0 0.3811529359475165 0 0 0.3198004432159029 0 0 0.3504766895817099 0 0 0.2905228551800488 0 0 0.2895904162934136 0 0 0.2900566357367312 0 0 0.3829966506652271 0 0 0.3817675075200867 0 0 0.382382079092657 0 0 0.3213474536751081 0 0 0.3521720521701677 0 0 0.2905228551800488 0 0 0.3829966506652271 0 0 0.3213474536751081 0 0 0.3521720521701677 0 0 0.2891241968500963 0 0 0.2900566357367312 0 0 0.2895904162934138 0 0 0.3811529359475167 0 0 0.3823820790926569 0 0 0.3817675075200869 0 0 0.3198004432159031 0 0 0.35047668958171 0 0 0.2891241968500963 0 0 0.3811529359475167 0 0 0.3198004432159031 0 0 0.35047668958171 0 0 0.2849416107606109 0 0 0.2877300014869345 0 0 0.2863358061237727 0 0 0.375639374683174 0 0 0.3793150821927357 0 0 0.3774772284379549 0 0 0.3151741987347985 0 0 0.3454067867089863 0 0 0.2849416107606109 0 0 0.375639374683174 0 0 0.3151741987347985 0 0 0.3454067867089863 0 0 0.2780151706509011 0 0 0.2826327973907076 0 0 0.2803239840208043 0 0 0.366508645612673 0 0 0.3725957983263404 0 0 0.3695522219695068 0 0 0.3075129956381584 0 0 0.3370108206254158 0 0 0.2780151706509011 0 0 0.3665086456126731 0 0 0.3075129956381584 0 0 0.3370108206254158 0 0 0.2684113350674245 0 0 0.2748138921230756 0 0 0.27161261359525 0 0 0.3538482169995284 0 0 0.3622885027416249 0 0 0.3580683598705767 0 0 0.2968902957114591 0 0 0.3253692563554939 0 0 0.2684113350674245 0 0 0.3538482169995286 0 0 0.2968902957114591 0 0 0.3253692563554939 0 0 0.2562223901955501 0 0 0.2643483534434664 0 0 0.2602853718195082 0 0 0.3377796804418791 0 0 0.3484920381469788 0 0 0.3431358592944289 0 0 0.2834081536109931 0 0 0.3105939170264361 0 0 0.2562223901955501 0 0 0.3377796804418791 0 0 0.2834081536109931 0 0 0.3105939170264361 0 0 0.2415656050949724 0 0 0.2513367951620242 0 0 0.2464512001284983 0 0 0.3184576335213486 0 0 0.3313389981350358 0 0 0.3248983158281922 0 0 0.2671962812370979 0 0 0.2928269573792233 0 0 0.2415656050949724 0 0 0.3184576335213489 0 0 0.2671962812370979 0 0 0.2928269573792233 0 0 0.2245821028335631 0 0 0.2359044376745026 0 0 0.2302432702540328 0 0 0.296068158031056 0 0 0.3109944750245845 0 0 0.3035313165278202 0 0 0.2484107878993941 0 0 0.272239472965225 0 0 0.2245821028335631 0 0 0.2960681580310561 0 0 0.2484107878993941 0 0 0.272239472965225 0 0 0.2054354776234645 0 0 0.2181998944301969 0 0 0.2118176860268306 0 0 0.2708269668363028 0 0 0.287654427632805 0 0 0.2792406972345538 0 0 0.2272326406944107 0 0 0.2490298037653567 0 0 0.2054354776234645 0 0 0.2708269668363029 0 0 0.2272326406944107 0 0 0.2490298037653567 0 0 0.1843101899597609 0 0 0.1983937150688966 0 0 0.1913519525143287 0 0 0.2429772749990045 0 0 0.2615437362238701 0 0 0.2522605056114372 0 0 0.203865884972842 0 0 0.2234215799859232 0 0 0.1843101899597609 0 0 0.2429772749990046 0 0 0.203865884972842 0 0 0.2234215799859232 0 0 0.1614097650169749 0 0 0.1766767149788322 0 0 0.1690432399979035 0 0 0.2127874207524199 0 0 0.2329139902501432 0 0 0.2228507055012815 0 0 0.1785356502621233 0 0 0.1956615355072715 0 0 0.1614097650169749 0 0 0.2127874207524201 0 0 0.1785356502621233 0 0 0.1956615355072715 0 0 0.1369548149569532 0 0 0.1532581149969677 0 0 0.1451064649769601 0 0 0.1805482549973292 0 0 0.2020410321673899 0 0 0.1912946435823594 0 0 0.1514859616370784 0 0 0.1660171083172036 0 0 0.1369548149569532 0 0 0.1805482549973293 0 0 0.1514859616370784 0 0 0.1660171083172036 0 0 0.1111809046181469 0 0 0.1283635115106844 0 0 0.1197722080644155 0 0 0.1465703291360297 0 0 0.1692222797102297 0 0 0.1578963044231293 0 0 0.1229773794574412 0 0 0.1347738542967352 0 0 0.1111809046181469 0 0 0.1465703291360298 0 0 0.1229773794574412 0 0 0.1347738542967352 0 0 0.08433628045299042 0 0 0.1022326965630947 0 0 0.09328448850804238 0 0 0.1111809046166239 0 0 0.134773854296228 0 0 0.1229773794564255 0 0 0.09328448850753483 0 0 0.1022326965620792 0 0 0.08433628045299042 0 0 0.1111809046166241 0 0 0.09328448850753483 0 0 0.1022326965620792 0 0 0.05667948207469126 0 0 0.07511734766022413 0 0 0.06589841486745751 0 0 0.07472080886029771 0 0 0.09902753936451546 0 0 0.08687417411240625 0 0 0.06269325766989352 0 0 0.06870703326509538 0 0 0.05667948207469126 0 0 0.07472080886029783 0 0 0.06269325766989352 0 0 0.06870703326509538 0 0 0.02847685690232546 0 0 0.04727860701723608 0 0 0.03787773195978048 0 0 0.03754116141471838 0 0 0.06232759304510489 0 0 0.04993437722991119 0 0 0.0314982917397896 0 0 0.03451972657725382 0 0 0.02847685690232546 0 0 0.03754116141471864 0 0 0.0314982917397896 0 0 0.03451972657725382 0 0 -1.70776316973007e-16 0 0 0.01898457126821695 0 0 0.009492285634108186 0 0 -3.605206708368731e-16 0 0 0.0250274409431456 0 0 0.01251372047157249 0 0 3.692035397363132e-17 0 0 -4.52711642308584e-16 0 0 -2.124290933215914e-18 0 0 -4.864757944352797e-18 0 0 1.204725958442495e-18 0 0 1.838963448839364e-21 0 0 0.03754116141471825 0 0 0.01251372047157275 0 0 0.02502744094314553 0 0 0.04624392303774473 0 0 0.01541464101258156 0 0 0.03082928202516315 0 0 0.04044208195572707 0 0 0.04334300249673592 0 0 0.03754116141471825 0 0 0.04624392303774472 0 0 0.04044208195572707 0 0 0.04334300249673592 0 0 0.07472080886029768 0 0 0.0499343772299114 0 0 0.06232759304510454 0 0 0.09204253673670695 0 0 0.06151012760406543 0 0 0.07677633217038621 0 0 0.08049471815243403 0 0 0.08626862744457056 0 0 0.07472080886029768 0 0 0.09204253673670691 0 0 0.08049471815243403 0 0 0.08626862744457056 0 0 0.1111809046166233 0 0 0.08687417411240622 0 0 0.09902753936451483 0 0 0.1369548149525923 0 0 0.107013296142002 0 0 0.1219840555472972 0 0 0.1197722080619463 0 0 0.1283635115072694 0 0 0.1111809046166233 0 0 0.1369548149525922 0 0 0.1197722080619463 0 0 0.1283635115072694 0 0 0.1465703291360293 0 0 0.1229773794564253 0 0 0.1347738542962273 0 0 0.1805482549938831 0 0 0.1514859616330225 0 0 0.1660171083134528 0 0 0.1578963044219804 0 0 0.1692222797079319 0 0 0.1465703291360293 0 0 0.180548254993883 0 0 0.1578963044219804 0 0 0.1692222797079319 0 0 0.1805482549973285 0 0 0.157896304423129 0 0 0.1692222797102289 0 0 0.2224030326203467 0 0 0.1944998475360374 0 0 0.2084514400781922 0 0 0.1944998475383345 0 0 0.2084514400793407 0 0 0.1805482549973285 0 0 0.2224030326203467 0 0 0.1944998475383345 0 0 0.2084514400793407 0 0 0.2127874207524194 0 0 0.1912946435823587 0 0 0.2020410321673893 0 0 0.2621160310765292 0 0 0.2356406987724073 0 0 0.2488783649244683 0 0 0.2292302908604558 0 0 0.2456731609684926 0 0 0.2127874207524194 0 0 0.262116031076529 0 0 0.2292302908604558 0 0 0.2456731609684926 0 0 0.242977274999004 0 0 0.2228507055012809 0 0 0.2329139902501426 0 0 0.2993047064887744 0 0 0.274512256213944 0 0 0.2869084813513593 0 0 0.2617530854955941 0 0 0.2805288959921843 0 0 0.242977274999004 0 0 0.2993047064887742 0 0 0.2617530854955941 0 0 0.2805288959921843 0 0 0.270826966836303 0 0 0.252260505611437 0 0 0.2615437362238701 0 0 0.3336107550476971 0 0 0.3107400560084151 0 0 0.3221754055280563 0 0 0.2917548962401008 0 0 0.3126828256438993 0 0 0.270826966836303 0 0 0.3336107550476971 0 0 0.2917548962401008 0 0 0.3126828256438993 0 0 0.2960681580310561 0 0 0.279240697234554 0 0 0.2876544276328052 0 0 0.3647035815166168 0 0 0.3439750305373368 0 0 0.354339306026977 0 0 0.3189466325262431 0 0 0.3418251070214301 0 0 0.2960681580310561 0 0 0.3647035815166165 0 0 0.3189466325262431 0 0 0.3418251070214301 0 0 0.3184576335213488 0 0 0.3035313165278203 0 0 0.3109944750245848 0 0 0.3922835153155635 0 0 0.3738968927829321 0 0 0.3830902040492479 0 0 0.3430662607860868 0 0 0.3676748880508255 0 0 0.3184576335213488 0 0 0.3922835153155634 0 0 0.3430662607860868 0 0 0.3676748880508255 0 0 0.3377796804418787 0 0 0.3248983158281921 0 0 0.3313389981350356 0 0 0.4160847561537099 0 0 0.4002172622616121 0 0 0.4081510092076612 0 0 0.3638813723458223 0 0 0.3899830642497662 0 0 0.3377796804418787 0 0 0.4160847561537097 0 0 0.3638813723458223 0 0 0.3899830642497662 0 0 0.3538482169995278 0 0 0.3431358592944284 0 0 0.3484920381469782 0 0 0.4358779859256579 0 0 0.4226824994110257 0 0 0.429280242668342 0 0 0.3811914733082376 0 0 0.408534729616948 0 0 0.3538482169995278 0 0 0.4358779859256577 0 0 0.3811914733082376 0 0 0.408534729616948 0 0 0.3665086456126722 0 0 0.3580683598705759 0 0 0.3622885027416242 0 0 0.4514727008965564 0 0 0.4410762242492905 0 0 0.4462744625729235 0 0 0.3948299973739668 0 0 0.4231513491352619 0 0 0.3665086456126722 0 0 0.4514727008965562 0 0 0.3948299973739668 0 0 0.4231513491352619 0 0 0.3756393746831732 0 0 0.3695522219695058 0 0 0.3725957983263396 0 0 0.462719222108208 0 0 0.4552215413004401 0 0 0.458970381704324 0 0 0.4046659904915179 0 0 0.4336926062998629 0 0 0.3756393746831732 0 0 0.4627192221082079 0 0 0.4046659904915179 0 0 0.4336926062998629 0 0 0.3811529359475165 0 0 0.3774772284379543 0 0 0.3793150821927355 0 0 0.469510113995701 0 0 0.464982852737372 0 0 0.4672464833665365 0 0 0.4106053286302445 0 0 0.4400577213129728 0 0 0.3811529359475165 0 0 0.4695101139957005 0 0 0.4106053286302445 0 0 0.4400577213129728 0 0 0.3829966506652271 0 0 0.3817675075200867 0 0 0.382382079092657 0 0 0.4717809076645777 0 0 0.4702670452186596 0 0 0.4710239764416188 0 0 0.4125914029983438 0 0 0.4421861553314609 0 0 0.3829966506652271 0 0 0.4717809076645775 0 0 0.4125914029983438 0 0 0.4421861553314609 0 0 0.3811529359475167 0 0 0.3823820790926569 0 0 0.3817675075200869 0 0 0.4695101139957013 0 0 0.4710239764416188 0 0 0.4702670452186601 0 0 0.4106053286302449 0 0 0.4400577213129733 0 0 0.3811529359475167 0 0 0.4695101139957013 0 0 0.4106053286302449 0 0 0.4400577213129733 0 0 0.375639374683174 0 0 0.3793150821927357 0 0 0.3774772284379549 0 0 0.4627192221082086 0 0 0.467246483366537 0 0 0.4649828527373727 0 0 0.4046659904915187 0 0 0.4336926062998638 0 0 0.375639374683174 0 0 0.4627192221082085 0 0 0.4046659904915187 0 0 0.4336926062998638 0 0 0.3665086456126731 0 0 0.3725957983263404 0 0 0.3695522219695068 0 0 0.4514727008965573 0 0 0.4589703817043247 0 0 0.4552215413004411 0 0 0.3948299973739676 0 0 0.4231513491352626 0 0 0.3665086456126731 0 0 0.4514727008965573 0 0 0.3948299973739676 0 0 0.4231513491352626 0 0 0.3538482169995286 0 0 0.3622885027416249 0 0 0.3580683598705767 0 0 0.4358779859256588 0 0 0.4462744625729244 0 0 0.4410762242492914 0 0 0.3811914733082385 0 0 0.4085347296169488 0 0 0.3538482169995286 0 0 0.4358779859256586 0 0 0.3811914733082385 0 0 0.4085347296169488 0 0 0.3377796804418791 0 0 0.3484920381469788 0 0 0.3431358592944289 0 0 0.4160847561537103 0 0 0.4292802426683425 0 0 0.4226824994110264 0 0 0.3638813723458229 0 0 0.3899830642497666 0 0 0.3377796804418791 0 0 0.4160847561537104 0 0 0.3638813723458229 0 0 0.3899830642497666 0 0 0.3184576335213489 0 0 0.3313389981350358 0 0 0.3248983158281922 0 0 0.3922835153155633 0 0 0.4081510092076612 0 0 0.4002172622616123 0 0 0.343066260786087 0 0 0.3676748880508252 0 0 0.3184576335213489 0 0 0.3922835153155634 0 0 0.343066260786087 0 0 0.3676748880508252 0 0 0.2960681580310561 0 0 0.3109944750245845 0 0 0.3035313165278202 0 0 0.3647035815166162 0 0 0.3830902040492478 0 0 0.3738968927829319 0 0 0.3189466325262427 0 0 0.3418251070214294 0 0 0.2960681580310561 0 0 0.3647035815166162 0 0 0.3189466325262427 0 0 0.3418251070214294 0 0 0.2708269668363029 0 0 0.287654427632805 0 0 0.2792406972345538 0 0 0.3336107550476967 0 0 0.3543393060269767 0 0 0.3439750305373367 0 0 0.291754896240101 0 0 0.312682825643899 0 0 0.2708269668363029 0 0 0.333610755047697 0 0 0.291754896240101 0 0 0.312682825643899 0 0 0.2429772749990046 0 0 0.2615437362238701 0 0 0.2522605056114372 0 0 0.2993047064887746 0 0 0.3221754055280563 0 0 0.3107400560084153 0 0 0.2617530854955945 0 0 0.2805288959921845 0 0 0.2429772749990046 0 0 0.2993047064887747 0 0 0.2617530854955945 0 0 0.2805288959921845 0 0 0.2127874207524201 0 0 0.2329139902501432 0 0 0.2228507055012815 0 0 0.2621160310765295 0 0 0.2869084813513598 0 0 0.2745122562139445 0 0 0.2292302908604566 0 0 0.245673160968493 0 0 0.2127874207524201 0 0 0.2621160310765299 0 0 0.2292302908604566 0 0 0.245673160968493 0 0 0.1805482549973293 0 0 0.2020410321673899 0 0 0.1912946435823594 0 0 0.2224030326203474 0 0 0.2488783649244693 0 0 0.2356406987724079 0 0 0.1944998475383353 0 0 0.2084514400793413 0 0 0.1805482549973293 0 0 0.2224030326203479 0 0 0.1944998475383353 0 0 0.2084514400793413 0 0 0.1465703291360298 0 0 0.1692222797102297 0 0 0.1578963044231293 0 0 0.1805482549938837 0 0 0.2084514400781931 0 0 0.194499847536038 0 0 0.1578963044219813 0 0 0.1692222797079322 0 0 0.1465703291360298 0 0 0.1805482549938838 0 0 0.1578963044219813 0 0 0.1692222797079322 0 0 0.1111809046166241 0 0 0.134773854296228 0 0 0.1229773794564255 0 0 0.1369548149525925 0 0 0.1660171083134533 0 0 0.1514859616330225 0 0 0.119772208061947 0 0 0.1283635115072697 0 0 0.1111809046166241 0 0 0.1369548149525927 0 0 0.119772208061947 0 0 0.1283635115072697 0 0 0.07472080886029783 0 0 0.09902753936451546 0 0 0.08687417411240625 0 0 0.09204253673670738 0 0 0.1219840555472981 0 0 0.1070132961420024 0 0 0.08049471815243453 0 0 0.08626862744457069 0 0 0.07472080886029783 0 0 0.09204253673670769 0 0 0.08049471815243453 0 0 0.08626862744457069 0 0 0.03754116141471864 0 0 0.06232759304510489 0 0 0.04993437722991119 0 0 0.04624392303774465 0 0 0.07677633217038676 0 0 0.06151012760406548 0 0 0.04044208195572741 0 0 0.04334300249673576 0 0 0.03754116141471864 0 0 0.04624392303774529 0 0 0.04044208195572741 0 0 0.04334300249673576 0 0 -2.240217435277106e-16 0 0 0.0250274409431456 0 0 0.01251372047157249 0 0 -1.170019976529877e-16 0 0 0.03082928202516354 0 0 0.01541464101258122 0 0 1.900947711910203e-16 0 0 -5.67445103009637e-16 0 0 -4.864757944352797e-18 0 0 -1.472204713019601e-18 0 0 -4.039491912424845e-18 0 0 2.195745792106568e-21 0 0 0.04624392303774472 0 0 0.01541464101258156 0 0 0.03082928202516315 0 0 0.05450131921144475 0 0 0.01816710640381491 0 0 0.03633421280762984 0 0 0.04899638842897804 0 0 0.05174885382021144 0 0 0.04624392303774472 0 0 0.05450131921144475 0 0 0.04899638842897804 0 0 0.05174885382021144 0 0 0.09204253673670691 0 0 0.06151012760406543 0 0 0.07677633217038621 0 0 0.1084778276633732 0 0 0.07249348869542085 0 0 0.09048565817939705 0 0 0.09752096704559565 0 0 0.1029993973544845 0 0 0.09204253673670691 0 0 0.1084778276633731 0 0 0.09752096704559565 0 0 0.1029993973544845 0 0 0.1369548149525922 0 0 0.107013296142002 0 0 0.1219840555472972 0 0 0.1614097650082583 0 0 0.1261218067783349 0 0 0.1437657858932966 0 0 0.1451064649711475 0 0 0.153258114989703 0 0 0.1369548149525922 0 0 0.1614097650082583 0 0 0.1451064649711475 0 0 0.153258114989703 0 0 0.180548254993883 0 0 0.1514859616330225 0 0 0.1660171083134528 0 0 0.2127874207431003 0 0 0.1785356502532056 0 0 0.195661535498153 0 0 0.1912946435769553 0 0 0.2020410321600279 0 0 0.180548254993883 0 0 0.2127874207431002 0 0 0.1912946435769553 0 0 0.2020410321600279 0 0 0.2224030326203467 0 0 0.1944998475360374 0 0 0.2084514400781922 0 0 0.2621160310694373 0 0 0.2292302908518792 0 0 0.2456731609606583 0 0 0.2356406987700435 0 0 0.2488783649197404 0 0 0.2224030326203467 0 0 0.2621160310694371 0 0 0.2356406987700435 0 0 0.2488783649197404 0 0 0.262116031076529 0 0 0.2356406987724073 0 0 0.2488783649244683 0 0 0.308920523273457 0 0 0.2777175284707771 0 0 0.2933190258721171 0 0 0.277717528475505 0 0 0.2933190258744811 0 0 0.262116031076529 0 0 0.308920523273457 0 0 0.277717528475505 0 0 0.2933190258744811 0 0 0.2993047064887742 0 0 0.274512256213944 0 0 0.2869084813513593 0 0 0.3527500612423062 0 0 0.3235303692630733 0 0 0.3381402152526898 0 0 0.3171198247399515 0 0 0.334934942991129 0 0 0.2993047064887742 0 0 0.352750061242306 0 0 0.3171198247399515 0 0 0.334934942991129 0 0 0.3336107550476971 0 0 0.3107400560084151 0 0 0.3221754055280563 0 0 0.3931823502134199 0 0 0.366227490899344 0 0 0.3797049205563821 0 0 0.3534679534362713 0 0 0.3733251518248458 0 0 0.3336107550476971 0 0 0.3931823502134197 0 0 0.3534679534362713 0 0 0.3733251518248458 0 0 0.3647035815166165 0 0 0.3439750305373368 0 0 0.354339306026977 0 0 0.4298276308891958 0 0 0.4053974437720119 0 0 0.417612537330604 0 0 0.3864115979741429 0 0 0.4081196144316696 0 0 0.3647035815166165 0 0 0.4298276308891956 0 0 0.3864115979741429 0 0 0.4081196144316696 0 0 0.3922835153155634 0 0 0.3738968927829321 0 0 0.3830902040492479 0 0 0.4623326332750519 0 0 0.4406626316844812 0 0 0.4514976324797668 0 0 0.4156332213020595 0 0 0.4389829272885559 0 0 0.3922835153155634 0 0 0.4623326332750519 0 0 0.4156332213020595 0 0 0.4389829272885559 0 0 0.4160847561537097 0 0 0.4002172622616121 0 0 0.4081510092076612 0 0 0.4903839580117491 0 0 0.4716830748539509 0 0 0.4810335164328501 0 0 0.4408511567730562 0 0 0.4656175573924027 0 0 0.4160847561537097 0 0 0.4903839580117487 0 0 0.4408511567730562 0 0 0.4656175573924027 0 0 0.4358779859256577 0 0 0.4226824994110257 0 0 0.429280242668342 0 0 0.513711193518551 0 0 0.4981597031806829 0 0 0.505935448349617 0 0 0.4618223884566221 0 0 0.4877667909875867 0 0 0.4358779859256577 0 0 0.5137111935185509 0 0 0.4618223884566221 0 0 0.4877667909875867 0 0 0.4514727008965562 0 0 0.4410762242492905 0 0 0.4462744625729235 0 0 0.5320895262616003 0 0 0.5198373044329008 0 0 0.5259634153472506 0 0 0.4783449760182377 0 0 0.5052172511399193 0 0 0.4514727008965562 0 0 0.5320895262616001 0 0 0.4783449760182377 0 0 0.5052172511399193 0 0 0.4627192221082079 0 0 0.4552215413004401 0 0 0.458970381704324 0 0 0.5453424173787172 0 0 0.5365071566339725 0 0 0.5409247870063449 0 0 0.4902602871983774 0 0 0.5178013522885476 0 0 0.4627192221082079 0 0 0.545342417378717 0 0 0.4902602871983774 0 0 0.5178013522885476 0 0 0.4695101139957005 0 0 0.464982852737372 0 0 0.4672464833665365 0 0 0.5533440500554259 0 0 0.5480096282709535 0 0 0.5506768391631898 0 0 0.4974547593489423 0 0 0.5253994047021844 0 0 0.4695101139957005 0 0 0.5533440500554258 0 0 0.4974547593489423 0 0 0.5253994047021844 0 0 0.4717809076645775 0 0 0.4702670452186596 0 0 0.4710239764416188 0 0 0.5560194320068266 0 0 0.5542358440392261 0 0 0.5551276380230263 0 0 0.4998604157786604 0 0 0.5279399238927437 0 0 0.4717809076645775 0 0 0.5560194320068265 0 0 0.4998604157786604 0 0 0.5279399238927437 0 0 0.4695101139957013 0 0 0.4710239764416188 0 0 0.4702670452186601 0 0 0.5533440500554264 0 0 0.5551276380230266 0 0 0.5542358440392265 0 0 0.4974547593489429 0 0 0.5253994047021848 0 0 0.4695101139957013 0 0 0.5533440500554264 0 0 0.4974547593489429 0 0 0.5253994047021848 0 0 0.4627192221082085 0 0 0.467246483366537 0 0 0.4649828527373727 0 0 0.5453424173787178 0 0 0.5506768391631902 0 0 0.548009628270954 0 0 0.4902602871983782 0 0 0.5178013522885481 0 0 0.4627192221082085 0 0 0.5453424173787178 0 0 0.4902602871983782 0 0 0.5178013522885481 0 0 0.4514727008965573 0 0 0.4589703817043247 0 0 0.4552215413004411 0 0 0.5320895262616013 0 0 0.5409247870063457 0 0 0.5365071566339736 0 0 0.4783449760182387 0 0 0.5052172511399202 0 0 0.4514727008965573 0 0 0.5320895262616013 0 0 0.4783449760182387 0 0 0.5052172511399202 0 0 0.4358779859256586 0 0 0.4462744625729244 0 0 0.4410762242492914 0 0 0.5137111935185521 0 0 0.5259634153472517 0 0 0.519837304432902 0 0 0.461822388456623 0 0 0.4877667909875877 0 0 0.4358779859256586 0 0 0.5137111935185522 0 0 0.461822388456623 0 0 0.4877667909875877 0 0 0.4160847561537104 0 0 0.4292802426683425 0 0 0.4226824994110264 0 0 0.4903839580117496 0 0 0.5059354483496181 0 0 0.4981597031806837 0 0 0.4408511567730568 0 0 0.4656175573924031 0 0 0.4160847561537104 0 0 0.4903839580117497 0 0 0.4408511567730568 0 0 0.4656175573924031 0 0 0.3922835153155634 0 0 0.4081510092076612 0 0 0.4002172622616123 0 0 0.4623326332750519 0 0 0.4810335164328505 0 0 0.4716830748539511 0 0 0.4156332213020595 0 0 0.4389829272885556 0 0 0.3922835153155634 0 0 0.462332633275052 0 0 0.4156332213020595 0 0 0.4389829272885556 0 0 0.3647035815166162 0 0 0.3830902040492478 0 0 0.3738968927829319 0 0 0.4298276308891958 0 0 0.4514976324797666 0 0 0.4406626316844811 0 0 0.3864115979741429 0 0 0.4081196144316693 0 0 0.3647035815166162 0 0 0.4298276308891958 0 0 0.3864115979741429 0 0 0.4081196144316693 0 0 0.333610755047697 0 0 0.3543393060269767 0 0 0.3439750305373367 0 0 0.3931823502134196 0 0 0.4176125373306038 0 0 0.4053974437720116 0 0 0.3534679534362714 0 0 0.3733251518248453 0 0 0.333610755047697 0 0 0.3931823502134199 0 0 0.3534679534362714 0 0 0.3733251518248453 0 0 0.2993047064887747 0 0 0.3221754055280563 0 0 0.3107400560084153 0 0 0.3527500612423064 0 0 0.3797049205563822 0 0 0.3662274908993441 0 0 0.3171198247399521 0 0 0.3349349429911292 0 0 0.2993047064887747 0 0 0.3527500612423068 0 0 0.3171198247399521 0 0 0.3349349429911292 0 0 0.2621160310765299 0 0 0.2869084813513598 0 0 0.2745122562139445 0 0 0.3089205232734577 0 0 0.3381402152526906 0 0 0.3235303692630739 0 0 0.2777175284755058 0 0 0.2933190258744816 0 0 0.2621160310765299 0 0 0.3089205232734579 0 0 0.2777175284755058 0 0 0.2933190258744816 0 0 0.2224030326203479 0 0 0.2488783649244693 0 0 0.2356406987724079 0 0 0.262116031069438 0 0 0.293319025872118 0 0 0.2777175284707777 0 0 0.2356406987700442 0 0 0.2488783649197408 0 0 0.2224030326203479 0 0 0.2621160310694384 0 0 0.2356406987700442 0 0 0.2488783649197408 0 0 0.1805482549938838 0 0 0.2084514400781931 0 0 0.194499847536038 0 0 0.2127874207431009 0 0 0.2456731609606594 0 0 0.2292302908518798 0 0 0.1912946435769563 0 0 0.2020410321600281 0 0 0.1805482549938838 0 0 0.2127874207431013 0 0 0.1912946435769563 0 0 0.2020410321600281 0 0 0.1369548149525927 0 0 0.1660171083134533 0 0 0.1514859616330225 0 0 0.1614097650082589 0 0 0.1956615354981537 0 0 0.1785356502532061 0 0 0.1451064649711485 0 0 0.1532581149897033 0 0 0.1369548149525927 0 0 0.1614097650082594 0 0 0.1451064649711485 0 0 0.1532581149897033 0 0 0.09204253673670769 0 0 0.1219840555472981 0 0 0.1070132961420024 0 0 0.1084778276633736 0 0 0.1437657858932974 0 0 0.1261218067783351 0 0 0.09752096704559621 0 0 0.1029993973544845 0 0 0.09204253673670769 0 0 0.1084778276633737 0 0 0.09752096704559621 0 0 0.1029993973544845 0 0 0.04624392303774529 0 0 0.07677633217038676 0 0 0.06151012760406548 0 0 0.05450131921144499 0 0 0.09048565817939744 0 0 0.07249348869542083 0 0 0.04899638842897826 0 0 0.05174885382021116 0 0 0.04624392303774529 0 0 0.05450131921144536 0 0 0.04899638842897826 0 0 0.05174885382021116 0 0 5.105948367308841e-17 0 0 0.03082928202516354 0 0 0.01541464101258122 0 0 -1.382134023133612e-16 0 0 0.03633421280762988 0 0 0.01816710640381448 0 0 5.745765490368467e-17 0 0 -6.787876342965918e-16 0 0 -1.472204713019601e-18 0 0 -1.975082483562966e-18 0 0 1.801297791954573e-18 0 0 1.515248047991705e-18 0 0 0.05450131921144475 0 0 0.01816710640381491 0 0 0.03633421280762984 0 0 0.06223381160947326 0 0 0.0207446038698244 0 0 0.04148920773964884 0 0 0.05707881667745423 0 0 0.05965631414346377 0 0 0.05450131921144475 0 0 0.06223381160947321 0 0 0.05707881667745423 0 0 0.05965631414346377 0 0 0.1084778276633731 0 0 0.07249348869542085 0 0 0.09048565817939705 0 0 0.123868369221637 0 0 0.08277866414686114 0 0 0.1033235166842491 0 0 0.1136080081827944 0 0 0.1187381887022158 0 0 0.1084778276633731 0 0 0.123868369221637 0 0 0.1136080081827944 0 0 0.1187381887022158 0 0 0.1614097650082583 0 0 0.1261218067783349 0 0 0.1437657858932966 0 0 0.1843101899452342 0 0 0.1440156427961694 0 0 0.1641629163707019 0 0 0.1690432399872501 0 0 0.1766767149662423 0 0 0.1614097650082583 0 0 0.1843101899452341 0 0 0.1690432399872501 0 0 0.1766767149662423 0 0 0.2127874207431002 0 0 0.1785356502532056 0 0 0.195661535498153 0 0 0.2429772749812385 0 0 0.2038658849572356 0 0 0.2234215799692371 0 0 0.2228507054891462 0 0 0.2329139902351925 0 0 0.2127874207431002 0 0 0.2429772749812384 0 0 0.2228507054891462 0 0 0.2329139902351925 0 0 0.2621160310694371 0 0 0.2292302908518792 0 0 0.2456731609606583 0 0 0.2993047064701266 0 0 0.2617530854775344 0 0 0.2805288959738306 0 0 0.2745122562030002 0 0 0.2869084813365635 0 0 0.2621160310694371 0 0 0.2993047064701265 0 0 0.2745122562030002 0 0 0.2869084813365635 0 0 0.308920523273457 0 0 0.2777175284707771 0 0 0.2933190258721171 0 0 0.3527500612276595 0 0 0.3171198247226373 0 0 0.3349349429751485 0 0 0.3235303692581909 0 0 0.3381402152429254 0 0 0.308920523273457 0 0 0.3527500612276593 0 0 0.3235303692581909 0 0 0.3381402152429254 0 0 0.352750061242306 0 0 0.3235303692630733 0 0 0.3381402152526898 0 0 0.4027985885065132 0 0 0.3694329036539439 0 0 0.3861157460802286 0 0 0.3694329036637084 0 0 0.386115746085111 0 0 0.352750061242306 0 0 0.402798588506513 0 0 0.3694329036637084 0 0 0.386115746085111 0 0 0.3931823502134197 0 0 0.366227490899344 0 0 0.3797049205563821 0 0 0.4489681079604524 0 0 0.418188428324493 0 0 0.433578268142473 0 0 0.4117776027957641 0 0 0.4303728553781086 0 0 0.3931823502134197 0 0 0.4489681079604524 0 0 0.4117776027957641 0 0 0.4303728553781086 0 0 0.4298276308891956 0 0 0.4053974437720119 0 0 0.417612537330604 0 0 0.4908135807739332 0 0 0.4629165988982793 0 0 0.4768650898361064 0 0 0.4501562808507748 0 0 0.4704849308123543 0 0 0.4298276308891956 0 0 0.490813580773933 0 0 0.4501562808507748 0 0 0.4704849308123543 0 0 0.4623326332750519 0 0 0.4406626316844812 0 0 0.4514976324797668 0 0 0.5279307486209519 0 0 0.5031859700562724 0 0 0.5155583593386124 0 0 0.4841986717236851 0 0 0.5060647101723186 0 0 0.4623326332750519 0 0 0.5279307486209517 0 0 0.4841986717236851 0 0 0.5060647101723186 0 0 0.4903839580117487 0 0 0.4716830748539509 0 0 0.4810335164328501 0 0 0.5599623322829285 0 0 0.5386079431749438 0 0 0.5492851377289362 0 0 0.5135767494354754 0 0 0.5367695408592021 0 0 0.4903839580117487 0 0 0.5599623322829281 0 0 0.5135767494354754 0 0 0.5367695408592021 0 0 0.5137111935185509 0 0 0.4981597031806829 0 0 0.505935448349617 0 0 0.5865992040699377 0 0 0.5688412895452645 0 0 0.5777202468076011 0 0 0.5380071970356797 0 0 0.5623032005528088 0 0 0.5137111935185509 0 0 0.5865992040699375 0 0 0.5380071970356797 0 0 0.5623032005528088 0 0 0.5320895262616001 0 0 0.5198373044329008 0 0 0.5259634153472506 0 0 0.6075838986934485 0 0 0.5935941022777743 0 0 0.6005890004856117 0 0 0.5572543170722164 0 0 0.5824191078828327 0 0 0.5320895262616001 0 0 0.6075838986934485 0 0 0.5572543170722164 0 0 0.5824191078828327 0 0 0.545342417378717 0 0 0.5365071566339725 0 0 0.5409247870063449 0 0 0.6227139137677309 0 0 0.6126272370515424 0 0 0.6176705754096369 0 0 0.5711329161750549 0 0 0.5969234149713931 0 0 0.545342417378717 0 0 0.6227139137677308 0 0 0.5711329161750549 0 0 0.5969234149713931 0 0 0.5533440500554258 0 0 0.5480096282709535 0 0 0.5506768391631898 0 0 0.6318453677539115 0 0 0.6257577317631243 0 0 0.6288015497585181 0 0 0.5795111559549211 0 0 0.6056782618544165 0 0 0.5533440500554258 0 0 0.6318453677539114 0 0 0.5795111559549211 0 0 0.6056782618544165 0 0 0.5560194320068265 0 0 0.5542358440392261 0 0 0.5551276380230263 0 0 0.6348985907586466 0 0 0.6328631087554898 0 0 0.6338808497570683 0 0 0.5823124849240997 0 0 0.6086055378413733 0 0 0.5560194320068265 0 0 0.6348985907586465 0 0 0.5823124849240997 0 0 0.6086055378413733 0 0 0.5533440500554264 0 0 0.5551276380230266 0 0 0.5542358440392265 0 0 0.6318453677539124 0 0 0.6338808497570684 0 0 0.6328631087554905 0 0 0.5795111559549215 0 0 0.6056782618544172 0 0 0.5533440500554264 0 0 0.6318453677539122 0 0 0.5795111559549215 0 0 0.6056782618544172 0 0 0.5453424173787178 0 0 0.5506768391631902 0 0 0.548009628270954 0 0 0.6227139137677318 0 0 0.6288015497585188 0 0 0.6257577317631252 0 0 0.5711329161750556 0 0 0.5969234149713938 0 0 0.5453424173787178 0 0 0.6227139137677317 0 0 0.5711329161750556 0 0 0.5969234149713938 0 0 0.5320895262616013 0 0 0.5409247870063457 0 0 0.5365071566339736 0 0 0.6075838986934495 0 0 0.6176705754096377 0 0 0.6126272370515436 0 0 0.5572543170722174 0 0 0.5824191078828336 0 0 0.5320895262616013 0 0 0.6075838986934496 0 0 0.5572543170722174 0 0 0.5824191078828336 0 0 0.5137111935185522 0 0 0.5259634153472517 0 0 0.519837304432902 0 0 0.5865992040699384 0 0 0.6005890004856125 0 0 0.5935941022777755 0 0 0.5380071970356808 0 0 0.5623032005528097 0 0 0.5137111935185522 0 0 0.5865992040699384 0 0 0.5380071970356808 0 0 0.5623032005528097 0 0 0.4903839580117497 0 0 0.5059354483496181 0 0 0.4981597031806837 0 0 0.559962332282929 0 0 0.5777202468076019 0 0 0.5688412895452655 0 0 0.513576749435476 0 0 0.5367695408592024 0 0 0.4903839580117497 0 0 0.559962332282929 0 0 0.513576749435476 0 0 0.5367695408592024 0 0 0.462332633275052 0 0 0.4810335164328505 0 0 0.4716830748539511 0 0 0.5279307486209519 0 0 0.5492851377289367 0 0 0.5386079431749443 0 0 0.4841986717236854 0 0 0.5060647101723186 0 0 0.462332633275052 0 0 0.5279307486209521 0 0 0.4841986717236854 0 0 0.5060647101723186 0 0 0.4298276308891958 0 0 0.4514976324797666 0 0 0.4406626316844811 0 0 0.4908135807739332 0 0 0.5155583593386124 0 0 0.5031859700562727 0 0 0.450156280850775 0 0 0.4704849308123542 0 0 0.4298276308891958 0 0 0.4908135807739336 0 0 0.450156280850775 0 0 0.4704849308123542 0 0 0.3931823502134199 0 0 0.4176125373306038 0 0 0.4053974437720116 0 0 0.4489681079604531 0 0 0.4768650898361067 0 0 0.4629165988982797 0 0 0.4117776027957644 0 0 0.4303728553781088 0 0 0.3931823502134199 0 0 0.4489681079604532 0 0 0.4117776027957644 0 0 0.4303728553781088 0 0 0.3527500612423068 0 0 0.3797049205563822 0 0 0.3662274908993441 0 0 0.4027985885065137 0 0 0.4335782681424737 0 0 0.4181884283244937 0 0 0.3694329036637094 0 0 0.3861157460851114 0 0 0.3527500612423068 0 0 0.402798588506514 0 0 0.3694329036637094 0 0 0.3861157460851114 0 0 0.3089205232734579 0 0 0.3381402152526906 0 0 0.3235303692630739 0 0 0.35275006122766 0 0 0.3861157460802294 0 0 0.3694329036539447 0 0 0.323530369258192 0 0 0.3381402152429256 0 0 0.3089205232734579 0 0 0.3527500612276601 0 0 0.323530369258192 0 0 0.3381402152429256 0 0 0.2621160310694384 0 0 0.293319025872118 0 0 0.2777175284707777 0 0 0.2993047064701269 0 0 0.3349349429751492 0 0 0.3171198247226377 0 0 0.2745122562030013 0 0 0.286908481336564 0 0 0.2621160310694384 0 0 0.2993047064701274 0 0 0.2745122562030013 0 0 0.286908481336564 0 0 0.2127874207431013 0 0 0.2456731609606594 0 0 0.2292302908518798 0 0 0.2429772749812388 0 0 0.2805288959738313 0 0 0.2617530854775347 0 0 0.2228507054891473 0 0 0.2329139902351928 0 0 0.2127874207431013 0 0 0.2429772749812392 0 0 0.2228507054891473 0 0 0.2329139902351928 0 0 0.1614097650082594 0 0 0.1956615354981537 0 0 0.1785356502532061 0 0 0.1843101899452345 0 0 0.2234215799692373 0 0 0.2038658849572355 0 0 0.1690432399872509 0 0 0.1766767149662424 0 0 0.1614097650082594 0 0 0.184310189945235 0 0 0.1690432399872509 0 0 0.1766767149662424 0 0 0.1084778276633737 0 0 0.1437657858932974 0 0 0.1261218067783351 0 0 0.1238683692216371 0 0 0.1641629163707019 0 0 0.1440156427961689 0 0 0.1136080081827947 0 0 0.1187381887022157 0 0 0.1084778276633737 0 0 0.1238683692216375 0 0 0.1136080081827947 0 0 0.1187381887022157 0 0 0.05450131921144536 0 0 0.09048565817939744 0 0 0.07249348869542083 0 0 0.06223381160947325 0 0 0.1033235166842496 0 0 0.08277866414686103 0 0 0.05707881667745422 0 0 0.05965631414346342 0 0 0.05450131921144536 0 0 0.06223381160947368 0 0 0.05707881667745422 0 0 0.05965631414346342 0 0 5.972313763749968e-17 0 0 0.03633421280762988 0 0 0.01816710640381448 0 0 -5.982602545697269e-16 0 0 0.04148920773964884 0 0 0.02074460386982368 0 0 2.696933868166527e-16 0 0 -7.825509804635828e-16 0 0 -1.975082483562966e-18 0 0 -2.153349768763105e-18 0 0 -5.344247096841483e-18 0 0 2.847126901118965e-21 0 0 0.06223381160947321 0 0 0.0207446038698244 0 0 0.04148920773964884 0 0 0.06936691370194423 0 0 0.02312230456731473 0 0 0.0462446091346295 0 0 0.06461151230696356 0 0 0.06698921300445393 0 0 0.06223381160947321 0 0 0.06936691370194423 0 0 0.06461151230696356 0 0 0.06698921300445393 0 0 0.123868369221637 0 0 0.08277866414686114 0 0 0.1033235166842491 0 0 0.1380659019089095 0 0 0.09226657643759928 0 0 0.1151662391732544 0 0 0.1286008801173945 0 0 0.1333333910131521 0 0 0.123868369221637 0 0 0.1380659019089095 0 0 0.1286008801173945 0 0 0.1333333910131521 0 0 0.1843101899452341 0 0 0.1440156427961694 0 0 0.1641629163707019 0 0 0.205435477602138 0 0 0.1605224271399856 0 0 0.1829789523710618 0 0 0.1913519524975354 0 0 0.1983937150498368 0 0 0.1843101899452341 0 0 0.2054354776021379 0 0 0.1913519524975354 0 0 0.1983937150498368 0 0 0.2429772749812384 0 0 0.2038658849572356 0 0 0.2234215799692371 0 0 0.2708269668081058 0 0 0.2272326406707937 0 0 0.2490298037394499 0 0 0.2522605055901942 0 0 0.2615437361991501 0 0 0.2429772749812384 0 0 0.2708269668081057 0 0 0.2522605055901942 0 0 0.2615437361991501 0 0 0.2993047064701265 0 0 0.2617530854775344 0 0 0.2805288959738306 0 0 0.3336107550133969 0 0 0.2917548962098694 0 0 0.3126828256116333 0 0 0.31074005598455 0 0 0.3221754054989736 0 0 0.2993047064701265 0 0 0.3336107550133968 0 0 0.31074005598455 0 0 0.3221754054989736 0 0 0.3527500612276593 0 0 0.3171198247226373 0 0 0.3349349429751485 0 0 0.393182350175558 0 0 0.3534679534007837 0 0 0.3733251517881711 0 0 0.3662274908769589 0 0 0.3797049205262585 0 0 0.3527500612276593 0 0 0.393182350175558 0 0 0.3662274908769589 0 0 0.3797049205262585 0 0 0.402798588506513 0 0 0.3694329036539439 0 0 0.3861157460802286 0 0 0.4489681079265323 0 0 0.4117776027592159 0 0 0.4303728553428743 0 0 0.4181884283131863 0 0 0.4335782681198593 0 0 0.402798588506513 0 0 0.4489681079265321 0 0 0.4181884283131863 0 0 0.4335782681198593 0 0 0.4489681079604524 0 0 0.418188428324493 0 0 0.433578268142473 0 0 0.5004306577339467 0 0 0.4661222911956705 0 0 0.4832764744648088 0 0 0.4661222912182838 0 0 0.4832764744761157 0 0 0.4489681079604524 0 0 0.5004306577339466 0 0 0.4661222912182838 0 0 0.4832764744761157 0 0 0.490813580773933 0 0 0.4629165988982793 0 0 0.4768650898361064 0 0 0.5470740560288462 0 0 0.5159784571655798 0 0 0.5315262565972132 0 0 0.5095670725255707 0 0 0.5283205642772087 0 0 0.490813580773933 0 0 0.5470740560288458 0 0 0.5095670725255707 0 0 0.5283205642772087 0 0 0.5279307486209517 0 0 0.5031859700562724 0 0 0.5155583593386124 0 0 0.58844871855526 0 0 0.5608656102043171 0 0 0.5746571643797889 0 0 0.5481034052657209 0 0 0.5682760619104907 0 0 0.5279307486209517 0 0 0.5884487185552599 0 0 0.5481034052657209 0 0 0.5682760619104907 0 0 0.5599623322829281 0 0 0.5386079431749438 0 0 0.5492851377289362 0 0 0.6241481005130274 0 0 0.6003485125411823 0 0 0.6122483065271049 0 0 0.5813575883596278 0 0 0.6027528444363277 0 0 0.5599623322829281 0 0 0.624148100513027 0 0 0.5813575883596278 0 0 0.6027528444363277 0 0 0.5865992040699375 0 0 0.5688412895452645 0 0 0.5777202468076011 0 0 0.6538411854306603 0 0 0.6340457954855714 0 0 0.6439434904581161 0 0 0.6090131978568449 0 0 0.6314271916437528 0 0 0.5865992040699375 0 0 0.6538411854306604 0 0 0.6090131978568449 0 0 0.6314271916437528 0 0 0.6075838986934485 0 0 0.5935941022777743 0 0 0.6005890004856117 0 0 0.6772336786909148 0 0 0.6616386831840783 0 0 0.6694361809374968 0 0 0.6308004920259371 0 0 0.6540170853584264 0 0 0.6075838986934485 0 0 0.6772336786909147 0 0 0.6308004920259371 0 0 0.6540170853584264 0 0 0.6227139137677308 0 0 0.6126272370515424 0 0 0.6176705754096369 0 0 0.6940893637638454 0 0 0.6828522403818914 0 0 0.6884708020728687 0 0 0.6465057304331022 0 0 0.6702975470984742 0 0 0.6227139137677308 0 0 0.6940893637638454 0 0 0.6465057304331022 0 0 0.6702975470984742 0 0 0.6318453677539114 0 0 0.6257577317631243 0 0 0.6288015497585181 0 0 0.704258910835197 0 0 0.6974792127876291 0 0 0.7008690618114133 0 0 0.6559832154476734 0 0 0.6801210631414354 0 0 0.6318453677539114 0 0 0.704258910835197 0 0 0.6559832154476734 0 0 0.6801210631414354 0 0 0.6348985907586465 0 0 0.6328631087554898 0 0 0.6338808497570683 0 0 0.7076447454023771 0 0 0.7053875223575902 0 0 0.7065161338799839 0 0 0.6591473089732232 0 0 0.6833960271878003 0 0 0.6348985907586465 0 0 0.7076447454023772 0 0 0.6591473089732232 0 0 0.6833960271878003 0 0 0.6318453677539122 0 0 0.6338808497570684 0 0 0.6328631087554905 0 0 0.7042589108351976 0 0 0.7065161338799838 0 0 0.7053875223575909 0 0 0.655983215447674 0 0 0.6801210631414361 0 0 0.6318453677539122 0 0 0.7042589108351975 0 0 0.655983215447674 0 0 0.6801210631414361 0 0 0.6227139137677317 0 0 0.6288015497585188 0 0 0.6257577317631252 0 0 0.6940893637638466 0 0 0.7008690618114138 0 0 0.6974792127876304 0 0 0.6465057304331032 0 0 0.6702975470984751 0 0 0.6227139137677317 0 0 0.6940893637638467 0 0 0.6465057304331032 0 0 0.6702975470984751 0 0 0.6075838986934496 0 0 0.6176705754096377 0 0 0.6126272370515436 0 0 0.6772336786909153 0 0 0.6884708020728695 0 0 0.6828522403818925 0 0 0.6308004920259382 0 0 0.6540170853584268 0 0 0.6075838986934496 0 0 0.6772336786909154 0 0 0.6308004920259382 0 0 0.6540170853584268 0 0 0.5865992040699384 0 0 0.6005890004856125 0 0 0.5935941022777755 0 0 0.6538411854306615 0 0 0.6694361809374975 0 0 0.6616386831840795 0 0 0.609013197856846 0 0 0.631427191643754 0 0 0.5865992040699384 0 0 0.6538411854306616 0 0 0.609013197856846 0 0 0.631427191643754 0 0 0.559962332282929 0 0 0.5777202468076019 0 0 0.5688412895452655 0 0 0.6241481005130275 0 0 0.6439434904581169 0 0 0.6340457954855723 0 0 0.5813575883596287 0 0 0.6027528444363283 0 0 0.559962332282929 0 0 0.6241481005130278 0 0 0.5813575883596287 0 0 0.6027528444363283 0 0 0.5279307486209521 0 0 0.5492851377289367 0 0 0.5386079431749443 0 0 0.5884487185552605 0 0 0.6122483065271054 0 0 0.600348512541183 0 0 0.5481034052657215 0 0 0.5682760619104912 0 0 0.5279307486209521 0 0 0.5884487185552608 0 0 0.5481034052657215 0 0 0.5682760619104912 0 0 0.4908135807739336 0 0 0.5155583593386124 0 0 0.5031859700562727 0 0 0.5470740560288465 0 0 0.5746571643797894 0 0 0.5608656102043179 0 0 0.509567072525571 0 0 0.5283205642772089 0 0 0.4908135807739336 0 0 0.5470740560288467 0 0 0.509567072525571 0 0 0.5283205642772089 0 0 0.4489681079604532 0 0 0.4768650898361067 0 0 0.4629165988982797 0 0 0.500430657733947 0 0 0.5315262565972133 0 0 0.51597845716558 0 0 0.4661222912182846 0 0 0.4832764744761158 0 0 0.4489681079604532 0 0 0.5004306577339473 0 0 0.4661222912182846 0 0 0.4832764744761158 0 0 0.402798588506514 0 0 0.4335782681424737 0 0 0.4181884283244937 0 0 0.4489681079265329 0 0 0.4832764744648093 0 0 0.4661222911956708 0 0 0.4181884283131869 0 0 0.43357826811986 0 0 0.402798588506514 0 0 0.4489681079265333 0 0 0.4181884283131869 0 0 0.43357826811986 0 0 0.3527500612276601 0 0 0.3861157460802294 0 0 0.3694329036539447 0 0 0.3931823501755583 0 0 0.4303728553428753 0 0 0.4117776027592168 0 0 0.3662274908769597 0 0 0.379704920526259 0 0 0.3527500612276601 0 0 0.3931823501755588 0 0 0.3662274908769597 0 0 0.379704920526259 0 0 0.2993047064701274 0 0 0.3349349429751492 0 0 0.3171198247226377 0 0 0.3336107550133974 0 0 0.3733251517881718 0 0 0.353467953400784 0 0 0.3107400559845506 0 0 0.3221754054989738 0 0 0.2993047064701274 0 0 0.3336107550133978 0 0 0.3107400559845506 0 0 0.3221754054989738 0 0 0.2429772749812392 0 0 0.2805288959738313 0 0 0.2617530854775347 0 0 0.2708269668081059 0 0 0.3126828256116338 0 0 0.2917548962098694 0 0 0.252260505590195 0 0 0.2615437361991503 0 0 0.2429772749812392 0 0 0.2708269668081064 0 0 0.252260505590195 0 0 0.2615437361991503 0 0 0.184310189945235 0 0 0.2234215799692373 0 0 0.2038658849572355 0 0 0.205435477602138 0 0 0.2490298037394507 0 0 0.2272326406707941 0 0 0.1913519524975362 0 0 0.1983937150498369 0 0 0.184310189945235 0 0 0.2054354776021386 0 0 0.1913519524975362 0 0 0.1983937150498369 0 0 0.1238683692216375 0 0 0.1641629163707019 0 0 0.1440156427961689 0 0 0.1380659019089092 0 0 0.1829789523710628 0 0 0.1605224271399855 0 0 0.1286008801173951 0 0 0.1333333910131519 0 0 0.1238683692216375 0 0 0.1380659019089097 0 0 0.1286008801173951 0 0 0.1333333910131519 0 0 0.06223381160947368 0 0 0.1033235166842496 0 0 0.08277866414686103 0 0 0.06936691370194417 0 0 0.1151662391732547 0 0 0.09226657643759908 0 0 0.06461151230696371 0 0 0.06698921300445326 0 0 0.06223381160947368 0 0 0.06936691370194466 0 0 0.06461151230696371 0 0 0.06698921300445326 0 0 -3.739212900303561e-16 0 0 0.04148920773964884 0 0 0.02074460386982368 0 0 -6.66955797296708e-16 0 0 0.04624460913462971 0 0 0.02312230456731391 0 0 7.578627037298631e-17 0 0 -8.7705039318716e-16 0 0 -2.153349768763105e-18 0 0 -8.230106389077243e-18 0 0 -5.676981474797679e-20 0 0 3.13743079405496e-21 0 0 0.06936691370194423 0 0 0.02312230456731473 0 0 0.0462446091346295 0 0 0.07583191150522438 0 0 0.02527730383507478 0 0 0.05055460767014957 0 0 0.07152191296970425 0 0 0.07367691223746434 0 0 0.06936691370194423 0 0 0.07583191150522431 0 0 0.07152191296970425 0 0 0.07367691223746434 0 0 0.1380659019089095 0 0 0.09226657643759928 0 0 0.1151662391732544 0 0 0.1509336536706125 0 0 0.1008658255603537 0 0 0.1258997396154831 0 0 0.1423551524961438 0 0 0.1466444030833782 0 0 0.1380659019089095 0 0 0.1509336536706124 0 0 0.1423551524961438 0 0 0.1466444030833782 0 0 0.2054354776021379 0 0 0.1605224271399856 0 0 0.1829789523710618 0 0 0.2245821028053166 0 0 0.1754831367155138 0 0 0.2000326197604153 0 0 0.2118176860031974 0 0 0.2181998944042571 0 0 0.2054354776021379 0 0 0.2245821028053164 0 0 0.2118176860031974 0 0 0.2181998944042571 0 0 0.2708269668081057 0 0 0.2272326406707937 0 0 0.2490298037394499 0 0 0.2960681579919195 0 0 0.2484107878675175 0 0 0.2722394729297186 0 0 0.2792406972027102 0 0 0.287654427597315 0 0 0.2708269668081057 0 0 0.2960681579919193 0 0 0.2792406972027102 0 0 0.287654427597315 0 0 0.3336107550133968 0 0 0.2917548962098694 0 0 0.3126828256116333 0 0 0.3647035814649899 0 0 0.3189466324829427 0 0 0.3418251069739664 0 0 0.3439750304972611 0 0 0.3543393059811256 0 0 0.3336107550133968 0 0 0.3647035814649895 0 0 0.3439750304972611 0 0 0.3543393059811256 0 0 0.393182350175558 0 0 0.3534679534007837 0 0 0.3733251517881711 0 0 0.4298276308226772 0 0 0.386411597917552 0 0 0.4081196143701146 0 0 0.4053974437245976 0 0 0.4176125372736373 0 0 0.393182350175558 0 0 0.4298276308226766 0 0 0.4053974437245976 0 0 0.4176125372736373 0 0 0.4489681079265321 0 0 0.4117776027592159 0 0 0.4303728553428743 0 0 0.4908135806906998 0 0 0.4501562807786842 0 0 0.4704849307346921 0 0 0.4629165988479214 0 0 0.4768650897693106 0 0 0.4489681079265321 0 0 0.4908135806906994 0 0 0.4629165988479214 0 0 0.4768650897693106 0 0 0.5004306577339466 0 0 0.4661222911956705 0 0 0.4832764744648088 0 0 0.5470740559258266 0 0 0.5095670724357418 0 0 0.5283205641807844 0 0 0.5159784571312399 0 0 0.5315262565285337 0 0 0.5004306577339466 0 0 0.5470740559258266 0 0 0.5159784571312399 0 0 0.5315262565285337 0 0 0.5470740560288458 0 0 0.5159784571655798 0 0 0.5315262565972132 0 0 0.5980667421275248 0 0 0.5640716179930592 0 0 0.581069180060292 0 0 0.5640716180617387 0 0 0.5810691800946319 0 0 0.5470740560288458 0 0 0.5980667421275242 0 0 0.5640716180617387 0 0 0.5810691800946319 0 0 0.5884487185552599 0 0 0.5608656102043171 0 0 0.5746571643797889 0 0 0.6433008019162068 0 0 0.6131447620570849 0 0 0.6282227819866461 0 0 0.6067327463422421 0 0 0.6250167741292246 0 0 0.5884487185552599 0 0 0.6433008019162064 0 0 0.6067327463422421 0 0 0.6250167741292246 0 0 0.624148100513027 0 0 0.6003485125411823 0 0 0.6122483065271049 0 0 0.682347689631854 0 0 0.6563164311547555 0 0 0.6693320603933047 0 0 0.643547963552636 0 0 0.662947826592245 0 0 0.624148100513027 0 0 0.6823476896318535 0 0 0.643547963552636 0 0 0.662947826592245 0 0 0.6538411854306604 0 0 0.6340457954855714 0 0 0.6439434904581161 0 0 0.7147486807338178 0 0 0.6931480199991749 0 0 0.7039483503664965 0 0 0.6741436838650461 0 0 0.6944461822994321 0 0 0.6538411854306604 0 0 0.7147486807338176 0 0 0.6741436838650461 0 0 0.6944461822994321 0 0 0.6772336786909147 0 0 0.6616386831840783 0 0 0.6694361809374968 0 0 0.7403874617483089 0 0 0.7232949410719812 0 0 0.7318412014101453 0 0 0.6982849397100461 0 0 0.7193362007291778 0 0 0.6772336786909147 0 0 0.7403874617483086 0 0 0.6982849397100461 0 0 0.7193362007291778 0 0 0.6940893637638454 0 0 0.6828522403818914 0 0 0.6884708020728687 0 0 0.7588375391881564 0 0 0.7465374875615912 0 0 0.7526875133748738 0 0 0.7156720889052823 0 0 0.7372548140467197 0 0 0.6940893637638454 0 0 0.7588375391881561 0 0 0.7156720889052823 0 0 0.7372548140467197 0 0 0.704258910835197 0 0 0.6974792127876291 0 0 0.7008690618114133 0 0 0.7698124602020938 0 0 0.762495846192802 0 0 0.766154153197448 0 0 0.7261100939574958 0 0 0.7479612770797949 0 0 0.704258910835197 0 0 0.7698124602020935 0 0 0.7261100939574958 0 0 0.7479612770797949 0 0 0.7076447454023772 0 0 0.7053875223575902 0 0 0.7065161338799839 0 0 0.7735997527742189 0 0 0.7710748910594685 0 0 0.7723373219168437 0 0 0.7296297478596576 0 0 0.7516147503169383 0 0 0.7076447454023772 0 0 0.7735997527742186 0 0 0.7296297478596576 0 0 0.7516147503169383 0 0 0.7042589108351975 0 0 0.7065161338799838 0 0 0.7053875223575909 0 0 0.7698124602020945 0 0 0.7723373219168437 0 0 0.7710748910594691 0 0 0.7261100939574967 0 0 0.7479612770797957 0 0 0.7042589108351975 0 0 0.7698124602020943 0 0 0.7261100939574967 0 0 0.7479612770797957 0 0 0.6940893637638467 0 0 0.7008690618114138 0 0 0.6974792127876304 0 0 0.7588375391881573 0 0 0.7661541531974487 0 0 0.7624958461928029 0 0 0.7156720889052834 0 0 0.7372548140467203 0 0 0.6940893637638467 0 0 0.7588375391881573 0 0 0.7156720889052834 0 0 0.7372548140467203 0 0 0.6772336786909154 0 0 0.6884708020728695 0 0 0.6828522403818925 0 0 0.7403874617483094 0 0 0.7526875133748745 0 0 0.746537487561592 0 0 0.6982849397100466 0 0 0.7193362007291778 0 0 0.6772336786909154 0 0 0.7403874617483094 0 0 0.6982849397100466 0 0 0.7193362007291778 0 0 0.6538411854306616 0 0 0.6694361809374975 0 0 0.6616386831840795 0 0 0.7147486807338185 0 0 0.7318412014101456 0 0 0.7232949410719822 0 0 0.6741436838650473 0 0 0.694446182299433 0 0 0.6538411854306616 0 0 0.7147486807338185 0 0 0.6741436838650473 0 0 0.694446182299433 0 0 0.6241481005130278 0 0 0.6439434904581169 0 0 0.6340457954855723 0 0 0.6823476896318547 0 0 0.7039483503664972 0 0 0.693148019999176 0 0 0.6435479635526368 0 0 0.6629478265922457 0 0 0.6241481005130278 0 0 0.6823476896318549 0 0 0.6435479635526368 0 0 0.6629478265922457 0 0 0.5884487185552608 0 0 0.6122483065271054 0 0 0.600348512541183 0 0 0.643300801916207 0 0 0.6693320603933054 0 0 0.6563164311547561 0 0 0.6067327463422427 0 0 0.6250167741292247 0 0 0.5884487185552608 0 0 0.6433008019162069 0 0 0.6067327463422427 0 0 0.6250167741292247 0 0 0.5470740560288467 0 0 0.5746571643797894 0 0 0.5608656102043179 0 0 0.5980667421275249 0 0 0.6282227819866461 0 0 0.6131447620570856 0 0 0.5640716180617393 0 0 0.5810691800946319 0 0 0.5470740560288467 0 0 0.5980667421275252 0 0 0.5640716180617393 0 0 0.5810691800946319 0 0 0.5004306577339473 0 0 0.5315262565972133 0 0 0.51597845716558 0 0 0.547074055925827 0 0 0.5810691800602926 0 0 0.5640716179930596 0 0 0.5159784571312407 0 0 0.5315262565285337 0 0 0.5004306577339473 0 0 0.5470740559258275 0 0 0.5159784571312407 0 0 0.5315262565285337 0 0 0.4489681079265333 0 0 0.4832764744648093 0 0 0.4661222911956708 0 0 0.4908135806906999 0 0 0.5283205641807851 0 0 0.5095670724357424 0 0 0.462916598847922 0 0 0.476865089769311 0 0 0.4489681079265333 0 0 0.4908135806907006 0 0 0.462916598847922 0 0 0.476865089769311 0 0 0.3931823501755588 0 0 0.4303728553428753 0 0 0.4117776027592168 0 0 0.4298276308226777 0 0 0.470484930734693 0 0 0.4501562807786851 0 0 0.4053974437245985 0 0 0.4176125372736377 0 0 0.3931823501755588 0 0 0.4298276308226779 0 0 0.4053974437245985 0 0 0.4176125372736377 0 0 0.3336107550133978 0 0 0.3733251517881718 0 0 0.353467953400784 0 0 0.3647035814649903 0 0 0.4081196143701155 0 0 0.3864115979175528 0 0 0.343975030497262 0 0 0.3543393059811254 0 0 0.3336107550133978 0 0 0.3647035814649909 0 0 0.343975030497262 0 0 0.3543393059811254 0 0 0.2708269668081064 0 0 0.3126828256116338 0 0 0.2917548962098694 0 0 0.29606815799192 0 0 0.3418251069739671 0 0 0.318946632482943 0 0 0.2792406972027108 0 0 0.2876544275973148 0 0 0.2708269668081064 0 0 0.2960681579919202 0 0 0.2792406972027108 0 0 0.2876544275973148 0 0 0.2054354776021386 0 0 0.2490298037394507 0 0 0.2272326406707941 0 0 0.2245821028053166 0 0 0.2722394729297191 0 0 0.2484107878675177 0 0 0.2118176860031981 0 0 0.2181998944042571 0 0 0.2054354776021386 0 0 0.2245821028053177 0 0 0.2118176860031981 0 0 0.2181998944042571 0 0 0.1380659019089097 0 0 0.1829789523710628 0 0 0.1605224271399855 0 0 0.1509336536706118 0 0 0.2000326197604149 0 0 0.1754831367155132 0 0 0.1423551524961442 0 0 0.1466444030833779 0 0 0.1380659019089097 0 0 0.1509336536706131 0 0 0.1423551524961442 0 0 0.1466444030833779 0 0 0.06936691370194466 0 0 0.1151662391732547 0 0 0.09226657643759908 0 0 0.07583191150522371 0 0 0.1258997396154833 0 0 0.1008658255603534 0 0 0.07152191296970412 0 0 0.07367691223746381 0 0 0.06936691370194466 0 0 0.07583191150522504 0 0 0.07152191296970412 0 0 0.07367691223746381 0 0 -4.168623602491828e-16 0 0 0.04624460913462971 0 0 0.02312230456731391 0 0 -1.925146978747808e-16 0 0 0.05055460767014978 0 0 0.02527730383507412 0 0 8.38977576411742e-17 0 0 -9.665410645845919e-16 0 0 -8.230106389077243e-18 0 0 -4.338669888816781e-18 0 0 -6.44359830836053e-18 0 0 3.401496890968168e-21 0 0 0.07583191150522431 0 0 0.02527730383507478 0 0 0.05055460767014957 0 0 0.08156653056688688 0 0 0.02718884352229561 0 0 0.05437768704459126 0 0 0.07774345119244518 0 0 0.07965499087966607 0 0 0.07583191150522431 0 0 0.08156653056688688 0 0 0.07774345119244518 0 0 0.07965499087966607 0 0 0.1509336536706124 0 0 0.1008658255603537 0 0 0.1258997396154831 0 0 0.162347668152223 0 0 0.1084935764286656 0 0 0.1354206222904444 0 0 0.1547383251644826 0 0 0.1585429966583529 0 0 0.1509336536706124 0 0 0.162347668152223 0 0 0.1547383251644826 0 0 0.1585429966583529 0 0 0.2245821028053164 0 0 0.1754831367155138 0 0 0.2000326197604153 0 0 0.2415656050607492 0 0 0.1887536471217317 0 0 0.2151596260912405 0 0 0.230243270223794 0 0 0.2359044376422717 0 0 0.2245821028053164 0 0 0.2415656050607491 0 0 0.230243270223794 0 0 0.2359044376422717 0 0 0.2960681579919193 0 0 0.2484107878675175 0 0 0.2722394729297186 0 0 0.318457633472806 0 0 0.2671962811981015 0 0 0.2928269573354538 0 0 0.3035313164855482 0 0 0.3109944749791773 0 0 0.2960681579919193 0 0 0.3184576334728059 0 0 0.3035313164855482 0 0 0.3109944749791773 0 0 0.3647035814649895 0 0 0.3189466324829427 0 0 0.3418251069739664 0 0 0.3922835152489333 0 0 0.3430662607315151 0 0 0.3676748879902245 0 0 0.3738968927263041 0 0 0.3830902039876188 0 0 0.3647035814649895 0 0 0.3922835152489333 0 0 0.3738968927263041 0 0 0.3830902039876188 0 0 0.4298276308226766 0 0 0.386411597917552 0 0 0.4081196143701146 0 0 0.4623326331832248 0 0 0.4156332212270303 0 0 0.4389829272051277 0 0 0.440662631609526 0 0 0.4514976323963756 0 0 0.4298276308226766 0 0 0.4623326331832246 0 0 0.440662631609526 0 0 0.4514976323963756 0 0 0.4908135806906994 0 0 0.4501562807786842 0 0 0.4704849307346921 0 0 0.5279307484882017 0 0 0.4841986716182169 0 0 0.5060647100532094 0 0 0.5031859699565334 0 0 0.5155583592223677 0 0 0.4908135806906994 0 0 0.5279307484882014 0 0 0.5031859699565334 0 0 0.5155583592223677 0 0 0.5470740559258266 0 0 0.5095670724357418 0 0 0.5283205641807844 0 0 0.58844871835529 0 0 0.5481034051105642 0 0 0.5682760617329276 0 0 0.5608656100689808 0 0 0.5746571642121358 0 0 0.5470740559258266 0 0 0.5884487183552899 0 0 0.5608656100689808 0 0 0.5746571642121358 0 0 0.5980667421275242 0 0 0.5640716179930592 0 0 0.581069180060292 0 0 0.6433008014389048 0 0 0.606732746049828 0 0 0.6250167737443665 0 0 0.6131447618979843 0 0 0.6282227816684447 0 0 0.5980667421275242 0 0 0.6433008014389043 0 0 0.6131447618979843 0 0 0.6282227816684447 0 0 0.6433008019162064 0 0 0.6131447620570849 0 0 0.6282227819866461 0 0 0.6919557315022011 0 0 0.6595191114600032 0 0 0.6757374214811024 0 0 0.6595191117782048 0 0 0.675737421640203 0 0 0.6433008019162064 0 0 0.6919557315022008 0 0 0.6595191117782048 0 0 0.675737421640203 0 0 0.6823476896318535 0 0 0.6563164311547555 0 0 0.6693320603933047 0 0 0.7339550766903878 0 0 0.7059555132315966 0 0 0.7199552949609923 0 0 0.6995501519846985 0 0 0.7167526143375434 0 0 0.6823476896318535 0 0 0.7339550766903875 0 0 0.6995501519846985 0 0 0.7167526143375434 0 0 0.7147486807338176 0 0 0.6931480199991749 0 0 0.7039483503664965 0 0 0.7690220043536504 0 0 0.7456440525781419 0 0 0.7573330284658963 0 0 0.7328397886070952 0 0 0.750930896480373 0 0 0.7147486807338176 0 0 0.7690220043536501 0 0 0.7328397886070952 0 0 0.750930896480373 0 0 0.7403874617483086 0 0 0.7232949410719812 0 0 0.7318412014101453 0 0 0.7958203829743481 0 0 0.7779547972272162 0 0 0.7868875901007824 0 0 0.7588651021569884 0 0 0.7773427425656686 0 0 0.7403874617483094 0 0 0.7958203829743489 0 0 0.7588651021569892 0 0 0.7773427425656693 0 0 0.7147486807338185 0 0 0.7318412014101456 0 0 0.7232949410719822 0 0 0.7690220043536526 0 0 0.7868875901007835 0 0 0.7779547972272181 0 0 0.7328397886070965 0 0 0.7509308964803746 0 0 0.7147486807338185 0 0 0.7690220043536528 0 0 0.7328397886070965 0 0 0.7509308964803746 0 0 0.6823476896318549 0 0 0.7039483503664972 0 0 0.693148019999176 0 0 0.7339550766903874 0 0 0.7573330284658976 0 0 0.7456440525781423 0 0 0.6995501519846987 0 0 0.7167526143375428 0 0 0.6823476896318549 0 0 0.7339550766903874 0 0 0.6995501519846987 0 0 0.7167526143375428 0 0 0.6433008019162069 0 0 0.6693320603933054 0 0 0.6563164311547561 0 0 0.6919557315022017 0 0 0.7199552949609922 0 0 0.7059555132315967 0 0 0.6595191117782051 0 0 0.6757374216402032 0 0 0.6433008019162069 0 0 0.6919557315022019 0 0 0.6595191117782051 0 0 0.6757374216402032 0 0 0.5980667421275252 0 0 0.6282227819866461 0 0 0.6131447620570856 0 0 0.6433008014389046 0 0 0.6757374214811027 0 0 0.6595191114600035 0 0 0.6131447618979847 0 0 0.6282227816684444 0 0 0.5980667421275252 0 0 0.6433008014389048 0 0 0.6131447618979847 0 0 0.6282227816684444 0 0 0.5470740559258275 0 0 0.5810691800602926 0 0 0.5640716179930596 0 0 0.58844871835529 0 0 0.6250167737443666 0 0 0.606732746049828 0 0 0.5608656100689815 0 0 0.5746571642121359 0 0 0.5470740559258275 0 0 0.5884487183552902 0 0 0.5608656100689815 0 0 0.5746571642121359 0 0 0.4908135806907006 0 0 0.5283205641807851 0 0 0.5095670724357424 0 0 0.5279307484882023 0 0 0.5682760617329278 0 0 0.5481034051105647 0 0 0.5031859699565344 0 0 0.5155583592223681 0 0 0.4908135806907006 0 0 0.5279307484882027 0 0 0.5031859699565344 0 0 0.5155583592223681 0 0 0.4298276308226779 0 0 0.470484930734693 0 0 0.4501562807786851 0 0 0.4623326331832257 0 0 0.5060647100532104 0 0 0.4841986716182175 0 0 0.4406626316095273 0 0 0.4514976323963759 0 0 0.4298276308226779 0 0 0.462332633183226 0 0 0.4406626316095273 0 0 0.4514976323963759 0 0 0.3647035814649909 0 0 0.4081196143701155 0 0 0.3864115979175528 0 0 0.3922835152489345 0 0 0.4389829272051288 0 0 0.4156332212270308 0 0 0.3738968927263051 0 0 0.3830902039876191 0 0 0.3647035814649909 0 0 0.3922835152489348 0 0 0.3738968927263051 0 0 0.3830902039876191 0 0 0.2960681579919202 0 0 0.3418251069739671 0 0 0.318946632482943 0 0 0.3184576334728066 0 0 0.3676748879902251 0 0 0.343066260731515 0 0 0.3035313164855489 0 0 0.3109944749791773 0 0 0.2960681579919202 0 0 0.3184576334728071 0 0 0.3035313164855489 0 0 0.3109944749791773 0 0 0.2245821028053177 0 0 0.2722394729297191 0 0 0.2484107878675177 0 0 0.2415656050607491 0 0 0.2928269573354543 0 0 0.2671962811981016 0 0 0.230243270223795 0 0 0.2359044376422716 0 0 0.2245821028053177 0 0 0.2415656050607496 0 0 0.230243270223795 0 0 0.2359044376422716 0 0 0.1509336536706131 0 0 0.2000326197604149 0 0 0.1754831367155132 0 0 0.1623476681522232 0 0 0.215159626091241 0 0 0.1887536471217311 0 0 0.154738325164483 0 0 0.1585429966583526 0 0 0.1509336536706131 0 0 0.1623476681522238 0 0 0.154738325164483 0 0 0.1585429966583526 0 0 0.07583191150522504 0 0 0.1258997396154833 0 0 0.1008658255603534 0 0 0.08156653056688691 0 0 0.1354206222904446 0 0 0.1084935764286653 0 0 0.0777434511924452 0 0 0.07965499087966493 0 0 0.07583191150522504 0 0 0.0815665305668872 0 0 0.0777434511924452 0 0 0.07965499087966493 0 0 8.290958025536342e-17 0 0 0.05055460767014978 0 0 0.02527730383507412 0 0 -2.070701133276651e-16 0 0 0.05437768704459121 0 0 0.02718884352229463 0 0 9.120065923648974e-17 0 0 -1.042890943013684e-15 0 0 -4.338669888816781e-18 0 0 -1.918143393772522e-20 0 0 2.450638023647954e-18 0 0 2.267563078802119e-18 0 0 0.08156653056688688 0 0 0.02718884352229561 0 0 0.05437768704459126 0 0 0.08651554203282187 0 0 0.02883851401094061 0 0 0.05767702802188126 0 0 0.08321620105553185 0 0 0.08486587154417691 0 0 0.08156653056688688 0 0 0.08651554203282182 0 0 0.08321620105553185 0 0 0.08486587154417691 0 0 0.162347668152223 0 0 0.1084935764286656 0 0 0.1354206222904444 0 0 0.1721980128124033 0 0 0.1150763656260156 0 0 0.1436371892192095 0 0 0.1656311163722831 0 0 0.1689145645923433 0 0 0.162347668152223 0 0 0.1721980128124033 0 0 0.1656311163722831 0 0 0.1689145645923433 0 0 0.2415656050607491 0 0 0.1887536471217317 0 0 0.2151596260912405 0 0 0.256222390157178 0 0 0.2002061385939948 0 0 0.2282142643755865 0 0 0.246451200092892 0 0 0.251336795125035 0 0 0.2415656050607491 0 0 0.2562223901571778 0 0 0.246451200092892 0 0 0.251336795125035 0 0 0.3184576334728059 0 0 0.2671962811981015 0 0 0.2928269573354538 0 0 0.3377796803872384 0 0 0.2834081535671981 0 0 0.3105939169772184 0 0 0.3248983157776167 0 0 0.3313389980824277 0 0 0.3184576334728059 0 0 0.3377796803872384 0 0 0.3248983157776167 0 0 0.3313389980824277 0 0 0.3922835152489333 0 0 0.3430662607315151 0 0 0.3676748879902245 0 0 0.4160847560782431 0 0 0.3638813722842397 0 0 0.3899830641812417 0 0 0.4002172621920365 0 0 0.4081510091351399 0 0 0.3922835152489333 0 0 0.416084756078243 0 0 0.4002172621920365 0 0 0.4081510091351399 0 0 0.4623326331832246 0 0 0.4156332212270303 0 0 0.4389829272051277 0 0 0.4903839579064678 0 0 0.440851156687651 0 0 0.4656175572970596 0 0 0.4716830747576389 0 0 0.4810335163320534 0 0 0.4623326331832246 0 0 0.4903839579064675 0 0 0.4716830747576389 0 0 0.4810335163320534 0 0 0.5279307484882014 0 0 0.4841986716182169 0 0 0.5060647100532094 0 0 0.5599623321298194 0 0 0.5135767493142512 0 0 0.5367695407220353 0 0 0.5386079430354075 0 0 0.5492851375826133 0 0 0.5279307484882014 0 0 0.5599623321298188 0 0 0.5386079430354075 0 0 0.5492851375826133 0 0 0.5884487183552899 0 0 0.5481034051105642 0 0 0.5682760617329276 0 0 0.6241481002539877 0 0 0.5813575881712084 0 0 0.6027528442125983 0 0 0.6003485123215223 0 0 0.6122483062877553 0 0 0.5884487183552899 0 0 0.6241481002539876 0 0 0.6003485123215223 0 0 0.6122483062877553 0 0 0.6433008014389043 0 0 0.606732746049828 0 0 0.6250167737443665 0 0 0.6823476892405438 0 0 0.643547963249506 0 0 0.6629478262450251 0 0 0.6563164307061176 0 0 0.6693320599733309 0 0 0.6433008014389043 0 0 0.6823476892405433 0 0 0.6563164307061176 0 0 0.6693320599733309 0 0 0.6919557315022008 0 0 0.6595191114600032 0 0 0.6757374214811024 0 0 0.7339550733480102 0 0 0.6995501506096988 0 0 0.7167526119788545 0 0 0.7059555121174705 0 0 0.7199552927327404 0 0 0.6919557315022008 0 0 0.7339550733480099 0 0 0.7059555121174705 0 0 0.7199552927327404 0 0 0.7339550766903875 0 0 0.7059555132315966 0 0 0.7199552949609923 0 0 0.7784560612476513 0 0 0.7487887359812234 0 0 0.7636223986144376 0 0 0.7487887382094756 0 0 0.7636223997285634 0 0 0.7339550766903875 0 0 0.7784560612476509 0 0 0.7487887382094756 0 0 0.7636223997285634 0 0 0.7690220043536501 0 0 0.7456440525781419 0 0 0.7573330284658963 0 0 0.8155166489732761 0 0 0.7908095904895258 0 0 0.8031631197314012 0 0 0.7845202192268589 0 0 0.8000184341000676 0 0 0.7690220043536528 0 0 0.8155166489732578 0 0 0.7845202192268554 0 0 0.8000184341000584 0 0 0.7339550766903874 0 0 0.7573330284658976 0 0 0.7456440525781423 0 0 0.7784560612476548 0 0 0.8031631197313926 0 0 0.7908095904895234 0 0 0.7487887382094767 0 0 0.7636223997285656 0 0 0.7339550766903874 0 0 0.7784560612476549 0 0 0.7487887382094767 0 0 0.7636223997285656 0 0 0.6919557315022019 0 0 0.7199552949609922 0 0 0.7059555132315967 0 0 0.7339550733480104 0 0 0.76362239861444 0 0 0.7487887359812253 0 0 0.7059555121174714 0 0 0.7199552927327408 0 0 0.6919557315022019 0 0 0.7339550733480106 0 0 0.7059555121174714 0 0 0.7199552927327408 0 0 0.6433008014389048 0 0 0.6757374214811027 0 0 0.6595191114600035 0 0 0.6823476892405437 0 0 0.7167526119788552 0 0 0.6995501506096992 0 0 0.656316430706118 0 0 0.6693320599733306 0 0 0.6433008014389048 0 0 0.682347689240544 0 0 0.656316430706118 0 0 0.6693320599733306 0 0 0.5884487183552902 0 0 0.6250167737443666 0 0 0.606732746049828 0 0 0.6241481002539879 0 0 0.6629478262450255 0 0 0.6435479632495069 0 0 0.6003485123215231 0 0 0.6122483062877555 0 0 0.5884487183552902 0 0 0.6241481002539883 0 0 0.6003485123215231 0 0 0.6122483062877555 0 0 0.5279307484882027 0 0 0.5682760617329278 0 0 0.5481034051105647 0 0 0.5599623321298196 0 0 0.6027528442125983 0 0 0.5813575881712086 0 0 0.5386079430354087 0 0 0.5492851375826138 0 0 0.5279307484882027 0 0 0.5599623321298196 0 0 0.5386079430354087 0 0 0.5492851375826138 0 0 0.462332633183226 0 0 0.5060647100532104 0 0 0.4841986716182175 0 0 0.4903839579064685 0 0 0.5367695407220365 0 0 0.5135767493142525 0 0 0.4716830747576403 0 0 0.4810335163320539 0 0 0.462332633183226 0 0 0.4903839579064689 0 0 0.4716830747576403 0 0 0.4810335163320539 0 0 0.3922835152489348 0 0 0.4389829272051288 0 0 0.4156332212270308 0 0 0.416084756078244 0 0 0.465617557297061 0 0 0.4408511566876518 0 0 0.4002172621920378 0 0 0.4081510091351401 0 0 0.3922835152489348 0 0 0.4160847560782445 0 0 0.4002172621920378 0 0 0.4081510091351401 0 0 0.3184576334728071 0 0 0.3676748879902251 0 0 0.343066260731515 0 0 0.3377796803872387 0 0 0.389983064181243 0 0 0.3638813722842406 0 0 0.3248983157776179 0 0 0.3313389980824278 0 0 0.3184576334728071 0 0 0.3377796803872389 0 0 0.3248983157776179 0 0 0.3313389980824278 0 0 0.2415656050607496 0 0 0.2928269573354543 0 0 0.2671962811981016 0 0 0.2562223901571785 0 0 0.3105939169772197 0 0 0.2834081535671978 0 0 0.2464512000928933 0 0 0.2513367951250351 0 0 0.2415656050607496 0 0 0.2562223901571791 0 0 0.2464512000928933 0 0 0.2513367951250351 0 0 0.1623476681522238 0 0 0.215159626091241 0 0 0.1887536471217311 0 0 0.172198012812403 0 0 0.2282142643755873 0 0 0.2002061385939949 0 0 0.1656311163722838 0 0 0.168914564592343 0 0 0.1623476681522238 0 0 0.1721980128124036 0 0 0.1656311163722838 0 0 0.168914564592343 0 0 0.0815665305668872 0 0 0.1354206222904446 0 0 0.1084935764286653 0 0 0.086515542032822 0 0 0.1436371892192101 0 0 0.1150763656260151 0 0 0.08321620105553162 0 0 0.08486587154417576 0 0 0.0815665305668872 0 0 0.0865155420328223 0 0 0.08321620105553162 0 0 0.08486587154417576 0 0 8.724026756332213e-17 0 0 0.05437768704459121 0 0 0.02718884352229463 0 0 -8.345728380110141e-16 0 0 0.05767702802188186 0 0 0.0288385140109399 0 0 3.93245004423394e-16 0 0 -1.113386049736757e-15 0 0 -1.918143393772522e-20 0 0 -2.644892537816111e-18 0 0 2.55737914965805e-18 0 0 2.405129989969826e-18 0 0 0.08651554203282182 0 0 0.02883851401094061 0 0 0.05767702802188126 0 0 0.09063130018294988 0 0 0.03021043339431661 0 0 0.06042086678863326 0 0 0.08788746141619783 0 0 0.08925938079957389 0 0 0.08651554203282182 0 0 0.09063130018294983 0 0 0.08788746141619783 0 0 0.08925938079957389 0 0 0.1721980128124033 0 0 0.1150763656260156 0 0 0.1436371892192095 0 0 0.1803898519827389 0 0 0.1205508174495462 0 0 0.1504703347161425 0 0 0.1749286258691818 0 0 0.1776592389259604 0 0 0.1721980128124033 0 0 0.1803898519827388 0 0 0.1749286258691818 0 0 0.1776592389259604 0 0 0.2562223901571778 0 0 0.2002061385939948 0 0 0.2282142643755865 0 0 0.26841133502708 0 0 0.2097303463308525 0 0 0.2390708406789662 0 0 0.2602853717804784 0 0 0.2643483534037794 0 0 0.2562223901571778 0 0 0.2684113350270799 0 0 0.2602853717804784 0 0 0.2643483534037794 0 0 0.3377796803872384 0 0 0.2834081535671981 0 0 0.3105939169772184 0 0 0.3538482169427826 0 0 0.2968902956656474 0 0 0.3253692563042151 0 0 0.3431358592390863 0 0 0.3484920380909347 0 0 0.3377796803872384 0 0 0.3538482169427826 0 0 0.3431358592390863 0 0 0.3484920380909347 0 0 0.416084756078243 0 0 0.3638813722842397 0 0 0.3899830641812417 0 0 0.4358779858488592 0 0 0.3811914732448078 0 0 0.4085347295468337 0 0 0.422682499335115 0 0 0.4292802425919872 0 0 0.416084756078243 0 0 0.435877985848859 0 0 0.422682499335115 0 0 0.4292802425919872 0 0 0.4903839579064675 0 0 0.440851156687651 0 0 0.4656175572970596 0 0 0.5137111934152838 0 0 0.4618223883710004 0 0 0.4877667908931423 0 0 0.4981597030760729 0 0 0.5059354482456785 0 0 0.4903839579064675 0 0 0.5137111934152836 0 0 0.4981597030760729 0 0 0.5059354482456785 0 0 0.5599623321298188 0 0 0.5135767493142512 0 0 0.5367695407220353 0 0 0.5865992039275377 0 0 0.538007196919368 0 0 0.5623032004234531 0 0 0.5688412893957251 0 0 0.5777202466616316 0 0 0.5599623321298188 0 0 0.5865992039275375 0 0 0.5688412893957251 0 0 0.5777202466616316 0 0 0.6241481002539876 0 0 0.5813575881712084 0 0 0.6027528442125983 0 0 0.6538411852403233 0 0 0.6090131976984661 0 0 0.6314271914693949 0 0 0.6340457952494327 0 0 0.6439434902448782 0 0 0.6241481002539876 0 0 0.6538411852403233 0 0 0.6340457952494327 0 0 0.6439434902448782 0 0 0.6823476892405433 0 0 0.643547963249506 0 0 0.6629478262450251 0 0 0.7147486803486817 0 0 0.6741436836097757 0 0 0.6944461819792289 0 0 0.6931480196099228 0 0 0.7039483499793026 0 0 0.6823476892405433 0 0 0.7147486803486814 0 0 0.6931480196099228 0 0 0.7039483499793026 0 0 0.7339550733480099 0 0 0.6995501506096988 0 0 0.7167526119788545 0 0 0.7690220060773316 0 0 0.7328397889248981 0 0 0.750930897501115 0 0 0.7456440509244502 0 0 0.757333028500891 0 0 0.7339550733480099 0 0 0.7690220060773314 0 0 0.7456440509244502 0 0 0.757333028500891 0 0 0.7784560612476509 0 0 0.7487887359812234 0 0 0.7636223986144376 0 0 0.8155166184219426 0 0 0.7845202101922013 0 0 0.8000184143070719 0 0 0.7908095803057481 0 0 0.803163099363845 0 0 0.7784560612476549 0 0 0.8155166184219435 0 0 0.790809580305751 0 0 0.8031630993638468 0 0 0.7339550733480106 0 0 0.76362239861444 0 0 0.7487887359812253 0 0 0.7690220060773316 0 0 0.8000184143070728 0 0 0.7845202101922022 0 0 0.7456440509244511 0 0 0.7573330285008913 0 0 0.7339550733480106 0 0 0.769022006077332 0 0 0.7456440509244511 0 0 0.7573330285008913 0 0 0.682347689240544 0 0 0.7167526119788552 0 0 0.6995501506096992 0 0 0.714748680348682 0 0 0.7509308975011155 0 0 0.7328397889248985 0 0 0.6931480196099233 0 0 0.7039483499793027 0 0 0.682347689240544 0 0 0.7147486803486824 0 0 0.6931480196099233 0 0 0.7039483499793027 0 0 0.6241481002539883 0 0 0.6629478262450255 0 0 0.6435479632495069 0 0 0.653841185240323 0 0 0.694446181979229 0 0 0.6741436836097757 0 0 0.6340457952494336 0 0 0.6439434902448782 0 0 0.6241481002539883 0 0 0.6538411852403234 0 0 0.6340457952494336 0 0 0.6439434902448782 0 0 0.5599623321298196 0 0 0.6027528442125983 0 0 0.5813575881712086 0 0 0.5865992039275387 0 0 0.6314271914693955 0 0 0.6090131976984664 0 0 0.5688412893957265 0 0 0.5777202466616324 0 0 0.5599623321298196 0 0 0.5865992039275391 0 0 0.5688412893957265 0 0 0.5777202466616324 0 0 0.4903839579064689 0 0 0.5367695407220365 0 0 0.5135767493142525 0 0 0.5137111934152843 0 0 0.5623032004234545 0 0 0.5380071969193693 0 0 0.4981597030760747 0 0 0.5059354482456792 0 0 0.4903839579064689 0 0 0.5137111934152847 0 0 0.4981597030760747 0 0 0.5059354482456792 0 0 0.4160847560782445 0 0 0.465617557297061 0 0 0.4408511566876518 0 0 0.4358779858488602 0 0 0.4877667908931436 0 0 0.4618223883710011 0 0 0.4226824993351164 0 0 0.429280242591988 0 0 0.4160847560782445 0 0 0.4358779858488608 0 0 0.4226824993351164 0 0 0.429280242591988 0 0 0.3377796803872389 0 0 0.389983064181243 0 0 0.3638813722842406 0 0 0.3538482169427831 0 0 0.4085347295468353 0 0 0.3811914732448087 0 0 0.3431358592390877 0 0 0.348492038090935 0 0 0.3377796803872389 0 0 0.3538482169427834 0 0 0.3431358592390877 0 0 0.348492038090935 0 0 0.2562223901571791 0 0 0.3105939169772197 0 0 0.2834081535671978 0 0 0.2684113350270805 0 0 0.3253692563042166 0 0 0.2968902956656475 0 0 0.2602853717804793 0 0 0.2643483534037793 0 0 0.2562223901571791 0 0 0.268411335027081 0 0 0.2602853717804793 0 0 0.2643483534037793 0 0 0.1721980128124036 0 0 0.2282142643755873 0 0 0.2002061385939949 0 0 0.1803898519827384 0 0 0.2390708406789664 0 0 0.2097303463308514 0 0 0.1749286258691819 0 0 0.17765923892596 0 0 0.1721980128124036 0 0 0.1803898519827389 0 0 0.1749286258691819 0 0 0.17765923892596 0 0 0.0865155420328223 0 0 0.1436371892192101 0 0 0.1150763656260151 0 0 0.09063130018294972 0 0 0.150470334716143 0 0 0.1205508174495455 0 0 0.08788746141619803 0 0 0.08925938079957296 0 0 0.0865155420328223 0 0 0.09063130018295036 0 0 0.08788746141619803 0 0 0.08925938079957296 0 0 -5.22405311064528e-16 0 0 0.05767702802188186 0 0 0.0288385140109399 0 0 -8.743668859478882e-16 0 0 0.06042086678863384 0 0 0.03021043339431552 0 0 1.03107641167942e-16 0 0 -1.171053527055223e-15 0 0 -2.644892537816111e-18 0 0 -2.70647953985054e-18 0 0 2.639493675065015e-18 0 0 2.519534575894522e-18 0 0 0.09063130018294983 0 0 0.03021043339431661 0 0 0.06042086678863326 0 0 0.09387420345566834 0 0 0.03129140115188943 0 0 0.06258280230377891 0 0 0.09171226794052266 0 0 0.09279323569809553 0 0 0.09063130018294983 0 0 0.09387420345566833 0 0 0.09171226794052266 0 0 0.09279323569809553 0 0 0.1803898519827388 0 0 0.1205508174495462 0 0 0.1504703347161425 0 0 0.1868443682051779 0 0 0.1248642583721715 0 0 0.1558543132886748 0 0 0.1825413573902185 0 0 0.1846928627976983 0 0 0.1803898519827388 0 0 0.1868443682051779 0 0 0.1825413573902185 0 0 0.1846928627976983 0 0 0.2684113350270799 0 0 0.2097303463308525 0 0 0.2390708406789662 0 0 0.2780151706104474 0 0 0.217234635673601 0 0 0.2476249031420243 0 0 0.271612613554869 0 0 0.2748138920826582 0 0 0.2684113350270799 0 0 0.2780151706104473 0 0 0.271612613554869 0 0 0.2748138920826582 0 0 0.3538482169427826 0 0 0.2968902956656474 0 0 0.3253692563042151 0 0 0.3665086455570946 0 0 0.3075129955926629 0 0 0.3370108205748788 0 0 0.3580683598142198 0 0 0.3622885026856573 0 0 0.3538482169427826 0 0 0.3665086455570944 0 0 0.3580683598142198 0 0 0.3622885026856573 0 0 0.435877985848859 0 0 0.3811914732448078 0 0 0.4085347295468337 0 0 0.4514727008242458 0 0 0.3948299973128115 0 0 0.4231513490685289 0 0 0.4410762241739878 0 0 0.4462744624991169 0 0 0.435877985848859 0 0 0.4514727008242457 0 0 0.4410762241739878 0 0 0.4462744624991169 0 0 0.5137111934152836 0 0 0.4618223883710004 0 0 0.4877667908931423 0 0 0.532089526170501 0 0 0.478344975939664 0 0 0.5052172510550827 0 0 0.5198373043336894 0 0 0.5259634152520952 0 0 0.5137111934152836 0 0 0.5320895261705008 0 0 0.5198373043336894 0 0 0.5259634152520952 0 0 0.5865992039275375 0 0 0.538007196919368 0 0 0.5623032004234531 0 0 0.607583898583777 0 0 0.557254316974926 0 0 0.5824191077793517 0 0 0.5935941021462841 0 0 0.6005890003650307 0 0 0.5865992039275375 0 0 0.6075838985837767 0 0 0.5935941021462841 0 0 0.6005890003650307 0 0 0.6538411852403233 0 0 0.6090131976984661 0 0 0.6314271914693949 0 0 0.6772336785635228 0 0 0.6308004919103587 0 0 0.654017085236941 0 0 0.661638683014723 0 0 0.6694361807891229 0 0 0.6538411852403233 0 0 0.6772336785635226 0 0 0.661638683014723 0 0 0.6694361807891229 0 0 0.7147486803486814 0 0 0.6741436836097757 0 0 0.6944461819792289 0 0 0.7403874617936683 0 0 0.698284939640238 0 0 0.7193362007169535 0 0 0.7232949408303437 0 0 0.7318412013120061 0 0 0.7147486803486814 0 0 0.740387461793668 0 0 0.7232949408303437 0 0 0.7318412013120061 0 0 0.7690220060773314 0 0 0.7328397889248981 0 0 0.750930897501115 0 0 0.7958203824346781 0 0 0.758865102007338 0 0 0.7773427422210084 0 0 0.7779547981964468 0 0 0.7868875903155627 0 0 0.769022006077332 0 0 0.7958203824346785 0 0 0.7779547981964476 0 0 0.7868875903155625 0 0 0.7147486803486824 0 0 0.7509308975011155 0 0 0.7328397889248985 0 0 0.7403874617936683 0 0 0.7773427422210084 0 0 0.7588651020073385 0 0 0.7232949408303446 0 0 0.7318412013120063 0 0 0.7147486803486824 0 0 0.740387461793669 0 0 0.7232949408303446 0 0 0.7318412013120063 0 0 0.6538411852403234 0 0 0.694446181979229 0 0 0.6741436836097757 0 0 0.6772336785635233 0 0 0.7193362007169537 0 0 0.6982849396402384 0 0 0.6616386830147238 0 0 0.6694361807891234 0 0 0.6538411852403234 0 0 0.6772336785635237 0 0 0.6616386830147238 0 0 0.6694361807891234 0 0 0.5865992039275391 0 0 0.6314271914693955 0 0 0.6090131976984664 0 0 0.6075838985837775 0 0 0.6540170852369414 0 0 0.6308004919103596 0 0 0.5935941021462858 0 0 0.6005890003650313 0 0 0.5865992039275391 0 0 0.6075838985837781 0 0 0.5935941021462858 0 0 0.6005890003650313 0 0 0.5137111934152847 0 0 0.5623032004234545 0 0 0.5380071969193693 0 0 0.5320895261705014 0 0 0.5824191077793525 0 0 0.5572543169749266 0 0 0.5198373043336908 0 0 0.5259634152520959 0 0 0.5137111934152847 0 0 0.5320895261705018 0 0 0.5198373043336908 0 0 0.5259634152520959 0 0 0.4358779858488608 0 0 0.4877667908931436 0 0 0.4618223883710011 0 0 0.4514727008242463 0 0 0.505217251055084 0 0 0.4783449759396645 0 0 0.4410762241739895 0 0 0.446274462499118 0 0 0.4358779858488608 0 0 0.4514727008242469 0 0 0.4410762241739895 0 0 0.446274462499118 0 0 0.3538482169427834 0 0 0.4085347295468353 0 0 0.3811914732448087 0 0 0.3665086455570954 0 0 0.4231513490685301 0 0 0.3948299973128117 0 0 0.3580683598142214 0 0 0.3622885026856576 0 0 0.3538482169427834 0 0 0.3665086455570956 0 0 0.3580683598142214 0 0 0.3622885026856576 0 0 0.268411335027081 0 0 0.3253692563042166 0 0 0.2968902956656475 0 0 0.2780151706104471 0 0 0.3370108205748794 0 0 0.3075129955926627 0 0 0.271612613554869 0 0 0.2748138920826574 0 0 0.268411335027081 0 0 0.2780151706104477 0 0 0.271612613554869 0 0 0.2748138920826574 0 0 0.1803898519827389 0 0 0.2390708406789664 0 0 0.2097303463308514 0 0 0.1868443682051782 0 0 0.2476249031420248 0 0 0.2172346356736011 0 0 0.1825413573902189 0 0 0.1846928627976976 0 0 0.1803898519827389 0 0 0.1868443682051789 0 0 0.1825413573902189 0 0 0.1846928627976976 0 0 0.09063130018295036 0 0 0.150470334716143 0 0 0.1205508174495455 0 0 0.0938742034556678 0 0 0.1558543132886751 0 0 0.1248642583721708 0 0 0.09171226794052308 0 0 0.09279323569809481 0 0 0.09063130018295036 0 0 0.09387420345566913 0 0 0.09171226794052308 0 0 0.09279323569809481 0 0 -5.473487782497049e-16 0 0 0.06042086678863384 0 0 0.03021043339431552 0 0 -2.386639128450728e-16 0 0 0.06258280230377911 0 0 0.03129140115188861 0 0 1.101428187935215e-16 0 0 -1.217442917406454e-15 0 0 -2.70647953985054e-18 0 0 -5.260982415693649e-18 0 0 -1.049376425326587e-17 0 0 4.140955796265319e-21 0 0 0.09387420345566833 0 0 0.03129140115188943 0 0 0.06258280230377891 0 0 0.09621307165508519 0 0 0.03207102388502837 0 0 0.0641420477700568 0 0 0.09465382618880727 0 0 0.09543344892194627 0 0 0.09387420345566833 0 0 0.09621307165508519 0 0 0.09465382618880727 0 0 0.09543344892194627 0 0 0.1868443682051779 0 0 0.1248642583721715 0 0 0.1558543132886748 0 0 0.191499514806584 0 0 0.1279752193722515 0 0 0.1597373670894178 0 0 0.18839608373898 0 0 0.1899477992727821 0 0 0.1868443682051779 0 0 0.191499514806584 0 0 0.18839608373898 0 0 0.1899477992727821 0 0 0.2780151706104473 0 0 0.217234635673601 0 0 0.2476249031420243 0 0 0.2849416107211015 0 0 0.2226468801114232 0 0 0.2537942454162623 0 0 0.2803239839806652 0 0 0.2826327973508834 0 0 0.2780151706104473 0 0 0.2849416107211014 0 0 0.2803239839806652 0 0 0.2826327973508834 0 0 0.3665086455570944 0 0 0.3075129955926629 0 0 0.3370108205748788 0 0 0.3756393746303646 0 0 0.3151741986908557 0 0 0.3454067866606103 0 0 0.369552221914851 0 0 0.372595798272608 0 0 0.3665086455570944 0 0 0.3756393746303646 0 0 0.369552221914851 0 0 0.372595798272608 0 0 0.4514727008242457 0 0 0.3948299973128115 0 0 0.4231513490685289 0 0 0.4627192220425538 0 0 0.4046659904344275 0 0 0.4336926062384908 0 0 0.4552215412303484 0 0 0.4589703816364512 0 0 0.4514727008242457 0 0 0.4627192220425536 0 0 0.4552215412303484 0 0 0.4589703816364512 0 0 0.5320895261705008 0 0 0.478344975939664 0 0 0.5052172510550827 0 0 0.5453424173021852 0 0 0.4902602871290974 0 0 0.5178013522156415 0 0 0.5365071565477288 0 0 0.5409247869249572 0 0 0.5320895261705008 0 0 0.5453424173021851 0 0 0.5365071565477288 0 0 0.5409247869249572 0 0 0.6075838985837767 0 0 0.557254316974926 0 0 0.5824191077793517 0 0 0.6227139136855659 0 0 0.5711329160966454 0 0 0.5969234148911058 0 0 0.6126272369510398 0 0 0.6176705753183032 0 0 0.6075838985837767 0 0 0.6227139136855657 0 0 0.6126272369510398 0 0 0.6176705753183032 0 0 0.6772336785635226 0 0 0.6308004919103587 0 0 0.654017085236941 0 0 0.694089363699664 0 0 0.6465057303569319 0 0 0.6702975470282981 0 0 0.6828522402755697 0 0 0.6884708019876171 0 0 0.6772336785635226 0 0 0.6940893636996639 0 0 0.6828522402755697 0 0 0.6884708019876171 0 0 0.740387461793668 0 0 0.698284939640238 0 0 0.7193362007169535 0 0 0.7588375390975545 0 0 0.7156720888322941 0 0 0.7372548139649244 0 0 0.7465374875616302 0 0 0.7526875133295926 0 0 0.740387461793669 0 0 0.7588375390975559 0 0 0.7465374875616313 0 0 0.7526875133295929 0 0 0.6772336785635237 0 0 0.7193362007169537 0 0 0.6982849396402384 0 0 0.6940893636996651 0 0 0.7372548139649256 0 0 0.7156720888322952 0 0 0.6828522402755709 0 0 0.6884708019876177 0 0 0.6772336785635237 0 0 0.6940893636996653 0 0 0.6828522402755709 0 0 0.6884708019876177 0 0 0.6075838985837781 0 0 0.6540170852369414 0 0 0.6308004919103596 0 0 0.6227139136855672 0 0 0.6702975470282992 0 0 0.6465057303569329 0 0 0.6126272369510414 0 0 0.6176705753183037 0 0 0.6075838985837781 0 0 0.6227139136855677 0 0 0.6126272369510414 0 0 0.6176705753183037 0 0 0.5320895261705018 0 0 0.5824191077793525 0 0 0.5572543169749266 0 0 0.5453424173021864 0 0 0.5969234148911073 0 0 0.5711329160966465 0 0 0.5365071565477305 0 0 0.5409247869249577 0 0 0.5320895261705018 0 0 0.5453424173021868 0 0 0.5365071565477305 0 0 0.5409247869249577 0 0 0.4514727008242469 0 0 0.505217251055084 0 0 0.4783449759396645 0 0 0.4627192220425556 0 0 0.5178013522156431 0 0 0.4902602871290982 0 0 0.4552215412303505 0 0 0.4589703816364522 0 0 0.4514727008242469 0 0 0.4627192220425561 0 0 0.4552215412303505 0 0 0.4589703816364522 0 0 0.3665086455570956 0 0 0.4231513490685301 0 0 0.3948299973128117 0 0 0.3756393746303658 0 0 0.4336926062384923 0 0 0.4046659904344286 0 0 0.3695522219148527 0 0 0.3725957982726079 0 0 0.3665086455570956 0 0 0.3756393746303662 0 0 0.3695522219148527 0 0 0.3725957982726079 0 0 0.2780151706104477 0 0 0.3370108205748794 0 0 0.3075129955926627 0 0 0.2849416107211026 0 0 0.3454067866606115 0 0 0.3151741986908564 0 0 0.2803239839806659 0 0 0.2826327973508836 0 0 0.2780151706104477 0 0 0.2849416107211032 0 0 0.2803239839806659 0 0 0.2826327973508836 0 0 0.1868443682051789 0 0 0.2476249031420248 0 0 0.2172346356736011 0 0 0.1914995148065846 0 0 0.2537942454162639 0 0 0.2226468801114234 0 0 0.1883960837389803 0 0 0.1899477992727816 0 0 0.1868443682051789 0 0 0.1914995148065852 0 0 0.1883960837389803 0 0 0.1899477992727816 0 0 0.09387420345566913 0 0 0.1558543132886751 0 0 0.1248642583721708 0 0 0.09621307165508552 0 0 0.1597373670894183 0 0 0.1279752193722512 0 0 0.09465382618880705 0 0 0.09543344892194562 0 0 0.09387420345566913 0 0 0.09621307165508619 0 0 0.09465382618880705 0 0 0.09543344892194562 0 0 1.000553189631242e-16 0 0 0.06258280230377911 0 0 0.03129140115188861 0 0 -2.447558944257109e-16 0 0 0.06414204777005714 0 0 0.0320710238850276 0 0 4.473177646641679e-16 0 0 -1.252107707816299e-15 0 0 -5.260982415693649e-18 0 0 2.707368650058226e-18 0 0 2.726921043749527e-18 0 0 2.674677150470982e-18 0 0 0.09621307165508519 0 0 0.03207102388502837 0 0 0.0641420477700568 0 0 0.09762543474552314 0 0 0.03254181158184103 0 0 0.06508362316368209 0 0 0.09668385935189783 0 0 0.0971546470487105 0 0 0.09621307165508519 0 0 0.0976254347455231 0 0 0.09668385935189783 0 0 0.0971546470487105 0 0 0.191499514806584 0 0 0.1279752193722515 0 0 0.1597373670894178 0 0 0.1943105878027482 0 0 0.1298538190979314 0 0 0.1620822034503398 0 0 0.1924365391386387 0 0 0.1933735634706936 0 0 0.191499514806584 0 0 0.1943105878027483 0 0 0.1924365391386387 0 0 0.1933735634706936 0 0 0.2849416107211014 0 0 0.2226468801114232 0 0 0.2537942454162623 0 0 0.2891241968116407 0 0 0.2259151241390457 0 0 0.2575196604753432 0 0 0.2863358060846144 0 0 0.2877300014481277 0 0 0.2849416107211014 0 0 0.2891241968116406 0 0 0.2863358060846144 0 0 0.2877300014481277 0 0 0.3756393746303646 0 0 0.3151741986908557 0 0 0.3454067866606103 0 0 0.3811529358972444 0 0 0.3198004431735085 0 0 0.3504766895353765 0 0 0.3774772283859911 0 0 0.3793150821416179 0 0 0.3756393746303646 0 0 0.3811529358972444 0 0 0.3774772283859911 0 0 0.3793150821416179 0 0 0.4627192220425536 0 0 0.4046659904344275 0 0 0.4336926062384908 0 0 0.4695101139354646 0 0 0.4106053285766509 0 0 0.440057721256058 0 0 0.4649828526735239 0 0 0.4672464833044945 0 0 0.4627192220425536 0 0 0.4695101139354645 0 0 0.4649828526735239 0 0 0.4672464833044945 0 0 0.5453424173021851 0 0 0.4902602871290974 0 0 0.5178013522156415 0 0 0.5533440499890309 0 0 0.4974547592866532 0 0 0.5253994046378421 0 0 0.5480096281978003 0 0 0.5506768390934157 0 0 0.5453424173021851 0 0 0.5533440499890308 0 0 0.5480096281978003 0 0 0.5506768390934157 0 0 0.6227139136855657 0 0 0.5711329160966454 0 0 0.5969234148911058 0 0 0.6318453676891896 0 0 0.5795111558890835 0 0 0.6056782617891366 0 0 0.6257577316867737 0 0 0.628801549687982 0 0 0.6227139136855657 0 0 0.6318453676891895 0 0 0.6257577316867737 0 0 0.628801549687982 0 0 0.6940893636996639 0 0 0.6465057303569319 0 0 0.6702975470282981 0 0 0.7042589107778707 0 0 0.6559832153854164 0 0 0.6801210630816438 0 0 0.6974792127257328 0 0 0.7008690617518021 0 0 0.6940893636996639 0 0 0.7042589107778706 0 0 0.6974792127257328 0 0 0.7008690617518021 0 0 0.7588375390975542 0 0 0.7156720888322941 0 0 0.7372548139649244 0 0 0.7698124601751601 0 0 0.7261100939103002 0 0 0.7479612770427302 0 0 0.7624958461234229 0 0 0.7661541531492916 0 0 0.7588375390975559 0 0 0.7698124601751615 0 0 0.7624958461234244 0 0 0.7661541531492924 0 0 0.6940893636996653 0 0 0.7372548139649256 0 0 0.7156720888322952 0 0 0.7042589107778713 0 0 0.7479612770427309 0 0 0.7261100939103015 0 0 0.6974792127257343 0 0 0.7008690617518027 0 0 0.6940893636996653 0 0 0.7042589107778721 0 0 0.6974792127257343 0 0 0.7008690617518027 0 0 0.6227139136855677 0 0 0.6702975470282992 0 0 0.6465057303569329 0 0 0.6318453676891902 0 0 0.6801210630816447 0 0 0.6559832153854175 0 0 0.6257577316867755 0 0 0.6288015496879826 0 0 0.6227139136855677 0 0 0.6318453676891909 0 0 0.6257577316867755 0 0 0.6288015496879826 0 0 0.5453424173021868 0 0 0.5969234148911073 0 0 0.5711329160966465 0 0 0.5533440499890321 0 0 0.6056782617891374 0 0 0.5795111558890845 0 0 0.5480096281978019 0 0 0.5506768390934164 0 0 0.5453424173021868 0 0 0.5533440499890327 0 0 0.5480096281978019 0 0 0.5506768390934164 0 0 0.4627192220425561 0 0 0.5178013522156431 0 0 0.4902602871290982 0 0 0.469510113935466 0 0 0.5253994046378433 0 0 0.497454759286654 0 0 0.4649828526735251 0 0 0.467246483304495 0 0 0.4627192220425561 0 0 0.4695101139354668 0 0 0.4649828526735251 0 0 0.467246483304495 0 0 0.3756393746303662 0 0 0.4336926062384923 0 0 0.4046659904344286 0 0 0.3811529358972451 0 0 0.4400577212560602 0 0 0.4106053285766522 0 0 0.377477228385993 0 0 0.379315082141618 0 0 0.3756393746303662 0 0 0.3811529358972457 0 0 0.377477228385993 0 0 0.379315082141618 0 0 0.2849416107211032 0 0 0.3454067866606115 0 0 0.3151741986908564 0 0 0.2891241968116413 0 0 0.3504766895353779 0 0 0.3198004431735093 0 0 0.2863358060846153 0 0 0.287730001448128 0 0 0.2849416107211032 0 0 0.2891241968116419 0 0 0.2863358060846153 0 0 0.287730001448128 0 0 0.1914995148065852 0 0 0.2537942454162639 0 0 0.2226468801114234 0 0 0.1943105878027485 0 0 0.2575196604753449 0 0 0.225915124139046 0 0 0.1924365391386392 0 0 0.1933735634706935 0 0 0.1914995148065852 0 0 0.1943105878027492 0 0 0.1924365391386392 0 0 0.1933735634706935 0 0 0.09621307165508619 0 0 0.1597373670894183 0 0 0.1279752193722512 0 0 0.09762543474552315 0 0 0.1620822034503408 0 0 0.1298538190979313 0 0 0.09668385935189773 0 0 0.09715464704870959 0 0 0.09621307165508619 0 0 0.09762543474552385 0 0 0.09668385935189773 0 0 0.09715464704870959 0 0 1.049647544907225e-16 0 0 0.06414204777005714 0 0 0.0320710238850276 0 0 -9.393910998995749e-16 0 0 0.06508362316368282 0 0 0.03254181158184025 0 0 4.569184337418256e-16 0 0 -1.272043891292524e-15 0 0 2.707368650058226e-18 0 0 2.091601698873696e-21 0 0 2.727019197679039e-18 0 0 4.268282747958631e-21 0 0 0.0976254347455231 0 0 0.03254181158184103 0 0 0.06508362316368209 0 0 0.09809773326795344 0 0 0.03269924442265113 0 0 0.06539848884530232 0 0 0.09778286758633323 0 0 0.09794030042714338 0 0 0.0976254347455231 0 0 0.09809773326795344 0 0 0.09778286758633323 0 0 0.09794030042714338 0 0 0.1943105878027483 0 0 0.1298538190979314 0 0 0.1620822034503398 0 0 0.195250616799344 0 0 0.1304820277784169 0 0 0.1628663222888805 0 0 0.1946239308016134 0 0 0.1949372738004788 0 0 0.1943105878027483 0 0 0.1952506167993439 0 0 0.1946239308016134 0 0 0.1949372738004788 0 0 0.2891241968116406 0 0 0.2259151241390457 0 0 0.2575196604753432 0 0 0.2905228551420332 0 0 0.2270080295802403 0 0 0.2587654423611368 0 0 0.2895904162551048 0 0 0.290056635698569 0 0 0.2891241968116406 0 0 0.2905228551420331 0 0 0.2895904162551048 0 0 0.290056635698569 0 0 0.3811529358972444 0 0 0.3198004431735085 0 0 0.3504766895353765 0 0 0.3829966506159556 0 0 0.3213474536333406 0 0 0.3521720521246481 0 0 0.381767507470148 0 0 0.3823820790430519 0 0 0.3811529358972444 0 0 0.3829966506159555 0 0 0.381767507470148 0 0 0.3823820790430519 0 0 0.4695101139354645 0 0 0.4106053285766509 0 0 0.440057721256058 0 0 0.4717809076063511 0 0 0.4125914029460872 0 0 0.4421861552762193 0 0 0.4702670451590935 0 0 0.4710239763827224 0 0 0.4695101139354645 0 0 0.4717809076063511 0 0 0.4702670451590935 0 0 0.4710239763827224 0 0 0.5533440499890308 0 0 0.4974547592866532 0 0 0.5253994046378421 0 0 0.5560194319440974 0 0 0.4998604157189329 0 0 0.5279399238315152 0 0 0.5542358439740529 0 0 0.5551276379590753 0 0 0.5533440499890308 0 0 0.5560194319440972 0 0 0.5542358439740529 0 0 0.5551276379590753 0 0 0.6318453676891895 0 0 0.5795111558890835 0 0 0.6056782617891366 0 0 0.6348985906977503 0 0 0.5823124848619815 0 0 0.6086055377798663 0 0 0.6328631086920432 0 0 0.633880849694897 0 0 0.6318453676891895 0 0 0.6348985906977502 0 0 0.6328631086920432 0 0 0.633880849694897 0 0 0.7042589107778706 0 0 0.6559832153854164 0 0 0.6801210630816438 0 0 0.7076447453548246 0 0 0.659147308916775 0 0 0.6833960271358002 0 0 0.7053875223035219 0 0 0.7065161338291734 0 0 0.7042589107778706 0 0 0.7076447453548246 0 0 0.7053875223035219 0 0 0.7065161338291734 0 0 0.7698124601751598 0 0 0.7261100939103002 0 0 0.7479612770427302 0 0 0.7735997527526602 0 0 0.7296297478207696 0 0 0.7516147502867151 0 0 0.7710748910343266 0 0 0.7723373218934936 0 0 0.7698124601751615 0 0 0.7735997527526618 0 0 0.7710748910343279 0 0 0.7723373218934944 0 0 0.7042589107778721 0 0 0.7479612770427309 0 0 0.7261100939103015 0 0 0.7076447453548252 0 0 0.7516147502867163 0 0 0.7296297478207705 0 0 0.7053875223035233 0 0 0.7065161338291741 0 0 0.7042589107778721 0 0 0.7076447453548257 0 0 0.7053875223035233 0 0 0.7065161338291741 0 0 0.6318453676891909 0 0 0.6801210630816447 0 0 0.6559832153854175 0 0 0.6348985906977516 0 0 0.6833960271358014 0 0 0.6591473089167763 0 0 0.6328631086920445 0 0 0.6338808496948978 0 0 0.6318453676891909 0 0 0.6348985906977519 0 0 0.6328631086920445 0 0 0.6338808496948978 0 0 0.5533440499890327 0 0 0.6056782617891374 0 0 0.5795111558890845 0 0 0.5560194319440985 0 0 0.6086055377798679 0 0 0.5823124848619832 0 0 0.5542358439740547 0 0 0.5551276379590762 0 0 0.5533440499890327 0 0 0.5560194319440992 0 0 0.5542358439740547 0 0 0.5551276379590762 0 0 0.4695101139354668 0 0 0.5253994046378433 0 0 0.497454759286654 0 0 0.4717809076063527 0 0 0.5279399238315177 0 0 0.4998604157189342 0 0 0.4702670451590952 0 0 0.4710239763827234 0 0 0.4695101139354668 0 0 0.4717809076063536 0 0 0.4702670451590952 0 0 0.4710239763827234 0 0 0.3811529358972457 0 0 0.4400577212560602 0 0 0.4106053285766522 0 0 0.3829966506159563 0 0 0.4421861552762214 0 0 0.412591402946088 0 0 0.3817675074701494 0 0 0.3823820790430521 0 0 0.3811529358972457 0 0 0.382996650615957 0 0 0.3817675074701494 0 0 0.3823820790430521 0 0 0.2891241968116419 0 0 0.3504766895353779 0 0 0.3198004431735093 0 0 0.290522855142034 0 0 0.3521720521246502 0 0 0.3213474536333414 0 0 0.2895904162551061 0 0 0.2900566356985695 0 0 0.2891241968116419 0 0 0.2905228551420346 0 0 0.2895904162551061 0 0 0.2900566356985695 0 0 0.1943105878027492 0 0 0.2575196604753449 0 0 0.225915124139046 0 0 0.1952506167993441 0 0 0.2587654423611382 0 0 0.2270080295802404 0 0 0.1946239308016139 0 0 0.1949372738004787 0 0 0.1943105878027492 0 0 0.1952506167993448 0 0 0.1946239308016139 0 0 0.1949372738004787 0 0 0.09762543474552385 0 0 0.1620822034503408 0 0 0.1298538190979313 0 0 0.09809773326795347 0 0 0.1628663222888817 0 0 0.1304820277784164 0 0 0.09778286758633314 0 0 0.09794030042714283 0 0 0.09762543474552385 0 0 0.09809773326795417 0 0 0.09778286758633314 0 0 0.09794030042714283 0 0 -5.898854332947723e-16 0 0 0.06508362316368282 0 0 0.03254181158184025 0 0 -9.440151310336851e-16 0 0 0.06539848884530305 0 0 0.03269924442264965 0 0 1.147275533059838e-16 0 0 -1.28233569807839e-15 0 0 2.091601698873696e-21 0 0 -1.088008298093521e-17 0 0 2.718288057953605e-18 0 0 4.260144238445921e-21 0 0 0.09809773326795344 0 0 0.03269924442265113 0 0 0.06539848884530232 0 0 0.09762543474552313 0 0 0.03254181158184104 0 0 0.06508362316368208 0 0 0.09794030042714333 0 0 0.09778286758633326 0 0 0.09809773326795344 0 0 0.09762543474552313 0 0 0.09794030042714333 0 0 0.09778286758633326 0 0 0.1952506167993439 0 0 0.1304820277784169 0 0 0.1628663222888805 0 0 0.1943105878027481 0 0 0.1298538190979314 0 0 0.1620822034503398 0 0 0.1949372738004786 0 0 0.1946239308016135 0 0 0.1952506167993439 0 0 0.1943105878027481 0 0 0.1949372738004786 0 0 0.1946239308016135 0 0 0.2905228551420331 0 0 0.2270080295802403 0 0 0.2587654423611368 0 0 0.2891241968116406 0 0 0.2259151241390456 0 0 0.2575196604753432 0 0 0.290056635698569 0 0 0.2895904162551049 0 0 0.2905228551420331 0 0 0.2891241968116406 0 0 0.290056635698569 0 0 0.2895904162551049 0 0 0.3829966506159555 0 0 0.3213474536333406 0 0 0.3521720521246481 0 0 0.3811529358972442 0 0 0.3198004431735085 0 0 0.3504766895353765 0 0 0.3823820790430518 0 0 0.3817675074701481 0 0 0.3829966506159555 0 0 0.3811529358972442 0 0 0.3823820790430518 0 0 0.3817675074701481 0 0 0.4717809076063511 0 0 0.4125914029460872 0 0 0.4421861552762193 0 0 0.4695101139354647 0 0 0.4106053285766509 0 0 0.4400577212560579 0 0 0.4710239763827222 0 0 0.4702670451590936 0 0 0.4717809076063511 0 0 0.4695101139354645 0 0 0.4710239763827222 0 0 0.4702670451590936 0 0 0.5560194319440972 0 0 0.4998604157189329 0 0 0.5279399238315152 0 0 0.5533440499890306 0 0 0.4974547592866532 0 0 0.5253994046378421 0 0 0.555127637959075 0 0 0.554235843974053 0 0 0.5560194319440972 0 0 0.5533440499890306 0 0 0.555127637959075 0 0 0.554235843974053 0 0 0.6348985906977502 0 0 0.5823124848619815 0 0 0.6086055377798663 0 0 0.6318453676891896 0 0 0.5795111558890836 0 0 0.6056782617891366 0 0 0.6338808496948968 0 0 0.6328631086920433 0 0 0.6348985906977502 0 0 0.6318453676891895 0 0 0.6338808496948968 0 0 0.6328631086920433 0 0 0.7076447453548246 0 0 0.659147308916775 0 0 0.6833960271358002 0 0 0.7042589107778707 0 0 0.6559832153854166 0 0 0.6801210630816439 0 0 0.7065161338291732 0 0 0.7053875223035222 0 0 0.7076447453548246 0 0 0.7042589107778706 0 0 0.7065161338291732 0 0 0.7053875223035222 0 0 0.77359975275266 0 0 0.7296297478207696 0 0 0.7516147502867151 0 0 0.7698124601751604 0 0 0.7261100939103005 0 0 0.7479612770427305 0 0 0.7723373218934934 0 0 0.771074891034327 0 0 0.7735997527526618 0 0 0.7698124601751615 0 0 0.7723373218934946 0 0 0.7710748910343275 0 0 0.7076447453548257 0 0 0.7516147502867163 0 0 0.7296297478207705 0 0 0.7042589107778717 0 0 0.7479612770427317 0 0 0.7261100939103016 0 0 0.7065161338291748 0 0 0.705387522303523 0 0 0.7076447453548257 0 0 0.7042589107778724 0 0 0.7065161338291748 0 0 0.705387522303523 0 0 0.6348985906977519 0 0 0.6833960271358014 0 0 0.6591473089167763 0 0 0.6318453676891912 0 0 0.6801210630816454 0 0 0.6559832153854174 0 0 0.6338808496948983 0 0 0.6328631086920445 0 0 0.6348985906977519 0 0 0.6318453676891918 0 0 0.6338808496948983 0 0 0.6328631086920445 0 0 0.5560194319440992 0 0 0.6086055377798679 0 0 0.5823124848619832 0 0 0.5533440499890316 0 0 0.6056782617891379 0 0 0.579511155889085 0 0 0.5551276379590773 0 0 0.5542358439740542 0 0 0.5560194319440992 0 0 0.5533440499890323 0 0 0.5551276379590773 0 0 0.5542358439740542 0 0 0.4717809076063536 0 0 0.5279399238315177 0 0 0.4998604157189342 0 0 0.4695101139354664 0 0 0.5253994046378434 0 0 0.4974547592866539 0 0 0.4710239763827248 0 0 0.4702670451590945 0 0 0.4717809076063536 0 0 0.4695101139354662 0 0 0.4710239763827248 0 0 0.4702670451590945 0 0 0.382996650615957 0 0 0.4421861552762214 0 0 0.412591402946088 0 0 0.3811529358972456 0 0 0.4400577212560602 0 0 0.4106053285766521 0 0 0.3823820790430533 0 0 0.3817675074701489 0 0 0.382996650615957 0 0 0.3811529358972462 0 0 0.3823820790430533 0 0 0.3817675074701489 0 0 0.2905228551420346 0 0 0.3521720521246502 0 0 0.3213474536333414 0 0 0.289124196811642 0 0 0.3504766895353781 0 0 0.3198004431735089 0 0 0.29005663569857 0 0 0.289590416255105 0 0 0.2905228551420346 0 0 0.2891241968116426 0 0 0.29005663569857 0 0 0.289590416255105 0 0 0.1952506167993448 0 0 0.2587654423611382 0 0 0.2270080295802404 0 0 0.1943105878027483 0 0 0.2575196604753449 0 0 0.2259151241390456 0 0 0.1949372738004791 0 0 0.1946239308016133 0 0 0.1952506167993448 0 0 0.194310587802749 0 0 0.1949372738004791 0 0 0.1946239308016133 0 0 0.09809773326795417 0 0 0.1628663222888817 0 0 0.1304820277784164 0 0 0.09762543474552345 0 0 0.162082203450341 0 0 0.1298538190979308 0 0 0.09794030042714322 0 0 0.09778286758633264 0 0 0.09809773326795417 0 0 0.09762543474552414 0 0 0.09794030042714322 0 0 0.09778286758633264 0 0 -5.900695630037731e-16 0 0 0.06539848884530305 0 0 0.03269924442264965 0 0 -2.485872448008449e-16 0 0 0.06508362316368278 0 0 0.03254181158184023 0 0 1.149164608836348e-16 0 0 -1.283001370203093e-15 0 0 -1.088008298093521e-17 0 0 -4.155455896111159e-20 0 0 -8.092054984533104e-18 0 0 4.203924143633705e-21 0 0 0.09762543474552313 0 0 0.03254181158184104 0 0 0.06508362316368208 0 0 0.09621307165508521 0 0 0.03207102388502839 0 0 0.06414204777005682 0 0 0.09715464704871046 0 0 0.09668385935189788 0 0 0.09762543474552313 0 0 0.09621307165508523 0 0 0.09715464704871046 0 0 0.09668385935189788 0 0 0.1943105878027481 0 0 0.1298538190979314 0 0 0.1620822034503398 0 0 0.1914995148065841 0 0 0.1279752193722515 0 0 0.1597373670894178 0 0 0.1933735634706935 0 0 0.1924365391386388 0 0 0.1943105878027481 0 0 0.1914995148065841 0 0 0.1933735634706935 0 0 0.1924365391386388 0 0 0.2891241968116406 0 0 0.2259151241390456 0 0 0.2575196604753432 0 0 0.2849416107211015 0 0 0.2226468801114233 0 0 0.2537942454162623 0 0 0.2877300014481275 0 0 0.2863358060846145 0 0 0.2891241968116406 0 0 0.2849416107211015 0 0 0.2877300014481275 0 0 0.2863358060846145 0 0 0.3811529358972442 0 0 0.3198004431735085 0 0 0.3504766895353765 0 0 0.3756393746303646 0 0 0.3151741986908559 0 0 0.3454067866606103 0 0 0.3793150821416177 0 0 0.3774772283859913 0 0 0.3811529358972442 0 0 0.3756393746303646 0 0 0.3793150821416177 0 0 0.3774772283859913 0 0 0.4695101139354645 0 0 0.4106053285766509 0 0 0.4400577212560579 0 0 0.4627192220425539 0 0 0.4046659904344277 0 0 0.4336926062384908 0 0 0.4672464833044943 0 0 0.4649828526735241 0 0 0.4695101139354645 0 0 0.4627192220425539 0 0 0.4672464833044943 0 0 0.4649828526735241 0 0 0.5533440499890306 0 0 0.4974547592866532 0 0 0.5253994046378421 0 0 0.5453424173021854 0 0 0.4902602871290976 0 0 0.5178013522156415 0 0 0.5506768390934156 0 0 0.5480096281978005 0 0 0.5533440499890306 0 0 0.5453424173021854 0 0 0.5506768390934156 0 0 0.5480096281978005 0 0 0.6318453676891895 0 0 0.5795111558890836 0 0 0.6056782617891366 0 0 0.6227139136855661 0 0 0.5711329160966456 0 0 0.5969234148911059 0 0 0.6288015496879819 0 0 0.6257577316867741 0 0 0.6318453676891895 0 0 0.6227139136855661 0 0 0.6288015496879819 0 0 0.6257577316867741 0 0 0.7042589107778706 0 0 0.6559832153854166 0 0 0.6801210630816439 0 0 0.6940893636996643 0 0 0.6465057303569322 0 0 0.6702975470282984 0 0 0.700869061751802 0 0 0.6974792127257331 0 0 0.7042589107778706 0 0 0.6940893636996642 0 0 0.700869061751802 0 0 0.6974792127257331 0 0 0.76981246017516 0 0 0.7261100939103005 0 0 0.7479612770427305 0 0 0.758837539097555 0 0 0.7156720888322945 0 0 0.7372548139649248 0 0 0.7661541531492917 0 0 0.7624958461234235 0 0 0.7698124601751615 0 0 0.7588375390975559 0 0 0.7661541531492926 0 0 0.7624958461234239 0 0 0.7042589107778724 0 0 0.7479612770427317 0 0 0.7261100939103016 0 0 0.6940893636996649 0 0 0.7372548139649259 0 0 0.7156720888322952 0 0 0.7008690617518032 0 0 0.697479212725734 0 0 0.7042589107778724 0 0 0.6940893636996655 0 0 0.7008690617518032 0 0 0.697479212725734 0 0 0.6318453676891918 0 0 0.6801210630816454 0 0 0.6559832153854174 0 0 0.6227139136855664 0 0 0.6702975470282989 0 0 0.6465057303569326 0 0 0.6288015496879826 0 0 0.6257577316867745 0 0 0.6318453676891918 0 0 0.6227139136855669 0 0 0.6288015496879826 0 0 0.6257577316867745 0 0 0.5533440499890323 0 0 0.6056782617891379 0 0 0.579511155889085 0 0 0.5453424173021867 0 0 0.5969234148911069 0 0 0.5711329160966465 0 0 0.5506768390934179 0 0 0.5480096281978015 0 0 0.5533440499890323 0 0 0.5453424173021869 0 0 0.5506768390934179 0 0 0.5480096281978015 0 0 0.4695101139354662 0 0 0.5253994046378434 0 0 0.4974547592866539 0 0 0.4627192220425554 0 0 0.5178013522156429 0 0 0.4902602871290981 0 0 0.4672464833044959 0 0 0.464982852673525 0 0 0.4695101139354662 0 0 0.4627192220425561 0 0 0.4672464833044959 0 0 0.464982852673525 0 0 0.3811529358972462 0 0 0.4400577212560602 0 0 0.4106053285766521 0 0 0.3756393746303653 0 0 0.4336926062384922 0 0 0.4046659904344284 0 0 0.3793150821416195 0 0 0.3774772283859917 0 0 0.3811529358972462 0 0 0.3756393746303659 0 0 0.3793150821416195 0 0 0.3774772283859917 0 0 0.2891241968116426 0 0 0.3504766895353781 0 0 0.3198004431735089 0 0 0.2849416107211016 0 0 0.3454067866606113 0 0 0.3151741986908561 0 0 0.287730001448129 0 0 0.2863358060846146 0 0 0.2891241968116426 0 0 0.2849416107211023 0 0 0.287730001448129 0 0 0.2863358060846146 0 0 0.194310587802749 0 0 0.2575196604753449 0 0 0.2259151241390456 0 0 0.1914995148065841 0 0 0.2537942454162631 0 0 0.2226468801114232 0 0 0.1933735634706941 0 0 0.1924365391386382 0 0 0.194310587802749 0 0 0.1914995148065848 0 0 0.1933735634706941 0 0 0.1924365391386382 0 0 0.09762543474552414 0 0 0.162082203450341 0 0 0.1298538190979308 0 0 0.09621307165508518 0 0 0.1597373670894181 0 0 0.127975219372251 0 0 0.09715464704871055 0 0 0.09668385935189647 0 0 0.09762543474552414 0 0 0.09621307165508518 0 0 0.09715464704871055 0 0 0.09668385935189647 0 0 1.036760121688339e-16 0 0 0.06508362316368278 0 0 0.03254181158184023 0 0 -2.450943811438993e-16 0 0 0.06414204777005705 0 0 0.03207102388502754 0 0 1.139998491285775e-16 0 0 -1.268602063434174e-15 0 0 -4.155455896111159e-20 0 0 1.488253954765165e-20 0 0 2.588034630445799e-18 0 0 4.102028241485056e-21 0 0 0.09621307165508523 0 0 0.03207102388502839 0 0 0.06414204777005682 0 0 0.09387420345566838 0 0 0.03129140115188945 0 0 0.06258280230377893 0 0 0.09543344892194626 0 0 0.09465382618880734 0 0 0.09621307165508523 0 0 0.0938742034556684 0 0 0.09543344892194626 0 0 0.09465382618880734 0 0 0.1914995148065841 0 0 0.1279752193722515 0 0 0.1597373670894178 0 0 0.1868443682051781 0 0 0.1248642583721716 0 0 0.1558543132886749 0 0 0.1899477992727821 0 0 0.1883960837389801 0 0 0.1914995148065841 0 0 0.1868443682051782 0 0 0.1899477992727821 0 0 0.1883960837389801 0 0 0.2849416107211015 0 0 0.2226468801114233 0 0 0.2537942454162623 0 0 0.2780151706104472 0 0 0.2172346356736012 0 0 0.2476249031420242 0 0 0.2826327973508833 0 0 0.2803239839806653 0 0 0.2849416107211015 0 0 0.2780151706104472 0 0 0.2826327973508833 0 0 0.2803239839806653 0 0 0.3756393746303646 0 0 0.3151741986908559 0 0 0.3454067866606103 0 0 0.3665086455570943 0 0 0.307512995592663 0 0 0.3370108205748786 0 0 0.3725957982726079 0 0 0.3695522219148512 0 0 0.3756393746303646 0 0 0.3665086455570943 0 0 0.3725957982726079 0 0 0.3695522219148512 0 0 0.4627192220425539 0 0 0.4046659904344277 0 0 0.4336926062384908 0 0 0.4514727008242458 0 0 0.3948299973128113 0 0 0.4231513490685287 0 0 0.4589703816364512 0 0 0.4552215412303486 0 0 0.4627192220425539 0 0 0.4514727008242457 0 0 0.4589703816364512 0 0 0.4552215412303486 0 0 0.5453424173021854 0 0 0.4902602871290976 0 0 0.5178013522156415 0 0 0.5320895261705006 0 0 0.478344975939664 0 0 0.5052172510550823 0 0 0.5409247869249572 0 0 0.5365071565477288 0 0 0.5453424173021854 0 0 0.5320895261705006 0 0 0.5409247869249572 0 0 0.5365071565477288 0 0 0.6227139136855661 0 0 0.5711329160966456 0 0 0.5969234148911059 0 0 0.6075838985837769 0 0 0.557254316974926 0 0 0.5824191077793515 0 0 0.6176705753183031 0 0 0.6126272369510402 0 0 0.6227139136855661 0 0 0.6075838985837769 0 0 0.6176705753183031 0 0 0.6126272369510402 0 0 0.6940893636996642 0 0 0.6465057303569322 0 0 0.6702975470282984 0 0 0.677233678563523 0 0 0.6308004919103589 0 0 0.654017085236941 0 0 0.6884708019876171 0 0 0.6828522402755702 0 0 0.6940893636996642 0 0 0.6772336785635231 0 0 0.6884708019876171 0 0 0.6828522402755702 0 0 0.7588375390975548 0 0 0.7156720888322945 0 0 0.7372548139649248 0 0 0.7403874617936687 0 0 0.6982849396402383 0 0 0.7193362007169535 0 0 0.7526875133295928 0 0 0.7465374875616309 0 0 0.7588375390975559 0 0 0.7403874617936694 0 0 0.752687513329594 0 0 0.7465374875616309 0 0 0.6940893636996655 0 0 0.7372548139649259 0 0 0.7156720888322952 0 0 0.6772336785635231 0 0 0.7193362007169541 0 0 0.6982849396402384 0 0 0.6884708019876186 0 0 0.6828522402755705 0 0 0.6940893636996655 0 0 0.677233678563524 0 0 0.6884708019876186 0 0 0.6828522402755705 0 0 0.6227139136855669 0 0 0.6702975470282989 0 0 0.6465057303569326 0 0 0.6075838985837777 0 0 0.6540170852369421 0 0 0.6308004919103596 0 0 0.6176705753183044 0 0 0.6126272369510406 0 0 0.6227139136855669 0 0 0.6075838985837783 0 0 0.6176705753183044 0 0 0.6126272369510406 0 0 0.5453424173021869 0 0 0.5969234148911069 0 0 0.5711329160966465 0 0 0.5320895261705019 0 0 0.582419107779352 0 0 0.5572543169749268 0 0 0.5409247869249588 0 0 0.5365071565477294 0 0 0.5453424173021869 0 0 0.5320895261705022 0 0 0.5409247869249588 0 0 0.5365071565477294 0 0 0.4627192220425561 0 0 0.5178013522156429 0 0 0.4902602871290981 0 0 0.4514727008242472 0 0 0.5052172510550833 0 0 0.4783449759396642 0 0 0.4589703816364529 0 0 0.4552215412303489 0 0 0.4627192220425561 0 0 0.4514727008242472 0 0 0.4589703816364529 0 0 0.4552215412303489 0 0 0.3756393746303659 0 0 0.4336926062384922 0 0 0.4046659904344284 0 0 0.3665086455570944 0 0 0.4231513490685301 0 0 0.3948299973128113 0 0 0.3725957982726093 0 0 0.3695522219148509 0 0 0.3756393746303659 0 0 0.3665086455570951 0 0 0.3725957982726093 0 0 0.3695522219148509 0 0 0.2849416107211023 0 0 0.3454067866606113 0 0 0.3151741986908561 0 0 0.2780151706104476 0 0 0.3370108205748794 0 0 0.3075129955926627 0 0 0.2826327973508844 0 0 0.2803239839806652 0 0 0.2849416107211023 0 0 0.2780151706104483 0 0 0.2826327973508844 0 0 0.2803239839806652 0 0 0.1914995148065848 0 0 0.2537942454162631 0 0 0.2226468801114232 0 0 0.1868443682051772 0 0 0.247624903142025 0 0 0.2172346356736001 0 0 0.1899477992727828 0 0 0.1883960837389795 0 0 0.1914995148065848 0 0 0.1868443682051779 0 0 0.1899477992727828 0 0 0.1883960837389795 0 0 0.09621307165508518 0 0 0.1597373670894181 0 0 0.127975219372251 0 0 0.09387420345566799 0 0 0.1558543132886748 0 0 0.1248642583721709 0 0 0.09543344892194659 0 0 0.09465382618880611 0 0 0.09621307165508518 0 0 0.09387420345566867 0 0 0.09543344892194659 0 0 0.09465382618880611 0 0 1.047736631116934e-16 0 0 0.06414204777005705 0 0 0.03207102388502754 0 0 -9.062050278571423e-16 0 0 0.06258280230377869 0 0 0.03129140115188856 0 0 4.51044861791102e-16 0 0 -1.241985923201601e-15 0 0 1.488253954765165e-20 0 0 -5.01214055937656e-18 0 0 2.48953169356122e-18 0 0 3.958240360770032e-21 0 0 0.0938742034556684 0 0 0.03129140115188945 0 0 0.06258280230377893 0 0 0.09063130018295 0 0 0.03021043339431666 0 0 0.06042086678863336 0 0 0.09279323569809554 0 0 0.09171226794052281 0 0 0.0938742034556684 0 0 0.09063130018295001 0 0 0.09279323569809554 0 0 0.09171226794052281 0 0 0.1868443682051782 0 0 0.1248642583721716 0 0 0.1558543132886749 0 0 0.180389851982739 0 0 0.1205508174495463 0 0 0.1504703347161426 0 0 0.1846928627976984 0 0 0.1825413573902187 0 0 0.1868443682051782 0 0 0.180389851982739 0 0 0.1846928627976984 0 0 0.1825413573902187 0 0 0.2780151706104472 0 0 0.2172346356736012 0 0 0.2476249031420242 0 0 0.26841133502708 0 0 0.2097303463308527 0 0 0.2390708406789664 0 0 0.2748138920826582 0 0 0.2716126135548692 0 0 0.2780151706104472 0 0 0.26841133502708 0 0 0.2748138920826582 0 0 0.2716126135548692 0 0 0.3665086455570943 0 0 0.307512995592663 0 0 0.3370108205748786 0 0 0.3538482169427826 0 0 0.2968902956656475 0 0 0.325369256304215 0 0 0.362288502685657 0 0 0.3580683598142198 0 0 0.3665086455570943 0 0 0.3538482169427826 0 0 0.362288502685657 0 0 0.3580683598142198 0 0 0.4514727008242457 0 0 0.3948299973128113 0 0 0.4231513490685287 0 0 0.4358779858488592 0 0 0.3811914732448081 0 0 0.4085347295468337 0 0 0.4462744624991168 0 0 0.4410762241739881 0 0 0.4514727008242457 0 0 0.4358779858488592 0 0 0.4462744624991168 0 0 0.4410762241739881 0 0 0.5320895261705006 0 0 0.478344975939664 0 0 0.5052172510550823 0 0 0.5137111934152842 0 0 0.4618223883710008 0 0 0.4877667908931425 0 0 0.5259634152520951 0 0 0.5198373043336896 0 0 0.5320895261705006 0 0 0.5137111934152842 0 0 0.5259634152520951 0 0 0.5198373043336896 0 0 0.6075838985837769 0 0 0.557254316974926 0 0 0.5824191077793515 0 0 0.5865992039275379 0 0 0.5380071969193686 0 0 0.5623032004234534 0 0 0.6005890003650305 0 0 0.5935941021462844 0 0 0.6075838985837769 0 0 0.5865992039275379 0 0 0.6005890003650305 0 0 0.5935941021462844 0 0 0.6772336785635231 0 0 0.6308004919103589 0 0 0.654017085236941 0 0 0.6538411852403234 0 0 0.6090131976984663 0 0 0.6314271914693949 0 0 0.6694361807891231 0 0 0.6616386830147233 0 0 0.6772336785635231 0 0 0.6538411852403235 0 0 0.6694361807891231 0 0 0.6616386830147233 0 0 0.7403874617936687 0 0 0.6982849396402383 0 0 0.7193362007169535 0 0 0.7147486803486822 0 0 0.6741436836097766 0 0 0.6944461819792294 0 0 0.7318412013120064 0 0 0.7232949408303444 0 0 0.7403874617936687 0 0 0.7147486803486823 0 0 0.7318412013120064 0 0 0.7232949408303444 0 0 0.795820382434678 0 0 0.7588651020073385 0 0 0.7773427422210082 0 0 0.769022006077334 0 0 0.7328397889248993 0 0 0.7509308975011164 0 0 0.7868875903155634 0 0 0.7779547981964485 0 0 0.7958203824346796 0 0 0.7690220060773352 0 0 0.7868875903155647 0 0 0.7779547981964494 0 0 0.7403874617936694 0 0 0.7773427422210094 0 0 0.7588651020073388 0 0 0.7147486803486824 0 0 0.7509308975011175 0 0 0.7328397889248998 0 0 0.7318412013120073 0 0 0.7232949408303444 0 0 0.7403874617936694 0 0 0.7147486803486831 0 0 0.7318412013120073 0 0 0.7232949408303444 0 0 0.677233678563524 0 0 0.7193362007169541 0 0 0.6982849396402384 0 0 0.6538411852403239 0 0 0.6944461819792301 0 0 0.6741436836097767 0 0 0.6694361807891245 0 0 0.6616386830147238 0 0 0.677233678563524 0 0 0.6538411852403248 0 0 0.6694361807891245 0 0 0.6616386830147238 0 0 0.6075838985837783 0 0 0.6540170852369421 0 0 0.6308004919103596 0 0 0.5865992039275377 0 0 0.6314271914693952 0 0 0.6090131976984664 0 0 0.6005890003650318 0 0 0.5935941021462847 0 0 0.6075838985837783 0 0 0.5865992039275384 0 0 0.6005890003650318 0 0 0.5935941021462847 0 0 0.5320895261705022 0 0 0.582419107779352 0 0 0.5572543169749268 0 0 0.5137111934152843 0 0 0.5623032004234544 0 0 0.5380071969193692 0 0 0.5259634152520969 0 0 0.5198373043336898 0 0 0.5320895261705022 0 0 0.513711193415285 0 0 0.5259634152520969 0 0 0.5198373043336898 0 0 0.4514727008242472 0 0 0.5052172510550833 0 0 0.4783449759396642 0 0 0.4358779858488596 0 0 0.4877667908931437 0 0 0.4618223883710008 0 0 0.4462744624991181 0 0 0.4410762241739882 0 0 0.4514727008242472 0 0 0.4358779858488603 0 0 0.4462744624991181 0 0 0.4410762241739882 0 0 0.3665086455570951 0 0 0.4231513490685301 0 0 0.3948299973128113 0 0 0.3538482169427822 0 0 0.4085347295468348 0 0 0.3811914732448076 0 0 0.3622885026856582 0 0 0.3580683598142193 0 0 0.3665086455570951 0 0 0.3538482169427828 0 0 0.3622885026856582 0 0 0.3580683598142193 0 0 0.2780151706104483 0 0 0.3370108205748794 0 0 0.3075129955926627 0 0 0.2684113350270793 0 0 0.3253692563042143 0 0 0.2968902956656468 0 0 0.2748138920826586 0 0 0.2716126135548687 0 0 0.2780151706104483 0 0 0.26841133502708 0 0 0.2748138920826586 0 0 0.2716126135548687 0 0 0.1868443682051779 0 0 0.247624903142025 0 0 0.2172346356736001 0 0 0.180389851982738 0 0 0.2390708406789668 0 0 0.2097303463308514 0 0 0.1846928627976984 0 0 0.1825413573902179 0 0 0.1868443682051779 0 0 0.1803898519827387 0 0 0.1846928627976984 0 0 0.1825413573902179 0 0 0.09387420345566867 0 0 0.1558543132886748 0 0 0.1248642583721709 0 0 0.090631300182949 0 0 0.1504703347161425 0 0 0.1205508174495455 0 0 0.09279323569809499 0 0 0.09171226794052115 0 0 0.09387420345566867 0 0 0.09063130018294967 0 0 0.09279323569809499 0 0 0.09171226794052115 0 0 -5.622747309442046e-16 0 0 0.06258280230377869 0 0 0.03129140115188856 0 0 -8.749796175985425e-16 0 0 0.06042086678863303 0 0 0.03021043339431575 0 0 1.08894856898127e-16 0 0 -1.203409009426412e-15 0 0 -5.01214055937656e-18 0 0 2.275154914840885e-20 0 0 2.367051577786047e-18 0 0 3.776832103500282e-21 0 0 0.09063130018295001 0 0 0.03021043339431666 0 0 0.06042086678863336 0 0 0.08651554203282198 0 0 0.02883851401094065 0 0 0.05767702802188132 0 0 0.08925938079957402 0 0 0.08788746141619799 0 0 0.09063130018295001 0 0 0.086515542032822 0 0 0.08925938079957402 0 0 0.08788746141619799 0 0 0.180389851982739 0 0 0.1205508174495463 0 0 0.1504703347161426 0 0 0.1721980128124034 0 0 0.1150763656260158 0 0 0.1436371892192096 0 0 0.1776592389259605 0 0 0.174928625869182 0 0 0.180389851982739 0 0 0.1721980128124035 0 0 0.1776592389259605 0 0 0.174928625869182 0 0 0.26841133502708 0 0 0.2097303463308527 0 0 0.2390708406789664 0 0 0.256222390157178 0 0 0.2002061385939949 0 0 0.2282142643755864 0 0 0.2643483534037794 0 0 0.2602853717804787 0 0 0.26841133502708 0 0 0.256222390157178 0 0 0.2643483534037794 0 0 0.2602853717804787 0 0 0.3538482169427826 0 0 0.2968902956656475 0 0 0.325369256304215 0 0 0.3377796803872383 0 0 0.2834081535671981 0 0 0.3105939169772182 0 0 0.3484920380909344 0 0 0.3431358592390864 0 0 0.3538482169427826 0 0 0.3377796803872384 0 0 0.3484920380909344 0 0 0.3431358592390864 0 0 0.4358779858488592 0 0 0.3811914732448081 0 0 0.4085347295468337 0 0 0.416084756078243 0 0 0.3638813722842399 0 0 0.3899830641812414 0 0 0.4292802425919871 0 0 0.422682499335115 0 0 0.4358779858488592 0 0 0.4160847560782431 0 0 0.4292802425919871 0 0 0.422682499335115 0 0 0.5137111934152842 0 0 0.4618223883710008 0 0 0.4877667908931425 0 0 0.4903839579064678 0 0 0.4408511566876512 0 0 0.4656175572970595 0 0 0.5059354482456786 0 0 0.4981597030760732 0 0 0.5137111934152842 0 0 0.4903839579064679 0 0 0.5059354482456786 0 0 0.4981597030760732 0 0 0.5865992039275379 0 0 0.5380071969193686 0 0 0.5623032004234534 0 0 0.5599623321298194 0 0 0.5135767493142517 0 0 0.5367695407220355 0 0 0.5777202466616318 0 0 0.5688412893957255 0 0 0.5865992039275379 0 0 0.5599623321298195 0 0 0.5777202466616318 0 0 0.5688412893957255 0 0 0.6538411852403235 0 0 0.6090131976984663 0 0 0.6314271914693949 0 0 0.6241481002539881 0 0 0.581357588171209 0 0 0.6027528442125986 0 0 0.6439434902448786 0 0 0.6340457952494334 0 0 0.6538411852403235 0 0 0.6241481002539884 0 0 0.6439434902448786 0 0 0.6340457952494334 0 0 0.7147486803486823 0 0 0.6741436836097766 0 0 0.6944461819792294 0 0 0.6823476892405443 0 0 0.6435479632495068 0 0 0.6629478262450254 0 0 0.7039483499793028 0 0 0.6931480196099234 0 0 0.7147486803486823 0 0 0.6823476892405441 0 0 0.7039483499793028 0 0 0.6931480196099234 0 0 0.7690220060773338 0 0 0.7328397889248993 0 0 0.7509308975011164 0 0 0.7339550733480098 0 0 0.6995501506096993 0 0 0.7167526119788545 0 0 0.7573330285008926 0 0 0.7456440509244511 0 0 0.7690220060773338 0 0 0.73395507334801 0 0 0.7573330285008926 0 0 0.7456440509244511 0 0 0.8155166184219316 0 0 0.7845202101921998 0 0 0.8000184143070657 0 0 0.7784560612476561 0 0 0.7487887359812252 0 0 0.7636223986144407 0 0 0.8031630993638397 0 0 0.7908095803057479 0 0 0.8155166184219457 0 0 0.7784560612476615 0 0 0.8031630993638333 0 0 0.7908095803057463 0 0 0.7690220060773352 0 0 0.8000184143070586 0 0 0.7845202101921962 0 0 0.7339550733480094 0 0 0.7636223986144443 0 0 0.7487887359812263 0 0 0.7573330285008933 0 0 0.7456440509244511 0 0 0.7690220060773352 0 0 0.7339550733480099 0 0 0.7573330285008933 0 0 0.7456440509244511 0 0 0.7147486803486831 0 0 0.7509308975011175 0 0 0.7328397889248998 0 0 0.6823476892405452 0 0 0.7167526119788548 0 0 0.6995501506096995 0 0 0.7039483499793039 0 0 0.6931480196099241 0 0 0.7147486803486831 0 0 0.6823476892405459 0 0 0.7039483499793039 0 0 0.6931480196099241 0 0 0.6538411852403248 0 0 0.6944461819792301 0 0 0.6741436836097767 0 0 0.6241481002539885 0 0 0.6629478262450265 0 0 0.6435479632495071 0 0 0.64394349024488 0 0 0.6340457952494339 0 0 0.6538411852403248 0 0 0.6241481002539893 0 0 0.64394349024488 0 0 0.6340457952494339 0 0 0.5865992039275384 0 0 0.6314271914693952 0 0 0.6090131976984664 0 0 0.5599623321298193 0 0 0.6027528442125994 0 0 0.5813575881712092 0 0 0.5777202466616331 0 0 0.5688412893957258 0 0 0.5865992039275384 0 0 0.5599623321298199 0 0 0.5777202466616331 0 0 0.5688412893957258 0 0 0.513711193415285 0 0 0.5623032004234544 0 0 0.5380071969193692 0 0 0.4903839579064677 0 0 0.5367695407220355 0 0 0.5135767493142516 0 0 0.5059354482456796 0 0 0.4981597030760731 0 0 0.513711193415285 0 0 0.4903839579064686 0 0 0.5059354482456796 0 0 0.4981597030760731 0 0 0.4358779858488603 0 0 0.4877667908931437 0 0 0.4618223883710008 0 0 0.4160847560782426 0 0 0.4656175572970597 0 0 0.4408511566876511 0 0 0.4292802425919883 0 0 0.4226824993351149 0 0 0.4358779858488603 0 0 0.4160847560782432 0 0 0.4292802425919883 0 0 0.4226824993351149 0 0 0.3538482169427828 0 0 0.4085347295468348 0 0 0.3811914732448076 0 0 0.3377796803872385 0 0 0.3899830641812424 0 0 0.3638813722842393 0 0 0.3484920380909353 0 0 0.3431358592390862 0 0 0.3538482169427828 0 0 0.3377796803872393 0 0 0.3484920380909353 0 0 0.3431358592390862 0 0 0.26841133502708 0 0 0.3253692563042143 0 0 0.2968902956656468 0 0 0.2562223901571776 0 0 0.3105939169772186 0 0 0.2834081535671975 0 0 0.2643483534037799 0 0 0.2602853717804781 0 0 0.26841133502708 0 0 0.2562223901571782 0 0 0.2643483534037799 0 0 0.2602853717804781 0 0 0.1803898519827387 0 0 0.2390708406789668 0 0 0.2097303463308514 0 0 0.1721980128124031 0 0 0.2282142643755868 0 0 0.2002061385939937 0 0 0.1776592389259607 0 0 0.1749286258691811 0 0 0.1803898519827387 0 0 0.1721980128124037 0 0 0.1776592389259607 0 0 0.1749286258691811 0 0 0.09063130018294967 0 0 0.1504703347161425 0 0 0.1205508174495455 0 0 0.08651554203282105 0 0 0.1436371892192095 0 0 0.115076365626015 0 0 0.08925938079957334 0 0 0.08788746141619638 0 0 0.09063130018294967 0 0 0.08651554203282169 0 0 0.08925938079957334 0 0 0.08788746141619638 0 0 -5.478715012533601e-16 0 0 0.06042086678863303 0 0 0.03021043339431575 0 0 -2.206738893132385e-16 0 0 0.05767702802188105 0 0 0.02883851401093979 0 0 1.072321906047965e-16 0 0 -1.150727038467578e-15 0 0 2.275154914840885e-20 0 0 -1.567699092271228e-19 0 0 -9.441261164368408e-18 0 0 3.561800840309168e-21 0 0 0.086515542032822 0 0 0.02883851401094065 0 0 0.05767702802188132 0 0 0.08156653056688694 0 0 0.02718884352229565 0 0 0.05437768704459132 0 0 0.08486587154417698 0 0 0.08321620105553196 0 0 0.086515542032822 0 0 0.08156653056688695 0 0 0.08486587154417698 0 0 0.08321620105553196 0 0 0.1721980128124035 0 0 0.1150763656260158 0 0 0.1436371892192096 0 0 0.1623476681522231 0 0 0.1084935764286657 0 0 0.1354206222904444 0 0 0.1689145645923434 0 0 0.1656311163722833 0 0 0.1721980128124035 0 0 0.1623476681522232 0 0 0.1689145645923434 0 0 0.1656311163722833 0 0 0.256222390157178 0 0 0.2002061385939949 0 0 0.2282142643755864 0 0 0.2415656050607492 0 0 0.1887536471217319 0 0 0.2151596260912405 0 0 0.251336795125035 0 0 0.2464512000928921 0 0 0.256222390157178 0 0 0.2415656050607493 0 0 0.251336795125035 0 0 0.2464512000928921 0 0 0.3377796803872384 0 0 0.2834081535671981 0 0 0.3105939169772182 0 0 0.3184576334728057 0 0 0.2671962811981014 0 0 0.2928269573354536 0 0 0.3313389980824276 0 0 0.3248983157776166 0 0 0.3377796803872384 0 0 0.3184576334728059 0 0 0.3313389980824276 0 0 0.3248983157776166 0 0 0.4160847560782431 0 0 0.3638813722842399 0 0 0.3899830641812414 0 0 0.392283515248933 0 0 0.3430662607315148 0 0 0.367674887990224 0 0 0.4081510091351397 0 0 0.4002172621920363 0 0 0.4160847560782431 0 0 0.3922835152489331 0 0 0.4081510091351397 0 0 0.4002172621920363 0 0 0.4903839579064679 0 0 0.4408511566876512 0 0 0.4656175572970595 0 0 0.4623326331832247 0 0 0.4156332212270302 0 0 0.4389829272051274 0 0 0.4810335163320534 0 0 0.4716830747576389 0 0 0.4903839579064679 0 0 0.4623326331832247 0 0 0.4810335163320534 0 0 0.4716830747576389 0 0 0.5599623321298195 0 0 0.5135767493142517 0 0 0.5367695407220355 0 0 0.5279307484882017 0 0 0.4841986716182172 0 0 0.5060647100532094 0 0 0.5492851375826137 0 0 0.5386079430354076 0 0 0.5599623321298195 0 0 0.5279307484882019 0 0 0.5492851375826137 0 0 0.5386079430354076 0 0 0.6241481002539884 0 0 0.581357588171209 0 0 0.6027528442125986 0 0 0.5884487183552904 0 0 0.5481034051105648 0 0 0.5682760617329277 0 0 0.6122483062877558 0 0 0.6003485123215231 0 0 0.6241481002539884 0 0 0.5884487183552906 0 0 0.6122483062877558 0 0 0.6003485123215231 0 0 0.6823476892405441 0 0 0.6435479632495068 0 0 0.6629478262450254 0 0 0.6433008014389056 0 0 0.6067327460498289 0 0 0.6250167737443673 0 0 0.6693320599733317 0 0 0.6563164307061184 0 0 0.6823476892405441 0 0 0.6433008014389058 0 0 0.6693320599733317 0 0 0.6563164307061184 0 0 0.73395507334801 0 0 0.6995501506096993 0 0 0.7167526119788545 0 0 0.6919557315022015 0 0 0.6595191114600043 0 0 0.6757374214811029 0 0 0.7199552927327406 0 0 0.7059555121174709 0 0 0.73395507334801 0 0 0.6919557315022017 0 0 0.7199552927327406 0 0 0.7059555121174709 0 0 0.7784560612476561 0 0 0.7487887359812252 0 0 0.7636223986144407 0 0 0.7339550766903874 0 0 0.705955513231597 0 0 0.7199552949609922 0 0 0.7636223997285668 0 0 0.7487887382094771 0 0 0.7784560612476561 0 0 0.7339550766903877 0 0 0.7636223997285668 0 0 0.7487887382094771 0 0 0.815516648973261 0 0 0.7908095904895243 0 0 0.8031631197313922 0 0 0.7690220043536531 0 0 0.7456440525781429 0 0 0.7573330284658979 0 0 0.8000184341000582 0 0 0.7845202192268554 0 0 0.8155166489732477 0 0 0.7690220043536572 0 0 0.8000184341000403 0 0 0.7845202192268479 0 0 0.7784560612476615 0 0 0.8031631197313747 0 0 0.7908095904895174 0 0 0.7339550766903848 0 0 0.7573330284658999 0 0 0.7456440525781423 0 0 0.7636223997285702 0 0 0.7487887382094771 0 0 0.7784560612476615 0 0 0.7339550766903858 0 0 0.7636223997285702 0 0 0.7487887382094771 0 0 0.7339550733480099 0 0 0.7636223986144443 0 0 0.7487887359812263 0 0 0.6919557315022027 0 0 0.7199552949609919 0 0 0.7059555132315969 0 0 0.7199552927327413 0 0 0.7059555121174714 0 0 0.7339550733480099 0 0 0.6919557315022034 0 0 0.7199552927327413 0 0 0.7059555121174714 0 0 0.6823476892405459 0 0 0.7167526119788548 0 0 0.6995501506096995 0 0 0.6433008014389052 0 0 0.6757374214811042 0 0 0.6595191114600045 0 0 0.6693320599733327 0 0 0.6563164307061183 0 0 0.6823476892405459 0 0 0.6433008014389062 0 0 0.6693320599733327 0 0 0.6563164307061183 0 0 0.6241481002539893 0 0 0.6629478262450265 0 0 0.6435479632495071 0 0 0.5884487183552902 0 0 0.625016773744368 0 0 0.6067327460498287 0 0 0.6122483062877566 0 0 0.6003485123215231 0 0 0.6241481002539893 0 0 0.5884487183552912 0 0 0.6122483062877566 0 0 0.6003485123215231 0 0 0.5599623321298199 0 0 0.6027528442125994 0 0 0.5813575881712092 0 0 0.5279307484882017 0 0 0.5682760617329281 0 0 0.5481034051105647 0 0 0.5492851375826147 0 0 0.5386079430354077 0 0 0.5599623321298199 0 0 0.5279307484882025 0 0 0.5492851375826147 0 0 0.5386079430354077 0 0 0.4903839579064686 0 0 0.5367695407220355 0 0 0.5135767493142516 0 0 0.4623326331832246 0 0 0.50606471005321 0 0 0.4841986716182172 0 0 0.4810335163320542 0 0 0.471683074757639 0 0 0.4903839579064686 0 0 0.4623326331832254 0 0 0.4810335163320542 0 0 0.471683074757639 0 0 0.4160847560782432 0 0 0.4656175572970597 0 0 0.4408511566876511 0 0 0.3922835152489324 0 0 0.4389829272051281 0 0 0.4156332212270296 0 0 0.4081510091351408 0 0 0.4002172621920361 0 0 0.4160847560782432 0 0 0.3922835152489333 0 0 0.4081510091351408 0 0 0.4002172621920361 0 0 0.3377796803872393 0 0 0.3899830641812424 0 0 0.3638813722842393 0 0 0.3184576334728053 0 0 0.3676748879902242 0 0 0.3430662607315139 0 0 0.3313389980824282 0 0 0.3248983157776157 0 0 0.3377796803872393 0 0 0.318457633472806 0 0 0.3313389980824282 0 0 0.3248983157776157 0 0 0.2562223901571782 0 0 0.3105939169772186 0 0 0.2834081535671975 0 0 0.2415656050607482 0 0 0.2928269573354535 0 0 0.2671962811981008 0 0 0.2513367951250348 0 0 0.2464512000928913 0 0 0.2562223901571782 0 0 0.2415656050607491 0 0 0.2513367951250348 0 0 0.2464512000928913 0 0 0.1721980128124037 0 0 0.2282142643755868 0 0 0.2002061385939937 0 0 0.1623476681522227 0 0 0.2151596260912403 0 0 0.1887536471217308 0 0 0.1689145645923429 0 0 0.1656311163722823 0 0 0.1721980128124037 0 0 0.1623476681522233 0 0 0.1689145645923429 0 0 0.1656311163722823 0 0 0.08651554203282169 0 0 0.1436371892192095 0 0 0.115076365626015 0 0 0.08156653056688616 0 0 0.1354206222904442 0 0 0.1084935764286649 0 0 0.08486587154417641 0 0 0.08321620105553097 0 0 0.08651554203282169 0 0 0.08156653056688677 0 0 0.08486587154417641 0 0 0.08321620105553097 0 0 9.149363763324627e-17 0 0 0.05767702802188105 0 0 0.02883851401093979 0 0 -2.080658160412028e-16 0 0 0.05437768704459101 0 0 0.02718884352229452 0 0 4.011324857683733e-16 0 0 -1.091969496529125e-15 0 0 -1.567699092271228e-19 0 0 -8.6251483421833e-18 0 0 -6.655736812842905e-18 0 0 3.316464049580784e-21 0 0 0.08156653056688695 0 0 0.02718884352229565 0 0 0.05437768704459132 0 0 0.07583191150522442 0 0 0.02527730383507479 0 0 0.05055460767014958 0 0 0.0796549908796661 0 0 0.07774345119244525 0 0 0.08156653056688695 0 0 0.07583191150522445 0 0 0.0796549908796661 0 0 0.07774345119244525 0 0 0.1623476681522232 0 0 0.1084935764286657 0 0 0.1354206222904444 0 0 0.1509336536706125 0 0 0.1008658255603538 0 0 0.1258997396154832 0 0 0.1585429966583529 0 0 0.1547383251644827 0 0 0.1623476681522232 0 0 0.1509336536706126 0 0 0.1585429966583529 0 0 0.1547383251644827 0 0 0.2415656050607493 0 0 0.1887536471217319 0 0 0.2151596260912405 0 0 0.2245821028053167 0 0 0.1754831367155139 0 0 0.2000326197604152 0 0 0.2359044376422718 0 0 0.2302432702237941 0 0 0.2415656050607493 0 0 0.2245821028053167 0 0 0.2359044376422718 0 0 0.2302432702237941 0 0 0.3184576334728059 0 0 0.2671962811981014 0 0 0.2928269573354536 0 0 0.2960681579919194 0 0 0.2484107878675176 0 0 0.2722394729297186 0 0 0.310994474979177 0 0 0.3035313164855482 0 0 0.3184576334728059 0 0 0.2960681579919194 0 0 0.310994474979177 0 0 0.3035313164855482 0 0 0.3922835152489331 0 0 0.3430662607315148 0 0 0.367674887990224 0 0 0.3647035814649896 0 0 0.3189466324829429 0 0 0.3418251069739662 0 0 0.3830902039876187 0 0 0.3738968927263039 0 0 0.3922835152489331 0 0 0.3647035814649896 0 0 0.3830902039876187 0 0 0.3738968927263039 0 0 0.4623326331832247 0 0 0.4156332212270302 0 0 0.4389829272051274 0 0 0.4298276308226769 0 0 0.3864115979175519 0 0 0.4081196143701142 0 0 0.4514976323963755 0 0 0.440662631609526 0 0 0.4623326331832247 0 0 0.4298276308226772 0 0 0.4514976323963755 0 0 0.440662631609526 0 0 0.5279307484882019 0 0 0.4841986716182172 0 0 0.5060647100532094 0 0 0.4908135806906997 0 0 0.4501562807786846 0 0 0.4704849307346921 0 0 0.5155583592223679 0 0 0.5031859699565339 0 0 0.5279307484882019 0 0 0.4908135806907 0 0 0.5155583592223679 0 0 0.5031859699565339 0 0 0.5884487183552906 0 0 0.5481034051105648 0 0 0.5682760617329277 0 0 0.5470740559258265 0 0 0.5095670724357422 0 0 0.5283205641807844 0 0 0.574657164212136 0 0 0.5608656100689813 0 0 0.5884487183552906 0 0 0.5470740559258269 0 0 0.574657164212136 0 0 0.5608656100689813 0 0 0.6433008014389058 0 0 0.6067327460498289 0 0 0.6250167737443673 0 0 0.5980667421275248 0 0 0.5640716179930597 0 0 0.5810691800602922 0 0 0.6282227816684455 0 0 0.6131447618979853 0 0 0.6433008014389058 0 0 0.5980667421275252 0 0 0.6282227816684455 0 0 0.6131447618979853 0 0 0.6919557315022017 0 0 0.6595191114600043 0 0 0.6757374214811029 0 0 0.6433008019162069 0 0 0.6131447620570858 0 0 0.6282227819866464 0 0 0.6757374216402036 0 0 0.6595191117782052 0 0 0.6919557315022017 0 0 0.6433008019162073 0 0 0.6757374216402036 0 0 0.6595191117782052 0 0 0.7339550766903877 0 0 0.705955513231597 0 0 0.7199552949609922 0 0 0.682347689631855 0 0 0.6563164311547565 0 0 0.6693320603933057 0 0 0.7167526143375438 0 0 0.6995501519846993 0 0 0.7339550766903877 0 0 0.6823476896318553 0 0 0.7167526143375438 0 0 0.6995501519846993 0 0 0.7690220043536533 0 0 0.7456440525781429 0 0 0.7573330284658979 0 0 0.7147486807338189 0 0 0.6931480199991764 0 0 0.7039483503664978 0 0 0.7509308964803754 0 0 0.7328397886070968 0 0 0.7690220043536533 0 0 0.7147486807338194 0 0 0.7509308964803754 0 0 0.7328397886070968 0 0 0.7958203829743499 0 0 0.7779547972272187 0 0 0.7868875901007839 0 0 0.7403874617483097 0 0 0.7232949410719824 0 0 0.7318412014101455 0 0 0.7773427425656697 0 0 0.7588651021569892 0 0 0.7958203829743518 0 0 0.7403874617483108 0 0 0.7773427425656718 0 0 0.7588651021569908 0 0 0.7690220043536572 0 0 0.7868875901007868 0 0 0.7779547972272216 0 0 0.7147486807338187 0 0 0.7318412014101471 0 0 0.7232949410719828 0 0 0.7509308964803781 0 0 0.7328397886070982 0 0 0.7690220043536572 0 0 0.7147486807338191 0 0 0.7509308964803781 0 0 0.7328397886070982 0 0 0.7339550766903858 0 0 0.7573330284658999 0 0 0.7456440525781423 0 0 0.6823476896318553 0 0 0.7039483503664985 0 0 0.6931480199991769 0 0 0.7167526143375428 0 0 0.6995501519846987 0 0 0.7339550766903858 0 0 0.6823476896318562 0 0 0.7167526143375428 0 0 0.6995501519846987 0 0 0.6919557315022034 0 0 0.7199552949609919 0 0 0.7059555132315969 0 0 0.6433008019162068 0 0 0.6693320603933068 0 0 0.6563164311547572 0 0 0.6757374216402047 0 0 0.6595191117782057 0 0 0.6919557315022034 0 0 0.6433008019162076 0 0 0.6757374216402047 0 0 0.6595191117782057 0 0 0.6433008014389062 0 0 0.6757374214811042 0 0 0.6595191114600045 0 0 0.5980667421275252 0 0 0.6282227819866466 0 0 0.6131447620570853 0 0 0.6282227816684461 0 0 0.6131447618979851 0 0 0.6433008014389062 0 0 0.5980667421275259 0 0 0.6282227816684461 0 0 0.6131447618979851 0 0 0.5884487183552912 0 0 0.625016773744368 0 0 0.6067327460498287 0 0 0.5470740559258265 0 0 0.5810691800602924 0 0 0.564071617993059 0 0 0.574657164212136 0 0 0.5608656100689807 0 0 0.5884487183552912 0 0 0.5470740559258275 0 0 0.574657164212136 0 0 0.5608656100689807 0 0 0.5279307484882025 0 0 0.5682760617329281 0 0 0.5481034051105647 0 0 0.4908135806906991 0 0 0.5283205641807851 0 0 0.5095670724357422 0 0 0.5155583592223684 0 0 0.5031859699565336 0 0 0.5279307484882025 0 0 0.4908135806907 0 0 0.5155583592223684 0 0 0.5031859699565336 0 0 0.4623326331832254 0 0 0.50606471005321 0 0 0.4841986716182172 0 0 0.4298276308226764 0 0 0.4704849307346926 0 0 0.4501562807786844 0 0 0.4514976323963764 0 0 0.4406626316095255 0 0 0.4623326331832254 0 0 0.4298276308226774 0 0 0.4514976323963764 0 0 0.4406626316095255 0 0 0.3922835152489333 0 0 0.4389829272051281 0 0 0.4156332212270296 0 0 0.3647035814649894 0 0 0.408119614370115 0 0 0.3864115979175516 0 0 0.3830902039876188 0 0 0.373896892726303 0 0 0.3922835152489333 0 0 0.3647035814649903 0 0 0.3830902039876188 0 0 0.373896892726303 0 0 0.318457633472806 0 0 0.3676748879902242 0 0 0.3430662607315139 0 0 0.2960681579919181 0 0 0.3418251069739662 0 0 0.3189466324829424 0 0 0.3109944749791773 0 0 0.3035313164855468 0 0 0.318457633472806 0 0 0.2960681579919191 0 0 0.3109944749791773 0 0 0.3035313164855468 0 0 0.2415656050607491 0 0 0.2928269573354535 0 0 0.2671962811981008 0 0 0.2245821028053157 0 0 0.2722394729297178 0 0 0.248410787867516 0 0 0.2359044376422717 0 0 0.2302432702237932 0 0 0.2415656050607491 0 0 0.2245821028053167 0 0 0.2359044376422717 0 0 0.2302432702237932 0 0 0.1623476681522233 0 0 0.2151596260912403 0 0 0.1887536471217308 0 0 0.1509336536706118 0 0 0.2000326197604147 0 0 0.1754831367155123 0 0 0.1585429966583526 0 0 0.1547383251644817 0 0 0.1623476681522233 0 0 0.1509336536706125 0 0 0.1585429966583526 0 0 0.1547383251644817 0 0 0.08156653056688677 0 0 0.1354206222904442 0 0 0.1084935764286649 0 0 0.07583191150522355 0 0 0.1258997396154824 0 0 0.1008658255603523 0 0 0.07965499087966574 0 0 0.07774345119244369 0 0 0.08156653056688677 0 0 0.07583191150522443 0 0 0.07965499087966574 0 0 0.07774345119244369 0 0 8.633613995775989e-17 0 0 0.05437768704459101 0 0 0.02718884352229452 0 0 -7.323486586283111e-16 0 0 0.05055460767014953 0 0 0.02527730383507399 0 0 9.570717008556089e-17 0 0 -1.020179785200987e-15 0 0 -8.6251483421833e-18 0 0 -3.817781184424441e-18 0 0 -6.16160451796884e-18 0 0 3.043430379892253e-21 0 0 0.07583191150522445 0 0 0.02527730383507479 0 0 0.05055460767014958 0 0 0.06936691370194431 0 0 0.02312230456731479 0 0 0.04624460913462958 0 0 0.07367691223746441 0 0 0.07152191296970438 0 0 0.07583191150522445 0 0 0.06936691370194439 0 0 0.07367691223746441 0 0 0.07152191296970438 0 0 0.1509336536706126 0 0 0.1008658255603538 0 0 0.1258997396154832 0 0 0.1380659019089095 0 0 0.09226657643759945 0 0 0.1151662391732546 0 0 0.1466444030833782 0 0 0.1423551524961438 0 0 0.1509336536706126 0 0 0.1380659019089095 0 0 0.1466444030833782 0 0 0.1423551524961438 0 0 0.2245821028053167 0 0 0.1754831367155139 0 0 0.2000326197604152 0 0 0.2054354776021381 0 0 0.1605224271399859 0 0 0.1829789523710619 0 0 0.2181998944042572 0 0 0.2118176860031975 0 0 0.2245821028053167 0 0 0.2054354776021382 0 0 0.2181998944042572 0 0 0.2118176860031975 0 0 0.2960681579919194 0 0 0.2484107878675176 0 0 0.2722394729297186 0 0 0.2708269668081057 0 0 0.227232640670794 0 0 0.2490298037394499 0 0 0.287654427597315 0 0 0.2792406972027102 0 0 0.2960681579919194 0 0 0.2708269668081059 0 0 0.287654427597315 0 0 0.2792406972027102 0 0 0.3647035814649896 0 0 0.3189466324829429 0 0 0.3418251069739662 0 0 0.3336107550133968 0 0 0.2917548962098695 0 0 0.3126828256116332 0 0 0.3543393059811253 0 0 0.3439750304972609 0 0 0.3647035814649896 0 0 0.3336107550133969 0 0 0.3543393059811253 0 0 0.3439750304972609 0 0 0.4298276308226772 0 0 0.3864115979175519 0 0 0.4081196143701142 0 0 0.3931823501755579 0 0 0.3534679534007839 0 0 0.3733251517881709 0 0 0.4176125372736375 0 0 0.4053974437245975 0 0 0.4298276308226772 0 0 0.3931823501755581 0 0 0.4176125372736375 0 0 0.4053974437245975 0 0 0.4908135806907 0 0 0.4501562807786846 0 0 0.4704849307346921 0 0 0.4489681079265325 0 0 0.4117776027592163 0 0 0.4303728553428746 0 0 0.4768650897693107 0 0 0.4629165988479216 0 0 0.4908135806907 0 0 0.4489681079265327 0 0 0.4768650897693107 0 0 0.4629165988479216 0 0 0.5470740559258269 0 0 0.5095670724357422 0 0 0.5283205641807844 0 0 0.5004306577339465 0 0 0.4661222911956708 0 0 0.4832764744648085 0 0 0.5315262565285336 0 0 0.5159784571312398 0 0 0.5470740559258269 0 0 0.5004306577339468 0 0 0.5315262565285336 0 0 0.5159784571312398 0 0 0.5980667421275252 0 0 0.5640716179930597 0 0 0.5810691800602922 0 0 0.5470740560288468 0 0 0.5159784571655799 0 0 0.531526256597213 0 0 0.5810691800946325 0 0 0.5640716180617394 0 0 0.5980667421275252 0 0 0.5470740560288467 0 0 0.5810691800946325 0 0 0.5640716180617394 0 0 0.6433008019162073 0 0 0.6131447620570858 0 0 0.6282227819866464 0 0 0.5884487185552607 0 0 0.5608656102043179 0 0 0.5746571643797891 0 0 0.625016774129225 0 0 0.6067327463422426 0 0 0.6433008019162073 0 0 0.5884487185552609 0 0 0.625016774129225 0 0 0.6067327463422426 0 0 0.6823476896318553 0 0 0.6563164311547565 0 0 0.6693320603933057 0 0 0.6241481005130285 0 0 0.6003485125411834 0 0 0.6122483065271057 0 0 0.662947826592246 0 0 0.6435479635526369 0 0 0.6823476896318553 0 0 0.6241481005130286 0 0 0.662947826592246 0 0 0.6435479635526369 0 0 0.7147486807338194 0 0 0.6931480199991764 0 0 0.7039483503664978 0 0 0.6538411854306617 0 0 0.6340457954855733 0 0 0.6439434904581174 0 0 0.6944461822994334 0 0 0.6741436838650474 0 0 0.7147486807338194 0 0 0.6538411854306621 0 0 0.6944461822994334 0 0 0.6741436838650474 0 0 0.7403874617483102 0 0 0.7232949410719824 0 0 0.7318412014101455 0 0 0.6772336786909157 0 0 0.6616386831840806 0 0 0.669436180937498 0 0 0.7193362007291789 0 0 0.6982849397100468 0 0 0.7403874617483102 0 0 0.6772336786909162 0 0 0.7193362007291789 0 0 0.6982849397100468 0 0 0.7588375391881576 0 0 0.7465374875615925 0 0 0.7526875133748746 0 0 0.694089363763847 0 0 0.6828522403818933 0 0 0.68847080207287 0 0 0.7372548140467208 0 0 0.7156720889052836 0 0 0.7588375391881576 0 0 0.6940893637638476 0 0 0.7372548140467208 0 0 0.7156720889052836 0 0 0.7698124602020953 0 0 0.7624958461928031 0 0 0.7661541531974491 0 0 0.704258910835198 0 0 0.6974792127876315 0 0 0.7008690618114145 0 0 0.7479612770797962 0 0 0.726110093957497 0 0 0.7698124602020953 0 0 0.7042589108351985 0 0 0.7479612770797962 0 0 0.726110093957497 0 0 0.7735997527742188 0 0 0.7710748910594696 0 0 0.7723373219168443 0 0 0.7076447454023775 0 0 0.7053875223575915 0 0 0.7065161338799847 0 0 0.7516147503169386 0 0 0.7296297478596578 0 0 0.7735997527742188 0 0 0.7076447454023781 0 0 0.7516147503169386 0 0 0.7296297478596578 0 0 0.7698124602020952 0 0 0.7723373219168435 0 0 0.7710748910594687 0 0 0.7042589108351975 0 0 0.7065161338799849 0 0 0.7053875223575909 0 0 0.747961277079796 0 0 0.7261100939574965 0 0 0.7698124602020952 0 0 0.7042589108351983 0 0 0.747961277079796 0 0 0.7261100939574965 0 0 0.7588375391881574 0 0 0.766154153197449 0 0 0.7624958461928026 0 0 0.6940893637638463 0 0 0.7008690618114147 0 0 0.6974792127876301 0 0 0.7372548140467206 0 0 0.715672088905283 0 0 0.7588375391881574 0 0 0.694089363763847 0 0 0.7372548140467206 0 0 0.715672088905283 0 0 0.7403874617483108 0 0 0.7526875133748752 0 0 0.7465374875615924 0 0 0.6772336786909153 0 0 0.6884708020728703 0 0 0.6828522403818925 0 0 0.7193362007291787 0 0 0.6982849397100466 0 0 0.7403874617483108 0 0 0.677233678690916 0 0 0.7193362007291787 0 0 0.6982849397100466 0 0 0.7147486807338191 0 0 0.7318412014101471 0 0 0.7232949410719828 0 0 0.6538411854306613 0 0 0.669436180937498 0 0 0.6616386831840797 0 0 0.6944461822994339 0 0 0.6741436838650474 0 0 0.7147486807338191 0 0 0.6538411854306622 0 0 0.6944461822994339 0 0 0.6741436838650474 0 0 0.6823476896318562 0 0 0.7039483503664985 0 0 0.6931480199991769 0 0 0.624148100513028 0 0 0.6439434904581181 0 0 0.6340457954855727 0 0 0.6629478265922473 0 0 0.6435479635526373 0 0 0.6823476896318562 0 0 0.6241481005130289 0 0 0.6629478265922473 0 0 0.6435479635526373 0 0 0.6433008019162076 0 0 0.6693320603933068 0 0 0.6563164311547572 0 0 0.5884487185552603 0 0 0.6122483065271066 0 0 0.600348512541184 0 0 0.6250167741292258 0 0 0.6067327463422425 0 0 0.6433008019162076 0 0 0.5884487185552614 0 0 0.6250167741292258 0 0 0.6067327463422425 0 0 0.5980667421275259 0 0 0.6282227819866466 0 0 0.6131447620570853 0 0 0.5470740560288468 0 0 0.5746571643797908 0 0 0.5608656102043186 0 0 0.5810691800946333 0 0 0.5640716180617393 0 0 0.5980667421275259 0 0 0.5470740560288476 0 0 0.5810691800946333 0 0 0.5640716180617393 0 0 0.5470740559258275 0 0 0.5810691800602924 0 0 0.564071617993059 0 0 0.500430657733946 0 0 0.531526256597214 0 0 0.5159784571655802 0 0 0.5315262565285341 0 0 0.5159784571312398 0 0 0.5470740559258275 0 0 0.5004306577339471 0 0 0.5315262565285341 0 0 0.5159784571312398 0 0 0.4908135806907 0 0 0.5283205641807851 0 0 0.5095670724357422 0 0 0.4489681079265319 0 0 0.4832764744648093 0 0 0.4661222911956703 0 0 0.476865089769311 0 0 0.4629165988479214 0 0 0.4908135806907 0 0 0.4489681079265327 0 0 0.476865089769311 0 0 0.4629165988479214 0 0 0.4298276308226774 0 0 0.4704849307346926 0 0 0.4501562807786844 0 0 0.3931823501755572 0 0 0.4303728553428747 0 0 0.4117776027592158 0 0 0.4176125372736376 0 0 0.4053974437245969 0 0 0.4298276308226774 0 0 0.3931823501755582 0 0 0.4176125372736376 0 0 0.4053974437245969 0 0 0.3647035814649903 0 0 0.408119614370115 0 0 0.3864115979175516 0 0 0.3336107550133964 0 0 0.3733251517881712 0 0 0.3534679534007831 0 0 0.3543393059811253 0 0 0.3439750304972605 0 0 0.3647035814649903 0 0 0.3336107550133971 0 0 0.3543393059811253 0 0 0.3439750304972605 0 0 0.2960681579919191 0 0 0.3418251069739662 0 0 0.3189466324829424 0 0 0.2708269668081043 0 0 0.312682825611633 0 0 0.2917548962098687 0 0 0.2876544275973145 0 0 0.2792406972027088 0 0 0.2960681579919191 0 0 0.2708269668081052 0 0 0.2876544275973145 0 0 0.2792406972027088 0 0 0.2245821028053167 0 0 0.2722394729297178 0 0 0.248410787867516 0 0 0.2054354776021368 0 0 0.2490298037394494 0 0 0.227232640670793 0 0 0.218199894404257 0 0 0.2118176860031964 0 0 0.2245821028053167 0 0 0.2054354776021375 0 0 0.218199894404257 0 0 0.2118176860031964 0 0 0.1509336536706125 0 0 0.2000326197604147 0 0 0.1754831367155123 0 0 0.1380659019089082 0 0 0.1829789523710617 0 0 0.1605224271399847 0 0 0.1466444030833778 0 0 0.1423551524961427 0 0 0.1509336536706125 0 0 0.1380659019089089 0 0 0.1466444030833778 0 0 0.1423551524961427 0 0 0.07583191150522443 0 0 0.1258997396154824 0 0 0.1008658255603523 0 0 0.06936691370194338 0 0 0.1151662391732539 0 0 0.09226657643759836 0 0 0.07367691223746398 0 0 0.07152191296970326 0 0 0.07583191150522443 0 0 0.06936691370194417 0 0 0.07367691223746398 0 0 0.07152191296970326 0 0 -4.566253142725293e-16 0 0 0.05055460767014953 0 0 0.02527730383507399 0 0 -6.700133851848399e-16 0 0 0.0462446091346294 0 0 0.02312230456731398 0 0 -1.773417857264738e-16 0 0 -9.385647786056879e-16 0 0 -3.817781184424441e-18 0 0 -1.493712162951891e-18 0 0 -5.608122599778884e-18 0 0 2.74482383642634e-21 0 0 0.06936691370194439 0 0 0.02312230456731479 0 0 0.04624460913462958 0 0 0.06223381160947332 0 0 0.02074460386982445 0 0 0.04148920773964888 0 0 0.066989213004454 0 0 0.06461151230696364 0 0 0.06936691370194439 0 0 0.06223381160947335 0 0 0.066989213004454 0 0 0.06461151230696364 0 0 0.1380659019089095 0 0 0.09226657643759945 0 0 0.1151662391732546 0 0 0.1238683692216371 0 0 0.08277866414686127 0 0 0.1033235166842492 0 0 0.1333333910131522 0 0 0.1286008801173945 0 0 0.1380659019089095 0 0 0.1238683692216372 0 0 0.1333333910131522 0 0 0.1286008801173945 0 0 0.2054354776021382 0 0 0.1605224271399859 0 0 0.1829789523710619 0 0 0.1843101899452342 0 0 0.1440156427961696 0 0 0.1641629163707018 0 0 0.198393715049837 0 0 0.1913519524975355 0 0 0.2054354776021382 0 0 0.1843101899452343 0 0 0.198393715049837 0 0 0.1913519524975355 0 0 0.2708269668081059 0 0 0.227232640670794 0 0 0.2490298037394499 0 0 0.2429772749812386 0 0 0.2038658849572358 0 0 0.2234215799692372 0 0 0.2615437361991503 0 0 0.2522605055901942 0 0 0.2708269668081059 0 0 0.2429772749812388 0 0 0.2615437361991503 0 0 0.2522605055901942 0 0 0.3336107550133969 0 0 0.2917548962098695 0 0 0.3126828256116332 0 0 0.2993047064701263 0 0 0.2617530854775345 0 0 0.2805288959738305 0 0 0.3221754054989733 0 0 0.3107400559845498 0 0 0.3336107550133969 0 0 0.2993047064701265 0 0 0.3221754054989733 0 0 0.3107400559845498 0 0 0.3931823501755581 0 0 0.3534679534007839 0 0 0.3733251517881709 0 0 0.3527500612276592 0 0 0.3171198247226373 0 0 0.3349349429751482 0 0 0.3797049205262587 0 0 0.3662274908769588 0 0 0.3931823501755581 0 0 0.3527500612276594 0 0 0.3797049205262587 0 0 0.3662274908769588 0 0 0.4489681079265327 0 0 0.4117776027592163 0 0 0.4303728553428746 0 0 0.4027985885065129 0 0 0.3694329036539439 0 0 0.3861157460802284 0 0 0.4335782681198597 0 0 0.4181884283131862 0 0 0.4489681079265327 0 0 0.4027985885065132 0 0 0.4335782681198597 0 0 0.4181884283131862 0 0 0.5004306577339468 0 0 0.4661222911956708 0 0 0.4832764744648085 0 0 0.4489681079604524 0 0 0.4181884283244931 0 0 0.4335782681424727 0 0 0.4832764744761157 0 0 0.4661222912182837 0 0 0.5004306577339468 0 0 0.4489681079604527 0 0 0.4832764744761157 0 0 0.4661222912182837 0 0 0.5470740560288467 0 0 0.5159784571655799 0 0 0.531526256597213 0 0 0.4908135807739329 0 0 0.4629165988982794 0 0 0.4768650898361061 0 0 0.5283205642772093 0 0 0.509567072525571 0 0 0.5470740560288467 0 0 0.4908135807739332 0 0 0.5283205642772093 0 0 0.509567072525571 0 0 0.5884487185552609 0 0 0.5608656102043179 0 0 0.5746571643797891 0 0 0.527930748620952 0 0 0.5031859700562729 0 0 0.5155583593386123 0 0 0.5682760619104917 0 0 0.5481034052657213 0 0 0.5884487185552609 0 0 0.5279307486209524 0 0 0.5682760619104917 0 0 0.5481034052657213 0 0 0.6241481005130286 0 0 0.6003485125411834 0 0 0.6122483065271057 0 0 0.559962332282929 0 0 0.5386079431749446 0 0 0.5492851377289367 0 0 0.602752844436329 0 0 0.5813575883596289 0 0 0.6241481005130286 0 0 0.5599623322829295 0 0 0.602752844436329 0 0 0.5813575883596289 0 0 0.6538411854306621 0 0 0.6340457954855733 0 0 0.6439434904581174 0 0 0.5865992040699387 0 0 0.5688412895452658 0 0 0.577720246807602 0 0 0.6314271916437548 0 0 0.6090131978568465 0 0 0.6538411854306621 0 0 0.586599204069939 0 0 0.6314271916437548 0 0 0.6090131978568465 0 0 0.6772336786909162 0 0 0.6616386831840806 0 0 0.669436180937498 0 0 0.6075838986934494 0 0 0.5935941022777758 0 0 0.6005890004856125 0 0 0.6540170853584276 0 0 0.630800492025938 0 0 0.6772336786909162 0 0 0.6075838986934496 0 0 0.6540170853584276 0 0 0.630800492025938 0 0 0.6940893637638476 0 0 0.6828522403818933 0 0 0.68847080207287 0 0 0.622713913767732 0 0 0.6126272370515441 0 0 0.6176705754096378 0 0 0.6702975470984761 0 0 0.6465057304331034 0 0 0.6940893637638476 0 0 0.6227139137677326 0 0 0.6702975470984761 0 0 0.6465057304331034 0 0 0.7042589108351985 0 0 0.6974792127876315 0 0 0.7008690618114145 0 0 0.6318453677539125 0 0 0.6257577317631261 0 0 0.6288015497585191 0 0 0.6801210631414366 0 0 0.6559832154476744 0 0 0.7042589108351985 0 0 0.6318453677539131 0 0 0.6801210631414366 0 0 0.6559832154476744 0 0 0.7076447454023781 0 0 0.7053875223575915 0 0 0.7065161338799847 0 0 0.6348985907586472 0 0 0.6328631087554912 0 0 0.6338808497570689 0 0 0.6833960271878016 0 0 0.659147308973224 0 0 0.7076447454023781 0 0 0.6348985907586476 0 0 0.6833960271878016 0 0 0.659147308973224 0 0 0.7042589108351983 0 0 0.7065161338799849 0 0 0.7053875223575909 0 0 0.6318453677539124 0 0 0.6338808497570692 0 0 0.6328631087554908 0 0 0.6801210631414361 0 0 0.6559832154476737 0 0 0.7042589108351983 0 0 0.6318453677539128 0 0 0.6801210631414361 0 0 0.6559832154476737 0 0 0.694089363763847 0 0 0.7008690618114147 0 0 0.6974792127876301 0 0 0.6227139137677318 0 0 0.6288015497585191 0 0 0.625757731763125 0 0 0.6702975470984753 0 0 0.6465057304331032 0 0 0.694089363763847 0 0 0.6227139137677324 0 0 0.6702975470984753 0 0 0.6465057304331032 0 0 0.677233678690916 0 0 0.6884708020728703 0 0 0.6828522403818925 0 0 0.607583898693449 0 0 0.6176705754096381 0 0 0.6126272370515433 0 0 0.6540170853584274 0 0 0.6308004920259379 0 0 0.677233678690916 0 0 0.6075838986934496 0 0 0.6540170853584274 0 0 0.6308004920259379 0 0 0.6538411854306622 0 0 0.669436180937498 0 0 0.6616386831840797 0 0 0.5865992040699382 0 0 0.6005890004856127 0 0 0.5935941022777751 0 0 0.6314271916437545 0 0 0.6090131978568462 0 0 0.6538411854306622 0 0 0.5865992040699388 0 0 0.6314271916437545 0 0 0.6090131978568462 0 0 0.6241481005130289 0 0 0.6439434904581181 0 0 0.6340457954855727 0 0 0.5599623322829288 0 0 0.5777202468076024 0 0 0.5688412895452655 0 0 0.6027528444363293 0 0 0.5813575883596287 0 0 0.6241481005130289 0 0 0.5599623322829297 0 0 0.6027528444363293 0 0 0.5813575883596287 0 0 0.5884487185552614 0 0 0.6122483065271066 0 0 0.600348512541184 0 0 0.5279307486209526 0 0 0.5492851377289374 0 0 0.5386079431749448 0 0 0.5682760619104923 0 0 0.5481034052657218 0 0 0.5884487185552614 0 0 0.527930748620953 0 0 0.5682760619104923 0 0 0.5481034052657218 0 0 0.5470740560288476 0 0 0.5746571643797908 0 0 0.5608656102043186 0 0 0.4908135807739331 0 0 0.5155583593386132 0 0 0.503185970056273 0 0 0.52832056427721 0 0 0.5095670725255713 0 0 0.5470740560288476 0 0 0.4908135807739338 0 0 0.52832056427721 0 0 0.5095670725255713 0 0 0.5004306577339471 0 0 0.531526256597214 0 0 0.5159784571655802 0 0 0.4489681079604523 0 0 0.4768650898361069 0 0 0.4629165988982795 0 0 0.4832764744761159 0 0 0.466122291218284 0 0 0.5004306577339471 0 0 0.4489681079604534 0 0 0.4832764744761159 0 0 0.466122291218284 0 0 0.4489681079265327 0 0 0.4832764744648093 0 0 0.4661222911956703 0 0 0.4027985885065123 0 0 0.433578268142473 0 0 0.4181884283244923 0 0 0.4335782681198597 0 0 0.4181884283131857 0 0 0.4489681079265327 0 0 0.402798588506513 0 0 0.4335782681198597 0 0 0.4181884283131857 0 0 0.3931823501755582 0 0 0.4303728553428747 0 0 0.4117776027592158 0 0 0.3527500612276582 0 0 0.3861157460802282 0 0 0.3694329036539428 0 0 0.3797049205262587 0 0 0.3662274908769579 0 0 0.3931823501755582 0 0 0.3527500612276589 0 0 0.3797049205262587 0 0 0.3662274908769579 0 0 0.3336107550133971 0 0 0.3733251517881712 0 0 0.3534679534007831 0 0 0.2993047064701259 0 0 0.3349349429751475 0 0 0.317119824722636 0 0 0.3221754054989737 0 0 0.3107400559845491 0 0 0.3336107550133971 0 0 0.2993047064701261 0 0 0.3221754054989737 0 0 0.3107400559845491 0 0 0.2708269668081052 0 0 0.312682825611633 0 0 0.2917548962098687 0 0 0.2429772749812378 0 0 0.2805288959738301 0 0 0.2617530854775333 0 0 0.26154373619915 0 0 0.2522605055901932 0 0 0.2708269668081052 0 0 0.2429772749812382 0 0 0.26154373619915 0 0 0.2522605055901932 0 0 0.2054354776021375 0 0 0.2490298037394494 0 0 0.227232640670793 0 0 0.1843101899452329 0 0 0.2234215799692366 0 0 0.2038658849572346 0 0 0.1983937150498365 0 0 0.1913519524975343 0 0 0.2054354776021375 0 0 0.1843101899452335 0 0 0.1983937150498365 0 0 0.1913519524975343 0 0 0.1380659019089089 0 0 0.1829789523710617 0 0 0.1605224271399847 0 0 0.1238683692216363 0 0 0.1641629163707014 0 0 0.1440156427961683 0 0 0.1333333910131518 0 0 0.1286008801173933 0 0 0.1380659019089089 0 0 0.1238683692216368 0 0 0.1333333910131518 0 0 0.1286008801173933 0 0 0.06936691370194417 0 0 0.1151662391732539 0 0 0.09226657643759836 0 0 0.06223381160947215 0 0 0.1033235166842485 0 0 0.08277866414686022 0 0 0.06698921300445376 0 0 0.06461151230696259 0 0 0.06936691370194417 0 0 0.06223381160947265 0 0 0.06698921300445376 0 0 0.06461151230696259 0 0 -4.177966461643382e-16 0 0 0.0462446091346294 0 0 0.02312230456731398 0 0 -1.590275716518216e-16 0 0 0.04148920773964868 0 0 0.02074460386982369 0 0 3.166687192375617e-16 0 0 -8.459852033817132e-16 0 0 -1.493712162951891e-18 0 0 -1.546172806575892e-18 0 0 1.443708122174826e-18 0 0 2.422602162051176e-21 0 0 0.06223381160947335 0 0 0.02074460386982445 0 0 0.04148920773964888 0 0 0.0545013192114449 0 0 0.01816710640381498 0 0 0.03633421280762988 0 0 0.05965631414346387 0 0 0.05707881667745436 0 0 0.06223381160947335 0 0 0.05450131921144489 0 0 0.05965631414346387 0 0 0.05707881667745436 0 0 0.1238683692216372 0 0 0.08277866414686127 0 0 0.1033235166842492 0 0 0.1084778276633733 0 0 0.07249348869542105 0 0 0.09048565817939715 0 0 0.118738188702216 0 0 0.1136080081827945 0 0 0.1238683692216372 0 0 0.1084778276633735 0 0 0.118738188702216 0 0 0.1136080081827945 0 0 0.1843101899452343 0 0 0.1440156427961696 0 0 0.1641629163707018 0 0 0.1614097650082585 0 0 0.1261218067783351 0 0 0.1437657858932966 0 0 0.1766767149662424 0 0 0.1690432399872504 0 0 0.1843101899452343 0 0 0.1614097650082587 0 0 0.1766767149662424 0 0 0.1690432399872504 0 0 0.2429772749812388 0 0 0.2038658849572358 0 0 0.2234215799692372 0 0 0.2127874207431002 0 0 0.1785356502532055 0 0 0.1956615354981527 0 0 0.2329139902351926 0 0 0.2228507054891463 0 0 0.2429772749812388 0 0 0.2127874207431003 0 0 0.2329139902351926 0 0 0.2228507054891463 0 0 0.2993047064701265 0 0 0.2617530854775345 0 0 0.2805288959738305 0 0 0.2621160310694373 0 0 0.2292302908518794 0 0 0.2456731609606579 0 0 0.2869084813365633 0 0 0.2745122562030002 0 0 0.2993047064701265 0 0 0.2621160310694373 0 0 0.2869084813365633 0 0 0.2745122562030002 0 0 0.3527500612276594 0 0 0.3171198247226373 0 0 0.3349349429751482 0 0 0.3089205232734569 0 0 0.2777175284707773 0 0 0.2933190258721166 0 0 0.3381402152429251 0 0 0.323530369258191 0 0 0.3527500612276594 0 0 0.3089205232734571 0 0 0.3381402152429251 0 0 0.323530369258191 0 0 0.4027985885065132 0 0 0.3694329036539439 0 0 0.3861157460802284 0 0 0.352750061242306 0 0 0.3235303692630735 0 0 0.3381402152526892 0 0 0.3861157460851107 0 0 0.3694329036637084 0 0 0.4027985885065132 0 0 0.3527500612423062 0 0 0.3861157460851107 0 0 0.3694329036637084 0 0 0.4489681079604527 0 0 0.4181884283244931 0 0 0.4335782681424727 0 0 0.3931823502134191 0 0 0.3662274908993434 0 0 0.3797049205563811 0 0 0.4303728553781083 0 0 0.4117776027957638 0 0 0.4489681079604527 0 0 0.3931823502134197 0 0 0.4303728553781083 0 0 0.4117776027957638 0 0 0.4908135807739332 0 0 0.4629165988982794 0 0 0.4768650898361061 0 0 0.4298276308891954 0 0 0.4053974437720118 0 0 0.4176125373306031 0 0 0.4704849308123541 0 0 0.4501562808507745 0 0 0.4908135807739332 0 0 0.4298276308891959 0 0 0.4704849308123541 0 0 0.4501562808507745 0 0 0.5279307486209524 0 0 0.5031859700562729 0 0 0.5155583593386123 0 0 0.4623326332750519 0 0 0.4406626316844804 0 0 0.4514976324797659 0 0 0.5060647101723187 0 0 0.4841986717236854 0 0 0.5279307486209524 0 0 0.4623326332750523 0 0 0.5060647101723187 0 0 0.4841986717236854 0 0 0.5599623322829295 0 0 0.5386079431749446 0 0 0.5492851377289367 0 0 0.4903839580117492 0 0 0.4716830748539514 0 0 0.4810335164328502 0 0 0.5367695408592028 0 0 0.5135767494354757 0 0 0.5599623322829295 0 0 0.4903839580117495 0 0 0.5367695408592028 0 0 0.5135767494354757 0 0 0.586599204069939 0 0 0.5688412895452658 0 0 0.577720246807602 0 0 0.513711193518552 0 0 0.4981597031806839 0 0 0.5059354483496176 0 0 0.5623032005528097 0 0 0.5380071970356808 0 0 0.586599204069939 0 0 0.5137111935185524 0 0 0.5623032005528097 0 0 0.5380071970356808 0 0 0.6075838986934496 0 0 0.5935941022777758 0 0 0.6005890004856125 0 0 0.5320895262616013 0 0 0.5198373044329023 0 0 0.525963415347251 0 0 0.5824191078828337 0 0 0.5572543170722165 0 0 0.6075838986934496 0 0 0.5320895262616018 0 0 0.5824191078828337 0 0 0.5572543170722165 0 0 0.6227139137677326 0 0 0.6126272370515441 0 0 0.6176705754096378 0 0 0.5453424173787178 0 0 0.5365071566339742 0 0 0.5409247870063451 0 0 0.5969234149713943 0 0 0.5711329161750556 0 0 0.6227139137677326 0 0 0.5453424173787185 0 0 0.5969234149713943 0 0 0.5711329161750556 0 0 0.6318453677539131 0 0 0.6257577317631261 0 0 0.6288015497585191 0 0 0.553344050055427 0 0 0.5480096282709546 0 0 0.5506768391631898 0 0 0.6056782618544181 0 0 0.5795111559549221 0 0 0.6318453677539131 0 0 0.5533440500554274 0 0 0.6056782618544181 0 0 0.5795111559549221 0 0 0.6348985907586476 0 0 0.6328631087554912 0 0 0.6338808497570689 0 0 0.556019432006827 0 0 0.5542358440392275 0 0 0.5551276380230268 0 0 0.6086055378413742 0 0 0.5823124849241005 0 0 0.6348985907586476 0 0 0.5560194320068277 0 0 0.6086055378413742 0 0 0.5823124849241005 0 0 0.6318453677539128 0 0 0.6338808497570692 0 0 0.6328631087554908 0 0 0.5533440500554261 0 0 0.5551276380230266 0 0 0.554235844039226 0 0 0.6056782618544169 0 0 0.5795111559549213 0 0 0.6318453677539128 0 0 0.5533440500554268 0 0 0.6056782618544169 0 0 0.5795111559549213 0 0 0.6227139137677324 0 0 0.6288015497585191 0 0 0.625757731763125 0 0 0.5453424173787175 0 0 0.550676839163191 0 0 0.5480096282709531 0 0 0.5969234149713938 0 0 0.5711329161750556 0 0 0.6227139137677324 0 0 0.5453424173787182 0 0 0.5969234149713938 0 0 0.5711329161750556 0 0 0.6075838986934496 0 0 0.6176705754096381 0 0 0.6126272370515433 0 0 0.5320895262616011 0 0 0.5409247870063464 0 0 0.5365071566339724 0 0 0.582419107882833 0 0 0.5572543170722168 0 0 0.6075838986934496 0 0 0.532089526261601 0 0 0.582419107882833 0 0 0.5572543170722168 0 0 0.5865992040699388 0 0 0.6005890004856127 0 0 0.5935941022777751 0 0 0.5137111935185519 0 0 0.5259634153472521 0 0 0.5198373044329005 0 0 0.5623032005528096 0 0 0.5380071970356802 0 0 0.5865992040699388 0 0 0.5137111935185521 0 0 0.5623032005528096 0 0 0.5380071970356802 0 0 0.5599623322829297 0 0 0.5777202468076024 0 0 0.5688412895452655 0 0 0.4903839580117489 0 0 0.5059354483496172 0 0 0.4981597031806824 0 0 0.5367695408592033 0 0 0.5135767494354759 0 0 0.5599623322829297 0 0 0.4903839580117498 0 0 0.5367695408592033 0 0 0.5135767494354759 0 0 0.527930748620953 0 0 0.5492851377289374 0 0 0.5386079431749448 0 0 0.4623326332750523 0 0 0.4810335164328512 0 0 0.471683074853951 0 0 0.5060647101723197 0 0 0.4841986717236857 0 0 0.527930748620953 0 0 0.462332633275053 0 0 0.5060647101723197 0 0 0.4841986717236857 0 0 0.4908135807739338 0 0 0.5155583593386132 0 0 0.503185970056273 0 0 0.4298276308891962 0 0 0.4514976324797677 0 0 0.4406626316844804 0 0 0.4704849308123549 0 0 0.4501562808507751 0 0 0.4908135807739338 0 0 0.4298276308891969 0 0 0.4704849308123549 0 0 0.4501562808507751 0 0 0.4489681079604534 0 0 0.4768650898361069 0 0 0.4629165988982795 0 0 0.3931823502134186 0 0 0.4176125373306044 0 0 0.4053974437720111 0 0 0.430372855378108 0 0 0.4117776027957631 0 0 0.4489681079604534 0 0 0.393182350213419 0 0 0.430372855378108 0 0 0.4117776027957631 0 0 0.402798588506513 0 0 0.433578268142473 0 0 0.4181884283244923 0 0 0.3527500612423052 0 0 0.3797049205563819 0 0 0.3662274908993428 0 0 0.3861157460851109 0 0 0.3694329036637078 0 0 0.402798588506513 0 0 0.352750061242306 0 0 0.3861157460851109 0 0 0.3694329036637078 0 0 0.3527500612276589 0 0 0.3861157460802282 0 0 0.3694329036539428 0 0 0.3089205232734564 0 0 0.3381402152526898 0 0 0.3235303692630721 0 0 0.3381402152429248 0 0 0.3235303692581902 0 0 0.3527500612276589 0 0 0.3089205232734567 0 0 0.3381402152429248 0 0 0.3235303692581902 0 0 0.2993047064701261 0 0 0.3349349429751475 0 0 0.317119824722636 0 0 0.2621160310694368 0 0 0.2933190258721171 0 0 0.2777175284707758 0 0 0.286908481336563 0 0 0.2745122562029987 0 0 0.2993047064701261 0 0 0.2621160310694374 0 0 0.286908481336563 0 0 0.2745122562029987 0 0 0.2429772749812382 0 0 0.2805288959738301 0 0 0.2617530854775333 0 0 0.2127874207430995 0 0 0.2456731609606582 0 0 0.2292302908518775 0 0 0.2329139902351919 0 0 0.2228507054891448 0 0 0.2429772749812382 0 0 0.2127874207431 0 0 0.2329139902351919 0 0 0.2228507054891448 0 0 0.1843101899452335 0 0 0.2234215799692366 0 0 0.2038658849572346 0 0 0.1614097650082572 0 0 0.1956615354981527 0 0 0.178535650253204 0 0 0.1766767149662415 0 0 0.1690432399872491 0 0 0.1843101899452335 0 0 0.1614097650082577 0 0 0.1766767149662415 0 0 0.1690432399872491 0 0 0.1238683692216368 0 0 0.1641629163707014 0 0 0.1440156427961683 0 0 0.1084778276633725 0 0 0.1437657858932965 0 0 0.1261218067783333 0 0 0.118738188702215 0 0 0.1136080081827934 0 0 0.1238683692216368 0 0 0.108477827663373 0 0 0.118738188702215 0 0 0.1136080081827934 0 0 0.06223381160947265 0 0 0.1033235166842485 0 0 0.08277866414686022 0 0 0.05450131921144376 0 0 0.09048565817939618 0 0 0.07249348869541936 0 0 0.05965631414346306 0 0 0.05707881667745288 0 0 0.06223381160947265 0 0 0.05450131921144459 0 0 0.05965631414346306 0 0 0.05707881667745288 0 0 6.565800156799834e-17 0 0 0.04148920773964868 0 0 0.02074460386982369 0 0 -1.365096843533717e-16 0 0 0.03633421280762989 0 0 0.01816710640381407 0 0 -1.435212898230801e-16 0 0 -7.473628179438148e-16 0 0 -1.546172806575892e-18 0 0 -3.62361789861245e-20 0 0 -5.781279285771796e-18 0 0 2.07884872682643e-21 0 0 0.05450131921144489 0 0 0.01816710640381498 0 0 0.03633421280762988 0 0 0.04624392303774481 0 0 0.01541464101258161 0 0 0.03082928202516322 0 0 0.05174885382021159 0 0 0.04899638842897815 0 0 0.05450131921144489 0 0 0.04624392303774492 0 0 0.05174885382021159 0 0 0.04899638842897815 0 0 0.1084778276633735 0 0 0.07249348869542105 0 0 0.09048565817939715 0 0 0.09204253673670708 0 0 0.06151012760406564 0 0 0.07677633217038633 0 0 0.1029993973544847 0 0 0.09752096704559579 0 0 0.1084778276633735 0 0 0.09204253673670719 0 0 0.1029993973544847 0 0 0.09752096704559579 0 0 0.1614097650082587 0 0 0.1261218067783351 0 0 0.1437657858932966 0 0 0.1369548149525922 0 0 0.1070132961420023 0 0 0.1219840555472972 0 0 0.1532581149897032 0 0 0.1451064649711477 0 0 0.1614097650082587 0 0 0.1369548149525924 0 0 0.1532581149897032 0 0 0.1451064649711477 0 0 0.2127874207431003 0 0 0.1785356502532055 0 0 0.1956615354981527 0 0 0.1805482549938827 0 0 0.1514859616330226 0 0 0.1660171083134526 0 0 0.202041032160028 0 0 0.1912946435769551 0 0 0.2127874207431003 0 0 0.1805482549938831 0 0 0.202041032160028 0 0 0.1912946435769551 0 0 0.2621160310694373 0 0 0.2292302908518794 0 0 0.2456731609606579 0 0 0.2224030326203464 0 0 0.1944998475360375 0 0 0.2084514400781919 0 0 0.2488783649197405 0 0 0.2356406987700431 0 0 0.2621160310694373 0 0 0.2224030326203469 0 0 0.2488783649197405 0 0 0.2356406987700431 0 0 0.3089205232734571 0 0 0.2777175284707773 0 0 0.2933190258721166 0 0 0.2621160310765284 0 0 0.2356406987724074 0 0 0.2488783649244677 0 0 0.293319025874481 0 0 0.2777175284755045 0 0 0.3089205232734571 0 0 0.2621160310765286 0 0 0.293319025874481 0 0 0.2777175284755045 0 0 0.3527500612423062 0 0 0.3235303692630735 0 0 0.3381402152526892 0 0 0.2993047064887735 0 0 0.274512256213944 0 0 0.2869084813513585 0 0 0.3349349429911289 0 0 0.3171198247399507 0 0 0.3527500612423062 0 0 0.2993047064887742 0 0 0.3349349429911289 0 0 0.3171198247399507 0 0 0.3931823502134197 0 0 0.3662274908993434 0 0 0.3797049205563811 0 0 0.3336107550476962 0 0 0.3107400560084149 0 0 0.3221754055280555 0 0 0.3733251518248453 0 0 0.3534679534362706 0 0 0.3931823502134197 0 0 0.3336107550476968 0 0 0.3733251518248453 0 0 0.3534679534362706 0 0 0.4298276308891959 0 0 0.4053974437720118 0 0 0.4176125373306031 0 0 0.3647035815166162 0 0 0.3439750305373369 0 0 0.3543393060269759 0 0 0.4081196144316692 0 0 0.3864115979741421 0 0 0.4298276308891959 0 0 0.3647035815166164 0 0 0.4081196144316692 0 0 0.3864115979741421 0 0 0.4623326332750523 0 0 0.4406626316844804 0 0 0.4514976324797659 0 0 0.3922835153155628 0 0 0.3738968927829319 0 0 0.3830902040492472 0 0 0.4389829272885559 0 0 0.4156332213020589 0 0 0.4623326332750523 0 0 0.3922835153155632 0 0 0.4389829272885559 0 0 0.4156332213020589 0 0 0.4903839580117495 0 0 0.4716830748539514 0 0 0.4810335164328502 0 0 0.4160847561537096 0 0 0.4002172622616125 0 0 0.4081510092076608 0 0 0.4656175573924033 0 0 0.440851156773056 0 0 0.4903839580117495 0 0 0.4160847561537104 0 0 0.4656175573924033 0 0 0.440851156773056 0 0 0.5137111935185524 0 0 0.4981597031806839 0 0 0.5059354483496176 0 0 0.4358779859256581 0 0 0.4226824994110268 0 0 0.429280242668342 0 0 0.4877667909875876 0 0 0.4618223884566222 0 0 0.5137111935185524 0 0 0.4358779859256584 0 0 0.4877667909875876 0 0 0.4618223884566222 0 0 0.5320895262616018 0 0 0.5198373044329023 0 0 0.525963415347251 0 0 0.4514727008965567 0 0 0.4410762242492917 0 0 0.4462744625729237 0 0 0.5052172511399204 0 0 0.4783449760182375 0 0 0.5320895262616018 0 0 0.4514727008965573 0 0 0.5052172511399204 0 0 0.4783449760182375 0 0 0.5453424173787185 0 0 0.5365071566339742 0 0 0.5409247870063451 0 0 0.462719222108208 0 0 0.4552215413004408 0 0 0.4589703817043242 0 0 0.5178013522885487 0 0 0.4902602871983774 0 0 0.5453424173787185 0 0 0.4627192221082085 0 0 0.5178013522885487 0 0 0.4902602871983774 0 0 0.5533440500554274 0 0 0.5480096282709546 0 0 0.5506768391631898 0 0 0.4695101139957006 0 0 0.4649828527373728 0 0 0.4672464833665362 0 0 0.5253994047021855 0 0 0.4974547593489425 0 0 0.5533440500554274 0 0 0.4695101139957012 0 0 0.5253994047021855 0 0 0.4974547593489425 0 0 0.5560194320068277 0 0 0.5542358440392275 0 0 0.5551276380230268 0 0 0.4717809076645774 0 0 0.4702670452186609 0 0 0.4710239764416188 0 0 0.5279399238927447 0 0 0.4998604157786606 0 0 0.5560194320068277 0 0 0.471780907664578 0 0 0.5279399238927447 0 0 0.4998604157786606 0 0 0.5533440500554268 0 0 0.5551276380230266 0 0 0.554235844039226 0 0 0.4695101139957016 0 0 0.4710239764416195 0 0 0.4702670452186599 0 0 0.5253994047021855 0 0 0.4974547593489425 0 0 0.5533440500554268 0 0 0.4695101139957022 0 0 0.5253994047021855 0 0 0.4974547593489425 0 0 0.5453424173787182 0 0 0.550676839163191 0 0 0.5480096282709531 0 0 0.4627192221082078 0 0 0.4672464833665375 0 0 0.4649828527373724 0 0 0.5178013522885485 0 0 0.4902602871983781 0 0 0.5453424173787182 0 0 0.4627192221082085 0 0 0.5178013522885485 0 0 0.4902602871983781 0 0 0.532089526261601 0 0 0.5409247870063464 0 0 0.5365071566339724 0 0 0.4514727008965567 0 0 0.4589703817043249 0 0 0.4552215413004403 0 0 0.5052172511399198 0 0 0.4783449760182373 0 0 0.532089526261601 0 0 0.4514727008965572 0 0 0.5052172511399198 0 0 0.4783449760182373 0 0 0.5137111935185521 0 0 0.5259634153472521 0 0 0.5198373044329005 0 0 0.4358779859256577 0 0 0.4462744625729242 0 0 0.4410762242492908 0 0 0.4877667909875878 0 0 0.461822388456622 0 0 0.5137111935185521 0 0 0.4358779859256585 0 0 0.4877667909875878 0 0 0.461822388456622 0 0 0.4903839580117498 0 0 0.5059354483496172 0 0 0.4981597031806824 0 0 0.4160847561537101 0 0 0.4292802426683427 0 0 0.422682499411026 0 0 0.4656175573924037 0 0 0.440851156773056 0 0 0.4903839580117498 0 0 0.4160847561537108 0 0 0.4656175573924037 0 0 0.440851156773056 0 0 0.462332633275053 0 0 0.4810335164328512 0 0 0.471683074853951 0 0 0.3922835153155629 0 0 0.4081510092076618 0 0 0.400217262261612 0 0 0.4389829272885567 0 0 0.4156332213020591 0 0 0.462332633275053 0 0 0.3922835153155635 0 0 0.4389829272885567 0 0 0.4156332213020591 0 0 0.4298276308891969 0 0 0.4514976324797677 0 0 0.4406626316844804 0 0 0.3647035815166165 0 0 0.383090204049248 0 0 0.3738968927829318 0 0 0.4081196144316698 0 0 0.3864115979741426 0 0 0.4298276308891969 0 0 0.3647035815166171 0 0 0.4081196144316698 0 0 0.3864115979741426 0 0 0.393182350213419 0 0 0.4176125373306044 0 0 0.4053974437720111 0 0 0.3336107550476956 0 0 0.3543393060269771 0 0 0.343975030537336 0 0 0.3733251518248455 0 0 0.3534679534362704 0 0 0.393182350213419 0 0 0.3336107550476963 0 0 0.3733251518248455 0 0 0.3534679534362704 0 0 0.352750061242306 0 0 0.3797049205563819 0 0 0.3662274908993428 0 0 0.2993047064887734 0 0 0.3221754055280558 0 0 0.3107400560084141 0 0 0.3349349429911285 0 0 0.3171198247399502 0 0 0.352750061242306 0 0 0.2993047064887741 0 0 0.3349349429911285 0 0 0.3171198247399502 0 0 0.3089205232734567 0 0 0.3381402152526898 0 0 0.3235303692630721 0 0 0.2621160310765276 0 0 0.2869084813513587 0 0 0.2745122562139429 0 0 0.2933190258744807 0 0 0.2777175284755033 0 0 0.3089205232734567 0 0 0.2621160310765281 0 0 0.2933190258744807 0 0 0.2777175284755033 0 0 0.2621160310694374 0 0 0.2933190258721171 0 0 0.2777175284707758 0 0 0.2224030326203458 0 0 0.2488783649244677 0 0 0.235640698772406 0 0 0.2488783649197399 0 0 0.2356406987700422 0 0 0.2621160310694374 0 0 0.2224030326203464 0 0 0.2488783649197399 0 0 0.2356406987700422 0 0 0.2127874207431 0 0 0.2456731609606582 0 0 0.2292302908518775 0 0 0.1805482549938818 0 0 0.2084514400781915 0 0 0.1944998475360364 0 0 0.2020410321600274 0 0 0.191294643576954 0 0 0.2127874207431 0 0 0.1805482549938822 0 0 0.2020410321600274 0 0 0.191294643576954 0 0 0.1614097650082577 0 0 0.1956615354981527 0 0 0.178535650253204 0 0 0.136954814952591 0 0 0.1660171083134521 0 0 0.1514859616330214 0 0 0.1532581149897017 0 0 0.1451064649711462 0 0 0.1614097650082577 0 0 0.1369548149525914 0 0 0.1532581149897017 0 0 0.1451064649711462 0 0 0.108477827663373 0 0 0.1437657858932965 0 0 0.1261218067783333 0 0 0.09204253673670586 0 0 0.1219840555472966 0 0 0.1070132961420011 0 0 0.1029993973544838 0 0 0.09752096704559457 0 0 0.108477827663373 0 0 0.0920425367367063 0 0 0.1029993973544838 0 0 0.09752096704559457 0 0 0.05450131921144459 0 0 0.09048565817939618 0 0 0.07249348869541936 0 0 0.04624392303774418 0 0 0.07677633217038571 0 0 0.06151012760406463 0 0 0.05174885382021082 0 0 0.04899638842897713 0 0 0.05450131921144459 0 0 0.04624392303774456 0 0 0.05174885382021082 0 0 0.04899638842897713 0 0 5.711789792179935e-17 0 0 0.03633421280762989 0 0 0.01816710640381407 0 0 -4.469970503547152e-16 0 0 0.03082928202516281 0 0 0.015414641012581 0 0 6.07639741737533e-17 0 0 -6.430554640445195e-16 0 0 -3.62361789861245e-20 0 0 4.185134673856368e-20 0 0 9.63298788362721e-19 0 0 1.285242677873323e-18 0 0 0.04624392303774492 0 0 0.01541464101258161 0 0 0.03082928202516322 0 0 0.03754116141471832 0 0 0.01251372047157277 0 0 0.0250274409431455 0 0 0.04334300249673601 0 0 0.04044208195572709 0 0 0.04624392303774492 0 0 0.03754116141471835 0 0 0.04334300249673601 0 0 0.04044208195572709 0 0 0.09204253673670719 0 0 0.06151012760406564 0 0 0.07677633217038633 0 0 0.07472080886029761 0 0 0.04993437722991149 0 0 0.06232759304510452 0 0 0.0862686274445707 0 0 0.08049471815243406 0 0 0.09204253673670719 0 0 0.0747208088602978 0 0 0.0862686274445707 0 0 0.08049471815243406 0 0 0.1369548149525924 0 0 0.1070132961420023 0 0 0.1219840555472972 0 0 0.1111809046166232 0 0 0.08687417411240637 0 0 0.09902753936451469 0 0 0.1283635115072695 0 0 0.1197722080619461 0 0 0.1369548149525924 0 0 0.1111809046166235 0 0 0.1283635115072695 0 0 0.1197722080619461 0 0 0.1805482549938831 0 0 0.1514859616330226 0 0 0.1660171083134526 0 0 0.1465703291360289 0 0 0.1229773794564253 0 0 0.1347738542962271 0 0 0.1692222797079318 0 0 0.1578963044219801 0 0 0.1805482549938831 0 0 0.1465703291360292 0 0 0.1692222797079318 0 0 0.1578963044219801 0 0 0.2224030326203469 0 0 0.1944998475360375 0 0 0.2084514400781919 0 0 0.1805482549973282 0 0 0.1578963044231289 0 0 0.1692222797102284 0 0 0.2084514400793406 0 0 0.194499847538334 0 0 0.2224030326203469 0 0 0.1805482549973284 0 0 0.2084514400793406 0 0 0.194499847538334 0 0 0.2621160310765286 0 0 0.2356406987724074 0 0 0.2488783649244677 0 0 0.2127874207524188 0 0 0.1912946435823586 0 0 0.2020410321673884 0 0 0.2456731609684922 0 0 0.229230290860455 0 0 0.2621160310765286 0 0 0.2127874207524191 0 0 0.2456731609684922 0 0 0.229230290860455 0 0 0.2993047064887742 0 0 0.274512256213944 0 0 0.2869084813513585 0 0 0.2429772749990031 0 0 0.2228507055012807 0 0 0.2329139902501415 0 0 0.2805288959921839 0 0 0.2617530854955935 0 0 0.2993047064887742 0 0 0.2429772749990037 0 0 0.2805288959921839 0 0 0.2617530854955935 0 0 0.3336107550476968 0 0 0.3107400560084149 0 0 0.3221754055280555 0 0 0.2708269668363016 0 0 0.2522605056114366 0 0 0.261543736223869 0 0 0.3126828256438986 0 0 0.2917548962400996 0 0 0.3336107550476968 0 0 0.2708269668363021 0 0 0.3126828256438986 0 0 0.2917548962400996 0 0 0.3647035815166164 0 0 0.3439750305373369 0 0 0.3543393060269759 0 0 0.2960681580310552 0 0 0.2792406972345534 0 0 0.2876544276328039 0 0 0.3418251070214294 0 0 0.3189466325262417 0 0 0.3647035815166164 0 0 0.2960681580310556 0 0 0.3418251070214294 0 0 0.3189466325262417 0 0 0.3922835153155632 0 0 0.3738968927829319 0 0 0.3830902040492472 0 0 0.3184576335213479 0 0 0.3035313165278199 0 0 0.3109944750245833 0 0 0.3676748880508251 0 0 0.3430662607860859 0 0 0.3922835153155632 0 0 0.3184576335213486 0 0 0.3676748880508251 0 0 0.3430662607860859 0 0 0.4160847561537104 0 0 0.4002172622616125 0 0 0.4081510092076608 0 0 0.3377796804418785 0 0 0.3248983158281922 0 0 0.3313389981350349 0 0 0.3899830642497663 0 0 0.3638813723458221 0 0 0.4160847561537104 0 0 0.3377796804418791 0 0 0.3899830642497663 0 0 0.3638813723458221 0 0 0.4358779859256584 0 0 0.4226824994110268 0 0 0.429280242668342 0 0 0.3538482169995274 0 0 0.3431358592944288 0 0 0.3484920381469774 0 0 0.4085347296169486 0 0 0.3811914733082372 0 0 0.4358779859256584 0 0 0.3538482169995278 0 0 0.4085347296169486 0 0 0.3811914733082372 0 0 0.4514727008965573 0 0 0.4410762242492917 0 0 0.4462744625729237 0 0 0.3665086456126718 0 0 0.3580683598705764 0 0 0.3622885027416236 0 0 0.4231513491352625 0 0 0.3948299973739666 0 0 0.4514727008965573 0 0 0.3665086456126726 0 0 0.4231513491352625 0 0 0.3948299973739666 0 0 0.4627192221082085 0 0 0.4552215413004408 0 0 0.4589703817043242 0 0 0.3756393746831727 0 0 0.3695522219695066 0 0 0.372595798326339 0 0 0.4336926062998638 0 0 0.4046659904915177 0 0 0.4627192221082085 0 0 0.3756393746831735 0 0 0.4336926062998638 0 0 0.4046659904915177 0 0 0.4695101139957012 0 0 0.4649828527373728 0 0 0.4672464833665362 0 0 0.3811529359475168 0 0 0.3774772284379551 0 0 0.3793150821927351 0 0 0.4400577213129735 0 0 0.4106053286302447 0 0 0.4695101139957012 0 0 0.3811529359475174 0 0 0.4400577213129735 0 0 0.4106053286302447 0 0 0.471780907664578 0 0 0.4702670452186609 0 0 0.4710239764416188 0 0 0.3829966506652265 0 0 0.3817675075200873 0 0 0.3823820790926565 0 0 0.4421861553314617 0 0 0.4125914029983432 0 0 0.471780907664578 0 0 0.3829966506652276 0 0 0.4421861553314617 0 0 0.4125914029983432 0 0 0.4695101139957022 0 0 0.4710239764416195 0 0 0.4702670452186599 0 0 0.3811529359475169 0 0 0.3823820790926572 0 0 0.3817675075200864 0 0 0.4400577213129739 0 0 0.4106053286302441 0 0 0.4695101139957022 0 0 0.3811529359475175 0 0 0.4400577213129739 0 0 0.4106053286302441 0 0 0.4627192221082085 0 0 0.4672464833665375 0 0 0.4649828527373724 0 0 0.3756393746831728 0 0 0.3793150821927358 0 0 0.3774772284379539 0 0 0.4336926062998637 0 0 0.4046659904915175 0 0 0.4627192221082085 0 0 0.3756393746831734 0 0 0.4336926062998637 0 0 0.4046659904915175 0 0 0.4514727008965572 0 0 0.4589703817043249 0 0 0.4552215413004403 0 0 0.3665086456126714 0 0 0.3725957983263404 0 0 0.369552221969505 0 0 0.4231513491352615 0 0 0.3948299973739661 0 0 0.4514727008965572 0 0 0.3665086456126721 0 0 0.4231513491352615 0 0 0.3948299973739661 0 0 0.4358779859256585 0 0 0.4462744625729242 0 0 0.4410762242492908 0 0 0.3538482169995273 0 0 0.3622885027416247 0 0 0.3580683598705756 0 0 0.4085347296169486 0 0 0.3811914733082372 0 0 0.4358779859256585 0 0 0.3538482169995281 0 0 0.4085347296169486 0 0 0.3811914733082372 0 0 0.4160847561537108 0 0 0.4292802426683427 0 0 0.422682499411026 0 0 0.3377796804418787 0 0 0.3484920381469785 0 0 0.3431358592944281 0 0 0.3899830642497669 0 0 0.3638813723458219 0 0 0.4160847561537108 0 0 0.3377796804418794 0 0 0.3899830642497669 0 0 0.3638813723458219 0 0 0.3922835153155635 0 0 0.4081510092076618 0 0 0.400217262261612 0 0 0.3184576335213481 0 0 0.331338998135036 0 0 0.3248983158281916 0 0 0.3676748880508255 0 0 0.3430662607860862 0 0 0.3922835153155635 0 0 0.3184576335213485 0 0 0.3676748880508255 0 0 0.3430662607860862 0 0 0.3647035815166171 0 0 0.383090204049248 0 0 0.3738968927829318 0 0 0.2960681580310545 0 0 0.310994475024585 0 0 0.303531316527819 0 0 0.3418251070214298 0 0 0.3189466325262417 0 0 0.3647035815166171 0 0 0.2960681580310552 0 0 0.3418251070214298 0 0 0.3189466325262417 0 0 0.3336107550476963 0 0 0.3543393060269771 0 0 0.343975030537336 0 0 0.2708269668363013 0 0 0.2876544276328047 0 0 0.2792406972345526 0 0 0.3126828256438986 0 0 0.2917548962400993 0 0 0.3336107550476963 0 0 0.270826966836302 0 0 0.3126828256438986 0 0 0.2917548962400993 0 0 0.2993047064887741 0 0 0.3221754055280558 0 0 0.3107400560084141 0 0 0.2429772749990022 0 0 0.2615437362238696 0 0 0.2522605056114352 0 0 0.2805288959921836 0 0 0.261753085495593 0 0 0.2993047064887741 0 0 0.2429772749990028 0 0 0.2805288959921836 0 0 0.261753085495593 0 0 0.2621160310765281 0 0 0.2869084813513587 0 0 0.2745122562139429 0 0 0.2127874207524181 0 0 0.232913990250142 0 0 0.2228507055012794 0 0 0.2456731609684917 0 0 0.2292302908604542 0 0 0.2621160310765281 0 0 0.2127874207524187 0 0 0.2456731609684917 0 0 0.2292302908604542 0 0 0.2224030326203464 0 0 0.2488783649244677 0 0 0.235640698772406 0 0 0.1805482549973275 0 0 0.2020410321673885 0 0 0.1912946435823573 0 0 0.2084514400793393 0 0 0.1944998475383325 0 0 0.2224030326203464 0 0 0.180548254997328 0 0 0.2084514400793393 0 0 0.1944998475383325 0 0 0.1805482549938822 0 0 0.2084514400781915 0 0 0.1944998475360364 0 0 0.1465703291360282 0 0 0.1692222797102281 0 0 0.1578963044231275 0 0 0.169222279707931 0 0 0.1578963044219788 0 0 0.1805482549938822 0 0 0.1465703291360284 0 0 0.169222279707931 0 0 0.1578963044219788 0 0 0.1369548149525914 0 0 0.1660171083134521 0 0 0.1514859616330214 0 0 0.1111809046166225 0 0 0.1347738542962265 0 0 0.1229773794564241 0 0 0.1283635115072687 0 0 0.119772208061945 0 0 0.1369548149525914 0 0 0.1111809046166229 0 0 0.1283635115072687 0 0 0.119772208061945 0 0 0.0920425367367063 0 0 0.1219840555472966 0 0 0.1070132961420011 0 0 0.07472080886029657 0 0 0.09902753936451412 0 0 0.086874174112405 0 0 0.08626862744456984 0 0 0.08049471815243299 0 0 0.0920425367367063 0 0 0.07472080886029696 0 0 0.08626862744456984 0 0 0.08049471815243299 0 0 0.04624392303774456 0 0 0.07677633217038571 0 0 0.06151012760406463 0 0 0.03754116141471765 0 0 0.062327593045104 0 0 0.04993437722991048 0 0 0.04334300249673535 0 0 0.04044208195572626 0 0 0.04624392303774456 0 0 0.03754116141471799 0 0 0.04334300249673535 0 0 0.04044208195572626 0 0 -2.814221057144859e-16 0 0 0.03082928202516281 0 0 0.015414641012581 0 0 -3.630420528239847e-16 0 0 0.02502744094314523 0 0 0.012513720471572 0 0 5.090202835852708e-17 0 0 -5.308277126709539e-16 0 0 4.185134673856368e-20 0 0 4.313956715748469e-20 0 0 7.079947951670032e-19 0 0 1.043313363757669e-18 0 0 0.03754116141471835 0 0 0.01251372047157277 0 0 0.0250274409431455 0 0 0.02847685690232517 0 0 0.009492285634108422 0 0 0.01898457126821678 0 0 0.03451972657725401 0 0 0.03149829173978951 0 0 0.03754116141471835 0 0 0.02847685690232523 0 0 0.03451972657725401 0 0 0.03149829173978951 0 0 0.0747208088602978 0 0 0.04993437722991149 0 0 0.06232759304510452 0 0 0.05667948207469105 0 0 0.03787773195978051 0 0 0.04727860701723569 0 0 0.06870703326509567 0 0 0.0626932576698931 0 0 0.0747208088602978 0 0 0.0566794820746911 0 0 0.06870703326509567 0 0 0.0626932576698931 0 0 0.1111809046166235 0 0 0.08687417411240637 0 0 0.09902753936451469 0 0 0.08433628045298999 0 0 0.06589841486745746 0 0 0.07511734766022353 0 0 0.102232696562079 0 0 0.09328448850753435 0 0 0.1111809046166235 0 0 0.08433628045299026 0 0 0.102232696562079 0 0 0.09328448850753435 0 0 0.1465703291360292 0 0 0.1229773794564253 0 0 0.1347738542962271 0 0 0.1111809046181463 0 0 0.09328448850804209 0 0 0.102232696563094 0 0 0.1347738542967349 0 0 0.1229773794574402 0 0 0.1465703291360292 0 0 0.1111809046181465 0 0 0.1347738542967349 0 0 0.1229773794574402 0 0 0.1805482549973284 0 0 0.1578963044231289 0 0 0.1692222797102284 0 0 0.1369548149569523 0 0 0.119772208064415 0 0 0.1283635115106833 0 0 0.166017108317203 0 0 0.1514859616370772 0 0 0.1805482549973284 0 0 0.1369548149569522 0 0 0.166017108317203 0 0 0.1514859616370772 0 0 0.2127874207524191 0 0 0.1912946435823586 0 0 0.2020410321673884 0 0 0.1614097650169732 0 0 0.1451064649769594 0 0 0.1532581149969662 0 0 0.1956615355072707 0 0 0.1785356502621219 0 0 0.2127874207524191 0 0 0.1614097650169735 0 0 0.1956615355072707 0 0 0.1785356502621219 0 0 0.2429772749990037 0 0 0.2228507055012807 0 0 0.2329139902501415 0 0 0.1843101899597592 0 0 0.1690432399979026 0 0 0.1766767149788307 0 0 0.2234215799859225 0 0 0.2038658849728404 0 0 0.2429772749990037 0 0 0.1843101899597596 0 0 0.2234215799859225 0 0 0.2038658849728404 0 0 0.2708269668363021 0 0 0.2522605056114366 0 0 0.261543736223869 0 0 0.2054354776234636 0 0 0.191351952514328 0 0 0.1983937150688949 0 0 0.2490298037653561 0 0 0.2272326406944091 0 0 0.2708269668363021 0 0 0.2054354776234641 0 0 0.2490298037653561 0 0 0.2272326406944091 0 0 0.2960681580310556 0 0 0.2792406972345534 0 0 0.2876544276328039 0 0 0.2245821028335619 0 0 0.2118176860268302 0 0 0.2181998944301958 0 0 0.2722394729652246 0 0 0.2484107878993932 0 0 0.2960681580310556 0 0 0.2245821028335629 0 0 0.2722394729652246 0 0 0.2484107878993932 0 0 0.3184576335213486 0 0 0.3035313165278199 0 0 0.3109944750245833 0 0 0.2415656050949713 0 0 0.2302432702540326 0 0 0.2359044376745016 0 0 0.2928269573792227 0 0 0.2671962812370959 0 0 0.3184576335213486 0 0 0.2415656050949715 0 0 0.2928269573792227 0 0 0.2671962812370959 0 0 0.3377796804418791 0 0 0.3248983158281922 0 0 0.3313389981350349 0 0 0.25622239019555 0 0 0.2464512001284982 0 0 0.2513367951620233 0 0 0.3105939170264364 0 0 0.2834081536109919 0 0 0.3377796804418791 0 0 0.2562223901955505 0 0 0.3105939170264364 0 0 0.2834081536109919 0 0 0.3538482169995278 0 0 0.3431358592944288 0 0 0.3484920381469774 0 0 0.268411335067424 0 0 0.2602853718195082 0 0 0.2643483534434654 0 0 0.3253692563554939 0 0 0.296890295711458 0 0 0.3538482169995278 0 0 0.2684113350674246 0 0 0.3253692563554939 0 0 0.296890295711458 0 0 0.3665086456126726 0 0 0.3580683598705764 0 0 0.3622885027416236 0 0 0.278015170650901 0 0 0.2716126135952499 0 0 0.2748138921230745 0 0 0.3370108206254157 0 0 0.3075129956381571 0 0 0.3665086456126726 0 0 0.2780151706509012 0 0 0.3370108206254157 0 0 0.3075129956381571 0 0 0.3756393746831735 0 0 0.3695522219695066 0 0 0.372595798326339 0 0 0.2849416107606105 0 0 0.2803239840208043 0 0 0.2826327973907067 0 0 0.3454067867089862 0 0 0.3151741987347972 0 0 0.3756393746831735 0 0 0.2849416107606111 0 0 0.3454067867089862 0 0 0.3151741987347972 0 0 0.3811529359475174 0 0 0.3774772284379551 0 0 0.3793150821927351 0 0 0.2891241968500965 0 0 0.2863358061237729 0 0 0.2877300014869337 0 0 0.3504766895817102 0 0 0.3198004432159024 0 0 0.3811529359475174 0 0 0.2891241968500972 0 0 0.3504766895817102 0 0 0.3198004432159024 0 0 0.3829966506652276 0 0 0.3817675075200873 0 0 0.3823820790926565 0 0 0.2905228551800489 0 0 0.2895904162934141 0 0 0.2900566357367307 0 0 0.3521720521701681 0 0 0.3213474536751076 0 0 0.3829966506652276 0 0 0.2905228551800496 0 0 0.3521720521701681 0 0 0.3213474536751076 0 0 0.3811529359475175 0 0 0.3823820790926572 0 0 0.3817675075200864 0 0 0.2891241968500965 0 0 0.2900566357367315 0 0 0.2895904162934131 0 0 0.3504766895817103 0 0 0.3198004432159027 0 0 0.3811529359475175 0 0 0.2891241968500972 0 0 0.3504766895817103 0 0 0.3198004432159027 0 0 0.3756393746831734 0 0 0.3793150821927358 0 0 0.3774772284379539 0 0 0.2849416107606091 0 0 0.2877300014869343 0 0 0.2863358061237716 0 0 0.3454067867089848 0 0 0.3151741987347964 0 0 0.3756393746831734 0 0 0.2849416107606105 0 0 0.3454067867089848 0 0 0.3151741987347964 0 0 0.3665086456126721 0 0 0.3725957983263404 0 0 0.369552221969505 0 0 0.2780151706509008 0 0 0.2826327973907075 0 0 0.2803239840208032 0 0 0.3370108206254158 0 0 0.3075129956381568 0 0 0.3665086456126721 0 0 0.2780151706509014 0 0 0.3370108206254158 0 0 0.3075129956381568 0 0 0.3538482169995281 0 0 0.3622885027416247 0 0 0.3580683598705756 0 0 0.2684113350674238 0 0 0.2748138921230753 0 0 0.2716126135952488 0 0 0.325369256355494 0 0 0.2968902957114582 0 0 0.3538482169995281 0 0 0.2684113350674245 0 0 0.325369256355494 0 0 0.2968902957114582 0 0 0.3377796804418794 0 0 0.3484920381469785 0 0 0.3431358592944281 0 0 0.2562223901955489 0 0 0.2643483534434665 0 0 0.2602853718195076 0 0 0.3105939170264364 0 0 0.2834081536109926 0 0 0.3377796804418794 0 0 0.2562223901955495 0 0 0.3105939170264364 0 0 0.2834081536109926 0 0 0.3184576335213485 0 0 0.331338998135036 0 0 0.3248983158281916 0 0 0.2415656050949715 0 0 0.2513367951620245 0 0 0.2464512001284976 0 0 0.292826957379223 0 0 0.2671962812370967 0 0 0.3184576335213485 0 0 0.2415656050949722 0 0 0.292826957379223 0 0 0.2671962812370967 0 0 0.2960681580310552 0 0 0.310994475024585 0 0 0.303531316527819 0 0 0.2245821028335626 0 0 0.2359044376745026 0 0 0.2302432702540319 0 0 0.2722394729652248 0 0 0.2484107878993932 0 0 0.2960681580310552 0 0 0.2245821028335632 0 0 0.2722394729652248 0 0 0.2484107878993932 0 0 0.270826966836302 0 0 0.2876544276328047 0 0 0.2792406972345526 0 0 0.205435477623463 0 0 0.2181998944301966 0 0 0.2118176860268292 0 0 0.2490298037653564 0 0 0.2272326406944093 0 0 0.270826966836302 0 0 0.2054354776234637 0 0 0.2490298037653564 0 0 0.2272326406944093 0 0 0.2429772749990028 0 0 0.2615437362238696 0 0 0.2522605056114352 0 0 0.1843101899597588 0 0 0.1983937150688958 0 0 0.1913519525143269 0 0 0.2234215799859225 0 0 0.2038658849728401 0 0 0.2429772749990028 0 0 0.1843101899597595 0 0 0.2234215799859225 0 0 0.2038658849728401 0 0 0.2127874207524187 0 0 0.232913990250142 0 0 0.2228507055012794 0 0 0.1614097650169732 0 0 0.176676714978831 0 0 0.1690432399979014 0 0 0.1956615355072702 0 0 0.1785356502621208 0 0 0.2127874207524187 0 0 0.1614097650169737 0 0 0.1956615355072702 0 0 0.1785356502621208 0 0 0.180548254997328 0 0 0.2020410321673885 0 0 0.1912946435823573 0 0 0.1369548149569516 0 0 0.1532581149969663 0 0 0.145106464976958 0 0 0.1660171083172024 0 0 0.1514859616370763 0 0 0.180548254997328 0 0 0.1369548149569521 0 0 0.1660171083172024 0 0 0.1514859616370763 0 0 0.1465703291360284 0 0 0.1692222797102281 0 0 0.1578963044231275 0 0 0.1111809046181454 0 0 0.1283635115106831 0 0 0.1197722080644137 0 0 0.1347738542967345 0 0 0.1229773794574395 0 0 0.1465703291360284 0 0 0.1111809046181458 0 0 0.1347738542967345 0 0 0.1229773794574395 0 0 0.1111809046166229 0 0 0.1347738542962265 0 0 0.1229773794564241 0 0 0.08433628045298852 0 0 0.1022326965630934 0 0 0.09328448850804093 0 0 0.1022326965620785 0 0 0.09328448850753332 0 0 0.1111809046166229 0 0 0.08433628045298901 0 0 0.1022326965620785 0 0 0.09328448850753332 0 0 0.07472080886029696 0 0 0.09902753936451412 0 0 0.086874174112405 0 0 0.05667948207469031 0 0 0.07511734766022296 0 0 0.06589841486745612 0 0 0.06870703326509506 0 0 0.06269325766989227 0 0 0.07472080886029696 0 0 0.05667948207469063 0 0 0.06870703326509506 0 0 0.06269325766989227 0 0 0.03754116141471799 0 0 0.062327593045104 0 0 0.04993437722991048 0 0 0.02847685690232479 0 0 0.04727860701723519 0 0 0.0378777319597795 0 0 0.03451972657725369 0 0 0.0314982917397888 0 0 0.03754116141471799 0 0 0.02847685690232505 0 0 0.03451972657725369 0 0 0.0314982917397888 0 0 -2.286270786035142e-16 0 0 0.02502744094314523 0 0 0.012513720471572 0 0 -7.325052110921822e-17 0 0 0.01898457126821648 0 0 0.009492285634107872 0 0 4.07175215330048e-17 0 0 -4.134877766982041e-16 0 0 4.313956715748469e-20 0 0 -5.735816342046541e-19 0 0 6.18670398560038e-19 0 0 7.913362060043071e-19 0 0 0.02847685690232523 0 0 0.009492285634108422 0 0 0.01898457126821678 0 0 0.01913830892030572 0 0 0.006379436306768608 0 0 0.01275887261353715 0 0 0.02536400757498541 0 0 0.02225115824764551 0 0 0.02847685690232523 0 0 0.01913830892030579 0 0 0.02536400757498541 0 0 0.02225115824764551 0 0 0.0566794820746911 0 0 0.03787773195978051 0 0 0.04727860701723569 0 0 0.03809231367001601 0 0 0.0254563105035426 0 0 0.0317743120867791 0 0 0.05048375927313273 0 0 0.04428803647157424 0 0 0.0566794820746911 0 0 0.03809231367001615 0 0 0.05048375927313273 0 0 0.04428803647157424 0 0 0.08433628045299026 0 0 0.06589841486745746 0 0 0.07511734766022353 0 0 0.05667948207522398 0 0 0.0442880364717522 0 0 0.05048375927348799 0 0 0.07511734766040162 0 0 0.06589841486781248 0 0 0.08433628045299026 0 0 0.05667948207522416 0 0 0.07511734766040162 0 0 0.06589841486781248 0 0 0.1111809046181465 0 0 0.09328448850804209 0 0 0.102232696563094 0 0 0.07472080886199735 0 0 0.06269325767081539 0 0 0.06870703326640606 0 0 0.09902753936609689 0 0 0.08687417411404671 0 0 0.1111809046181465 0 0 0.07472080886199775 0 0 0.09902753936609689 0 0 0.08687417411404671 0 0 0.1369548149569522 0 0 0.119772208064415 0 0 0.1283635115106833 0 0 0.09204253674037434 0 0 0.08049471815479001 0 0 0.08626862744758197 0 0 0.1219840555514262 0 0 0.1070132961458999 0 0 0.1369548149569522 0 0 0.09204253674037481 0 0 0.1219840555514262 0 0 0.1070132961458999 0 0 0.1614097650169735 0 0 0.1451064649769594 0 0 0.1532581149969662 0 0 0.1084778276698819 0 0 0.09752096705021054 0 0 0.1029993973600458 0 0 0.1437657859012768 0 0 0.1261218067855786 0 0 0.1614097650169735 0 0 0.1084778276698821 0 0 0.1437657859012768 0 0 0.1261218067855786 0 0 0.1843101899597596 0 0 0.1690432399979026 0 0 0.1766767149788307 0 0 0.1238683692317692 0 0 0.1136080081905114 0 0 0.1187381887111405 0 0 0.1641629163837635 0 0 0.144015642807766 0 0 0.1843101899597596 0 0 0.1238683692317697 0 0 0.1641629163837635 0 0 0.144015642807766 0 0 0.2054354776234641 0 0 0.191351952514328 0 0 0.1983937150688949 0 0 0.138065901923152 0 0 0.1286008801288974 0 0 0.1333333910260241 0 0 0.1829789523900269 0 0 0.1605224271565892 0 0 0.2054354776234641 0 0 0.1380659019231527 0 0 0.1829789523900269 0 0 0.1605224271565892 0 0 0.2245821028335629 0 0 0.2118176860268302 0 0 0.2181998944301958 0 0 0.1509336536889726 0 0 0.1423551525117595 0 0 0.1466444031003657 0 0 0.2000326197853665 0 0 0.1754831367371688 0 0 0.2245821028335629 0 0 0.1509336536889734 0 0 0.2000326197853665 0 0 0.1754831367371688 0 0 0.2415656050949715 0 0 0.2302432702540326 0 0 0.2359044376745016 0 0 0.1623476681741641 0 0 0.1547383251840371 0 0 0.1585429966790996 0 0 0.2151596261213699 0 0 0.1887536471477659 0 0 0.2415656050949715 0 0 0.1623476681741647 0 0 0.2151596261213699 0 0 0.1887536471477659 0 0 0.2562223901955505 0 0 0.2464512001284982 0 0 0.2513367951620233 0 0 0.1721980128369474 0 0 0.1656311163950924 0 0 0.1689145646160195 0 0 0.2282142644093494 0 0 0.2002061386231483 0 0 0.2562223901955505 0 0 0.172198012836948 0 0 0.2282142644093494 0 0 0.2002061386231483 0 0 0.2684113350674246 0 0 0.2602853718195082 0 0 0.2643483534434654 0 0 0.1803898520087318 0 0 0.1749286258942096 0 0 0.1776592389514696 0 0 0.2390708407145271 0 0 0.2097303463616282 0 0 0.2684113350674246 0 0 0.1803898520087324 0 0 0.2390708407145271 0 0 0.2097303463616282 0 0 0.2780151706509012 0 0 0.2716126135952499 0 0 0.2748138921230745 0 0 0.1868443682316024 0 0 0.1825413574163558 0 0 0.1846928628239785 0 0 0.2476249031778022 0 0 0.2172346357047011 0 0 0.2780151706509012 0 0 0.186844368231603 0 0 0.2476249031778022 0 0 0.2172346357047011 0 0 0.2849416107606111 0 0 0.2803239840208043 0 0 0.2826327973907067 0 0 0.1914995148328079 0 0 0.1883960837653382 0 0 0.1899477992990722 0 0 0.253794245451344 0 0 0.2226468801420744 0 0 0.2849416107606111 0 0 0.1914995148328085 0 0 0.253794245451344 0 0 0.2226468801420744 0 0 0.2891241968500972 0 0 0.2863358061237729 0 0 0.2877300014869337 0 0 0.1943105878286031 0 0 0.1924365391647402 0 0 0.193373563496671 0 0 0.2575196605095989 0 0 0.2259151241691 0 0 0.2891241968500972 0 0 0.1943105878286038 0 0 0.2575196605095989 0 0 0.2259151241691 0 0 0.2905228551800496 0 0 0.2895904162934141 0 0 0.2900566357367307 0 0 0.1952506168250302 0 0 0.1946239308274128 0 0 0.1949372738262214 0 0 0.2587654423950436 0 0 0.2270080296100357 0 0 0.2905228551800496 0 0 0.1952506168250309 0 0 0.2587654423950436 0 0 0.2270080296100357 0 0 0.2891241968500972 0 0 0.2900566357367315 0 0 0.2895904162934131 0 0 0.194310587828603 0 0 0.1949372738262217 0 0 0.1946239308274116 0 0 0.2575196605095995 0 0 0.2259151241690999 0 0 0.2891241968500972 0 0 0.1943105878286037 0 0 0.2575196605095995 0 0 0.2259151241690999 0 0 0.2849416107606105 0 0 0.2877300014869343 0 0 0.2863358061237716 0 0 0.1914995148328073 0 0 0.1933735634966719 0 0 0.192436539164739 0 0 0.2537942454513434 0 0 0.2226468801420742 0 0 0.2849416107606105 0 0 0.191499514832808 0 0 0.2537942454513434 0 0 0.2226468801420742 0 0 0.2780151706509014 0 0 0.2826327973907075 0 0 0.2803239840208032 0 0 0.1868443682316019 0 0 0.1899477992990734 0 0 0.188396083765337 0 0 0.2476249031778014 0 0 0.2172346357047015 0 0 0.2780151706509014 0 0 0.1868443682316026 0 0 0.2476249031778014 0 0 0.2172346357047015 0 0 0.2684113350674245 0 0 0.2748138921230753 0 0 0.2716126135952488 0 0 0.1803898520087312 0 0 0.1846928628239793 0 0 0.1825413574163542 0 0 0.2390708407145271 0 0 0.209730346361628 0 0 0.2684113350674245 0 0 0.1803898520087318 0 0 0.2390708407145271 0 0 0.209730346361628 0 0 0.2562223901955495 0 0 0.2643483534434665 0 0 0.2602853718195076 0 0 0.1721980128369474 0 0 0.1776592389514708 0 0 0.1749286258942086 0 0 0.22821426440935 0 0 0.2002061386231477 0 0 0.2562223901955495 0 0 0.172198012836948 0 0 0.22821426440935 0 0 0.2002061386231477 0 0 0.2415656050949722 0 0 0.2513367951620245 0 0 0.2464512001284976 0 0 0.1623476681741643 0 0 0.1689145646160206 0 0 0.165631116395092 0 0 0.2151596261213703 0 0 0.1887536471477664 0 0 0.2415656050949722 0 0 0.1623476681741649 0 0 0.2151596261213703 0 0 0.1887536471477664 0 0 0.2245821028335632 0 0 0.2359044376745026 0 0 0.2302432702540319 0 0 0.1509336536889728 0 0 0.158542996679101 0 0 0.154738325184036 0 0 0.2000326197853667 0 0 0.1754831367371688 0 0 0.2245821028335632 0 0 0.1509336536889734 0 0 0.2000326197853667 0 0 0.1754831367371688 0 0 0.2054354776234637 0 0 0.2181998944301966 0 0 0.2118176860268292 0 0 0.1380659019231517 0 0 0.1466444031003665 0 0 0.1423551525117591 0 0 0.1829789523900268 0 0 0.1605224271565883 0 0 0.2054354776234637 0 0 0.1380659019231526 0 0 0.1829789523900268 0 0 0.1605224271565883 0 0 0.1843101899597595 0 0 0.1983937150688958 0 0 0.1913519525143269 0 0 0.1238683692317688 0 0 0.1333333910260248 0 0 0.1286008801288964 0 0 0.1641629163837633 0 0 0.1440156428077653 0 0 0.1843101899597595 0 0 0.1238683692317693 0 0 0.1641629163837633 0 0 0.1440156428077653 0 0 0.1614097650169737 0 0 0.176676714978831 0 0 0.1690432399979014 0 0 0.108477827669881 0 0 0.1187381887111403 0 0 0.1136080081905103 0 0 0.1437657859012759 0 0 0.1261218067855777 0 0 0.1614097650169737 0 0 0.1084778276698814 0 0 0.1437657859012759 0 0 0.1261218067855777 0 0 0.1369548149569521 0 0 0.1532581149969663 0 0 0.145106464976958 0 0 0.09204253674037352 0 0 0.1029993973600459 0 0 0.09752096705020932 0 0 0.1219840555514262 0 0 0.1070132961458996 0 0 0.1369548149569521 0 0 0.09204253674037395 0 0 0.1219840555514262 0 0 0.1070132961458996 0 0 0.1111809046181458 0 0 0.1283635115106831 0 0 0.1197722080644137 0 0 0.0747208088619967 0 0 0.08626862744758193 0 0 0.08049471815478876 0 0 0.09902753936609619 0 0 0.08687417411404573 0 0 0.1111809046181458 0 0 0.07472080886199703 0 0 0.09902753936609619 0 0 0.08687417411404573 0 0 0.08433628045298901 0 0 0.1022326965630934 0 0 0.09328448850804093 0 0 0.05667948207522306 0 0 0.06870703326640597 0 0 0.06269325767081425 0 0 0.07511734766040074 0 0 0.06589841486781162 0 0 0.08433628045298901 0 0 0.05667948207522339 0 0 0.07511734766040074 0 0 0.06589841486781162 0 0 0.05667948207469063 0 0 0.07511734766022296 0 0 0.06589841486745612 0 0 0.03809231367001532 0 0 0.05048375927348776 0 0 0.04428803647175111 0 0 0.05048375927313205 0 0 0.04428803647157342 0 0 0.05667948207469063 0 0 0.03809231367001559 0 0 0.05048375927313205 0 0 0.04428803647157342 0 0 0.02847685690232505 0 0 0.04727860701723519 0 0 0.0378777319597795 0 0 0.01913830892030512 0 0 0.03177431208677901 0 0 0.02545631050354175 0 0 0.0253640075749849 0 0 0.0222511582476448 0 0 0.02847685690232505 0 0 0.01913830892030533 0 0 0.0253640075749849 0 0 0.0222511582476448 0 0 3.037463426515792e-17 0 0 0.01898457126821648 0 0 0.009492285634107872 0 0 -4.93267216566648e-17 0 0 0.01275887261353706 0 0 0.006379436306768265 0 0 1.199613142058512e-16 0 0 -2.92165740525159e-16 0 0 -5.735816342046541e-19 0 0 4.189028770962597e-20 0 0 -1.372646209954367e-18 0 0 5.431122749867201e-22 0 0 0.01913830892030579 0 0 0.006379436306768608 0 0 0.01275887261353715 0 0 0.009615453815954772 0 0 0.003205151271984949 0 0 0.006410302543969852 0 0 0.01596402388552219 0 0 0.0127897388507384 0 0 0.01913830892030579 0 0 0.009615453815954805 0 0 0.01596402388552219 0 0 0.0127897388507384 0 0 0.03809231367001615 0 0 0.0254563105035426 0 0 0.0317743120867791 0 0 0.01913830892041199 0 0 0.01278973885077393 0 0 0.01596402388559288 0 0 0.03177431208681485 0 0 0.02545631050361316 0 0 0.03809231367001615 0 0 0.01913830892041206 0 0 0.03177431208681485 0 0 0.02545631050361316 0 0 0.05667948207522416 0 0 0.0442880364717522 0 0 0.05048375927348799 0 0 0.0284768569027481 0 0 0.02225115824785737 0 0 0.02536400757530261 0 0 0.04727860701773231 0 0 0.03787773196023997 0 0 0.05667948207522416 0 0 0.0284768569027485 0 0 0.04727860701773231 0 0 0.03787773196023997 0 0 0.07472080886199775 0 0 0.06269325767081539 0 0 0.06870703326640606 0 0 0.03754116141576422 0 0 0.03149829174042047 0 0 0.03451972657809224 0 0 0.06232759304658656 0 0 0.04993437723117501 0 0 0.07472080886199775 0 0 0.03754116141576448 0 0 0.06232759304658656 0 0 0.04993437723117501 0 0 0.09204253674037481 0 0 0.08049471815479001 0 0 0.08626862744758197 0 0 0.04624392303979014 0 0 0.04044208195710633 0 0 0.04334300249844795 0 0 0.07677633217351325 0 0 0.06151012760665114 0 0 0.09204253674037481 0 0 0.04624392303979014 0 0 0.07677633217351325 0 0 0.06151012760665114 0 0 0.1084778276698821 0 0 0.09752096705021054 0 0 0.1029993973600458 0 0 0.05450131921488655 0 0 0.04899638843148915 0 0 0.05174885382318759 0 0 0.09048565818488361 0 0 0.07249348869988442 0 0 0.1084778276698821 0 0 0.05450131921488652 0 0 0.09048565818488361 0 0 0.07249348869988442 0 0 0.1238683692317697 0 0 0.1136080081905114 0 0 0.1187381887111405 0 0 0.06223381161465386 0 0 0.05707881668147594 0 0 0.05965631414806465 0 0 0.1033235166927308 0 0 0.08277866415369178 0 0 0.1238683692317697 0 0 0.06223381161465428 0 0 0.1033235166927308 0 0 0.08277866415369178 0 0 0.1380659019231527 0 0 0.1286008801288974 0 0 0.1333333910260241 0 0 0.0693669137090647 0 0 0.06461151231279125 0 0 0.06698921301092754 0 0 0.1151662391851234 0 0 0.09226657644709309 0 0 0.1380659019231527 0 0 0.06936691370906495 0 0 0.1151662391851234 0 0 0.09226657644709309 0 0 0.1509336536889734 0 0 0.1423551525117595 0 0 0.1466444031003657 0 0 0.07583191151427439 0 0 0.07152191297746791 0 0 0.0736769122458705 0 0 0.1258997396307404 0 0 0.1008658255725065 0 0 0.1509336536889734 0 0 0.07583191151427492 0 0 0.1258997396307404 0 0 0.1008658255725065 0 0 0.1623476681741647 0 0 0.1547383251840371 0 0 0.1585429966790996 0 0 0.08156653057762295 0 0 0.07774345120205743 0 0 0.07965499088983978 0 0 0.1354206223086507 0 0 0.1084935764431363 0 0 0.1623476681741647 0 0 0.08156653057762352 0 0 0.1354206223086507 0 0 0.1084935764431363 0 0 0.172198012836948 0 0 0.1656311163950924 0 0 0.1689145646160195 0 0 0.08651554204481765 0 0 0.08321620106668753 0 0 0.08486587155575198 0 0 0.1436371892395718 0 0 0.1150763656421941 0 0 0.172198012836948 0 0 0.08651554204481825 0 0 0.1436371892395718 0 0 0.1150763656421941 0 0 0.1803898520087324 0 0 0.1749286258942096 0 0 0.1776592389514696 0 0 0.09063130019570161 0 0 0.08788746142844539 0 0 0.08925938081207271 0 0 0.150470334737722 0 0 0.1205508174667107 0 0 0.1803898520087324 0 0 0.09063130019570223 0 0 0.150470334737722 0 0 0.1205508174667107 0 0 0.186844368231603 0 0 0.1825413574163558 0 0 0.1846928628239785 0 0 0.09387420346872546 0 0 0.09171226795337664 0 0 0.09279323571105026 0 0 0.1558543133106439 0 0 0.1248642583896836 0 0 0.186844368231603 0 0 0.09387420346872578 0 0 0.1558543133106439 0 0 0.1248642583896836 0 0 0.1914995148328085 0 0 0.1883960837653382 0 0 0.1899477992990722 0 0 0.09621307166815116 0 0 0.09465382620186678 0 0 0.09543344893500763 0 0 0.1597373671112559 0 0 0.1279752193897024 0 0 0.1914995148328085 0 0 0.09621307166815184 0 0 0.1597373671112559 0 0 0.1279752193897024 0 0 0.1943105878286038 0 0 0.1924365391647402 0 0 0.193373563496671 0 0 0.09762543475849124 0 0 0.09668385936493099 0 0 0.09715464706171033 0 0 0.1620822034718996 0 0 0.1298538191151942 0 0 0.1943105878286038 0 0 0.09762543475849192 0 0 0.1620822034718996 0 0 0.1298538191151942 0 0 0.1952506168250309 0 0 0.1946239308274128 0 0 0.1949372738262214 0 0 0.09809773328086922 0 0 0.0977828675992847 0 0 0.09794030044007646 0 0 0.1628663223103105 0 0 0.1304820277955897 0 0 0.1952506168250309 0 0 0.09809773328087026 0 0 0.1628663223103105 0 0 0.1304820277955897 0 0 0.1943105878286037 0 0 0.1949372738262217 0 0 0.1946239308274116 0 0 0.09762543475849134 0 0 0.09794030044007751 0 0 0.09778286759928391 0 0 0.1620822034718996 0 0 0.1298538191151946 0 0 0.1943105878286037 0 0 0.097625434758492 0 0 0.1620822034718996 0 0 0.1298538191151946 0 0 0.191499514832808 0 0 0.1933735634966719 0 0 0.192436539164739 0 0 0.096213071668151 0 0 0.09715464706171167 0 0 0.09668385936493049 0 0 0.1597373671112561 0 0 0.1279752193897022 0 0 0.191499514832808 0 0 0.09621307166815135 0 0 0.1597373671112561 0 0 0.1279752193897022 0 0 0.1868443682316026 0 0 0.1899477992990734 0 0 0.188396083765337 0 0 0.09387420346872519 0 0 0.09543344893500959 0 0 0.09465382620186662 0 0 0.1558543133106433 0 0 0.1248642583896832 0 0 0.1868443682316026 0 0 0.09387420346872588 0 0 0.1558543133106433 0 0 0.1248642583896832 0 0 0.1803898520087318 0 0 0.1846928628239793 0 0 0.1825413574163542 0 0 0.09063130019570143 0 0 0.09279323571105116 0 0 0.09171226795337546 0 0 0.1504703347377222 0 0 0.1205508174667105 0 0 0.1803898520087318 0 0 0.09063130019570143 0 0 0.1504703347377222 0 0 0.1205508174667105 0 0 0.172198012836948 0 0 0.1776592389514708 0 0 0.1749286258942086 0 0 0.08651554204481757 0 0 0.08925938081207355 0 0 0.08788746142844461 0 0 0.1436371892395718 0 0 0.1150763656421935 0 0 0.172198012836948 0 0 0.08651554204481822 0 0 0.1436371892395718 0 0 0.1150763656421935 0 0 0.1623476681741649 0 0 0.1689145646160206 0 0 0.165631116395092 0 0 0.08156653057762302 0 0 0.08486587155575326 0 0 0.08321620106668784 0 0 0.1354206223086513 0 0 0.1084935764431361 0 0 0.1623476681741649 0 0 0.08156653057762334 0 0 0.1354206223086513 0 0 0.1084935764431361 0 0 0.1509336536889734 0 0 0.158542996679101 0 0 0.154738325184036 0 0 0.07583191151427431 0 0 0.07965499088984071 0 0 0.0777434512020571 0 0 0.1258997396307407 0 0 0.1008658255725064 0 0 0.1509336536889734 0 0 0.07583191151427461 0 0 0.1258997396307407 0 0 0.1008658255725064 0 0 0.1380659019231526 0 0 0.1466444031003665 0 0 0.1423551525117591 0 0 0.06936691370906421 0 0 0.07367691224587151 0 0 0.07152191297746772 0 0 0.115166239185123 0 0 0.09226657644709306 0 0 0.1380659019231526 0 0 0.06936691370906475 0 0 0.115166239185123 0 0 0.09226657644709306 0 0 0.1238683692317693 0 0 0.1333333910260248 0 0 0.1286008801288964 0 0 0.06223381161465338 0 0 0.06698921301092783 0 0 0.06461151231279048 0 0 0.1033235166927308 0 0 0.0827786641536917 0 0 0.1238683692317693 0 0 0.06223381161465366 0 0 0.1033235166927308 0 0 0.0827786641536917 0 0 0.1084778276698814 0 0 0.1187381887111403 0 0 0.1136080081905103 0 0 0.05450131921488598 0 0 0.05965631414806462 0 0 0.05707881668147517 0 0 0.09048565818488341 0 0 0.0724934886998839 0 0 0.1084778276698814 0 0 0.05450131921488623 0 0 0.09048565818488341 0 0 0.0724934886998839 0 0 0.09204253674037395 0 0 0.1029993973600459 0 0 0.09752096705020932 0 0 0.04624392303978973 0 0 0.05174885382318748 0 0 0.04899638843148817 0 0 0.07677633217351287 0 0 0.06151012760665076 0 0 0.09204253674037395 0 0 0.04624392303979012 0 0 0.07677633217351287 0 0 0.06151012760665076 0 0 0.07472080886199703 0 0 0.08626862744758193 0 0 0.08049471815478876 0 0 0.03754116141576379 0 0 0.04334300249844804 0 0 0.04044208195710555 0 0 0.06232759304658608 0 0 0.0499343772311744 0 0 0.07472080886199703 0 0 0.03754116141576395 0 0 0.06232759304658608 0 0 0.0499343772311744 0 0 0.05667948207522339 0 0 0.06870703326640597 0 0 0.06269325767081425 0 0 0.02847685690274782 0 0 0.03451972657809194 0 0 0.03149829174041949 0 0 0.04727860701773179 0 0 0.03787773196023936 0 0 0.05667948207522339 0 0 0.02847685690274812 0 0 0.04727860701773179 0 0 0.03787773196023936 0 0 0.03809231367001559 0 0 0.05048375927348776 0 0 0.04428803647175111 0 0 0.01913830892041147 0 0 0.02536400757530257 0 0 0.02225115824785679 0 0 0.03177431208681432 0 0 0.02545631050361259 0 0 0.03809231367001559 0 0 0.01913830892041158 0 0 0.03177431208681432 0 0 0.02545631050361259 0 0 0.01913830892030533 0 0 0.03177431208677901 0 0 0.02545631050354175 0 0 0.009615453815954501 0 0 0.01596402388559265 0 0 0.0127897388507734 0 0 0.0159640238855218 0 0 0.01278973885073789 0 0 0.01913830892030533 0 0 0.009615453815954637 0 0 0.0159640238855218 0 0 0.01278973885073789 0 0 2.051899134944698e-17 0 0 0.01275887261353706 0 0 0.006379436306768265 0 0 -5.889897213741928e-17 0 0 0.006410302543969701 0 0 0.003205151271984734 0 0 1.92203914059682e-17 0 0 -1.680300146460184e-16 0 0 4.189028770962597e-20 0 0 3.113628647118877e-19 0 0 -5.779730774477368e-19 0 0 1.361213657255549e-22 0 0 0.009615453815954805 0 0 0.003205151271984949 0 0 0.006410302543969852 0 0 -2.403404168131402e-17 0 0 7.23060634069578e-18 0 0 -8.090478473893182e-17 0 0 0.006410302543969883 0 0 0.003205151271984828 0 0 0.009615453815954805 0 0 9.948990981525098e-18 0 0 0.006410302543969883 0 0 0.003205151271984828 0 0 0.01913830892041206 0 0 0.01278973885077393 0 0 0.01596402388559288 0 0 -1.148595345369893e-16 0 0 3.062773477579511e-17 0 0 -1.986040110432216e-16 0 0 0.01275887261360809 0 0 0.006379436306803717 0 0 0.01913830892041206 0 0 -4.713348510179888e-17 0 0 0.01275887261360809 0 0 0.006379436306803717 0 0 0.0284768569027485 0 0 0.02225115824785737 0 0 0.02536400757530261 0 0 -6.996459485521296e-17 0 0 5.328513803953263e-17 0 0 -3.203860759625639e-16 0 0 0.01898457126849901 0 0 0.009492285634249019 0 0 0.0284768569027485 0 0 3.173671897282185e-17 0 0 0.01898457126849901 0 0 0.009492285634249019 0 0 0.03754116141576448 0 0 0.03149829174042047 0 0 0.03451972657809224 0 0 -2.261056966145046e-16 0 0 7.586655301915869e-17 0 0 -4.360704243854737e-16 0 0 0.02502744094384283 0 0 0.0125137204719209 0 0 0.03754116141576448 0 0 -9.352309048971982e-17 0 0 0.02502744094384283 0 0 0.0125137204719209 0 0 0.04624392303979014 0 0 0.04044208195710633 0 0 0.04334300249844795 0 0 -1.145959776756384e-16 0 0 2.398041712896734e-16 0 0 -5.4807616820746e-16 0 0 0.03082928202652667 0 0 0.0154146410132627 0 0 0.04624392303979014 0 0 -1.145959776756384e-16 0 0 0.03082928202652667 0 0 0.0154146410132627 0 0 0.05450131921488652 0 0 0.04899638843148915 0 0 0.05174885382318759 0 0 -3.273792343840174e-16 0 0 1.178978305630441e-16 0 0 -8.396553875472809e-16 0 0 0.03633421280992425 0 0 0.01816710640496138 0 0 0.05450131921488652 0 0 -1.350351787993103e-16 0 0 0.03633421280992425 0 0 0.01816710640496138 0 0 0.06223381161465428 0 0 0.05707881668147594 0 0 0.05965631414806465 0 0 -1.543350917003293e-16 0 0 1.374795998530113e-16 0 0 -7.42811892369126e-16 0 0 0.0414892077431025 0 0 0.02074460387155063 0 0 0.06223381161465428 0 0 6.841961744523304e-17 0 0 0.0414892077431025 0 0 0.02074460387155063 0 0 0.06936691370906495 0 0 0.06461151231279125 0 0 0.06698921301092754 0 0 -4.168623602363273e-16 0 0 1.556884344484617e-16 0 0 -8.33290280841691e-16 0 0 0.04624460913937698 0 0 0.0231223045696873 0 0 0.06936691370906495 0 0 -1.721489123100761e-16 0 0 0.04624460913937698 0 0 0.0231223045696873 0 0 0.07583191151427492 0 0 0.07152191297746791 0 0 0.0736769122458705 0 0 -4.577142504451485e-16 0 0 4.242581524883839e-16 0 0 -9.318069043993773e-16 0 0 0.05055460767618331 0 0 0.02527730383809062 0 0 0.07583191151427492 0 0 8.290958033594201e-17 0 0 0.05055460767618331 0 0 0.02527730383809062 0 0 0.08156653057762352 0 0 0.07774345120205743 0 0 0.07965499088983978 0 0 -7.82213430856259e-16 0 0 1.873029767607203e-16 0 0 -9.9193481847426e-16 0 0 0.05437768705174923 0 0 0.02718884352587351 0 0 0.08156653057762352 0 0 -2.026483730254125e-16 0 0 0.05437768705174923 0 0 0.02718884352587351 0 0 0.08651554204481825 0 0 0.08321620106668753 0 0 0.08486587155575198 0 0 -2.149487862838152e-16 0 0 1.992290654264329e-16 0 0 -1.056854023034609e-15 0 0 0.05767702802987854 0 0 0.02883851401493856 0 0 0.08651554204481825 0 0 9.241616336765019e-17 0 0 0.05767702802987854 0 0 0.02883851401493856 0 0 0.09063130019570223 0 0 0.08788746142844539 0 0 0.08925938081207271 0 0 -5.449474895580152e-16 0 0 2.117165940159564e-16 0 0 -1.111594835276834e-15 0 0 0.06042086679713485 0 0 0.03021043339856587 0 0 0.09063130019570223 0 0 -5.473487782271672e-16 0 0 0.06042086679713485 0 0 0.03021043339856587 0 0 0.09387420346872578 0 0 0.09171226795337664 0 0 0.09279323571105026 0 0 -2.335128534355704e-16 0 0 2.20888235631101e-16 0 0 -1.15563020538578e-15 0 0 0.06258280231248411 0 0 0.03129140115624045 0 0 0.09387420346872578 0 0 -2.335728592002427e-16 0 0 0.06258280231248411 0 0 0.03129140115624045 0 0 0.09621307166815184 0 0 0.09465382620186678 0 0 0.09543344893500763 0 0 -5.812324917800484e-16 0 0 2.279381309460188e-16 0 0 -1.550109686994384e-15 0 0 0.06414204777876792 0 0 0.03207102388938231 0 0 0.09621307166815184 0 0 -5.812324917800483e-16 0 0 0.06414204777876792 0 0 0.03207102388938231 0 0 0.09762543475849192 0 0 0.09668385936493099 0 0 0.09715464706171033 0 0 -2.429848808889966e-16 0 0 2.32870967726105e-16 0 0 -1.228878960439093e-15 0 0 0.06508362317232741 0 0 0.03254181158616272 0 0 0.09762543475849192 0 0 1.065207857622411e-16 0 0 0.06508362317232741 0 0 0.03254181158616272 0 0 0.09809773328087026 0 0 0.0977828675992847 0 0 0.09794030044007646 0 0 -5.900695629806525e-16 0 0 5.801819449316645e-16 0 0 -1.218449177262633e-15 0 0 0.06539848885391378 0 0 0.03269924442695554 0 0 0.09809773328087026 0 0 -2.442660542308286e-16 0 0 0.06539848885391378 0 0 0.03269924442695554 0 0 0.097625434758492 0 0 0.09794030044007751 0 0 0.09778286759928391 0 0 -2.431679444597359e-16 0 0 2.358847899531142e-16 0 0 -1.586971585135206e-15 0 0 0.06508362317232806 0 0 0.03254181158616269 0 0 0.097625434758492 0 0 1.036760122838385e-16 0 0 0.06508362317232806 0 0 0.03254181158616269 0 0 0.09621307166815135 0 0 0.09715464706171167 0 0 0.09668385936493049 0 0 -5.815448445311931e-16 0 0 2.340108665342606e-16 0 0 -1.221620930063423e-15 0 0 0.06414204777876784 0 0 0.03207102388938226 0 0 0.09621307166815135 0 0 -2.397273487363379e-16 0 0 0.06414204777876784 0 0 0.03207102388938226 0 0 0.09387420346872588 0 0 0.09543344893500959 0 0 0.09465382620186662 0 0 -2.34020907031532e-16 0 0 2.298259234666724e-16 0 0 -1.195977964921482e-15 0 0 0.06258280231248405 0 0 0.03129140115624108 0 0 0.09387420346872588 0 0 9.948725971831194e-17 0 0 0.06258280231248405 0 0 0.03129140115624108 0 0 0.09063130019570143 0 0 0.09279323571105116 0 0 0.09171226795337546 0 0 -5.479615098779106e-16 0 0 2.235359302294563e-16 0 0 -1.158817286380172e-15 0 0 0.06042086679713475 0 0 0.03021043339856613 0 0 0.09063130019570143 0 0 -5.453559773251776e-16 0 0 0.06042086679713475 0 0 0.03021043339856613 0 0 0.08651554204481822 0 0 0.08925938081207355 0 0 0.08788746142844461 0 0 -5.231601047389992e-16 0 0 2.15001069686101e-16 0 0 -1.426451675548472e-15 0 0 0.05767702802987885 0 0 0.02883851401493822 0 0 0.08651554204481822 0 0 -2.157189982631525e-16 0 0 0.05767702802987885 0 0 0.02883851401493822 0 0 0.08156653057762334 0 0 0.08486587155575326 0 0 0.08321620106668784 0 0 -4.933204928859551e-16 0 0 5.023961400879898e-16 0 0 -1.036536371120809e-15 0 0 0.05437768705174931 0 0 0.02718884352587353 0 0 0.08156653057762334 0 0 -4.909192042168033e-16 0 0 0.05437768705174931 0 0 0.02718884352587353 0 0 0.07583191151427461 0 0 0.07965499088984071 0 0 0.0777434512020571 0 0 -1.89321003284226e-16 0 0 1.918800205192361e-16 0 0 -9.823384522525726e-16 0 0 0.05055460767618328 0 0 0.02527730383809032 0 0 0.07583191151427461 0 0 8.224588028058555e-17 0 0 0.05055460767618328 0 0 0.02527730383809032 0 0 0.06936691370906475 0 0 0.07367691224587151 0 0 0.07152191297746772 0 0 -6.700133851981442e-16 0 0 4.371343129407263e-16 0 0 -8.909216139153078e-16 0 0 0.04624460913937689 0 0 0.02312230456968722 0 0 0.06936691370906475 0 0 -1.753859399341674e-16 0 0 0.04624460913937689 0 0 0.02312230456968722 0 0 0.06223381161465366 0 0 0.06698921301092783 0 0 0.06461151231279048 0 0 -3.766718149037687e-16 0 0 1.613821541354055e-16 0 0 -1.048763450182645e-15 0 0 0.04148920774310276 0 0 0.02074460387155052 0 0 0.06223381161465366 0 0 -1.554409121934572e-16 0 0 0.04148920774310276 0 0 0.02074460387155052 0 0 0.05450131921488623 0 0 0.05965631414806462 0 0 0.05707881668147517 0 0 -3.299941867709873e-16 0 0 1.437234314315375e-16 0 0 -7.11068023330327e-16 0 0 0.03633421280992404 0 0 0.01816710640496143 0 0 0.05450131921488623 0 0 -1.363666044835877e-16 0 0 0.03633421280992404 0 0 0.01816710640496143 0 0 0.04624392303979012 0 0 0.05174885382318748 0 0 0.04899638843148817 0 0 -1.175126690727376e-16 0 0 4.895434610866564e-16 0 0 -6.096609551785185e-16 0 0 0.03082928202652673 0 0 0.01541464101326272 0 0 0.04624392303979012 0 0 4.82914643587419e-17 0 0 0.03082928202652673 0 0 0.01541464101326272 0 0 0.03754116141576395 0 0 0.04334300249844804 0 0 0.04044208195710555 0 0 -2.263015753547145e-16 0 0 2.572584988616999e-16 0 0 -5.038878743467742e-16 0 0 0.02502744094384255 0 0 0.01251372047192087 0 0 0.03754116141576395 0 0 -2.275851020574089e-16 0 0 0.02502744094384255 0 0 0.01251372047192087 0 0 0.02847685690274812 0 0 0.03451972657809194 0 0 0.03149829174041949 0 0 -1.728398570445621e-16 0 0 2.043874429113494e-16 0 0 -3.981883453836948e-16 0 0 0.01898457126849865 0 0 0.009492285634248948 0 0 0.02847685690274812 0 0 -7.150201467071586e-17 0 0 0.01898457126849865 0 0 0.009492285634248948 0 0 0.01913830892041158 0 0 0.02536400757530257 0 0 0.02225115824785679 0 0 -1.164300618357666e-16 0 0 6.100513174072046e-17 0 0 -2.773434915994834e-16 0 0 0.01275887261360779 0 0 0.006379436306803628 0 0 0.01913830892041158 0 0 -4.84371299451109e-17 0 0 0.01275887261360779 0 0 0.006379436306803628 0 0 0.009615453815954637 0 0 0.01596402388559265 0 0 0.0127897388507734 0 0 -2.544542083462691e-17 0 0 9.454580566127283e-17 0 0 -1.616855936176512e-16 0 0 0.006410302543969699 0 0 0.003205151271984663 0 0 0.009615453815954637 0 0 9.246728245584551e-18 0 0 0.006410302543969699 0 0 0.003205151271984663 0 0 -5.836777735702673e-17 0 0 0.006410302543969701 0 0 0.003205151271984734 0 0 -8.006473664013634e-19 0 0 1.548426209401351e-17 0 0 -4.01410295047527e-17 0 0 7.566749248483151e-18 0 0 -4.227608914849123e-17 0 0 </DataArray>
      </PointData>
    </Piece>
  </UnstructuredGrid>
</VTKFile>
