<?xml version="1.0"?>
<VTKFile type="UnstructuredGrid" version="2.2">
  <UnstructuredGrid>
    <Piece NumberOfPoints="2864" NumberOfCells="944">
      <Points>
        <DataArray type="Float64" NumberOfComponents="3" format="ascii">0.3749999999999999 0.25 0 0.4304029454646244 0.25 0 0.393467648488208 0.2499999999999999 0 0.4119352969764163 0.2500000000000001 0 0.3749999999999999 0.3124999999999999 0 0.3749999999999999 0.2708333333333333 0 0.3750000000000001 0.2916666666666667 0 0.4304029454646244 0.3125000000000001 0 0.393467648488208 0.3124999999999999 0 0.4119352969764163 0.3125000000000001 0 0.4304029454646243 0.25 0 0.4374999999999999 0.25 0 0.4327686303097495 0.2499999999999999 0 0.4351343151548749 0.2500000000000001 0 0.4375000000000001 0.3100164480803666 0 0.4374999999999999 0.2700054826934555 0 0.4375000000000001 0.2900109653869111 0 0.4304029454646243 0.3124999999999999 0 0.4327686303097495 0.3116387966443914 0 0.4351343151548749 0.3108110919488858 0 0.5624999999999999 0.25 0 0.5695970545353758 0.25 0 0.5648656848451251 0.2499999999999999 0 0.5672313696902506 0.2500000000000001 0 0.5624999999999999 0.3100164480803665 0 0.5624999999999999 0.2700054826934555 0 0.5625000000000001 0.2900109653869111 0 0.5695970545353758 0.3125000000000001 0 0.5648656848451251 0.3108110919488857 0 0.5672313696902506 0.3116387966443915 0 0.5695970545353756 0.25 0 0.6249999999999999 0.25 0 0.5880647030235837 0.2499999999999999 0 0.606532351511792 0.2500000000000001 0 0.6250000000000001 0.3125000000000001 0 0.6249999999999999 0.2708333333333333 0 0.6250000000000001 0.2916666666666667 0 0.5695970545353756 0.3124999999999999 0 0.5880647030235837 0.3124999999999999 0 0.606532351511792 0.3125000000000001 0 0.3124999999999999 0.3124999999999999 0 0.3438750500400399 0.3125000000000001 0 0.3229583500133466 0.3124999999999999 0 0.3334167000266933 0.3125000000000001 0 0.3124999999999999 0.3749999999999999 0 0.3124999999999999 0.3333333333333333 0 0.3125000000000001 0.3541666666666667 0 0.3438750500400399 0.3750000000000001 0 0.3229583500133466 0.3749999999999999 0 0.3334167000266933 0.3750000000000001 0 0.3438750500400398 0.3124999999999999 0 0.3749999999999999 0.3124999999999999 0 0.3542500333600265 0.3124999999999999 0 0.3646250166800133 0.3125000000000001 0 0.3750000000000001 0.34387505004004 0 0.3749999999999999 0.3229583500133466 0 0.3750000000000001 0.3334167000266933 0 0.3438750500400398 0.3749999999999999 0 0.3542500333600265 0.3630439952961291 0 0.3646250166800133 0.3527803889044895 0 0.3749999999999999 0.3124999999999999 0 0.4304029454646245 0.3125000000000001 0 0.3934676484882081 0.3124999999999999 0 0.4119352969764163 0.3125000000000001 0 0.3749999999999999 0.3438750500400399 0 0.3749999999999999 0.3229583500133466 0 0.3750000000000001 0.3334167000266933 0 0.4304029454646245 0.3125000000000001 0 0.3934676484882081 0.3307343564648512 0 0.4119352969764163 0.3204321630097193 0 0.5695970545353753 0.3124999999999999 0 0.6249999999999999 0.3124999999999999 0 0.5880647030235836 0.3124999999999999 0 0.606532351511792 0.3125000000000001 0 0.6250000000000001 0.34387505004004 0 0.6249999999999999 0.3229583500133466 0 0.6250000000000001 0.3334167000266933 0 0.5695970545353753 0.3124999999999999 0 0.5880647030235836 0.3204321630097192 0 0.606532351511792 0.3307343564648513 0 0.6249999999999999 0.3124999999999999 0 0.6561249499599603 0.3125000000000001 0 0.6353749833199867 0.3124999999999999 0 0.6457499666399735 0.3125000000000001 0 0.6249999999999999 0.3438750500400398 0 0.6249999999999999 0.3229583500133466 0 0.6250000000000001 0.3334167000266933 0 0.6561249499599603 0.3750000000000001 0 0.6353749833199867 0.3527803889044894 0 0.6457499666399735 0.3630439952961292 0 0.6561249499599601 0.3124999999999999 0 0.6874999999999999 0.3124999999999999 0 0.6665832999733067 0.3124999999999999 0 0.6770416499866535 0.3125000000000001 0 0.6875000000000001 0.3750000000000001 0 0.6874999999999999 0.3333333333333333 0 0.6875000000000001 0.3541666666666667 0 0.6561249499599601 0.3749999999999999 0 0.6665832999733067 0.3749999999999999 0 0.6770416499866535 0.3750000000000001 0 0.25 0.3749999999999999 0 0.25 0.4304029454646245 0 0.2499999999999999 0.3934676484882081 0 0.2500000000000001 0.4119352969764163 0 0.3124999999999999 0.3749999999999999 0 0.2708333333333333 0.3749999999999999 0 0.2916666666666667 0.3750000000000001 0 0.3125000000000001 0.4304029454646245 0 0.3124999999999999 0.3934676484882081 0 0.3125000000000001 0.4119352969764163 0 0.25 0.4304029454646244 0 0.25 0.4374999999999999 0 0.2499999999999999 0.4327686303097496 0 0.2500000000000001 0.4351343151548749 0 0.3100164480803667 0.4375000000000001 0 0.2700054826934555 0.4374999999999999 0 0.2900109653869111 0.4375000000000001 0 0.3124999999999999 0.4304029454646244 0 0.3116387966443914 0.4327686303097496 0 0.3108110919488859 0.4351343151548749 0 0.3124999999999999 0.3749999999999999 0 0.3125000000000001 0.4304029454646245 0 0.3124999999999999 0.3934676484882081 0 0.3125000000000001 0.4119352969764163 0 0.3438750500400399 0.3749999999999999 0 0.3229583500133466 0.3749999999999999 0 0.3334167000266933 0.3750000000000001 0 0.3125000000000001 0.4304029454646245 0 0.3307343564648512 0.3934676484882081 0 0.3204321630097193 0.4119352969764163 0 0.65612494995996 0.3749999999999999 0 0.6875000000000001 0.4304029454646245 0 0.6692656435351487 0.3934676484882081 0 0.6795678369902809 0.4119352969764163 0 0.6874999999999999 0.3749999999999999 0 0.6665832999733066 0.3749999999999999 0 0.6770416499866535 0.3750000000000001 0 0.6875000000000001 0.4304029454646245 0 0.6874999999999999 0.3934676484882081 0 0.6875000000000001 0.4119352969764163 0 0.6874999999999999 0.3749999999999999 0 0.6875000000000001 0.4304029454646245 0 0.6874999999999999 0.3934676484882081 0 0.6875000000000001 0.4119352969764163 0 0.7499999999999999 0.3749999999999999 0 0.7083333333333333 0.3749999999999999 0 0.7291666666666667 0.3750000000000001 0 0.7500000000000001 0.4304029454646245 0 0.7499999999999999 0.3934676484882081 0 0.7500000000000001 0.4119352969764163 0 0.6874999999999999 0.4304029454646244 0 0.6899835519196333 0.4374999999999999 0 0.6883612033556085 0.4327686303097495 0 0.6891889080511143 0.4351343151548749 0 0.7500000000000001 0.4375000000000001 0 0.7099890346130888 0.4374999999999999 0 0.7299945173065446 0.4375000000000001 0 0.7499999999999999 0.4304029454646244 0 0.7499999999999999 0.4327686303097495 0 0.7500000000000001 0.4351343151548749 0 0.25 0.5624999999999999 0 0.25 0.5695970545353757 0 0.2499999999999999 0.5648656848451251 0 0.2500000000000001 0.5672313696902505 0 0.3100164480803665 0.5624999999999999 0 0.2700054826934555 0.5624999999999999 0 0.2900109653869111 0.5625000000000001 0 0.3125000000000001 0.5695970545353757 0 0.3108110919488858 0.5648656848451251 0 0.3116387966443915 0.5672313696902505 0 0.25 0.5695970545353755 0 0.25 0.6249999999999999 0 0.2499999999999999 0.5880647030235836 0 0.2500000000000001 0.606532351511792 0 0.3125000000000001 0.6250000000000001 0 0.2708333333333333 0.6249999999999999 0 0.2916666666666667 0.6250000000000001 0 0.3124999999999999 0.5695970545353755 0 0.3124999999999999 0.5880647030235836 0 0.3125000000000001 0.606532351511792 0 0.3124999999999999 0.5695970545353755 0 0.3124999999999999 0.6249999999999999 0 0.3124999999999999 0.5880647030235836 0 0.3125000000000001 0.606532351511792 0 0.34387505004004 0.6250000000000001 0 0.3229583500133466 0.6249999999999999 0 0.3334167000266933 0.6250000000000001 0 0.3124999999999999 0.5695970545353755 0 0.3204321630097192 0.5880647030235836 0 0.3307343564648513 0.606532351511792 0 0.6874999999999999 0.5695970545353755 0 0.65612494995996 0.6249999999999999 0 0.6795678369902807 0.5880647030235836 0 0.6692656435351489 0.606532351511792 0 0.6875000000000001 0.6250000000000001 0 0.6665832999733066 0.6249999999999999 0 0.6770416499866535 0.6250000000000001 0 0.6874999999999999 0.5695970545353755 0 0.6874999999999999 0.5880647030235836 0 0.6875000000000001 0.606532351511792 0 0.6899835519196333 0.5624999999999999 0 0.6875000000000001 0.5695970545353757 0 0.6891889080511141 0.5648656848451251 0 0.6883612033556087 0.5672313696902505 0 0.7499999999999999 0.5624999999999999 0 0.7099890346130888 0.5624999999999999 0 0.7299945173065446 0.5625000000000001 0 0.7500000000000001 0.5695970545353757 0 0.7499999999999999 0.5648656848451251 0 0.7500000000000001 0.5672313696902505 0 0.6874999999999999 0.5695970545353755 0 0.6874999999999999 0.6249999999999999 0 0.6874999999999999 0.5880647030235836 0 0.6875000000000001 0.606532351511792 0 0.7500000000000001 0.6250000000000001 0 0.7083333333333333 0.6249999999999999 0 0.7291666666666667 0.6250000000000001 0 0.7499999999999999 0.5695970545353755 0 0.7499999999999999 0.5880647030235836 0 0.7500000000000001 0.606532351511792 0 0.3124999999999999 0.6249999999999999 0 0.3438750500400399 0.6250000000000001 0 0.3229583500133466 0.6249999999999999 0 0.3334167000266933 0.6250000000000001 0 0.3124999999999999 0.6874999999999999 0 0.3124999999999999 0.6458333333333333 0 0.3125000000000001 0.6666666666666667 0 0.3438750500400399 0.6875000000000001 0 0.3229583500133466 0.6874999999999999 0 0.3334167000266933 0.6875000000000001 0 0.3438750500400398 0.6249999999999999 0 0.3749999999999999 0.65612494995996 0 0.3542500333600265 0.6369560047038707 0 0.3646250166800133 0.6472196110955106 0 0.3750000000000001 0.6875000000000001 0 0.3749999999999999 0.6665832999733067 0 0.3750000000000001 0.6770416499866535 0 0.3438750500400398 0.6874999999999999 0 0.3542500333600265 0.6874999999999999 0 0.3646250166800133 0.6875000000000001 0 0.3749999999999999 0.65612494995996 0 0.4304029454646245 0.6875000000000001 0 0.3934676484882081 0.6692656435351487 0 0.4119352969764163 0.6795678369902809 0 0.3749999999999999 0.6874999999999999 0 0.3749999999999999 0.6665832999733066 0 0.3750000000000001 0.6770416499866535 0 0.4304029454646245 0.6875000000000001 0 0.3934676484882081 0.6874999999999999 0 0.4119352969764163 0.6875000000000001 0 0.5695970545353753 0.6874999999999999 0 0.6249999999999999 0.65612494995996 0 0.5880647030235836 0.6795678369902807 0 0.606532351511792 0.6692656435351489 0 0.6250000000000001 0.6875000000000001 0 0.6249999999999999 0.6665832999733066 0 0.6250000000000001 0.6770416499866535 0 0.5695970545353753 0.6874999999999999 0 0.5880647030235836 0.6874999999999999 0 0.606532351511792 0.6875000000000001 0 0.6249999999999999 0.65612494995996 0 0.6561249499599603 0.6250000000000001 0 0.6353749833199867 0.6472196110955104 0 0.6457499666399735 0.6369560047038709 0 0.6249999999999999 0.6874999999999999 0 0.6249999999999999 0.6665832999733067 0 0.6250000000000001 0.6770416499866535 0 0.6561249499599603 0.6875000000000001 0 0.6353749833199867 0.6874999999999999 0 0.6457499666399735 0.6875000000000001 0 0.6561249499599601 0.6249999999999999 0 0.6874999999999999 0.6249999999999999 0 0.6665832999733067 0.6249999999999999 0 0.6770416499866535 0.6250000000000001 0 0.6875000000000001 0.6875000000000001 0 0.6874999999999999 0.6458333333333333 0 0.6875000000000001 0.6666666666666667 0 0.6561249499599601 0.6874999999999999 0 0.6665832999733067 0.6874999999999999 0 0.6770416499866535 0.6875000000000001 0 0.3749999999999999 0.6874999999999999 0 0.4304029454646245 0.6875000000000001 0 0.3934676484882081 0.6874999999999999 0 0.4119352969764163 0.6875000000000001 0 0.3749999999999999 0.7499999999999999 0 0.3749999999999999 0.7083333333333333 0 0.3750000000000001 0.7291666666666667 0 0.4304029454646245 0.7500000000000001 0 0.3934676484882081 0.7499999999999999 0 0.4119352969764163 0.7500000000000001 0 0.4304029454646244 0.6874999999999999 0 0.4374999999999999 0.6899835519196332 0 0.4327686303097496 0.6883612033556085 0 0.4351343151548749 0.6891889080511143 0 0.4375000000000001 0.7500000000000001 0 0.4374999999999999 0.7099890346130888 0 0.4375000000000001 0.7299945173065445 0 0.4304029454646244 0.7499999999999999 0 0.4327686303097496 0.7499999999999999 0 0.4351343151548749 0.7500000000000001 0 0.5624999999999999 0.6899835519196332 0 0.5695970545353756 0.6875000000000001 0 0.564865684845125 0.6891889080511141 0 0.5672313696902505 0.6883612033556087 0 0.5624999999999999 0.7499999999999999 0 0.5624999999999999 0.7099890346130888 0 0.5625000000000001 0.7299945173065445 0 0.5695970545353756 0.7500000000000001 0 0.564865684845125 0.7499999999999999 0 0.5672313696902505 0.7500000000000001 0 0.5695970545353753 0.6874999999999999 0 0.6249999999999999 0.6874999999999999 0 0.5880647030235836 0.6874999999999999 0 0.606532351511792 0.6875000000000001 0 0.6250000000000001 0.7500000000000001 0 0.6249999999999999 0.7083333333333333 0 0.6250000000000001 0.7291666666666667 0 0.5695970545353753 0.7499999999999999 0 0.5880647030235836 0.7499999999999999 0 0.606532351511792 0.7500000000000001 0 0.4374999999999999 0.25 0 0.4374999999999999 0.3100164480803665 0 0.4374999999999999 0.2700054826934555 0 0.4375000000000001 0.2900109653869111 0 0.4999999999999999 0.25 0 0.4583333333333333 0.2499999999999999 0 0.4791666666666668 0.2500000000000001 0 0.5 0.2999999999999999 0 0.4583333333333333 0.3043884234282415 0 0.4791666666666668 0.3010880289619998 0 0.4999999999999999 0.2666666666666666 0 0.5000000000000001 0.2833333333333333 0 0.4999999999999999 0.25 0 0.4999999999999999 0.2999999999999998 0 0.4999999999999999 0.2666666666666666 0 0.5000000000000001 0.2833333333333333 0 0.5624999999999999 0.25 0 0.5208333333333333 0.2499999999999999 0 0.5416666666666667 0.2500000000000001 0 0.5625000000000001 0.3100164480803666 0 0.5208333333333333 0.3010880289619997 0 0.5416666666666667 0.3043884234282416 0 0.5624999999999999 0.2700054826934555 0 0.5625000000000001 0.2900109653869111 0 0.25 0.4374999999999999 0 0.25 0.4999999999999999 0 0.2499999999999999 0.4583333333333333 0 0.2500000000000001 0.4791666666666668 0 0.3100164480803665 0.4374999999999999 0 0.2700054826934555 0.4374999999999999 0 0.2900109653869111 0.4375000000000001 0 0.3 0.5 0 0.2666666666666666 0.4999999999999999 0 0.2833333333333333 0.5000000000000001 0 0.3043884234282415 0.4583333333333333 0 0.3010880289619998 0.4791666666666668 0 0.6899835519196333 0.4374999999999999 0 0.7 0.4999999999999999 0 0.6956115765717584 0.4583333333333333 0 0.6989119710380004 0.4791666666666668 0 0.7499999999999999 0.4374999999999999 0 0.7099890346130888 0.4374999999999999 0 0.7299945173065446 0.4375000000000001 0 0.7500000000000001 0.5 0 0.7166666666666667 0.4999999999999999 0 0.7333333333333335 0.5000000000000001 0 0.7499999999999999 0.4583333333333333 0 0.7500000000000001 0.4791666666666668 0 0.25 0.4999999999999999 0 0.25 0.5624999999999999 0 0.2499999999999999 0.5208333333333333 0 0.2500000000000001 0.5416666666666667 0 0.2999999999999999 0.4999999999999999 0 0.2666666666666666 0.4999999999999999 0 0.2833333333333333 0.5000000000000001 0 0.3100164480803667 0.5625000000000001 0 0.2700054826934555 0.5624999999999999 0 0.2900109653869111 0.5625000000000001 0 0.3010880289619997 0.5208333333333333 0 0.3043884234282416 0.5416666666666667 0 0.7 0.4999999999999999 0 0.6899835519196333 0.5624999999999999 0 0.6989119710380002 0.5208333333333333 0 0.6956115765717586 0.5416666666666667 0 0.7499999999999999 0.4999999999999999 0 0.7166666666666667 0.4999999999999999 0 0.7333333333333335 0.5000000000000001 0 0.7500000000000001 0.5625000000000001 0 0.7099890346130888 0.5624999999999999 0 0.7299945173065446 0.5625000000000001 0 0.7499999999999999 0.5208333333333333 0 0.7500000000000001 0.5416666666666667 0 0.4374999999999999 0.6899835519196332 0 0.4374999999999999 0.7499999999999999 0 0.4374999999999999 0.7099890346130888 0 0.4375000000000001 0.7299945173065445 0 0.4999999999999999 0.7 0 0.4583333333333333 0.6956115765717583 0 0.4791666666666668 0.6989119710380004 0 0.5 0.7500000000000001 0 0.4583333333333333 0.7499999999999999 0 0.4791666666666668 0.7500000000000001 0 0.4999999999999999 0.7166666666666666 0 0.5000000000000001 0.7333333333333335 0 0.4999999999999999 0.7 0 0.4999999999999999 0.7499999999999999 0 0.4999999999999999 0.7166666666666666 0 0.5000000000000001 0.7333333333333335 0 0.5624999999999999 0.6899835519196332 0 0.5208333333333333 0.6989119710380002 0 0.5416666666666667 0.6956115765717585 0 0.5625000000000001 0.7500000000000001 0 0.5208333333333333 0.7499999999999999 0 0.5416666666666667 0.7500000000000001 0 0.5624999999999999 0.7099890346130888 0 0.5625000000000001 0.7299945173065445 0 -5.782411586589356e-19 0 0 -5.782411586589356e-19 0.06249999999999999 0 0 0.02083333333333333 0 0 0.04166666666666667 0 0.06249999999999999 -5.782411586589356e-19 0 0.02083333333333333 0 0 0.04166666666666667 0 0 0.0625 0.0625 0 0.02083333333333333 0.06249999999999999 0 0.04166666666666667 0.06250000000000001 0 0.06249999999999999 0.02083333333333333 0 0.06250000000000001 0.04166666666666667 0 0.06249999999999999 0 0 0.06249999999999999 0.06249999999999999 0 0.06249999999999999 0.02083333333333333 0 0.06250000000000001 0.04166666666666667 0 0.125 -5.782411586589356e-19 0 0.08333333333333331 0 0 0.1041666666666667 0 0 0.125 0.0625 0 0.08333333333333331 0.06249999999999999 0 0.1041666666666667 0.06250000000000001 0 0.125 0.02083333333333333 0 0.125 0.04166666666666667 0 0.125 0 0 0.125 0.06249999999999999 0 0.125 0.02083333333333333 0 0.125 0.04166666666666667 0 0.1875 -5.782411586589356e-19 0 0.1458333333333333 0 0 0.1666666666666667 0 0 0.1875 0.0625 0 0.1458333333333333 0.06249999999999999 0 0.1666666666666667 0.06250000000000001 0 0.1875 0.02083333333333333 0 0.1875 0.04166666666666667 0 0.1875 0 0 0.1875 0.06249999999999999 0 0.1875 0.02083333333333333 0 0.1875 0.04166666666666667 0 0.25 -5.782411586589356e-19 0 0.2083333333333333 0 0 0.2291666666666667 0 0 0.25 0.0625 0 0.2083333333333333 0.06249999999999999 0 0.2291666666666667 0.06250000000000001 0 0.2499999999999999 0.02083333333333333 0 0.2500000000000001 0.04166666666666667 0 0.25 0 0 0.25 0.06249999999999999 0 0.2499999999999999 0.02083333333333333 0 0.2500000000000001 0.04166666666666667 0 0.3124999999999999 -5.782411586589356e-19 0 0.2708333333333333 0 0 0.2916666666666667 0 0 0.3125000000000001 0.0625 0 0.2708333333333333 0.06249999999999999 0 0.2916666666666667 0.06250000000000001 0 0.3124999999999999 0.02083333333333333 0 0.3125000000000001 0.04166666666666667 0 0.3124999999999999 0 0 0.3124999999999999 0.06249999999999999 0 0.3124999999999999 0.02083333333333333 0 0.3125000000000001 0.04166666666666667 0 0.3749999999999999 -5.782411586589356e-19 0 0.3333333333333333 0 0 0.3541666666666667 0 0 0.3750000000000001 0.0625 0 0.3333333333333333 0.06249999999999999 0 0.3541666666666667 0.06250000000000001 0 0.3749999999999999 0.02083333333333333 0 0.3750000000000001 0.04166666666666667 0 0.3749999999999999 0 0 0.3749999999999999 0.06249999999999999 0 0.3749999999999999 0.02083333333333333 0 0.3750000000000001 0.04166666666666667 0 0.4374999999999999 -5.782411586589356e-19 0 0.3958333333333333 0 0 0.4166666666666667 0 0 0.4375000000000001 0.0625 0 0.3958333333333333 0.06249999999999999 0 0.4166666666666667 0.06250000000000001 0 0.4374999999999999 0.02083333333333333 0 0.4375000000000001 0.04166666666666667 0 0.4374999999999999 0 0 0.4374999999999999 0.06249999999999999 0 0.4374999999999999 0.02083333333333333 0 0.4375000000000001 0.04166666666666667 0 0.4999999999999999 -5.782411586589356e-19 0 0.4583333333333333 0 0 0.4791666666666668 0 0 0.5 0.0625 0 0.4583333333333333 0.06249999999999999 0 0.4791666666666668 0.06250000000000001 0 0.4999999999999999 0.02083333333333333 0 0.5000000000000001 0.04166666666666667 0 0.4999999999999999 0 0 0.4999999999999999 0.06249999999999999 0 0.4999999999999999 0.02083333333333333 0 0.5000000000000001 0.04166666666666667 0 0.5624999999999999 -5.782411586589356e-19 0 0.5208333333333333 0 0 0.5416666666666667 0 0 0.5625000000000001 0.0625 0 0.5208333333333333 0.06249999999999999 0 0.5416666666666667 0.06250000000000001 0 0.5624999999999999 0.02083333333333333 0 0.5625000000000001 0.04166666666666667 0 0.5624999999999999 0 0 0.5624999999999999 0.06249999999999999 0 0.5624999999999999 0.02083333333333333 0 0.5625000000000001 0.04166666666666667 0 0.6249999999999999 -5.782411586589356e-19 0 0.5833333333333333 0 0 0.6041666666666667 0 0 0.6250000000000001 0.0625 0 0.5833333333333333 0.06249999999999999 0 0.6041666666666667 0.06250000000000001 0 0.6249999999999999 0.02083333333333333 0 0.6250000000000001 0.04166666666666667 0 0.6249999999999999 0 0 0.6249999999999999 0.06249999999999999 0 0.6249999999999999 0.02083333333333333 0 0.6250000000000001 0.04166666666666667 0 0.6874999999999999 -5.782411586589356e-19 0 0.6458333333333333 0 0 0.6666666666666667 0 0 0.6875000000000001 0.0625 0 0.6458333333333333 0.06249999999999999 0 0.6666666666666667 0.06250000000000001 0 0.6874999999999999 0.02083333333333333 0 0.6875000000000001 0.04166666666666667 0 0.6874999999999999 0 0 0.6874999999999999 0.06249999999999999 0 0.6874999999999999 0.02083333333333333 0 0.6875000000000001 0.04166666666666667 0 0.7499999999999999 -5.782411586589356e-19 0 0.7083333333333333 0 0 0.7291666666666667 0 0 0.7500000000000001 0.0625 0 0.7083333333333333 0.06249999999999999 0 0.7291666666666667 0.06250000000000001 0 0.7499999999999999 0.02083333333333333 0 0.7500000000000001 0.04166666666666667 0 0.7499999999999999 0 0 0.7499999999999999 0.06249999999999999 0 0.7499999999999999 0.02083333333333333 0 0.7500000000000001 0.04166666666666667 0 0.8124999999999999 -5.782411586589356e-19 0 0.7708333333333333 0 0 0.7916666666666667 0 0 0.8125000000000001 0.0625 0 0.7708333333333333 0.06249999999999999 0 0.7916666666666667 0.06250000000000001 0 0.8124999999999999 0.02083333333333333 0 0.8125000000000002 0.04166666666666667 0 0.8124999999999999 0 0 0.8124999999999999 0.06249999999999999 0 0.8124999999999999 0.02083333333333333 0 0.8125000000000002 0.04166666666666667 0 0.8749999999999999 -5.782411586589356e-19 0 0.8333333333333333 0 0 0.8541666666666669 0 0 0.8750000000000001 0.0625 0 0.8333333333333333 0.06249999999999999 0 0.8541666666666669 0.06250000000000001 0 0.8749999999999999 0.02083333333333333 0 0.8750000000000002 0.04166666666666667 0 0.8749999999999999 0 0 0.8749999999999999 0.06249999999999999 0 0.8749999999999999 0.02083333333333333 0 0.8750000000000002 0.04166666666666667 0 0.9374999999999999 -5.782411586589356e-19 0 0.8958333333333333 0 0 0.9166666666666669 0 0 0.9375000000000001 0.0625 0 0.8958333333333333 0.06249999999999999 0 0.9166666666666669 0.06250000000000001 0 0.9374999999999999 0.02083333333333333 0 0.9375000000000002 0.04166666666666667 0 0.9374999999999999 0 0 0.9374999999999999 0.06249999999999999 0 0.9374999999999999 0.02083333333333333 0 0.9375000000000002 0.04166666666666667 0 0.9999999999999999 -5.782411586589356e-19 0 0.9583333333333333 0 0 0.9791666666666669 0 0 1 0.0625 0 0.9583333333333333 0.06249999999999999 0 0.9791666666666669 0.06250000000000001 0 0.9999999999999998 0.02083333333333333 0 1 0.04166666666666667 0 -5.782411586589356e-19 0.06249999999999999 0 -5.782411586589356e-19 0.125 0 0 0.08333333333333331 0 0 0.1041666666666667 0 0.06249999999999999 0.06249999999999999 0 0.02083333333333333 0.06249999999999999 0 0.04166666666666667 0.06250000000000001 0 0.0625 0.125 0 0.02083333333333333 0.125 0 0.04166666666666667 0.125 0 0.06249999999999999 0.08333333333333331 0 0.06250000000000001 0.1041666666666667 0 0.06249999999999999 0.06249999999999999 0 0.06249999999999999 0.125 0 0.06249999999999999 0.08333333333333331 0 0.06250000000000001 0.1041666666666667 0 0.125 0.06249999999999999 0 0.08333333333333331 0.06249999999999999 0 0.1041666666666667 0.06250000000000001 0 0.125 0.125 0 0.08333333333333331 0.125 0 0.1041666666666667 0.125 0 0.125 0.08333333333333331 0 0.125 0.1041666666666667 0 0.125 0.06249999999999999 0 0.125 0.125 0 0.125 0.08333333333333331 0 0.125 0.1041666666666667 0 0.1875 0.06249999999999999 0 0.1458333333333333 0.06249999999999999 0 0.1666666666666667 0.06250000000000001 0 0.1875 0.125 0 0.1458333333333333 0.125 0 0.1666666666666667 0.125 0 0.1875 0.08333333333333331 0 0.1875 0.1041666666666667 0 0.1875 0.06249999999999999 0 0.1875 0.125 0 0.1875 0.08333333333333331 0 0.1875 0.1041666666666667 0 0.25 0.06249999999999999 0 0.2083333333333333 0.06249999999999999 0 0.2291666666666667 0.06250000000000001 0 0.25 0.125 0 0.2083333333333333 0.125 0 0.2291666666666667 0.125 0 0.2499999999999999 0.08333333333333331 0 0.2500000000000001 0.1041666666666667 0 0.25 0.06249999999999999 0 0.25 0.125 0 0.2499999999999999 0.08333333333333331 0 0.2500000000000001 0.1041666666666667 0 0.3124999999999999 0.06249999999999999 0 0.2708333333333333 0.06249999999999999 0 0.2916666666666667 0.06250000000000001 0 0.3125000000000001 0.125 0 0.2708333333333333 0.125 0 0.2916666666666667 0.125 0 0.3124999999999999 0.08333333333333331 0 0.3125000000000001 0.1041666666666667 0 0.3124999999999999 0.06249999999999999 0 0.3124999999999999 0.125 0 0.3124999999999999 0.08333333333333331 0 0.3125000000000001 0.1041666666666667 0 0.3749999999999999 0.06249999999999999 0 0.3333333333333333 0.06249999999999999 0 0.3541666666666667 0.06250000000000001 0 0.3750000000000001 0.125 0 0.3333333333333333 0.125 0 0.3541666666666667 0.125 0 0.3749999999999999 0.08333333333333331 0 0.3750000000000001 0.1041666666666667 0 0.3749999999999999 0.06249999999999999 0 0.3749999999999999 0.125 0 0.3749999999999999 0.08333333333333331 0 0.3750000000000001 0.1041666666666667 0 0.4374999999999999 0.06249999999999999 0 0.3958333333333333 0.06249999999999999 0 0.4166666666666667 0.06250000000000001 0 0.4375000000000001 0.125 0 0.3958333333333333 0.125 0 0.4166666666666667 0.125 0 0.4374999999999999 0.08333333333333331 0 0.4375000000000001 0.1041666666666667 0 0.4374999999999999 0.06249999999999999 0 0.4374999999999999 0.125 0 0.4374999999999999 0.08333333333333331 0 0.4375000000000001 0.1041666666666667 0 0.4999999999999999 0.06249999999999999 0 0.4583333333333333 0.06249999999999999 0 0.4791666666666668 0.06250000000000001 0 0.5 0.125 0 0.4583333333333333 0.125 0 0.4791666666666668 0.125 0 0.4999999999999999 0.08333333333333331 0 0.5000000000000001 0.1041666666666667 0 0.4999999999999999 0.06249999999999999 0 0.4999999999999999 0.125 0 0.4999999999999999 0.08333333333333331 0 0.5000000000000001 0.1041666666666667 0 0.5624999999999999 0.06249999999999999 0 0.5208333333333333 0.06249999999999999 0 0.5416666666666667 0.06250000000000001 0 0.5625000000000001 0.125 0 0.5208333333333333 0.125 0 0.5416666666666667 0.125 0 0.5624999999999999 0.08333333333333331 0 0.5625000000000001 0.1041666666666667 0 0.5624999999999999 0.06249999999999999 0 0.5624999999999999 0.125 0 0.5624999999999999 0.08333333333333331 0 0.5625000000000001 0.1041666666666667 0 0.6249999999999999 0.06249999999999999 0 0.5833333333333333 0.06249999999999999 0 0.6041666666666667 0.06250000000000001 0 0.6250000000000001 0.125 0 0.5833333333333333 0.125 0 0.6041666666666667 0.125 0 0.6249999999999999 0.08333333333333331 0 0.6250000000000001 0.1041666666666667 0 0.6249999999999999 0.06249999999999999 0 0.6249999999999999 0.125 0 0.6249999999999999 0.08333333333333331 0 0.6250000000000001 0.1041666666666667 0 0.6874999999999999 0.06249999999999999 0 0.6458333333333333 0.06249999999999999 0 0.6666666666666667 0.06250000000000001 0 0.6875000000000001 0.125 0 0.6458333333333333 0.125 0 0.6666666666666667 0.125 0 0.6874999999999999 0.08333333333333331 0 0.6875000000000001 0.1041666666666667 0 0.6874999999999999 0.06249999999999999 0 0.6874999999999999 0.125 0 0.6874999999999999 0.08333333333333331 0 0.6875000000000001 0.1041666666666667 0 0.7499999999999999 0.06249999999999999 0 0.7083333333333333 0.06249999999999999 0 0.7291666666666667 0.06250000000000001 0 0.7500000000000001 0.125 0 0.7083333333333333 0.125 0 0.7291666666666667 0.125 0 0.7499999999999999 0.08333333333333331 0 0.7500000000000001 0.1041666666666667 0 0.7499999999999999 0.06249999999999999 0 0.7499999999999999 0.125 0 0.7499999999999999 0.08333333333333331 0 0.7500000000000001 0.1041666666666667 0 0.8124999999999999 0.06249999999999999 0 0.7708333333333333 0.06249999999999999 0 0.7916666666666667 0.06250000000000001 0 0.8125000000000001 0.125 0 0.7708333333333333 0.125 0 0.7916666666666667 0.125 0 0.8124999999999999 0.08333333333333331 0 0.8125000000000002 0.1041666666666667 0 0.8124999999999999 0.06249999999999999 0 0.8124999999999999 0.125 0 0.8124999999999999 0.08333333333333331 0 0.8125000000000002 0.1041666666666667 0 0.8749999999999999 0.06249999999999999 0 0.8333333333333333 0.06249999999999999 0 0.8541666666666669 0.06250000000000001 0 0.8750000000000001 0.125 0 0.8333333333333333 0.125 0 0.8541666666666669 0.125 0 0.8749999999999999 0.08333333333333331 0 0.8750000000000002 0.1041666666666667 0 0.8749999999999999 0.06249999999999999 0 0.8749999999999999 0.125 0 0.8749999999999999 0.08333333333333331 0 0.8750000000000002 0.1041666666666667 0 0.9374999999999999 0.06249999999999999 0 0.8958333333333333 0.06249999999999999 0 0.9166666666666669 0.06250000000000001 0 0.9375000000000001 0.125 0 0.8958333333333333 0.125 0 0.9166666666666669 0.125 0 0.9374999999999999 0.08333333333333331 0 0.9375000000000002 0.1041666666666667 0 0.9374999999999999 0.06249999999999999 0 0.9374999999999999 0.125 0 0.9374999999999999 0.08333333333333331 0 0.9375000000000002 0.1041666666666667 0 0.9999999999999999 0.06249999999999999 0 0.9583333333333333 0.06249999999999999 0 0.9791666666666669 0.06250000000000001 0 1 0.125 0 0.9583333333333333 0.125 0 0.9791666666666669 0.125 0 0.9999999999999998 0.08333333333333331 0 1 0.1041666666666667 0 -5.782411586589356e-19 0.125 0 -5.782411586589356e-19 0.1875 0 0 0.1458333333333333 0 0 0.1666666666666667 0 0.06249999999999999 0.125 0 0.02083333333333333 0.125 0 0.04166666666666667 0.125 0 0.0625 0.1875 0 0.02083333333333333 0.1875 0 0.04166666666666667 0.1875 0 0.06249999999999999 0.1458333333333333 0 0.06250000000000001 0.1666666666666667 0 0.06249999999999999 0.125 0 0.06249999999999999 0.1875 0 0.06249999999999999 0.1458333333333333 0 0.06250000000000001 0.1666666666666667 0 0.125 0.125 0 0.08333333333333331 0.125 0 0.1041666666666667 0.125 0 0.125 0.1875 0 0.08333333333333331 0.1875 0 0.1041666666666667 0.1875 0 0.125 0.1458333333333333 0 0.125 0.1666666666666667 0 0.125 0.125 0 0.125 0.1875 0 0.125 0.1458333333333333 0 0.125 0.1666666666666667 0 0.1875 0.125 0 0.1458333333333333 0.125 0 0.1666666666666667 0.125 0 0.1875 0.1875 0 0.1458333333333333 0.1875 0 0.1666666666666667 0.1875 0 0.1875 0.1458333333333333 0 0.1875 0.1666666666666667 0 0.1875 0.125 0 0.1875 0.1875 0 0.1875 0.1458333333333333 0 0.1875 0.1666666666666667 0 0.25 0.125 0 0.2083333333333333 0.125 0 0.2291666666666667 0.125 0 0.25 0.1875 0 0.2083333333333333 0.1875 0 0.2291666666666667 0.1875 0 0.2499999999999999 0.1458333333333333 0 0.2500000000000001 0.1666666666666667 0 0.25 0.125 0 0.25 0.1875 0 0.2499999999999999 0.1458333333333333 0 0.2500000000000001 0.1666666666666667 0 0.3124999999999999 0.125 0 0.2708333333333333 0.125 0 0.2916666666666667 0.125 0 0.3125000000000001 0.1875 0 0.2708333333333333 0.1875 0 0.2916666666666667 0.1875 0 0.3124999999999999 0.1458333333333333 0 0.3125000000000001 0.1666666666666667 0 0.3124999999999999 0.125 0 0.3124999999999999 0.1875 0 0.3124999999999999 0.1458333333333333 0 0.3125000000000001 0.1666666666666667 0 0.3749999999999999 0.125 0 0.3333333333333333 0.125 0 0.3541666666666667 0.125 0 0.3750000000000001 0.1875 0 0.3333333333333333 0.1875 0 0.3541666666666667 0.1875 0 0.3749999999999999 0.1458333333333333 0 0.3750000000000001 0.1666666666666667 0 0.3749999999999999 0.125 0 0.3749999999999999 0.1875 0 0.3749999999999999 0.1458333333333333 0 0.3750000000000001 0.1666666666666667 0 0.4374999999999999 0.125 0 0.3958333333333333 0.125 0 0.4166666666666667 0.125 0 0.4375000000000001 0.1875 0 0.3958333333333333 0.1875 0 0.4166666666666667 0.1875 0 0.4374999999999999 0.1458333333333333 0 0.4375000000000001 0.1666666666666667 0 0.4374999999999999 0.125 0 0.4374999999999999 0.1875 0 0.4374999999999999 0.1458333333333333 0 0.4375000000000001 0.1666666666666667 0 0.4999999999999999 0.125 0 0.4583333333333333 0.125 0 0.4791666666666668 0.125 0 0.5 0.1875 0 0.4583333333333333 0.1875 0 0.4791666666666668 0.1875 0 0.4999999999999999 0.1458333333333333 0 0.5000000000000001 0.1666666666666667 0 0.4999999999999999 0.125 0 0.4999999999999999 0.1875 0 0.4999999999999999 0.1458333333333333 0 0.5000000000000001 0.1666666666666667 0 0.5624999999999999 0.125 0 0.5208333333333333 0.125 0 0.5416666666666667 0.125 0 0.5625000000000001 0.1875 0 0.5208333333333333 0.1875 0 0.5416666666666667 0.1875 0 0.5624999999999999 0.1458333333333333 0 0.5625000000000001 0.1666666666666667 0 0.5624999999999999 0.125 0 0.5624999999999999 0.1875 0 0.5624999999999999 0.1458333333333333 0 0.5625000000000001 0.1666666666666667 0 0.6249999999999999 0.125 0 0.5833333333333333 0.125 0 0.6041666666666667 0.125 0 0.6250000000000001 0.1875 0 0.5833333333333333 0.1875 0 0.6041666666666667 0.1875 0 0.6249999999999999 0.1458333333333333 0 0.6250000000000001 0.1666666666666667 0 0.6249999999999999 0.125 0 0.6249999999999999 0.1875 0 0.6249999999999999 0.1458333333333333 0 0.6250000000000001 0.1666666666666667 0 0.6874999999999999 0.125 0 0.6458333333333333 0.125 0 0.6666666666666667 0.125 0 0.6875000000000001 0.1875 0 0.6458333333333333 0.1875 0 0.6666666666666667 0.1875 0 0.6874999999999999 0.1458333333333333 0 0.6875000000000001 0.1666666666666667 0 0.6874999999999999 0.125 0 0.6874999999999999 0.1875 0 0.6874999999999999 0.1458333333333333 0 0.6875000000000001 0.1666666666666667 0 0.7499999999999999 0.125 0 0.7083333333333333 0.125 0 0.7291666666666667 0.125 0 0.7500000000000001 0.1875 0 0.7083333333333333 0.1875 0 0.7291666666666667 0.1875 0 0.7499999999999999 0.1458333333333333 0 0.7500000000000001 0.1666666666666667 0 0.7499999999999999 0.125 0 0.7499999999999999 0.1875 0 0.7499999999999999 0.1458333333333333 0 0.7500000000000001 0.1666666666666667 0 0.8124999999999999 0.125 0 0.7708333333333333 0.125 0 0.7916666666666667 0.125 0 0.8125000000000001 0.1875 0 0.7708333333333333 0.1875 0 0.7916666666666667 0.1875 0 0.8124999999999999 0.1458333333333333 0 0.8125000000000002 0.1666666666666667 0 0.8124999999999999 0.125 0 0.8124999999999999 0.1875 0 0.8124999999999999 0.1458333333333333 0 0.8125000000000002 0.1666666666666667 0 0.8749999999999999 0.125 0 0.8333333333333333 0.125 0 0.8541666666666669 0.125 0 0.8750000000000001 0.1875 0 0.8333333333333333 0.1875 0 0.8541666666666669 0.1875 0 0.8749999999999999 0.1458333333333333 0 0.8750000000000002 0.1666666666666667 0 0.8749999999999999 0.125 0 0.8749999999999999 0.1875 0 0.8749999999999999 0.1458333333333333 0 0.8750000000000002 0.1666666666666667 0 0.9374999999999999 0.125 0 0.8958333333333333 0.125 0 0.9166666666666669 0.125 0 0.9375000000000001 0.1875 0 0.8958333333333333 0.1875 0 0.9166666666666669 0.1875 0 0.9374999999999999 0.1458333333333333 0 0.9375000000000002 0.1666666666666667 0 0.9374999999999999 0.125 0 0.9374999999999999 0.1875 0 0.9374999999999999 0.1458333333333333 0 0.9375000000000002 0.1666666666666667 0 0.9999999999999999 0.125 0 0.9583333333333333 0.125 0 0.9791666666666669 0.125 0 1 0.1875 0 0.9583333333333333 0.1875 0 0.9791666666666669 0.1875 0 0.9999999999999998 0.1458333333333333 0 1 0.1666666666666667 0 -5.782411586589356e-19 0.1875 0 -5.782411586589356e-19 0.25 0 0 0.2083333333333333 0 0 0.2291666666666667 0 0.06249999999999999 0.1875 0 0.02083333333333333 0.1875 0 0.04166666666666667 0.1875 0 0.0625 0.25 0 0.02083333333333333 0.2499999999999999 0 0.04166666666666667 0.2500000000000001 0 0.06249999999999999 0.2083333333333333 0 0.06250000000000001 0.2291666666666667 0 0.06249999999999999 0.1875 0 0.06249999999999999 0.25 0 0.06249999999999999 0.2083333333333333 0 0.06250000000000001 0.2291666666666667 0 0.125 0.1875 0 0.08333333333333331 0.1875 0 0.1041666666666667 0.1875 0 0.125 0.25 0 0.08333333333333331 0.2499999999999999 0 0.1041666666666667 0.2500000000000001 0 0.125 0.2083333333333333 0 0.125 0.2291666666666667 0 0.125 0.1875 0 0.125 0.25 0 0.125 0.2083333333333333 0 0.125 0.2291666666666667 0 0.1875 0.1875 0 0.1458333333333333 0.1875 0 0.1666666666666667 0.1875 0 0.1875 0.25 0 0.1458333333333333 0.2499999999999999 0 0.1666666666666667 0.2500000000000001 0 0.1875 0.2083333333333333 0 0.1875 0.2291666666666667 0 0.1875 0.1875 0 0.1875 0.25 0 0.1875 0.2083333333333333 0 0.1875 0.2291666666666667 0 0.25 0.1875 0 0.2083333333333333 0.1875 0 0.2291666666666667 0.1875 0 0.25 0.25 0 0.2083333333333333 0.2499999999999999 0 0.2291666666666667 0.2500000000000001 0 0.2499999999999999 0.2083333333333333 0 0.2500000000000001 0.2291666666666667 0 0.25 0.1875 0 0.25 0.25 0 0.2499999999999999 0.2083333333333333 0 0.2500000000000001 0.2291666666666667 0 0.3124999999999999 0.1875 0 0.2708333333333333 0.1875 0 0.2916666666666667 0.1875 0 0.3125000000000001 0.25 0 0.2708333333333333 0.2499999999999999 0 0.2916666666666667 0.2500000000000001 0 0.3124999999999999 0.2083333333333333 0 0.3125000000000001 0.2291666666666667 0 0.3124999999999999 0.1875 0 0.3124999999999999 0.25 0 0.3124999999999999 0.2083333333333333 0 0.3125000000000001 0.2291666666666667 0 0.3749999999999999 0.1875 0 0.3333333333333333 0.1875 0 0.3541666666666667 0.1875 0 0.3750000000000001 0.25 0 0.3333333333333333 0.2499999999999999 0 0.3541666666666667 0.2500000000000001 0 0.3749999999999999 0.2083333333333333 0 0.3750000000000001 0.2291666666666667 0 0.3749999999999999 0.1875 0 0.3749999999999999 0.25 0 0.3749999999999999 0.2083333333333333 0 0.3750000000000001 0.2291666666666667 0 0.4374999999999999 0.1875 0 0.3958333333333333 0.1875 0 0.4166666666666667 0.1875 0 0.4375000000000001 0.25 0 0.3958333333333333 0.2499999999999999 0 0.4166666666666667 0.2500000000000001 0 0.4374999999999999 0.2083333333333333 0 0.4375000000000001 0.2291666666666667 0 0.4374999999999999 0.1875 0 0.4374999999999999 0.25 0 0.4374999999999999 0.2083333333333333 0 0.4375000000000001 0.2291666666666667 0 0.4999999999999999 0.1875 0 0.4583333333333333 0.1875 0 0.4791666666666668 0.1875 0 0.5 0.25 0 0.4583333333333333 0.2499999999999999 0 0.4791666666666668 0.2500000000000001 0 0.4999999999999999 0.2083333333333333 0 0.5000000000000001 0.2291666666666667 0 0.4999999999999999 0.1875 0 0.4999999999999999 0.25 0 0.4999999999999999 0.2083333333333333 0 0.5000000000000001 0.2291666666666667 0 0.5624999999999999 0.1875 0 0.5208333333333333 0.1875 0 0.5416666666666667 0.1875 0 0.5625000000000001 0.25 0 0.5208333333333333 0.2499999999999999 0 0.5416666666666667 0.2500000000000001 0 0.5624999999999999 0.2083333333333333 0 0.5625000000000001 0.2291666666666667 0 0.5624999999999999 0.1875 0 0.5624999999999999 0.25 0 0.5624999999999999 0.2083333333333333 0 0.5625000000000001 0.2291666666666667 0 0.6249999999999999 0.1875 0 0.5833333333333333 0.1875 0 0.6041666666666667 0.1875 0 0.6250000000000001 0.25 0 0.5833333333333333 0.2499999999999999 0 0.6041666666666667 0.2500000000000001 0 0.6249999999999999 0.2083333333333333 0 0.6250000000000001 0.2291666666666667 0 0.6249999999999999 0.1875 0 0.6249999999999999 0.25 0 0.6249999999999999 0.2083333333333333 0 0.6250000000000001 0.2291666666666667 0 0.6874999999999999 0.1875 0 0.6458333333333333 0.1875 0 0.6666666666666667 0.1875 0 0.6875000000000001 0.25 0 0.6458333333333333 0.2499999999999999 0 0.6666666666666667 0.2500000000000001 0 0.6874999999999999 0.2083333333333333 0 0.6875000000000001 0.2291666666666667 0 0.6874999999999999 0.1875 0 0.6874999999999999 0.25 0 0.6874999999999999 0.2083333333333333 0 0.6875000000000001 0.2291666666666667 0 0.7499999999999999 0.1875 0 0.7083333333333333 0.1875 0 0.7291666666666667 0.1875 0 0.7500000000000001 0.25 0 0.7083333333333333 0.2499999999999999 0 0.7291666666666667 0.2500000000000001 0 0.7499999999999999 0.2083333333333333 0 0.7500000000000001 0.2291666666666667 0 0.7499999999999999 0.1875 0 0.7499999999999999 0.25 0 0.7499999999999999 0.2083333333333333 0 0.7500000000000001 0.2291666666666667 0 0.8124999999999999 0.1875 0 0.7708333333333333 0.1875 0 0.7916666666666667 0.1875 0 0.8125000000000001 0.25 0 0.7708333333333333 0.2499999999999999 0 0.7916666666666667 0.2500000000000001 0 0.8124999999999999 0.2083333333333333 0 0.8125000000000002 0.2291666666666667 0 0.8124999999999999 0.1875 0 0.8124999999999999 0.25 0 0.8124999999999999 0.2083333333333333 0 0.8125000000000002 0.2291666666666667 0 0.8749999999999999 0.1875 0 0.8333333333333333 0.1875 0 0.8541666666666669 0.1875 0 0.8750000000000001 0.25 0 0.8333333333333333 0.2499999999999999 0 0.8541666666666669 0.2500000000000001 0 0.8749999999999999 0.2083333333333333 0 0.8750000000000002 0.2291666666666667 0 0.8749999999999999 0.1875 0 0.8749999999999999 0.25 0 0.8749999999999999 0.2083333333333333 0 0.8750000000000002 0.2291666666666667 0 0.9374999999999999 0.1875 0 0.8958333333333333 0.1875 0 0.9166666666666669 0.1875 0 0.9375000000000001 0.25 0 0.8958333333333333 0.2499999999999999 0 0.9166666666666669 0.2500000000000001 0 0.9374999999999999 0.2083333333333333 0 0.9375000000000002 0.2291666666666667 0 0.9374999999999999 0.1875 0 0.9374999999999999 0.25 0 0.9374999999999999 0.2083333333333333 0 0.9375000000000002 0.2291666666666667 0 0.9999999999999999 0.1875 0 0.9583333333333333 0.1875 0 0.9791666666666669 0.1875 0 1 0.25 0 0.9583333333333333 0.2499999999999999 0 0.9791666666666669 0.2500000000000001 0 0.9999999999999998 0.2083333333333333 0 1 0.2291666666666667 0 -5.782411586589356e-19 0.25 0 -5.782411586589356e-19 0.3124999999999999 0 0 0.2708333333333333 0 0 0.2916666666666667 0 0.06249999999999999 0.25 0 0.02083333333333333 0.2499999999999999 0 0.04166666666666667 0.2500000000000001 0 0.0625 0.3125000000000001 0 0.02083333333333333 0.3124999999999999 0 0.04166666666666667 0.3125000000000001 0 0.06249999999999999 0.2708333333333333 0 0.06250000000000001 0.2916666666666667 0 0.06249999999999999 0.25 0 0.06249999999999999 0.3124999999999999 0 0.06249999999999999 0.2708333333333333 0 0.06250000000000001 0.2916666666666667 0 0.125 0.25 0 0.08333333333333331 0.2499999999999999 0 0.1041666666666667 0.2500000000000001 0 0.125 0.3125000000000001 0 0.08333333333333331 0.3124999999999999 0 0.1041666666666667 0.3125000000000001 0 0.125 0.2708333333333333 0 0.125 0.2916666666666667 0 0.125 0.25 0 0.125 0.3124999999999999 0 0.125 0.2708333333333333 0 0.125 0.2916666666666667 0 0.1875 0.25 0 0.1458333333333333 0.2499999999999999 0 0.1666666666666667 0.2500000000000001 0 0.1875 0.3125000000000001 0 0.1458333333333333 0.3124999999999999 0 0.1666666666666667 0.3125000000000001 0 0.1875 0.2708333333333333 0 0.1875 0.2916666666666667 0 0.1875 0.25 0 0.1875 0.3124999999999999 0 0.1875 0.2708333333333333 0 0.1875 0.2916666666666667 0 0.25 0.25 0 0.2083333333333333 0.2499999999999999 0 0.2291666666666667 0.2500000000000001 0 0.25 0.3125000000000001 0 0.2083333333333333 0.3124999999999999 0 0.2291666666666667 0.3125000000000001 0 0.2499999999999999 0.2708333333333333 0 0.2500000000000001 0.2916666666666667 0 0.25 0.25 0 0.25 0.3124999999999999 0 0.2499999999999999 0.2708333333333333 0 0.2500000000000001 0.2916666666666667 0 0.3124999999999999 0.25 0 0.2708333333333333 0.2499999999999999 0 0.2916666666666667 0.2500000000000001 0 0.3125000000000001 0.3125000000000001 0 0.2708333333333333 0.3124999999999999 0 0.2916666666666667 0.3125000000000001 0 0.3124999999999999 0.2708333333333333 0 0.3125000000000001 0.2916666666666667 0 0.3124999999999999 0.25 0 0.3124999999999999 0.3124999999999999 0 0.3124999999999999 0.2708333333333333 0 0.3125000000000001 0.2916666666666667 0 0.3749999999999999 0.25 0 0.3333333333333333 0.2499999999999999 0 0.3541666666666667 0.2500000000000001 0 0.3750000000000001 0.3125000000000001 0 0.3333333333333333 0.3124999999999999 0 0.3541666666666667 0.3125000000000001 0 0.3749999999999999 0.2708333333333333 0 0.3750000000000001 0.2916666666666667 0 0.6249999999999999 0.25 0 0.6249999999999999 0.3124999999999999 0 0.6249999999999999 0.2708333333333333 0 0.6250000000000001 0.2916666666666667 0 0.6874999999999999 0.25 0 0.6458333333333333 0.2499999999999999 0 0.6666666666666667 0.2500000000000001 0 0.6875000000000001 0.3125000000000001 0 0.6458333333333333 0.3124999999999999 0 0.6666666666666667 0.3125000000000001 0 0.6874999999999999 0.2708333333333333 0 0.6875000000000001 0.2916666666666667 0 0.6874999999999999 0.25 0 0.6874999999999999 0.3124999999999999 0 0.6874999999999999 0.2708333333333333 0 0.6875000000000001 0.2916666666666667 0 0.7499999999999999 0.25 0 0.7083333333333333 0.2499999999999999 0 0.7291666666666667 0.2500000000000001 0 0.7500000000000001 0.3125000000000001 0 0.7083333333333333 0.3124999999999999 0 0.7291666666666667 0.3125000000000001 0 0.7499999999999999 0.2708333333333333 0 0.7500000000000001 0.2916666666666667 0 0.7499999999999999 0.25 0 0.7499999999999999 0.3124999999999999 0 0.7499999999999999 0.2708333333333333 0 0.7500000000000001 0.2916666666666667 0 0.8124999999999999 0.25 0 0.7708333333333333 0.2499999999999999 0 0.7916666666666667 0.2500000000000001 0 0.8125000000000001 0.3125000000000001 0 0.7708333333333333 0.3124999999999999 0 0.7916666666666667 0.3125000000000001 0 0.8124999999999999 0.2708333333333333 0 0.8125000000000002 0.2916666666666667 0 0.8124999999999999 0.25 0 0.8124999999999999 0.3124999999999999 0 0.8124999999999999 0.2708333333333333 0 0.8125000000000002 0.2916666666666667 0 0.8749999999999999 0.25 0 0.8333333333333333 0.2499999999999999 0 0.8541666666666669 0.2500000000000001 0 0.8750000000000001 0.3125000000000001 0 0.8333333333333333 0.3124999999999999 0 0.8541666666666669 0.3125000000000001 0 0.8749999999999999 0.2708333333333333 0 0.8750000000000002 0.2916666666666667 0 0.8749999999999999 0.25 0 0.8749999999999999 0.3124999999999999 0 0.8749999999999999 0.2708333333333333 0 0.8750000000000002 0.2916666666666667 0 0.9374999999999999 0.25 0 0.8958333333333333 0.2499999999999999 0 0.9166666666666669 0.2500000000000001 0 0.9375000000000001 0.3125000000000001 0 0.8958333333333333 0.3124999999999999 0 0.9166666666666669 0.3125000000000001 0 0.9374999999999999 0.2708333333333333 0 0.9375000000000002 0.2916666666666667 0 0.9374999999999999 0.25 0 0.9374999999999999 0.3124999999999999 0 0.9374999999999999 0.2708333333333333 0 0.9375000000000002 0.2916666666666667 0 0.9999999999999999 0.25 0 0.9583333333333333 0.2499999999999999 0 0.9791666666666669 0.2500000000000001 0 1 0.3125000000000001 0 0.9583333333333333 0.3124999999999999 0 0.9791666666666669 0.3125000000000001 0 0.9999999999999998 0.2708333333333333 0 1 0.2916666666666667 0 -5.782411586589356e-19 0.3124999999999999 0 -5.782411586589356e-19 0.3749999999999999 0 0 0.3333333333333333 0 0 0.3541666666666667 0 0.06249999999999999 0.3124999999999999 0 0.02083333333333333 0.3124999999999999 0 0.04166666666666667 0.3125000000000001 0 0.0625 0.3750000000000001 0 0.02083333333333333 0.3749999999999999 0 0.04166666666666667 0.3750000000000001 0 0.06249999999999999 0.3333333333333333 0 0.06250000000000001 0.3541666666666667 0 0.06249999999999999 0.3124999999999999 0 0.06249999999999999 0.3749999999999999 0 0.06249999999999999 0.3333333333333333 0 0.06250000000000001 0.3541666666666667 0 0.125 0.3124999999999999 0 0.08333333333333331 0.3124999999999999 0 0.1041666666666667 0.3125000000000001 0 0.125 0.3750000000000001 0 0.08333333333333331 0.3749999999999999 0 0.1041666666666667 0.3750000000000001 0 0.125 0.3333333333333333 0 0.125 0.3541666666666667 0 0.125 0.3124999999999999 0 0.125 0.3749999999999999 0 0.125 0.3333333333333333 0 0.125 0.3541666666666667 0 0.1875 0.3124999999999999 0 0.1458333333333333 0.3124999999999999 0 0.1666666666666667 0.3125000000000001 0 0.1875 0.3750000000000001 0 0.1458333333333333 0.3749999999999999 0 0.1666666666666667 0.3750000000000001 0 0.1875 0.3333333333333333 0 0.1875 0.3541666666666667 0 0.1875 0.3124999999999999 0 0.1875 0.3749999999999999 0 0.1875 0.3333333333333333 0 0.1875 0.3541666666666667 0 0.25 0.3124999999999999 0 0.2083333333333333 0.3124999999999999 0 0.2291666666666667 0.3125000000000001 0 0.25 0.3750000000000001 0 0.2083333333333333 0.3749999999999999 0 0.2291666666666667 0.3750000000000001 0 0.2499999999999999 0.3333333333333333 0 0.2500000000000001 0.3541666666666667 0 0.25 0.3124999999999999 0 0.25 0.3749999999999999 0 0.2499999999999999 0.3333333333333333 0 0.2500000000000001 0.3541666666666667 0 0.3124999999999999 0.3124999999999999 0 0.2708333333333333 0.3124999999999999 0 0.2916666666666667 0.3125000000000001 0 0.3125000000000001 0.3750000000000001 0 0.2708333333333333 0.3749999999999999 0 0.2916666666666667 0.3750000000000001 0 0.3124999999999999 0.3333333333333333 0 0.3125000000000001 0.3541666666666667 0 0.6874999999999999 0.3124999999999999 0 0.6874999999999999 0.3749999999999999 0 0.6874999999999999 0.3333333333333333 0 0.6875000000000001 0.3541666666666667 0 0.7499999999999999 0.3124999999999999 0 0.7083333333333333 0.3124999999999999 0 0.7291666666666667 0.3125000000000001 0 0.7500000000000001 0.3750000000000001 0 0.7083333333333333 0.3749999999999999 0 0.7291666666666667 0.3750000000000001 0 0.7499999999999999 0.3333333333333333 0 0.7500000000000001 0.3541666666666667 0 0.7499999999999999 0.3124999999999999 0 0.7499999999999999 0.3749999999999999 0 0.7499999999999999 0.3333333333333333 0 0.7500000000000001 0.3541666666666667 0 0.8124999999999999 0.3124999999999999 0 0.7708333333333333 0.3124999999999999 0 0.7916666666666667 0.3125000000000001 0 0.8125000000000001 0.3750000000000001 0 0.7708333333333333 0.3749999999999999 0 0.7916666666666667 0.3750000000000001 0 0.8124999999999999 0.3333333333333333 0 0.8125000000000002 0.3541666666666667 0 0.8124999999999999 0.3124999999999999 0 0.8124999999999999 0.3749999999999999 0 0.8124999999999999 0.3333333333333333 0 0.8125000000000002 0.3541666666666667 0 0.8749999999999999 0.3124999999999999 0 0.8333333333333333 0.3124999999999999 0 0.8541666666666669 0.3125000000000001 0 0.8750000000000001 0.3750000000000001 0 0.8333333333333333 0.3749999999999999 0 0.8541666666666669 0.3750000000000001 0 0.8749999999999999 0.3333333333333333 0 0.8750000000000002 0.3541666666666667 0 0.8749999999999999 0.3124999999999999 0 0.8749999999999999 0.3749999999999999 0 0.8749999999999999 0.3333333333333333 0 0.8750000000000002 0.3541666666666667 0 0.9374999999999999 0.3124999999999999 0 0.8958333333333333 0.3124999999999999 0 0.9166666666666669 0.3125000000000001 0 0.9375000000000001 0.3750000000000001 0 0.8958333333333333 0.3749999999999999 0 0.9166666666666669 0.3750000000000001 0 0.9374999999999999 0.3333333333333333 0 0.9375000000000002 0.3541666666666667 0 0.9374999999999999 0.3124999999999999 0 0.9374999999999999 0.3749999999999999 0 0.9374999999999999 0.3333333333333333 0 0.9375000000000002 0.3541666666666667 0 0.9999999999999999 0.3124999999999999 0 0.9583333333333333 0.3124999999999999 0 0.9791666666666669 0.3125000000000001 0 1 0.3750000000000001 0 0.9583333333333333 0.3749999999999999 0 0.9791666666666669 0.3750000000000001 0 0.9999999999999998 0.3333333333333333 0 1 0.3541666666666667 0 -5.782411586589356e-19 0.3749999999999999 0 -5.782411586589356e-19 0.4374999999999999 0 0 0.3958333333333333 0 0 0.4166666666666667 0 0.06249999999999999 0.3749999999999999 0 0.02083333333333333 0.3749999999999999 0 0.04166666666666667 0.3750000000000001 0 0.0625 0.4375000000000001 0 0.02083333333333333 0.4374999999999999 0 0.04166666666666667 0.4375000000000001 0 0.06249999999999999 0.3958333333333333 0 0.06250000000000001 0.4166666666666667 0 0.06249999999999999 0.3749999999999999 0 0.06249999999999999 0.4374999999999999 0 0.06249999999999999 0.3958333333333333 0 0.06250000000000001 0.4166666666666667 0 0.125 0.3749999999999999 0 0.08333333333333331 0.3749999999999999 0 0.1041666666666667 0.3750000000000001 0 0.125 0.4375000000000001 0 0.08333333333333331 0.4374999999999999 0 0.1041666666666667 0.4375000000000001 0 0.125 0.3958333333333333 0 0.125 0.4166666666666667 0 0.125 0.3749999999999999 0 0.125 0.4374999999999999 0 0.125 0.3958333333333333 0 0.125 0.4166666666666667 0 0.1875 0.3749999999999999 0 0.1458333333333333 0.3749999999999999 0 0.1666666666666667 0.3750000000000001 0 0.1875 0.4375000000000001 0 0.1458333333333333 0.4374999999999999 0 0.1666666666666667 0.4375000000000001 0 0.1875 0.3958333333333333 0 0.1875 0.4166666666666667 0 0.1875 0.3749999999999999 0 0.1875 0.4374999999999999 0 0.1875 0.3958333333333333 0 0.1875 0.4166666666666667 0 0.25 0.3749999999999999 0 0.2083333333333333 0.3749999999999999 0 0.2291666666666667 0.3750000000000001 0 0.25 0.4375000000000001 0 0.2083333333333333 0.4374999999999999 0 0.2291666666666667 0.4375000000000001 0 0.2499999999999999 0.3958333333333333 0 0.2500000000000001 0.4166666666666667 0 0.7499999999999999 0.3749999999999999 0 0.7499999999999999 0.4374999999999999 0 0.7499999999999999 0.3958333333333333 0 0.7500000000000001 0.4166666666666667 0 0.8124999999999999 0.3749999999999999 0 0.7708333333333333 0.3749999999999999 0 0.7916666666666667 0.3750000000000001 0 0.8125000000000001 0.4375000000000001 0 0.7708333333333333 0.4374999999999999 0 0.7916666666666667 0.4375000000000001 0 0.8124999999999999 0.3958333333333333 0 0.8125000000000002 0.4166666666666667 0 0.8124999999999999 0.3749999999999999 0 0.8124999999999999 0.4374999999999999 0 0.8124999999999999 0.3958333333333333 0 0.8125000000000002 0.4166666666666667 0 0.8749999999999999 0.3749999999999999 0 0.8333333333333333 0.3749999999999999 0 0.8541666666666669 0.3750000000000001 0 0.8750000000000001 0.4375000000000001 0 0.8333333333333333 0.4374999999999999 0 0.8541666666666669 0.4375000000000001 0 0.8749999999999999 0.3958333333333333 0 0.8750000000000002 0.4166666666666667 0 0.8749999999999999 0.3749999999999999 0 0.8749999999999999 0.4374999999999999 0 0.8749999999999999 0.3958333333333333 0 0.8750000000000002 0.4166666666666667 0 0.9374999999999999 0.3749999999999999 0 0.8958333333333333 0.3749999999999999 0 0.9166666666666669 0.3750000000000001 0 0.9375000000000001 0.4375000000000001 0 0.8958333333333333 0.4374999999999999 0 0.9166666666666669 0.4375000000000001 0 0.9374999999999999 0.3958333333333333 0 0.9375000000000002 0.4166666666666667 0 0.9374999999999999 0.3749999999999999 0 0.9374999999999999 0.4374999999999999 0 0.9374999999999999 0.3958333333333333 0 0.9375000000000002 0.4166666666666667 0 0.9999999999999999 0.3749999999999999 0 0.9583333333333333 0.3749999999999999 0 0.9791666666666669 0.3750000000000001 0 1 0.4375000000000001 0 0.9583333333333333 0.4374999999999999 0 0.9791666666666669 0.4375000000000001 0 0.9999999999999998 0.3958333333333333 0 1 0.4166666666666667 0 -5.782411586589356e-19 0.4374999999999999 0 -5.782411586589356e-19 0.4999999999999999 0 0 0.4583333333333333 0 0 0.4791666666666668 0 0.06249999999999999 0.4374999999999999 0 0.02083333333333333 0.4374999999999999 0 0.04166666666666667 0.4375000000000001 0 0.0625 0.5 0 0.02083333333333333 0.4999999999999999 0 0.04166666666666667 0.5000000000000001 0 0.06249999999999999 0.4583333333333333 0 0.06250000000000001 0.4791666666666668 0 0.06249999999999999 0.4374999999999999 0 0.06249999999999999 0.4999999999999999 0 0.06249999999999999 0.4583333333333333 0 0.06250000000000001 0.4791666666666668 0 0.125 0.4374999999999999 0 0.08333333333333331 0.4374999999999999 0 0.1041666666666667 0.4375000000000001 0 0.125 0.5 0 0.08333333333333331 0.4999999999999999 0 0.1041666666666667 0.5000000000000001 0 0.125 0.4583333333333333 0 0.125 0.4791666666666668 0 0.125 0.4374999999999999 0 0.125 0.4999999999999999 0 0.125 0.4583333333333333 0 0.125 0.4791666666666668 0 0.1875 0.4374999999999999 0 0.1458333333333333 0.4374999999999999 0 0.1666666666666667 0.4375000000000001 0 0.1875 0.5 0 0.1458333333333333 0.4999999999999999 0 0.1666666666666667 0.5000000000000001 0 0.1875 0.4583333333333333 0 0.1875 0.4791666666666668 0 0.1875 0.4374999999999999 0 0.1875 0.4999999999999999 0 0.1875 0.4583333333333333 0 0.1875 0.4791666666666668 0 0.25 0.4374999999999999 0 0.2083333333333333 0.4374999999999999 0 0.2291666666666667 0.4375000000000001 0 0.25 0.5 0 0.2083333333333333 0.4999999999999999 0 0.2291666666666667 0.5000000000000001 0 0.2499999999999999 0.4583333333333333 0 0.2500000000000001 0.4791666666666668 0 0.7499999999999999 0.4374999999999999 0 0.7499999999999999 0.4999999999999999 0 0.7499999999999999 0.4583333333333333 0 0.7500000000000001 0.4791666666666668 0 0.8124999999999999 0.4374999999999999 0 0.7708333333333333 0.4374999999999999 0 0.7916666666666667 0.4375000000000001 0 0.8125000000000001 0.5 0 0.7708333333333333 0.4999999999999999 0 0.7916666666666667 0.5000000000000001 0 0.8124999999999999 0.4583333333333333 0 0.8125000000000002 0.4791666666666668 0 0.8124999999999999 0.4374999999999999 0 0.8124999999999999 0.4999999999999999 0 0.8124999999999999 0.4583333333333333 0 0.8125000000000002 0.4791666666666668 0 0.8749999999999999 0.4374999999999999 0 0.8333333333333333 0.4374999999999999 0 0.8541666666666669 0.4375000000000001 0 0.8750000000000001 0.5 0 0.8333333333333333 0.4999999999999999 0 0.8541666666666669 0.5000000000000001 0 0.8749999999999999 0.4583333333333333 0 0.8750000000000002 0.4791666666666668 0 0.8749999999999999 0.4374999999999999 0 0.8749999999999999 0.4999999999999999 0 0.8749999999999999 0.4583333333333333 0 0.8750000000000002 0.4791666666666668 0 0.9374999999999999 0.4374999999999999 0 0.8958333333333333 0.4374999999999999 0 0.9166666666666669 0.4375000000000001 0 0.9375000000000001 0.5 0 0.8958333333333333 0.4999999999999999 0 0.9166666666666669 0.5000000000000001 0 0.9374999999999999 0.4583333333333333 0 0.9375000000000002 0.4791666666666668 0 0.9374999999999999 0.4374999999999999 0 0.9374999999999999 0.4999999999999999 0 0.9374999999999999 0.4583333333333333 0 0.9375000000000002 0.4791666666666668 0 0.9999999999999999 0.4374999999999999 0 0.9583333333333333 0.4374999999999999 0 0.9791666666666669 0.4375000000000001 0 1 0.5 0 0.9583333333333333 0.4999999999999999 0 0.9791666666666669 0.5000000000000001 0 0.9999999999999998 0.4583333333333333 0 1 0.4791666666666668 0 -5.782411586589356e-19 0.4999999999999999 0 -5.782411586589356e-19 0.5624999999999999 0 0 0.5208333333333333 0 0 0.5416666666666667 0 0.06249999999999999 0.4999999999999999 0 0.02083333333333333 0.4999999999999999 0 0.04166666666666667 0.5000000000000001 0 0.0625 0.5625000000000001 0 0.02083333333333333 0.5624999999999999 0 0.04166666666666667 0.5625000000000001 0 0.06249999999999999 0.5208333333333333 0 0.06250000000000001 0.5416666666666667 0 0.06249999999999999 0.4999999999999999 0 0.06249999999999999 0.5624999999999999 0 0.06249999999999999 0.5208333333333333 0 0.06250000000000001 0.5416666666666667 0 0.125 0.4999999999999999 0 0.08333333333333331 0.4999999999999999 0 0.1041666666666667 0.5000000000000001 0 0.125 0.5625000000000001 0 0.08333333333333331 0.5624999999999999 0 0.1041666666666667 0.5625000000000001 0 0.125 0.5208333333333333 0 0.125 0.5416666666666667 0 0.125 0.4999999999999999 0 0.125 0.5624999999999999 0 0.125 0.5208333333333333 0 0.125 0.5416666666666667 0 0.1875 0.4999999999999999 0 0.1458333333333333 0.4999999999999999 0 0.1666666666666667 0.5000000000000001 0 0.1875 0.5625000000000001 0 0.1458333333333333 0.5624999999999999 0 0.1666666666666667 0.5625000000000001 0 0.1875 0.5208333333333333 0 0.1875 0.5416666666666667 0 0.1875 0.4999999999999999 0 0.1875 0.5624999999999999 0 0.1875 0.5208333333333333 0 0.1875 0.5416666666666667 0 0.25 0.4999999999999999 0 0.2083333333333333 0.4999999999999999 0 0.2291666666666667 0.5000000000000001 0 0.25 0.5625000000000001 0 0.2083333333333333 0.5624999999999999 0 0.2291666666666667 0.5625000000000001 0 0.2499999999999999 0.5208333333333333 0 0.2500000000000001 0.5416666666666667 0 0.7499999999999999 0.4999999999999999 0 0.7499999999999999 0.5624999999999999 0 0.7499999999999999 0.5208333333333333 0 0.7500000000000001 0.5416666666666667 0 0.8124999999999999 0.4999999999999999 0 0.7708333333333333 0.4999999999999999 0 0.7916666666666667 0.5000000000000001 0 0.8125000000000001 0.5625000000000001 0 0.7708333333333333 0.5624999999999999 0 0.7916666666666667 0.5625000000000001 0 0.8124999999999999 0.5208333333333333 0 0.8125000000000002 0.5416666666666667 0 0.8124999999999999 0.4999999999999999 0 0.8124999999999999 0.5624999999999999 0 0.8124999999999999 0.5208333333333333 0 0.8125000000000002 0.5416666666666667 0 0.8749999999999999 0.4999999999999999 0 0.8333333333333333 0.4999999999999999 0 0.8541666666666669 0.5000000000000001 0 0.8750000000000001 0.5625000000000001 0 0.8333333333333333 0.5624999999999999 0 0.8541666666666669 0.5625000000000001 0 0.8749999999999999 0.5208333333333333 0 0.8750000000000002 0.5416666666666667 0 0.8749999999999999 0.4999999999999999 0 0.8749999999999999 0.5624999999999999 0 0.8749999999999999 0.5208333333333333 0 0.8750000000000002 0.5416666666666667 0 0.9374999999999999 0.4999999999999999 0 0.8958333333333333 0.4999999999999999 0 0.9166666666666669 0.5000000000000001 0 0.9375000000000001 0.5625000000000001 0 0.8958333333333333 0.5624999999999999 0 0.9166666666666669 0.5625000000000001 0 0.9374999999999999 0.5208333333333333 0 0.9375000000000002 0.5416666666666667 0 0.9374999999999999 0.4999999999999999 0 0.9374999999999999 0.5624999999999999 0 0.9374999999999999 0.5208333333333333 0 0.9375000000000002 0.5416666666666667 0 0.9999999999999999 0.4999999999999999 0 0.9583333333333333 0.4999999999999999 0 0.9791666666666669 0.5000000000000001 0 1 0.5625000000000001 0 0.9583333333333333 0.5624999999999999 0 0.9791666666666669 0.5625000000000001 0 0.9999999999999998 0.5208333333333333 0 1 0.5416666666666667 0 -5.782411586589356e-19 0.5624999999999999 0 -5.782411586589356e-19 0.6249999999999999 0 0 0.5833333333333333 0 0 0.6041666666666667 0 0.06249999999999999 0.5624999999999999 0 0.02083333333333333 0.5624999999999999 0 0.04166666666666667 0.5625000000000001 0 0.0625 0.6250000000000001 0 0.02083333333333333 0.6249999999999999 0 0.04166666666666667 0.6250000000000001 0 0.06249999999999999 0.5833333333333333 0 0.06250000000000001 0.6041666666666667 0 0.06249999999999999 0.5624999999999999 0 0.06249999999999999 0.6249999999999999 0 0.06249999999999999 0.5833333333333333 0 0.06250000000000001 0.6041666666666667 0 0.125 0.5624999999999999 0 0.08333333333333331 0.5624999999999999 0 0.1041666666666667 0.5625000000000001 0 0.125 0.6250000000000001 0 0.08333333333333331 0.6249999999999999 0 0.1041666666666667 0.6250000000000001 0 0.125 0.5833333333333333 0 0.125 0.6041666666666667 0 0.125 0.5624999999999999 0 0.125 0.6249999999999999 0 0.125 0.5833333333333333 0 0.125 0.6041666666666667 0 0.1875 0.5624999999999999 0 0.1458333333333333 0.5624999999999999 0 0.1666666666666667 0.5625000000000001 0 0.1875 0.6250000000000001 0 0.1458333333333333 0.6249999999999999 0 0.1666666666666667 0.6250000000000001 0 0.1875 0.5833333333333333 0 0.1875 0.6041666666666667 0 0.1875 0.5624999999999999 0 0.1875 0.6249999999999999 0 0.1875 0.5833333333333333 0 0.1875 0.6041666666666667 0 0.25 0.5624999999999999 0 0.2083333333333333 0.5624999999999999 0 0.2291666666666667 0.5625000000000001 0 0.25 0.6250000000000001 0 0.2083333333333333 0.6249999999999999 0 0.2291666666666667 0.6250000000000001 0 0.2499999999999999 0.5833333333333333 0 0.2500000000000001 0.6041666666666667 0 0.7499999999999999 0.5624999999999999 0 0.7499999999999999 0.6249999999999999 0 0.7499999999999999 0.5833333333333333 0 0.7500000000000001 0.6041666666666667 0 0.8124999999999999 0.5624999999999999 0 0.7708333333333333 0.5624999999999999 0 0.7916666666666667 0.5625000000000001 0 0.8125000000000001 0.6250000000000001 0 0.7708333333333333 0.6249999999999999 0 0.7916666666666667 0.6250000000000001 0 0.8124999999999999 0.5833333333333333 0 0.8125000000000002 0.6041666666666667 0 0.8124999999999999 0.5624999999999999 0 0.8124999999999999 0.6249999999999999 0 0.8124999999999999 0.5833333333333333 0 0.8125000000000002 0.6041666666666667 0 0.8749999999999999 0.5624999999999999 0 0.8333333333333333 0.5624999999999999 0 0.8541666666666669 0.5625000000000001 0 0.8750000000000001 0.6250000000000001 0 0.8333333333333333 0.6249999999999999 0 0.8541666666666669 0.6250000000000001 0 0.8749999999999999 0.5833333333333333 0 0.8750000000000002 0.6041666666666667 0 0.8749999999999999 0.5624999999999999 0 0.8749999999999999 0.6249999999999999 0 0.8749999999999999 0.5833333333333333 0 0.8750000000000002 0.6041666666666667 0 0.9374999999999999 0.5624999999999999 0 0.8958333333333333 0.5624999999999999 0 0.9166666666666669 0.5625000000000001 0 0.9375000000000001 0.6250000000000001 0 0.8958333333333333 0.6249999999999999 0 0.9166666666666669 0.6250000000000001 0 0.9374999999999999 0.5833333333333333 0 0.9375000000000002 0.6041666666666667 0 0.9374999999999999 0.5624999999999999 0 0.9374999999999999 0.6249999999999999 0 0.9374999999999999 0.5833333333333333 0 0.9375000000000002 0.6041666666666667 0 0.9999999999999999 0.5624999999999999 0 0.9583333333333333 0.5624999999999999 0 0.9791666666666669 0.5625000000000001 0 1 0.6250000000000001 0 0.9583333333333333 0.6249999999999999 0 0.9791666666666669 0.6250000000000001 0 0.9999999999999998 0.5833333333333333 0 1 0.6041666666666667 0 -5.782411586589356e-19 0.6249999999999999 0 -5.782411586589356e-19 0.6874999999999999 0 0 0.6458333333333333 0 0 0.6666666666666667 0 0.06249999999999999 0.6249999999999999 0 0.02083333333333333 0.6249999999999999 0 0.04166666666666667 0.6250000000000001 0 0.0625 0.6875000000000001 0 0.02083333333333333 0.6874999999999999 0 0.04166666666666667 0.6875000000000001 0 0.06249999999999999 0.6458333333333333 0 0.06250000000000001 0.6666666666666667 0 0.06249999999999999 0.6249999999999999 0 0.06249999999999999 0.6874999999999999 0 0.06249999999999999 0.6458333333333333 0 0.06250000000000001 0.6666666666666667 0 0.125 0.6249999999999999 0 0.08333333333333331 0.6249999999999999 0 0.1041666666666667 0.6250000000000001 0 0.125 0.6875000000000001 0 0.08333333333333331 0.6874999999999999 0 0.1041666666666667 0.6875000000000001 0 0.125 0.6458333333333333 0 0.125 0.6666666666666667 0 0.125 0.6249999999999999 0 0.125 0.6874999999999999 0 0.125 0.6458333333333333 0 0.125 0.6666666666666667 0 0.1875 0.6249999999999999 0 0.1458333333333333 0.6249999999999999 0 0.1666666666666667 0.6250000000000001 0 0.1875 0.6875000000000001 0 0.1458333333333333 0.6874999999999999 0 0.1666666666666667 0.6875000000000001 0 0.1875 0.6458333333333333 0 0.1875 0.6666666666666667 0 0.1875 0.6249999999999999 0 0.1875 0.6874999999999999 0 0.1875 0.6458333333333333 0 0.1875 0.6666666666666667 0 0.25 0.6249999999999999 0 0.2083333333333333 0.6249999999999999 0 0.2291666666666667 0.6250000000000001 0 0.25 0.6875000000000001 0 0.2083333333333333 0.6874999999999999 0 0.2291666666666667 0.6875000000000001 0 0.2499999999999999 0.6458333333333333 0 0.2500000000000001 0.6666666666666667 0 0.25 0.6249999999999999 0 0.25 0.6874999999999999 0 0.2499999999999999 0.6458333333333333 0 0.2500000000000001 0.6666666666666667 0 0.3124999999999999 0.6249999999999999 0 0.2708333333333333 0.6249999999999999 0 0.2916666666666667 0.6250000000000001 0 0.3125000000000001 0.6875000000000001 0 0.2708333333333333 0.6874999999999999 0 0.2916666666666667 0.6875000000000001 0 0.3124999999999999 0.6458333333333333 0 0.3125000000000001 0.6666666666666667 0 0.6874999999999999 0.6249999999999999 0 0.6874999999999999 0.6874999999999999 0 0.6874999999999999 0.6458333333333333 0 0.6875000000000001 0.6666666666666667 0 0.7499999999999999 0.6249999999999999 0 0.7083333333333333 0.6249999999999999 0 0.7291666666666667 0.6250000000000001 0 0.7500000000000001 0.6875000000000001 0 0.7083333333333333 0.6874999999999999 0 0.7291666666666667 0.6875000000000001 0 0.7499999999999999 0.6458333333333333 0 0.7500000000000001 0.6666666666666667 0 0.7499999999999999 0.6249999999999999 0 0.7499999999999999 0.6874999999999999 0 0.7499999999999999 0.6458333333333333 0 0.7500000000000001 0.6666666666666667 0 0.8124999999999999 0.6249999999999999 0 0.7708333333333333 0.6249999999999999 0 0.7916666666666667 0.6250000000000001 0 0.8125000000000001 0.6875000000000001 0 0.7708333333333333 0.6874999999999999 0 0.7916666666666667 0.6875000000000001 0 0.8124999999999999 0.6458333333333333 0 0.8125000000000002 0.6666666666666667 0 0.8124999999999999 0.6249999999999999 0 0.8124999999999999 0.6874999999999999 0 0.8124999999999999 0.6458333333333333 0 0.8125000000000002 0.6666666666666667 0 0.8749999999999999 0.6249999999999999 0 0.8333333333333333 0.6249999999999999 0 0.8541666666666669 0.6250000000000001 0 0.8750000000000001 0.6875000000000001 0 0.8333333333333333 0.6874999999999999 0 0.8541666666666669 0.6875000000000001 0 0.8749999999999999 0.6458333333333333 0 0.8750000000000002 0.6666666666666667 0 0.8749999999999999 0.6249999999999999 0 0.8749999999999999 0.6874999999999999 0 0.8749999999999999 0.6458333333333333 0 0.8750000000000002 0.6666666666666667 0 0.9374999999999999 0.6249999999999999 0 0.8958333333333333 0.6249999999999999 0 0.9166666666666669 0.6250000000000001 0 0.9375000000000001 0.6875000000000001 0 0.8958333333333333 0.6874999999999999 0 0.9166666666666669 0.6875000000000001 0 0.9374999999999999 0.6458333333333333 0 0.9375000000000002 0.6666666666666667 0 0.9374999999999999 0.6249999999999999 0 0.9374999999999999 0.6874999999999999 0 0.9374999999999999 0.6458333333333333 0 0.9375000000000002 0.6666666666666667 0 0.9999999999999999 0.6249999999999999 0 0.9583333333333333 0.6249999999999999 0 0.9791666666666669 0.6250000000000001 0 1 0.6875000000000001 0 0.9583333333333333 0.6874999999999999 0 0.9791666666666669 0.6875000000000001 0 0.9999999999999998 0.6458333333333333 0 1 0.6666666666666667 0 -5.782411586589356e-19 0.6874999999999999 0 -5.782411586589356e-19 0.7499999999999999 0 0 0.7083333333333333 0 0 0.7291666666666667 0 0.06249999999999999 0.6874999999999999 0 0.02083333333333333 0.6874999999999999 0 0.04166666666666667 0.6875000000000001 0 0.0625 0.7500000000000001 0 0.02083333333333333 0.7499999999999999 0 0.04166666666666667 0.7500000000000001 0 0.06249999999999999 0.7083333333333333 0 0.06250000000000001 0.7291666666666667 0 0.06249999999999999 0.6874999999999999 0 0.06249999999999999 0.7499999999999999 0 0.06249999999999999 0.7083333333333333 0 0.06250000000000001 0.7291666666666667 0 0.125 0.6874999999999999 0 0.08333333333333331 0.6874999999999999 0 0.1041666666666667 0.6875000000000001 0 0.125 0.7500000000000001 0 0.08333333333333331 0.7499999999999999 0 0.1041666666666667 0.7500000000000001 0 0.125 0.7083333333333333 0 0.125 0.7291666666666667 0 0.125 0.6874999999999999 0 0.125 0.7499999999999999 0 0.125 0.7083333333333333 0 0.125 0.7291666666666667 0 0.1875 0.6874999999999999 0 0.1458333333333333 0.6874999999999999 0 0.1666666666666667 0.6875000000000001 0 0.1875 0.7500000000000001 0 0.1458333333333333 0.7499999999999999 0 0.1666666666666667 0.7500000000000001 0 0.1875 0.7083333333333333 0 0.1875 0.7291666666666667 0 0.1875 0.6874999999999999 0 0.1875 0.7499999999999999 0 0.1875 0.7083333333333333 0 0.1875 0.7291666666666667 0 0.25 0.6874999999999999 0 0.2083333333333333 0.6874999999999999 0 0.2291666666666667 0.6875000000000001 0 0.25 0.7500000000000001 0 0.2083333333333333 0.7499999999999999 0 0.2291666666666667 0.7500000000000001 0 0.2499999999999999 0.7083333333333333 0 0.2500000000000001 0.7291666666666667 0 0.25 0.6874999999999999 0 0.25 0.7499999999999999 0 0.2499999999999999 0.7083333333333333 0 0.2500000000000001 0.7291666666666667 0 0.3124999999999999 0.6874999999999999 0 0.2708333333333333 0.6874999999999999 0 0.2916666666666667 0.6875000000000001 0 0.3125000000000001 0.7500000000000001 0 0.2708333333333333 0.7499999999999999 0 0.2916666666666667 0.7500000000000001 0 0.3124999999999999 0.7083333333333333 0 0.3125000000000001 0.7291666666666667 0 0.3124999999999999 0.6874999999999999 0 0.3124999999999999 0.7499999999999999 0 0.3124999999999999 0.7083333333333333 0 0.3125000000000001 0.7291666666666667 0 0.3749999999999999 0.6874999999999999 0 0.3333333333333333 0.6874999999999999 0 0.3541666666666667 0.6875000000000001 0 0.3750000000000001 0.7500000000000001 0 0.3333333333333333 0.7499999999999999 0 0.3541666666666667 0.7500000000000001 0 0.3749999999999999 0.7083333333333333 0 0.3750000000000001 0.7291666666666667 0 0.6249999999999999 0.6874999999999999 0 0.6249999999999999 0.7499999999999999 0 0.6249999999999999 0.7083333333333333 0 0.6250000000000001 0.7291666666666667 0 0.6874999999999999 0.6874999999999999 0 0.6458333333333333 0.6874999999999999 0 0.6666666666666667 0.6875000000000001 0 0.6875000000000001 0.7500000000000001 0 0.6458333333333333 0.7499999999999999 0 0.6666666666666667 0.7500000000000001 0 0.6874999999999999 0.7083333333333333 0 0.6875000000000001 0.7291666666666667 0 0.6874999999999999 0.6874999999999999 0 0.6874999999999999 0.7499999999999999 0 0.6874999999999999 0.7083333333333333 0 0.6875000000000001 0.7291666666666667 0 0.7499999999999999 0.6874999999999999 0 0.7083333333333333 0.6874999999999999 0 0.7291666666666667 0.6875000000000001 0 0.7500000000000001 0.7500000000000001 0 0.7083333333333333 0.7499999999999999 0 0.7291666666666667 0.7500000000000001 0 0.7499999999999999 0.7083333333333333 0 0.7500000000000001 0.7291666666666667 0 0.7499999999999999 0.6874999999999999 0 0.7499999999999999 0.7499999999999999 0 0.7499999999999999 0.7083333333333333 0 0.7500000000000001 0.7291666666666667 0 0.8124999999999999 0.6874999999999999 0 0.7708333333333333 0.6874999999999999 0 0.7916666666666667 0.6875000000000001 0 0.8125000000000001 0.7500000000000001 0 0.7708333333333333 0.7499999999999999 0 0.7916666666666667 0.7500000000000001 0 0.8124999999999999 0.7083333333333333 0 0.8125000000000002 0.7291666666666667 0 0.8124999999999999 0.6874999999999999 0 0.8124999999999999 0.7499999999999999 0 0.8124999999999999 0.7083333333333333 0 0.8125000000000002 0.7291666666666667 0 0.8749999999999999 0.6874999999999999 0 0.8333333333333333 0.6874999999999999 0 0.8541666666666669 0.6875000000000001 0 0.8750000000000001 0.7500000000000001 0 0.8333333333333333 0.7499999999999999 0 0.8541666666666669 0.7500000000000001 0 0.8749999999999999 0.7083333333333333 0 0.8750000000000002 0.7291666666666667 0 0.8749999999999999 0.6874999999999999 0 0.8749999999999999 0.7499999999999999 0 0.8749999999999999 0.7083333333333333 0 0.8750000000000002 0.7291666666666667 0 0.9374999999999999 0.6874999999999999 0 0.8958333333333333 0.6874999999999999 0 0.9166666666666669 0.6875000000000001 0 0.9375000000000001 0.7500000000000001 0 0.8958333333333333 0.7499999999999999 0 0.9166666666666669 0.7500000000000001 0 0.9374999999999999 0.7083333333333333 0 0.9375000000000002 0.7291666666666667 0 0.9374999999999999 0.6874999999999999 0 0.9374999999999999 0.7499999999999999 0 0.9374999999999999 0.7083333333333333 0 0.9375000000000002 0.7291666666666667 0 0.9999999999999999 0.6874999999999999 0 0.9583333333333333 0.6874999999999999 0 0.9791666666666669 0.6875000000000001 0 1 0.7500000000000001 0 0.9583333333333333 0.7499999999999999 0 0.9791666666666669 0.7500000000000001 0 0.9999999999999998 0.7083333333333333 0 1 0.7291666666666667 0 -5.782411586589356e-19 0.7499999999999999 0 -5.782411586589356e-19 0.8124999999999999 0 0 0.7708333333333333 0 0 0.7916666666666667 0 0.06249999999999999 0.7499999999999999 0 0.02083333333333333 0.7499999999999999 0 0.04166666666666667 0.7500000000000001 0 0.0625 0.8125000000000001 0 0.02083333333333333 0.8124999999999999 0 0.04166666666666667 0.8125000000000002 0 0.06249999999999999 0.7708333333333333 0 0.06250000000000001 0.7916666666666667 0 0.06249999999999999 0.7499999999999999 0 0.06249999999999999 0.8124999999999999 0 0.06249999999999999 0.7708333333333333 0 0.06250000000000001 0.7916666666666667 0 0.125 0.7499999999999999 0 0.08333333333333331 0.7499999999999999 0 0.1041666666666667 0.7500000000000001 0 0.125 0.8125000000000001 0 0.08333333333333331 0.8124999999999999 0 0.1041666666666667 0.8125000000000002 0 0.125 0.7708333333333333 0 0.125 0.7916666666666667 0 0.125 0.7499999999999999 0 0.125 0.8124999999999999 0 0.125 0.7708333333333333 0 0.125 0.7916666666666667 0 0.1875 0.7499999999999999 0 0.1458333333333333 0.7499999999999999 0 0.1666666666666667 0.7500000000000001 0 0.1875 0.8125000000000001 0 0.1458333333333333 0.8124999999999999 0 0.1666666666666667 0.8125000000000002 0 0.1875 0.7708333333333333 0 0.1875 0.7916666666666667 0 0.1875 0.7499999999999999 0 0.1875 0.8124999999999999 0 0.1875 0.7708333333333333 0 0.1875 0.7916666666666667 0 0.25 0.7499999999999999 0 0.2083333333333333 0.7499999999999999 0 0.2291666666666667 0.7500000000000001 0 0.25 0.8125000000000001 0 0.2083333333333333 0.8124999999999999 0 0.2291666666666667 0.8125000000000002 0 0.2499999999999999 0.7708333333333333 0 0.2500000000000001 0.7916666666666667 0 0.25 0.7499999999999999 0 0.25 0.8124999999999999 0 0.2499999999999999 0.7708333333333333 0 0.2500000000000001 0.7916666666666667 0 0.3124999999999999 0.7499999999999999 0 0.2708333333333333 0.7499999999999999 0 0.2916666666666667 0.7500000000000001 0 0.3125000000000001 0.8125000000000001 0 0.2708333333333333 0.8124999999999999 0 0.2916666666666667 0.8125000000000002 0 0.3124999999999999 0.7708333333333333 0 0.3125000000000001 0.7916666666666667 0 0.3124999999999999 0.7499999999999999 0 0.3124999999999999 0.8124999999999999 0 0.3124999999999999 0.7708333333333333 0 0.3125000000000001 0.7916666666666667 0 0.3749999999999999 0.7499999999999999 0 0.3333333333333333 0.7499999999999999 0 0.3541666666666667 0.7500000000000001 0 0.3750000000000001 0.8125000000000001 0 0.3333333333333333 0.8124999999999999 0 0.3541666666666667 0.8125000000000002 0 0.3749999999999999 0.7708333333333333 0 0.3750000000000001 0.7916666666666667 0 0.3749999999999999 0.7499999999999999 0 0.3749999999999999 0.8124999999999999 0 0.3749999999999999 0.7708333333333333 0 0.3750000000000001 0.7916666666666667 0 0.4374999999999999 0.7499999999999999 0 0.3958333333333333 0.7499999999999999 0 0.4166666666666667 0.7500000000000001 0 0.4375000000000001 0.8125000000000001 0 0.3958333333333333 0.8124999999999999 0 0.4166666666666667 0.8125000000000002 0 0.4374999999999999 0.7708333333333333 0 0.4375000000000001 0.7916666666666667 0 0.4374999999999999 0.7499999999999999 0 0.4374999999999999 0.8124999999999999 0 0.4374999999999999 0.7708333333333333 0 0.4375000000000001 0.7916666666666667 0 0.4999999999999999 0.7499999999999999 0 0.4583333333333333 0.7499999999999999 0 0.4791666666666668 0.7500000000000001 0 0.5 0.8125000000000001 0 0.4583333333333333 0.8124999999999999 0 0.4791666666666668 0.8125000000000002 0 0.4999999999999999 0.7708333333333333 0 0.5000000000000001 0.7916666666666667 0 0.4999999999999999 0.7499999999999999 0 0.4999999999999999 0.8124999999999999 0 0.4999999999999999 0.7708333333333333 0 0.5000000000000001 0.7916666666666667 0 0.5624999999999999 0.7499999999999999 0 0.5208333333333333 0.7499999999999999 0 0.5416666666666667 0.7500000000000001 0 0.5625000000000001 0.8125000000000001 0 0.5208333333333333 0.8124999999999999 0 0.5416666666666667 0.8125000000000002 0 0.5624999999999999 0.7708333333333333 0 0.5625000000000001 0.7916666666666667 0 0.5624999999999999 0.7499999999999999 0 0.5624999999999999 0.8124999999999999 0 0.5624999999999999 0.7708333333333333 0 0.5625000000000001 0.7916666666666667 0 0.6249999999999999 0.7499999999999999 0 0.5833333333333333 0.7499999999999999 0 0.6041666666666667 0.7500000000000001 0 0.6250000000000001 0.8125000000000001 0 0.5833333333333333 0.8124999999999999 0 0.6041666666666667 0.8125000000000002 0 0.6249999999999999 0.7708333333333333 0 0.6250000000000001 0.7916666666666667 0 0.6249999999999999 0.7499999999999999 0 0.6249999999999999 0.8124999999999999 0 0.6249999999999999 0.7708333333333333 0 0.6250000000000001 0.7916666666666667 0 0.6874999999999999 0.7499999999999999 0 0.6458333333333333 0.7499999999999999 0 0.6666666666666667 0.7500000000000001 0 0.6875000000000001 0.8125000000000001 0 0.6458333333333333 0.8124999999999999 0 0.6666666666666667 0.8125000000000002 0 0.6874999999999999 0.7708333333333333 0 0.6875000000000001 0.7916666666666667 0 0.6874999999999999 0.7499999999999999 0 0.6874999999999999 0.8124999999999999 0 0.6874999999999999 0.7708333333333333 0 0.6875000000000001 0.7916666666666667 0 0.7499999999999999 0.7499999999999999 0 0.7083333333333333 0.7499999999999999 0 0.7291666666666667 0.7500000000000001 0 0.7500000000000001 0.8125000000000001 0 0.7083333333333333 0.8124999999999999 0 0.7291666666666667 0.8125000000000002 0 0.7499999999999999 0.7708333333333333 0 0.7500000000000001 0.7916666666666667 0 0.7499999999999999 0.7499999999999999 0 0.7499999999999999 0.8124999999999999 0 0.7499999999999999 0.7708333333333333 0 0.7500000000000001 0.7916666666666667 0 0.8124999999999999 0.7499999999999999 0 0.7708333333333333 0.7499999999999999 0 0.7916666666666667 0.7500000000000001 0 0.8125000000000001 0.8125000000000001 0 0.7708333333333333 0.8124999999999999 0 0.7916666666666667 0.8125000000000002 0 0.8124999999999999 0.7708333333333333 0 0.8125000000000002 0.7916666666666667 0 0.8124999999999999 0.7499999999999999 0 0.8124999999999999 0.8124999999999999 0 0.8124999999999999 0.7708333333333333 0 0.8125000000000002 0.7916666666666667 0 0.8749999999999999 0.7499999999999999 0 0.8333333333333333 0.7499999999999999 0 0.8541666666666669 0.7500000000000001 0 0.8750000000000001 0.8125000000000001 0 0.8333333333333333 0.8124999999999999 0 0.8541666666666669 0.8125000000000002 0 0.8749999999999999 0.7708333333333333 0 0.8750000000000002 0.7916666666666667 0 0.8749999999999999 0.7499999999999999 0 0.8749999999999999 0.8124999999999999 0 0.8749999999999999 0.7708333333333333 0 0.8750000000000002 0.7916666666666667 0 0.9374999999999999 0.7499999999999999 0 0.8958333333333333 0.7499999999999999 0 0.9166666666666669 0.7500000000000001 0 0.9375000000000001 0.8125000000000001 0 0.8958333333333333 0.8124999999999999 0 0.9166666666666669 0.8125000000000002 0 0.9374999999999999 0.7708333333333333 0 0.9375000000000002 0.7916666666666667 0 0.9374999999999999 0.7499999999999999 0 0.9374999999999999 0.8124999999999999 0 0.9374999999999999 0.7708333333333333 0 0.9375000000000002 0.7916666666666667 0 0.9999999999999999 0.7499999999999999 0 0.9583333333333333 0.7499999999999999 0 0.9791666666666669 0.7500000000000001 0 1 0.8125000000000001 0 0.9583333333333333 0.8124999999999999 0 0.9791666666666669 0.8125000000000002 0 0.9999999999999998 0.7708333333333333 0 1 0.7916666666666667 0 -5.782411586589356e-19 0.8124999999999999 0 -5.782411586589356e-19 0.8749999999999999 0 0 0.8333333333333333 0 0 0.8541666666666669 0 0.06249999999999999 0.8124999999999999 0 0.02083333333333333 0.8124999999999999 0 0.04166666666666667 0.8125000000000002 0 0.0625 0.8750000000000001 0 0.02083333333333333 0.8749999999999999 0 0.04166666666666667 0.8750000000000002 0 0.06249999999999999 0.8333333333333333 0 0.06250000000000001 0.8541666666666669 0 0.06249999999999999 0.8124999999999999 0 0.06249999999999999 0.8749999999999999 0 0.06249999999999999 0.8333333333333333 0 0.06250000000000001 0.8541666666666669 0 0.125 0.8124999999999999 0 0.08333333333333331 0.8124999999999999 0 0.1041666666666667 0.8125000000000002 0 0.125 0.8750000000000001 0 0.08333333333333331 0.8749999999999999 0 0.1041666666666667 0.8750000000000002 0 0.125 0.8333333333333333 0 0.125 0.8541666666666669 0 0.125 0.8124999999999999 0 0.125 0.8749999999999999 0 0.125 0.8333333333333333 0 0.125 0.8541666666666669 0 0.1875 0.8124999999999999 0 0.1458333333333333 0.8124999999999999 0 0.1666666666666667 0.8125000000000002 0 0.1875 0.8750000000000001 0 0.1458333333333333 0.8749999999999999 0 0.1666666666666667 0.8750000000000002 0 0.1875 0.8333333333333333 0 0.1875 0.8541666666666669 0 0.1875 0.8124999999999999 0 0.1875 0.8749999999999999 0 0.1875 0.8333333333333333 0 0.1875 0.8541666666666669 0 0.25 0.8124999999999999 0 0.2083333333333333 0.8124999999999999 0 0.2291666666666667 0.8125000000000002 0 0.25 0.8750000000000001 0 0.2083333333333333 0.8749999999999999 0 0.2291666666666667 0.8750000000000002 0 0.2499999999999999 0.8333333333333333 0 0.2500000000000001 0.8541666666666669 0 0.25 0.8124999999999999 0 0.25 0.8749999999999999 0 0.2499999999999999 0.8333333333333333 0 0.2500000000000001 0.8541666666666669 0 0.3124999999999999 0.8124999999999999 0 0.2708333333333333 0.8124999999999999 0 0.2916666666666667 0.8125000000000002 0 0.3125000000000001 0.8750000000000001 0 0.2708333333333333 0.8749999999999999 0 0.2916666666666667 0.8750000000000002 0 0.3124999999999999 0.8333333333333333 0 0.3125000000000001 0.8541666666666669 0 0.3124999999999999 0.8124999999999999 0 0.3124999999999999 0.8749999999999999 0 0.3124999999999999 0.8333333333333333 0 0.3125000000000001 0.8541666666666669 0 0.3749999999999999 0.8124999999999999 0 0.3333333333333333 0.8124999999999999 0 0.3541666666666667 0.8125000000000002 0 0.3750000000000001 0.8750000000000001 0 0.3333333333333333 0.8749999999999999 0 0.3541666666666667 0.8750000000000002 0 0.3749999999999999 0.8333333333333333 0 0.3750000000000001 0.8541666666666669 0 0.3749999999999999 0.8124999999999999 0 0.3749999999999999 0.8749999999999999 0 0.3749999999999999 0.8333333333333333 0 0.3750000000000001 0.8541666666666669 0 0.4374999999999999 0.8124999999999999 0 0.3958333333333333 0.8124999999999999 0 0.4166666666666667 0.8125000000000002 0 0.4375000000000001 0.8750000000000001 0 0.3958333333333333 0.8749999999999999 0 0.4166666666666667 0.8750000000000002 0 0.4374999999999999 0.8333333333333333 0 0.4375000000000001 0.8541666666666669 0 0.4374999999999999 0.8124999999999999 0 0.4374999999999999 0.8749999999999999 0 0.4374999999999999 0.8333333333333333 0 0.4375000000000001 0.8541666666666669 0 0.4999999999999999 0.8124999999999999 0 0.4583333333333333 0.8124999999999999 0 0.4791666666666668 0.8125000000000002 0 0.5 0.8750000000000001 0 0.4583333333333333 0.8749999999999999 0 0.4791666666666668 0.8750000000000002 0 0.4999999999999999 0.8333333333333333 0 0.5000000000000001 0.8541666666666669 0 0.4999999999999999 0.8124999999999999 0 0.4999999999999999 0.8749999999999999 0 0.4999999999999999 0.8333333333333333 0 0.5000000000000001 0.8541666666666669 0 0.5624999999999999 0.8124999999999999 0 0.5208333333333333 0.8124999999999999 0 0.5416666666666667 0.8125000000000002 0 0.5625000000000001 0.8750000000000001 0 0.5208333333333333 0.8749999999999999 0 0.5416666666666667 0.8750000000000002 0 0.5624999999999999 0.8333333333333333 0 0.5625000000000001 0.8541666666666669 0 0.5624999999999999 0.8124999999999999 0 0.5624999999999999 0.8749999999999999 0 0.5624999999999999 0.8333333333333333 0 0.5625000000000001 0.8541666666666669 0 0.6249999999999999 0.8124999999999999 0 0.5833333333333333 0.8124999999999999 0 0.6041666666666667 0.8125000000000002 0 0.6250000000000001 0.8750000000000001 0 0.5833333333333333 0.8749999999999999 0 0.6041666666666667 0.8750000000000002 0 0.6249999999999999 0.8333333333333333 0 0.6250000000000001 0.8541666666666669 0 0.6249999999999999 0.8124999999999999 0 0.6249999999999999 0.8749999999999999 0 0.6249999999999999 0.8333333333333333 0 0.6250000000000001 0.8541666666666669 0 0.6874999999999999 0.8124999999999999 0 0.6458333333333333 0.8124999999999999 0 0.6666666666666667 0.8125000000000002 0 0.6875000000000001 0.8750000000000001 0 0.6458333333333333 0.8749999999999999 0 0.6666666666666667 0.8750000000000002 0 0.6874999999999999 0.8333333333333333 0 0.6875000000000001 0.8541666666666669 0 0.6874999999999999 0.8124999999999999 0 0.6874999999999999 0.8749999999999999 0 0.6874999999999999 0.8333333333333333 0 0.6875000000000001 0.8541666666666669 0 0.7499999999999999 0.8124999999999999 0 0.7083333333333333 0.8124999999999999 0 0.7291666666666667 0.8125000000000002 0 0.7500000000000001 0.8750000000000001 0 0.7083333333333333 0.8749999999999999 0 0.7291666666666667 0.8750000000000002 0 0.7499999999999999 0.8333333333333333 0 0.7500000000000001 0.8541666666666669 0 0.7499999999999999 0.8124999999999999 0 0.7499999999999999 0.8749999999999999 0 0.7499999999999999 0.8333333333333333 0 0.7500000000000001 0.8541666666666669 0 0.8124999999999999 0.8124999999999999 0 0.7708333333333333 0.8124999999999999 0 0.7916666666666667 0.8125000000000002 0 0.8125000000000001 0.8750000000000001 0 0.7708333333333333 0.8749999999999999 0 0.7916666666666667 0.8750000000000002 0 0.8124999999999999 0.8333333333333333 0 0.8125000000000002 0.8541666666666669 0 0.8124999999999999 0.8124999999999999 0 0.8124999999999999 0.8749999999999999 0 0.8124999999999999 0.8333333333333333 0 0.8125000000000002 0.8541666666666669 0 0.8749999999999999 0.8124999999999999 0 0.8333333333333333 0.8124999999999999 0 0.8541666666666669 0.8125000000000002 0 0.8750000000000001 0.8750000000000001 0 0.8333333333333333 0.8749999999999999 0 0.8541666666666669 0.8750000000000002 0 0.8749999999999999 0.8333333333333333 0 0.8750000000000002 0.8541666666666669 0 0.8749999999999999 0.8124999999999999 0 0.8749999999999999 0.8749999999999999 0 0.8749999999999999 0.8333333333333333 0 0.8750000000000002 0.8541666666666669 0 0.9374999999999999 0.8124999999999999 0 0.8958333333333333 0.8124999999999999 0 0.9166666666666669 0.8125000000000002 0 0.9375000000000001 0.8750000000000001 0 0.8958333333333333 0.8749999999999999 0 0.9166666666666669 0.8750000000000002 0 0.9374999999999999 0.8333333333333333 0 0.9375000000000002 0.8541666666666669 0 0.9374999999999999 0.8124999999999999 0 0.9374999999999999 0.8749999999999999 0 0.9374999999999999 0.8333333333333333 0 0.9375000000000002 0.8541666666666669 0 0.9999999999999999 0.8124999999999999 0 0.9583333333333333 0.8124999999999999 0 0.9791666666666669 0.8125000000000002 0 1 0.8750000000000001 0 0.9583333333333333 0.8749999999999999 0 0.9791666666666669 0.8750000000000002 0 0.9999999999999998 0.8333333333333333 0 1 0.8541666666666669 0 -5.782411586589356e-19 0.8749999999999999 0 -5.782411586589356e-19 0.9374999999999999 0 0 0.8958333333333333 0 0 0.9166666666666669 0 0.06249999999999999 0.8749999999999999 0 0.02083333333333333 0.8749999999999999 0 0.04166666666666667 0.8750000000000002 0 0.0625 0.9375000000000001 0 0.02083333333333333 0.9374999999999999 0 0.04166666666666667 0.9375000000000002 0 0.06249999999999999 0.8958333333333333 0 0.06250000000000001 0.9166666666666669 0 0.06249999999999999 0.8749999999999999 0 0.06249999999999999 0.9374999999999999 0 0.06249999999999999 0.8958333333333333 0 0.06250000000000001 0.9166666666666669 0 0.125 0.8749999999999999 0 0.08333333333333331 0.8749999999999999 0 0.1041666666666667 0.8750000000000002 0 0.125 0.9375000000000001 0 0.08333333333333331 0.9374999999999999 0 0.1041666666666667 0.9375000000000002 0 0.125 0.8958333333333333 0 0.125 0.9166666666666669 0 0.125 0.8749999999999999 0 0.125 0.9374999999999999 0 0.125 0.8958333333333333 0 0.125 0.9166666666666669 0 0.1875 0.8749999999999999 0 0.1458333333333333 0.8749999999999999 0 0.1666666666666667 0.8750000000000002 0 0.1875 0.9375000000000001 0 0.1458333333333333 0.9374999999999999 0 0.1666666666666667 0.9375000000000002 0 0.1875 0.8958333333333333 0 0.1875 0.9166666666666669 0 0.1875 0.8749999999999999 0 0.1875 0.9374999999999999 0 0.1875 0.8958333333333333 0 0.1875 0.9166666666666669 0 0.25 0.8749999999999999 0 0.2083333333333333 0.8749999999999999 0 0.2291666666666667 0.8750000000000002 0 0.25 0.9375000000000001 0 0.2083333333333333 0.9374999999999999 0 0.2291666666666667 0.9375000000000002 0 0.2499999999999999 0.8958333333333333 0 0.2500000000000001 0.9166666666666669 0 0.25 0.8749999999999999 0 0.25 0.9374999999999999 0 0.2499999999999999 0.8958333333333333 0 0.2500000000000001 0.9166666666666669 0 0.3124999999999999 0.8749999999999999 0 0.2708333333333333 0.8749999999999999 0 0.2916666666666667 0.8750000000000002 0 0.3125000000000001 0.9375000000000001 0 0.2708333333333333 0.9374999999999999 0 0.2916666666666667 0.9375000000000002 0 0.3124999999999999 0.8958333333333333 0 0.3125000000000001 0.9166666666666669 0 0.3124999999999999 0.8749999999999999 0 0.3124999999999999 0.9374999999999999 0 0.3124999999999999 0.8958333333333333 0 0.3125000000000001 0.9166666666666669 0 0.3749999999999999 0.8749999999999999 0 0.3333333333333333 0.8749999999999999 0 0.3541666666666667 0.8750000000000002 0 0.3750000000000001 0.9375000000000001 0 0.3333333333333333 0.9374999999999999 0 0.3541666666666667 0.9375000000000002 0 0.3749999999999999 0.8958333333333333 0 0.3750000000000001 0.9166666666666669 0 0.3749999999999999 0.8749999999999999 0 0.3749999999999999 0.9374999999999999 0 0.3749999999999999 0.8958333333333333 0 0.3750000000000001 0.9166666666666669 0 0.4374999999999999 0.8749999999999999 0 0.3958333333333333 0.8749999999999999 0 0.4166666666666667 0.8750000000000002 0 0.4375000000000001 0.9375000000000001 0 0.3958333333333333 0.9374999999999999 0 0.4166666666666667 0.9375000000000002 0 0.4374999999999999 0.8958333333333333 0 0.4375000000000001 0.9166666666666669 0 0.4374999999999999 0.8749999999999999 0 0.4374999999999999 0.9374999999999999 0 0.4374999999999999 0.8958333333333333 0 0.4375000000000001 0.9166666666666669 0 0.4999999999999999 0.8749999999999999 0 0.4583333333333333 0.8749999999999999 0 0.4791666666666668 0.8750000000000002 0 0.5 0.9375000000000001 0 0.4583333333333333 0.9374999999999999 0 0.4791666666666668 0.9375000000000002 0 0.4999999999999999 0.8958333333333333 0 0.5000000000000001 0.9166666666666669 0 0.4999999999999999 0.8749999999999999 0 0.4999999999999999 0.9374999999999999 0 0.4999999999999999 0.8958333333333333 0 0.5000000000000001 0.9166666666666669 0 0.5624999999999999 0.8749999999999999 0 0.5208333333333333 0.8749999999999999 0 0.5416666666666667 0.8750000000000002 0 0.5625000000000001 0.9375000000000001 0 0.5208333333333333 0.9374999999999999 0 0.5416666666666667 0.9375000000000002 0 0.5624999999999999 0.8958333333333333 0 0.5625000000000001 0.9166666666666669 0 0.5624999999999999 0.8749999999999999 0 0.5624999999999999 0.9374999999999999 0 0.5624999999999999 0.8958333333333333 0 0.5625000000000001 0.9166666666666669 0 0.6249999999999999 0.8749999999999999 0 0.5833333333333333 0.8749999999999999 0 0.6041666666666667 0.8750000000000002 0 0.6250000000000001 0.9375000000000001 0 0.5833333333333333 0.9374999999999999 0 0.6041666666666667 0.9375000000000002 0 0.6249999999999999 0.8958333333333333 0 0.6250000000000001 0.9166666666666669 0 0.6249999999999999 0.8749999999999999 0 0.6249999999999999 0.9374999999999999 0 0.6249999999999999 0.8958333333333333 0 0.6250000000000001 0.9166666666666669 0 0.6874999999999999 0.8749999999999999 0 0.6458333333333333 0.8749999999999999 0 0.6666666666666667 0.8750000000000002 0 0.6875000000000001 0.9375000000000001 0 0.6458333333333333 0.9374999999999999 0 0.6666666666666667 0.9375000000000002 0 0.6874999999999999 0.8958333333333333 0 0.6875000000000001 0.9166666666666669 0 0.6874999999999999 0.8749999999999999 0 0.6874999999999999 0.9374999999999999 0 0.6874999999999999 0.8958333333333333 0 0.6875000000000001 0.9166666666666669 0 0.7499999999999999 0.8749999999999999 0 0.7083333333333333 0.8749999999999999 0 0.7291666666666667 0.8750000000000002 0 0.7500000000000001 0.9375000000000001 0 0.7083333333333333 0.9374999999999999 0 0.7291666666666667 0.9375000000000002 0 0.7499999999999999 0.8958333333333333 0 0.7500000000000001 0.9166666666666669 0 0.7499999999999999 0.8749999999999999 0 0.7499999999999999 0.9374999999999999 0 0.7499999999999999 0.8958333333333333 0 0.7500000000000001 0.9166666666666669 0 0.8124999999999999 0.8749999999999999 0 0.7708333333333333 0.8749999999999999 0 0.7916666666666667 0.8750000000000002 0 0.8125000000000001 0.9375000000000001 0 0.7708333333333333 0.9374999999999999 0 0.7916666666666667 0.9375000000000002 0 0.8124999999999999 0.8958333333333333 0 0.8125000000000002 0.9166666666666669 0 0.8124999999999999 0.8749999999999999 0 0.8124999999999999 0.9374999999999999 0 0.8124999999999999 0.8958333333333333 0 0.8125000000000002 0.9166666666666669 0 0.8749999999999999 0.8749999999999999 0 0.8333333333333333 0.8749999999999999 0 0.8541666666666669 0.8750000000000002 0 0.8750000000000001 0.9375000000000001 0 0.8333333333333333 0.9374999999999999 0 0.8541666666666669 0.9375000000000002 0 0.8749999999999999 0.8958333333333333 0 0.8750000000000002 0.9166666666666669 0 0.8749999999999999 0.8749999999999999 0 0.8749999999999999 0.9374999999999999 0 0.8749999999999999 0.8958333333333333 0 0.8750000000000002 0.9166666666666669 0 0.9374999999999999 0.8749999999999999 0 0.8958333333333333 0.8749999999999999 0 0.9166666666666669 0.8750000000000002 0 0.9375000000000001 0.9375000000000001 0 0.8958333333333333 0.9374999999999999 0 0.9166666666666669 0.9375000000000002 0 0.9374999999999999 0.8958333333333333 0 0.9375000000000002 0.9166666666666669 0 0.9374999999999999 0.8749999999999999 0 0.9374999999999999 0.9374999999999999 0 0.9374999999999999 0.8958333333333333 0 0.9375000000000002 0.9166666666666669 0 0.9999999999999999 0.8749999999999999 0 0.9583333333333333 0.8749999999999999 0 0.9791666666666669 0.8750000000000002 0 1 0.9375000000000001 0 0.9583333333333333 0.9374999999999999 0 0.9791666666666669 0.9375000000000002 0 0.9999999999999998 0.8958333333333333 0 1 0.9166666666666669 0 -5.782411586589356e-19 0.9374999999999999 0 -5.782411586589356e-19 0.9999999999999999 0 0 0.9583333333333333 0 0 0.9791666666666669 0 0.06249999999999999 0.9374999999999999 0 0.02083333333333333 0.9374999999999999 0 0.04166666666666667 0.9375000000000002 0 0.0625 1 0 0.02083333333333333 0.9999999999999998 0 0.04166666666666667 1 0 0.06249999999999999 0.9583333333333333 0 0.06250000000000001 0.9791666666666669 0 0.06249999999999999 0.9374999999999999 0 0.06249999999999999 0.9999999999999999 0 0.06249999999999999 0.9583333333333333 0 0.06250000000000001 0.9791666666666669 0 0.125 0.9374999999999999 0 0.08333333333333331 0.9374999999999999 0 0.1041666666666667 0.9375000000000002 0 0.125 1 0 0.08333333333333331 0.9999999999999998 0 0.1041666666666667 1 0 0.125 0.9583333333333333 0 0.125 0.9791666666666669 0 0.125 0.9374999999999999 0 0.125 0.9999999999999999 0 0.125 0.9583333333333333 0 0.125 0.9791666666666669 0 0.1875 0.9374999999999999 0 0.1458333333333333 0.9374999999999999 0 0.1666666666666667 0.9375000000000002 0 0.1875 1 0 0.1458333333333333 0.9999999999999998 0 0.1666666666666667 1 0 0.1875 0.9583333333333333 0 0.1875 0.9791666666666669 0 0.1875 0.9374999999999999 0 0.1875 0.9999999999999999 0 0.1875 0.9583333333333333 0 0.1875 0.9791666666666669 0 0.25 0.9374999999999999 0 0.2083333333333333 0.9374999999999999 0 0.2291666666666667 0.9375000000000002 0 0.25 1 0 0.2083333333333333 0.9999999999999998 0 0.2291666666666667 1 0 0.2499999999999999 0.9583333333333333 0 0.2500000000000001 0.9791666666666669 0 0.25 0.9374999999999999 0 0.25 0.9999999999999999 0 0.2499999999999999 0.9583333333333333 0 0.2500000000000001 0.9791666666666669 0 0.3124999999999999 0.9374999999999999 0 0.2708333333333333 0.9374999999999999 0 0.2916666666666667 0.9375000000000002 0 0.3125000000000001 1 0 0.2708333333333333 0.9999999999999998 0 0.2916666666666667 1 0 0.3124999999999999 0.9583333333333333 0 0.3125000000000001 0.9791666666666669 0 0.3124999999999999 0.9374999999999999 0 0.3124999999999999 0.9999999999999999 0 0.3124999999999999 0.9583333333333333 0 0.3125000000000001 0.9791666666666669 0 0.3749999999999999 0.9374999999999999 0 0.3333333333333333 0.9374999999999999 0 0.3541666666666667 0.9375000000000002 0 0.3750000000000001 1 0 0.3333333333333333 0.9999999999999998 0 0.3541666666666667 1 0 0.3749999999999999 0.9583333333333333 0 0.3750000000000001 0.9791666666666669 0 0.3749999999999999 0.9374999999999999 0 0.3749999999999999 0.9999999999999999 0 0.3749999999999999 0.9583333333333333 0 0.3750000000000001 0.9791666666666669 0 0.4374999999999999 0.9374999999999999 0 0.3958333333333333 0.9374999999999999 0 0.4166666666666667 0.9375000000000002 0 0.4375000000000001 1 0 0.3958333333333333 0.9999999999999998 0 0.4166666666666667 1 0 0.4374999999999999 0.9583333333333333 0 0.4375000000000001 0.9791666666666669 0 0.4374999999999999 0.9374999999999999 0 0.4374999999999999 0.9999999999999999 0 0.4374999999999999 0.9583333333333333 0 0.4375000000000001 0.9791666666666669 0 0.4999999999999999 0.9374999999999999 0 0.4583333333333333 0.9374999999999999 0 0.4791666666666668 0.9375000000000002 0 0.5 1 0 0.4583333333333333 0.9999999999999998 0 0.4791666666666668 1 0 0.4999999999999999 0.9583333333333333 0 0.5000000000000001 0.9791666666666669 0 0.4999999999999999 0.9374999999999999 0 0.4999999999999999 0.9999999999999999 0 0.4999999999999999 0.9583333333333333 0 0.5000000000000001 0.9791666666666669 0 0.5624999999999999 0.9374999999999999 0 0.5208333333333333 0.9374999999999999 0 0.5416666666666667 0.9375000000000002 0 0.5625000000000001 1 0 0.5208333333333333 0.9999999999999998 0 0.5416666666666667 1 0 0.5624999999999999 0.9583333333333333 0 0.5625000000000001 0.9791666666666669 0 0.5624999999999999 0.9374999999999999 0 0.5624999999999999 0.9999999999999999 0 0.5624999999999999 0.9583333333333333 0 0.5625000000000001 0.9791666666666669 0 0.6249999999999999 0.9374999999999999 0 0.5833333333333333 0.9374999999999999 0 0.6041666666666667 0.9375000000000002 0 0.6250000000000001 1 0 0.5833333333333333 0.9999999999999998 0 0.6041666666666667 1 0 0.6249999999999999 0.9583333333333333 0 0.6250000000000001 0.9791666666666669 0 0.6249999999999999 0.9374999999999999 0 0.6249999999999999 0.9999999999999999 0 0.6249999999999999 0.9583333333333333 0 0.6250000000000001 0.9791666666666669 0 0.6874999999999999 0.9374999999999999 0 0.6458333333333333 0.9374999999999999 0 0.6666666666666667 0.9375000000000002 0 0.6875000000000001 1 0 0.6458333333333333 0.9999999999999998 0 0.6666666666666667 1 0 0.6874999999999999 0.9583333333333333 0 0.6875000000000001 0.9791666666666669 0 0.6874999999999999 0.9374999999999999 0 0.6874999999999999 0.9999999999999999 0 0.6874999999999999 0.9583333333333333 0 0.6875000000000001 0.9791666666666669 0 0.7499999999999999 0.9374999999999999 0 0.7083333333333333 0.9374999999999999 0 0.7291666666666667 0.9375000000000002 0 0.7500000000000001 1 0 0.7083333333333333 0.9999999999999998 0 0.7291666666666667 1 0 0.7499999999999999 0.9583333333333333 0 0.7500000000000001 0.9791666666666669 0 0.7499999999999999 0.9374999999999999 0 0.7499999999999999 0.9999999999999999 0 0.7499999999999999 0.9583333333333333 0 0.7500000000000001 0.9791666666666669 0 0.8124999999999999 0.9374999999999999 0 0.7708333333333333 0.9374999999999999 0 0.7916666666666667 0.9375000000000002 0 0.8125000000000001 1 0 0.7708333333333333 0.9999999999999998 0 0.7916666666666667 1 0 0.8124999999999999 0.9583333333333333 0 0.8125000000000002 0.9791666666666669 0 0.8124999999999999 0.9374999999999999 0 0.8124999999999999 0.9999999999999999 0 0.8124999999999999 0.9583333333333333 0 0.8125000000000002 0.9791666666666669 0 0.8749999999999999 0.9374999999999999 0 0.8333333333333333 0.9374999999999999 0 0.8541666666666669 0.9375000000000002 0 0.8750000000000001 1 0 0.8333333333333333 0.9999999999999998 0 0.8541666666666669 1 0 0.8749999999999999 0.9583333333333333 0 0.8750000000000002 0.9791666666666669 0 0.8749999999999999 0.9374999999999999 0 0.8749999999999999 0.9999999999999999 0 0.8749999999999999 0.9583333333333333 0 0.8750000000000002 0.9791666666666669 0 0.9374999999999999 0.9374999999999999 0 0.8958333333333333 0.9374999999999999 0 0.9166666666666669 0.9375000000000002 0 0.9375000000000001 1 0 0.8958333333333333 0.9999999999999998 0 0.9166666666666669 1 0 0.9374999999999999 0.9583333333333333 0 0.9375000000000002 0.9791666666666669 0 0.9374999999999999 0.9374999999999999 0 0.9374999999999999 0.9999999999999999 0 0.9374999999999999 0.9583333333333333 0 0.9375000000000002 0.9791666666666669 0 0.9999999999999999 0.9374999999999999 0 0.9583333333333333 0.9374999999999999 0 0.9791666666666669 0.9375000000000002 0 1 1 0 0.9583333333333333 0.9999999999999998 0 0.9791666666666669 1 0 0.9999999999999998 0.9583333333333333 0 1 0.9791666666666669 0 </DataArray>
      </Points>
      <Cells>
        <DataArray type="Int32" Name="connectivity" format="ascii">0 1 2 3 0 4 5 6 4 7 8 9 10 11 12 13 11 14 15 16 17 14 18 19 20 21 22 23 20 24 25 26 24 27 28 29 30 31 32 33 31 34 35 36 37 34 38 39 40 41 42 43 40 44 45 46 44 47 48 49 50 51 52 53 51 54 55 56 57 54 58 59 60 61 62 63 60 64 65 66 64 67 68 69 70 71 72 73 71 74 75 76 77 74 78 79 80 81 82 83 80 84 85 86 84 87 88 89 90 91 92 93 91 94 95 96 97 94 98 99 100 101 102 103 100 104 105 106 104 107 108 109 110 111 112 113 111 114 115 116 117 114 118 119 120 121 122 123 120 124 125 126 124 127 128 129 130 131 132 133 130 134 135 136 134 137 138 139 140 141 142 143 140 144 145 146 144 147 148 149 150 151 152 153 151 154 155 156 157 154 158 159 160 161 162 163 160 164 165 166 164 167 168 169 170 171 172 173 171 174 175 176 177 174 178 179 180 181 182 183 181 184 185 186 187 184 188 189 190 191 192 193 191 194 195 196 197 194 198 199 200 201 202 203 200 204 205 206 204 207 208 209 210 211 212 213 211 214 215 216 217 214 218 219 220 221 222 223 220 224 225 226 224 227 228 229 230 231 232 233 231 234 235 236 237 234 238 239 240 241 242 243 240 244 245 246 244 247 248 249 250 251 252 253 251 254 255 256 257 254 258 259 260 261 262 263 260 264 265 266 264 267 268 269 270 271 272 273 271 274 275 276 277 274 278 279 280 281 282 283 280 284 285 286 284 287 288 289 290 291 292 293 291 294 295 296 297 294 298 299 300 301 302 303 300 304 305 306 304 307 308 309 310 311 312 313 311 314 315 316 317 314 318 319 320 321 322 323 320 324 325 326 321 327 328 329 324 327 330 331 332 333 334 335 332 336 337 338 333 339 340 341 336 339 342 343 344 345 346 347 344 348 349 350 345 351 352 353 348 351 354 355 356 357 358 359 356 360 361 362 357 363 364 365 360 363 366 367 368 369 370 371 368 372 373 374 369 375 376 377 372 375 378 379 380 381 382 383 380 384 385 386 381 387 388 389 384 387 390 391 392 393 394 395 392 396 397 398 393 399 400 401 396 399 402 403 404 405 406 407 404 408 409 410 405 411 412 413 408 411 414 415 416 417 418 419 416 420 421 422 417 423 424 425 420 423 426 427 428 429 430 431 428 432 433 434 429 435 436 437 432 435 438 439 440 441 442 443 440 444 445 446 441 447 448 449 444 447 450 451 452 453 454 455 452 456 457 458 453 459 460 461 456 459 462 463 464 465 466 467 464 468 469 470 465 471 472 473 468 471 474 475 476 477 478 479 476 480 481 482 477 483 484 485 480 483 486 487 488 489 490 491 488 492 493 494 489 495 496 497 492 495 498 499 500 501 502 503 500 504 505 506 501 507 508 509 504 507 510 511 512 513 514 515 512 516 517 518 513 519 520 521 516 519 522 523 524 525 526 527 524 528 529 530 525 531 532 533 528 531 534 535 536 537 538 539 536 540 541 542 537 543 544 545 540 543 546 547 548 549 550 551 548 552 553 554 549 555 556 557 552 555 558 559 560 561 562 563 560 564 565 566 561 567 568 569 564 567 570 571 572 573 574 575 572 576 577 578 573 579 580 581 576 579 582 583 584 585 586 587 584 588 589 590 585 591 592 593 588 591 594 595 596 597 598 599 596 600 601 602 597 603 604 605 600 603 606 607 608 609 610 611 608 612 613 614 609 615 616 617 612 615 618 619 620 621 622 623 620 624 625 626 621 627 628 629 624 627 630 631 632 633 634 635 632 636 637 638 633 639 640 641 636 639 642 643 644 645 646 647 644 648 649 650 645 651 652 653 648 651 654 655 656 657 658 659 656 660 661 662 657 663 664 665 660 663 666 667 668 669 670 671 668 672 673 674 669 675 676 677 672 675 678 679 680 681 682 683 680 684 685 686 681 687 688 689 684 687 690 691 692 693 694 695 692 696 697 698 693 699 700 701 696 699 702 703 704 705 706 707 704 708 709 710 705 711 712 713 708 711 714 715 716 717 718 719 716 720 721 722 717 723 724 725 720 723 726 727 728 729 730 731 728 732 733 734 729 735 736 737 732 735 738 739 740 741 742 743 740 744 745 746 741 747 748 749 744 747 750 751 752 753 754 755 752 756 757 758 753 759 760 761 756 759 762 763 764 765 766 767 764 768 769 770 765 771 772 773 768 771 774 775 776 777 778 779 776 780 781 782 777 783 784 785 780 783 786 787 788 789 790 791 788 792 793 794 789 795 796 797 792 795 798 799 800 801 802 803 800 804 805 806 801 807 808 809 804 807 810 811 812 813 814 815 812 816 817 818 813 819 820 821 816 819 822 823 824 825 826 827 824 828 829 830 825 831 832 833 828 831 834 835 836 837 838 839 836 840 841 842 837 843 844 845 840 843 846 847 848 849 850 851 848 852 853 854 849 855 856 857 852 855 858 859 860 861 862 863 860 864 865 866 861 867 868 869 864 867 870 871 872 873 874 875 872 876 877 878 873 879 880 881 876 879 882 883 884 885 886 887 884 888 889 890 885 891 892 893 888 891 894 895 896 897 898 899 896 900 901 902 897 903 904 905 900 903 906 907 908 909 910 911 908 912 913 914 909 915 916 917 912 915 918 919 920 921 922 923 920 924 925 926 921 927 928 929 924 927 930 931 932 933 934 935 932 936 937 938 933 939 940 941 936 939 942 943 944 945 946 947 944 948 949 950 945 951 952 953 948 951 954 955 956 957 958 959 956 960 961 962 957 963 964 965 960 963 966 967 968 969 970 971 968 972 973 974 969 975 976 977 972 975 978 979 980 981 982 983 980 984 985 986 981 987 988 989 984 987 990 991 992 993 994 995 992 996 997 998 993 999 1000 1001 996 999 1002 1003 1004 1005 1006 1007 1004 1008 1009 1010 1005 1011 1012 1013 1008 1011 1014 1015 1016 1017 1018 1019 1016 1020 1021 1022 1017 1023 1024 1025 1020 1023 1026 1027 1028 1029 1030 1031 1028 1032 1033 1034 1029 1035 1036 1037 1032 1035 1038 1039 1040 1041 1042 1043 1040 1044 1045 1046 1041 1047 1048 1049 1044 1047 1050 1051 1052 1053 1054 1055 1052 1056 1057 1058 1053 1059 1060 1061 1056 1059 1062 1063 1064 1065 1066 1067 1064 1068 1069 1070 1065 1071 1072 1073 1068 1071 1074 1075 1076 1077 1078 1079 1076 1080 1081 1082 1077 1083 1084 1085 1080 1083 1086 1087 1088 1089 1090 1091 1088 1092 1093 1094 1089 1095 1096 1097 1092 1095 1098 1099 1100 1101 1102 1103 1100 1104 1105 1106 1101 1107 1108 1109 1104 1107 1110 1111 1112 1113 1114 1115 1112 1116 1117 1118 1113 1119 1120 1121 1116 1119 1122 1123 1124 1125 1126 1127 1124 1128 1129 1130 1125 1131 1132 1133 1128 1131 1134 1135 1136 1137 1138 1139 1136 1140 1141 1142 1137 1143 1144 1145 1140 1143 1146 1147 1148 1149 1150 1151 1148 1152 1153 1154 1149 1155 1156 1157 1152 1155 1158 1159 1160 1161 1162 1163 1160 1164 1165 1166 1161 1167 1168 1169 1164 1167 1170 1171 1172 1173 1174 1175 1172 1176 1177 1178 1173 1179 1180 1181 1176 1179 1182 1183 1184 1185 1186 1187 1184 1188 1189 1190 1185 1191 1192 1193 1188 1191 1194 1195 1196 1197 1198 1199 1196 1200 1201 1202 1197 1203 1204 1205 1200 1203 1206 1207 1208 1209 1210 1211 1208 1212 1213 1214 1209 1215 1216 1217 1212 1215 1218 1219 1220 1221 1222 1223 1220 1224 1225 1226 1221 1227 1228 1229 1224 1227 1230 1231 1232 1233 1234 1235 1232 1236 1237 1238 1233 1239 1240 1241 1236 1239 1242 1243 1244 1245 1246 1247 1244 1248 1249 1250 1245 1251 1252 1253 1248 1251 1254 1255 1256 1257 1258 1259 1256 1260 1261 1262 1257 1263 1264 1265 1260 1263 1266 1267 1268 1269 1270 1271 1268 1272 1273 1274 1269 1275 1276 1277 1272 1275 1278 1279 1280 1281 1282 1283 1280 1284 1285 1286 1281 1287 1288 1289 1284 1287 1290 1291 1292 1293 1294 1295 1292 1296 1297 1298 1293 1299 1300 1301 1296 1299 1302 1303 1304 1305 1306 1307 1304 1308 1309 1310 1305 1311 1312 1313 1308 1311 1314 1315 1316 1317 1318 1319 1316 1320 1321 1322 1317 1323 1324 1325 1320 1323 1326 1327 1328 1329 1330 1331 1328 1332 1333 1334 1329 1335 1336 1337 1332 1335 1338 1339 1340 1341 1342 1343 1340 1344 1345 1346 1341 1347 1348 1349 1344 1347 1350 1351 1352 1353 1354 1355 1352 1356 1357 1358 1353 1359 1360 1361 1356 1359 1362 1363 1364 1365 1366 1367 1364 1368 1369 1370 1365 1371 1372 1373 1368 1371 1374 1375 1376 1377 1378 1379 1376 1380 1381 1382 1377 1383 1384 1385 1380 1383 1386 1387 1388 1389 1390 1391 1388 1392 1393 1394 1389 1395 1396 1397 1392 1395 1398 1399 1400 1401 1402 1403 1400 1404 1405 1406 1401 1407 1408 1409 1404 1407 1410 1411 1412 1413 1414 1415 1412 1416 1417 1418 1413 1419 1420 1421 1416 1419 1422 1423 1424 1425 1426 1427 1424 1428 1429 1430 1425 1431 1432 1433 1428 1431 1434 1435 1436 1437 1438 1439 1436 1440 1441 1442 1437 1443 1444 1445 1440 1443 1446 1447 1448 1449 1450 1451 1448 1452 1453 1454 1449 1455 1456 1457 1452 1455 1458 1459 1460 1461 1462 1463 1460 1464 1465 1466 1461 1467 1468 1469 1464 1467 1470 1471 1472 1473 1474 1475 1472 1476 1477 1478 1473 1479 1480 1481 1476 1479 1482 1483 1484 1485 1486 1487 1484 1488 1489 1490 1485 1491 1492 1493 1488 1491 1494 1495 1496 1497 1498 1499 1496 1500 1501 1502 1497 1503 1504 1505 1500 1503 1506 1507 1508 1509 1510 1511 1508 1512 1513 1514 1509 1515 1516 1517 1512 1515 1518 1519 1520 1521 1522 1523 1520 1524 1525 1526 1521 1527 1528 1529 1524 1527 1530 1531 1532 1533 1534 1535 1532 1536 1537 1538 1533 1539 1540 1541 1536 1539 1542 1543 1544 1545 1546 1547 1544 1548 1549 1550 1545 1551 1552 1553 1548 1551 1554 1555 1556 1557 1558 1559 1556 1560 1561 1562 1557 1563 1564 1565 1560 1563 1566 1567 1568 1569 1570 1571 1568 1572 1573 1574 1569 1575 1576 1577 1572 1575 1578 1579 1580 1581 1582 1583 1580 1584 1585 1586 1581 1587 1588 1589 1584 1587 1590 1591 1592 1593 1594 1595 1592 1596 1597 1598 1593 1599 1600 1601 1596 1599 1602 1603 1604 1605 1606 1607 1604 1608 1609 1610 1605 1611 1612 1613 1608 1611 1614 1615 1616 1617 1618 1619 1616 1620 1621 1622 1617 1623 1624 1625 1620 1623 1626 1627 1628 1629 1630 1631 1628 1632 1633 1634 1629 1635 1636 1637 1632 1635 1638 1639 1640 1641 1642 1643 1640 1644 1645 1646 1641 1647 1648 1649 1644 1647 1650 1651 1652 1653 1654 1655 1652 1656 1657 1658 1653 1659 1660 1661 1656 1659 1662 1663 1664 1665 1666 1667 1664 1668 1669 1670 1665 1671 1672 1673 1668 1671 1674 1675 1676 1677 1678 1679 1676 1680 1681 1682 1677 1683 1684 1685 1680 1683 1686 1687 1688 1689 1690 1691 1688 1692 1693 1694 1689 1695 1696 1697 1692 1695 1698 1699 1700 1701 1702 1703 1700 1704 1705 1706 1701 1707 1708 1709 1704 1707 1710 1711 1712 1713 1714 1715 1712 1716 1717 1718 1713 1719 1720 1721 1716 1719 1722 1723 1724 1725 1726 1727 1724 1728 1729 1730 1725 1731 1732 1733 1728 1731 1734 1735 1736 1737 1738 1739 1736 1740 1741 1742 1737 1743 1744 1745 1740 1743 1746 1747 1748 1749 1750 1751 1748 1752 1753 1754 1749 1755 1756 1757 1752 1755 1758 1759 1760 1761 1762 1763 1760 1764 1765 1766 1761 1767 1768 1769 1764 1767 1770 1771 1772 1773 1774 1775 1772 1776 1777 1778 1773 1779 1780 1781 1776 1779 1782 1783 1784 1785 1786 1787 1784 1788 1789 1790 1785 1791 1792 1793 1788 1791 1794 1795 1796 1797 1798 1799 1796 1800 1801 1802 1797 1803 1804 1805 1800 1803 1806 1807 1808 1809 1810 1811 1808 1812 1813 1814 1809 1815 1816 1817 1812 1815 1818 1819 1820 1821 1822 1823 1820 1824 1825 1826 1821 1827 1828 1829 1824 1827 1830 1831 1832 1833 1834 1835 1832 1836 1837 1838 1833 1839 1840 1841 1836 1839 1842 1843 1844 1845 1846 1847 1844 1848 1849 1850 1845 1851 1852 1853 1848 1851 1854 1855 1856 1857 1858 1859 1856 1860 1861 1862 1857 1863 1864 1865 1860 1863 1866 1867 1868 1869 1870 1871 1868 1872 1873 1874 1869 1875 1876 1877 1872 1875 1878 1879 1880 1881 1882 1883 1880 1884 1885 1886 1881 1887 1888 1889 1884 1887 1890 1891 1892 1893 1894 1895 1892 1896 1897 1898 1893 1899 1900 1901 1896 1899 1902 1903 1904 1905 1906 1907 1904 1908 1909 1910 1905 1911 1912 1913 1908 1911 1914 1915 1916 1917 1918 1919 1916 1920 1921 1922 1917 1923 1924 1925 1920 1923 1926 1927 1928 1929 1930 1931 1928 1932 1933 1934 1929 1935 1936 1937 1932 1935 1938 1939 1940 1941 1942 1943 1940 1944 1945 1946 1941 1947 1948 1949 1944 1947 1950 1951 1952 1953 1954 1955 1952 1956 1957 1958 1953 1959 1960 1961 1956 1959 1962 1963 1964 1965 1966 1967 1964 1968 1969 1970 1965 1971 1972 1973 1968 1971 1974 1975 1976 1977 1978 1979 1976 1980 1981 1982 1977 1983 1984 1985 1980 1983 1986 1987 1988 1989 1990 1991 1988 1992 1993 1994 1989 1995 1996 1997 1992 1995 1998 1999 2000 2001 2002 2003 2000 2004 2005 2006 2001 2007 2008 2009 2004 2007 2010 2011 2012 2013 2014 2015 2012 2016 2017 2018 2013 2019 2020 2021 2016 2019 2022 2023 2024 2025 2026 2027 2024 2028 2029 2030 2025 2031 2032 2033 2028 2031 2034 2035 2036 2037 2038 2039 2036 2040 2041 2042 2037 2043 2044 2045 2040 2043 2046 2047 2048 2049 2050 2051 2048 2052 2053 2054 2049 2055 2056 2057 2052 2055 2058 2059 2060 2061 2062 2063 2060 2064 2065 2066 2061 2067 2068 2069 2064 2067 2070 2071 2072 2073 2074 2075 2072 2076 2077 2078 2073 2079 2080 2081 2076 2079 2082 2083 2084 2085 2086 2087 2084 2088 2089 2090 2085 2091 2092 2093 2088 2091 2094 2095 2096 2097 2098 2099 2096 2100 2101 2102 2097 2103 2104 2105 2100 2103 2106 2107 2108 2109 2110 2111 2108 2112 2113 2114 2109 2115 2116 2117 2112 2115 2118 2119 2120 2121 2122 2123 2120 2124 2125 2126 2121 2127 2128 2129 2124 2127 2130 2131 2132 2133 2134 2135 2132 2136 2137 2138 2133 2139 2140 2141 2136 2139 2142 2143 2144 2145 2146 2147 2144 2148 2149 2150 2145 2151 2152 2153 2148 2151 2154 2155 2156 2157 2158 2159 2156 2160 2161 2162 2157 2163 2164 2165 2160 2163 2166 2167 2168 2169 2170 2171 2168 2172 2173 2174 2169 2175 2176 2177 2172 2175 2178 2179 2180 2181 2182 2183 2180 2184 2185 2186 2181 2187 2188 2189 2184 2187 2190 2191 2192 2193 2194 2195 2192 2196 2197 2198 2193 2199 2200 2201 2196 2199 2202 2203 2204 2205 2206 2207 2204 2208 2209 2210 2205 2211 2212 2213 2208 2211 2214 2215 2216 2217 2218 2219 2216 2220 2221 2222 2217 2223 2224 2225 2220 2223 2226 2227 2228 2229 2230 2231 2228 2232 2233 2234 2229 2235 2236 2237 2232 2235 2238 2239 2240 2241 2242 2243 2240 2244 2245 2246 2241 2247 2248 2249 2244 2247 2250 2251 2252 2253 2254 2255 2252 2256 2257 2258 2253 2259 2260 2261 2256 2259 2262 2263 2264 2265 2266 2267 2264 2268 2269 2270 2265 2271 2272 2273 2268 2271 2274 2275 2276 2277 2278 2279 2276 2280 2281 2282 2277 2283 2284 2285 2280 2283 2286 2287 2288 2289 2290 2291 2288 2292 2293 2294 2289 2295 2296 2297 2292 2295 2298 2299 2300 2301 2302 2303 2300 2304 2305 2306 2301 2307 2308 2309 2304 2307 2310 2311 2312 2313 2314 2315 2312 2316 2317 2318 2313 2319 2320 2321 2316 2319 2322 2323 2324 2325 2326 2327 2324 2328 2329 2330 2325 2331 2332 2333 2328 2331 2334 2335 2336 2337 2338 2339 2336 2340 2341 2342 2337 2343 2344 2345 2340 2343 2346 2347 2348 2349 2350 2351 2348 2352 2353 2354 2349 2355 2356 2357 2352 2355 2358 2359 2360 2361 2362 2363 2360 2364 2365 2366 2361 2367 2368 2369 2364 2367 2370 2371 2372 2373 2374 2375 2372 2376 2377 2378 2373 2379 2380 2381 2376 2379 2382 2383 2384 2385 2386 2387 2384 2388 2389 2390 2385 2391 2392 2393 2388 2391 2394 2395 2396 2397 2398 2399 2396 2400 2401 2402 2397 2403 2404 2405 2400 2403 2406 2407 2408 2409 2410 2411 2408 2412 2413 2414 2409 2415 2416 2417 2412 2415 2418 2419 2420 2421 2422 2423 2420 2424 2425 2426 2421 2427 2428 2429 2424 2427 2430 2431 2432 2433 2434 2435 2432 2436 2437 2438 2433 2439 2440 2441 2436 2439 2442 2443 2444 2445 2446 2447 2444 2448 2449 2450 2445 2451 2452 2453 2448 2451 2454 2455 2456 2457 2458 2459 2456 2460 2461 2462 2457 2463 2464 2465 2460 2463 2466 2467 2468 2469 2470 2471 2468 2472 2473 2474 2469 2475 2476 2477 2472 2475 2478 2479 2480 2481 2482 2483 2480 2484 2485 2486 2481 2487 2488 2489 2484 2487 2490 2491 2492 2493 2494 2495 2492 2496 2497 2498 2493 2499 2500 2501 2496 2499 2502 2503 2504 2505 2506 2507 2504 2508 2509 2510 2505 2511 2512 2513 2508 2511 2514 2515 2516 2517 2518 2519 2516 2520 2521 2522 2517 2523 2524 2525 2520 2523 2526 2527 2528 2529 2530 2531 2528 2532 2533 2534 2529 2535 2536 2537 2532 2535 2538 2539 2540 2541 2542 2543 2540 2544 2545 2546 2541 2547 2548 2549 2544 2547 2550 2551 2552 2553 2554 2555 2552 2556 2557 2558 2553 2559 2560 2561 2556 2559 2562 2563 2564 2565 2566 2567 2564 2568 2569 2570 2565 2571 2572 2573 2568 2571 2574 2575 2576 2577 2578 2579 2576 2580 2581 2582 2577 2583 2584 2585 2580 2583 2586 2587 2588 2589 2590 2591 2588 2592 2593 2594 2589 2595 2596 2597 2592 2595 2598 2599 2600 2601 2602 2603 2600 2604 2605 2606 2601 2607 2608 2609 2604 2607 2610 2611 2612 2613 2614 2615 2612 2616 2617 2618 2613 2619 2620 2621 2616 2619 2622 2623 2624 2625 2626 2627 2624 2628 2629 2630 2625 2631 2632 2633 2628 2631 2634 2635 2636 2637 2638 2639 2636 2640 2641 2642 2637 2643 2644 2645 2640 2643 2646 2647 2648 2649 2650 2651 2648 2652 2653 2654 2649 2655 2656 2657 2652 2655 2658 2659 2660 2661 2662 2663 2660 2664 2665 2666 2661 2667 2668 2669 2664 2667 2670 2671 2672 2673 2674 2675 2672 2676 2677 2678 2673 2679 2680 2681 2676 2679 2682 2683 2684 2685 2686 2687 2684 2688 2689 2690 2685 2691 2692 2693 2688 2691 2694 2695 2696 2697 2698 2699 2696 2700 2701 2702 2697 2703 2704 2705 2700 2703 2706 2707 2708 2709 2710 2711 2708 2712 2713 2714 2709 2715 2716 2717 2712 2715 2718 2719 2720 2721 2722 2723 2720 2724 2725 2726 2721 2727 2728 2729 2724 2727 2730 2731 2732 2733 2734 2735 2732 2736 2737 2738 2733 2739 2740 2741 2736 2739 2742 2743 2744 2745 2746 2747 2744 2748 2749 2750 2745 2751 2752 2753 2748 2751 2754 2755 2756 2757 2758 2759 2756 2760 2761 2762 2757 2763 2764 2765 2760 2763 2766 2767 2768 2769 2770 2771 2768 2772 2773 2774 2769 2775 2776 2777 2772 2775 2778 2779 2780 2781 2782 2783 2780 2784 2785 2786 2781 2787 2788 2789 2784 2787 2790 2791 2792 2793 2794 2795 2792 2796 2797 2798 2793 2799 2800 2801 2796 2799 2802 2803 2804 2805 2806 2807 2804 2808 2809 2810 2805 2811 2812 2813 2808 2811 2814 2815 2816 2817 2818 2819 2816 2820 2821 2822 2817 2823 2824 2825 2820 2823 2826 2827 2828 2829 2830 2831 2828 2832 2833 2834 2829 2835 2836 2837 2832 2835 2838 2839 2840 2841 2842 2843 2840 2844 2845 2846 2841 2847 2848 2849 2844 2847 2850 2851 2852 2853 2854 2855 2852 2856 2857 2858 2853 2859 2860 2861 2856 2859 2862 2863 </DataArray>
        <DataArray type="Int32" Name="offsets" format="ascii">4 8 12 16 20 24 28 32 36 40 44 48 52 56 60 64 68 72 76 80 84 88 92 96 100 104 108 112 116 120 124 128 132 136 140 144 148 152 156 160 164 168 172 176 180 184 188 192 196 200 204 208 212 216 220 224 228 232 236 240 244 248 252 256 260 264 268 272 276 280 284 288 292 296 300 304 308 312 316 320 324 328 332 336 340 344 348 352 356 360 364 368 372 376 380 384 388 392 396 400 404 408 412 416 420 424 428 432 436 440 444 448 452 456 460 464 468 472 476 480 484 488 492 496 500 504 508 512 516 520 524 528 532 536 540 544 548 552 556 560 564 568 572 576 580 584 588 592 596 600 604 608 612 616 620 624 628 632 636 640 644 648 652 656 660 664 668 672 676 680 684 688 692 696 700 704 708 712 716 720 724 728 732 736 740 744 748 752 756 760 764 768 772 776 780 784 788 792 796 800 804 808 812 816 820 824 828 832 836 840 844 848 852 856 860 864 868 872 876 880 884 888 892 896 900 904 908 912 916 920 924 928 932 936 940 944 948 952 956 960 964 968 972 976 980 984 988 992 996 1000 1004 1008 1012 1016 1020 1024 1028 1032 1036 1040 1044 1048 1052 1056 1060 1064 1068 1072 1076 1080 1084 1088 1092 1096 1100 1104 1108 1112 1116 1120 1124 1128 1132 1136 1140 1144 1148 1152 1156 1160 1164 1168 1172 1176 1180 1184 1188 1192 1196 1200 1204 1208 1212 1216 1220 1224 1228 1232 1236 1240 1244 1248 1252 1256 1260 1264 1268 1272 1276 1280 1284 1288 1292 1296 1300 1304 1308 1312 1316 1320 1324 1328 1332 1336 1340 1344 1348 1352 1356 1360 1364 1368 1372 1376 1380 1384 1388 1392 1396 1400 1404 1408 1412 1416 1420 1424 1428 1432 1436 1440 1444 1448 1452 1456 1460 1464 1468 1472 1476 1480 1484 1488 1492 1496 1500 1504 1508 1512 1516 1520 1524 1528 1532 1536 1540 1544 1548 1552 1556 1560 1564 1568 1572 1576 1580 1584 1588 1592 1596 1600 1604 1608 1612 1616 1620 1624 1628 1632 1636 1640 1644 1648 1652 1656 1660 1664 1668 1672 1676 1680 1684 1688 1692 1696 1700 1704 1708 1712 1716 1720 1724 1728 1732 1736 1740 1744 1748 1752 1756 1760 1764 1768 1772 1776 1780 1784 1788 1792 1796 1800 1804 1808 1812 1816 1820 1824 1828 1832 1836 1840 1844 1848 1852 1856 1860 1864 1868 1872 1876 1880 1884 1888 1892 1896 1900 1904 1908 1912 1916 1920 1924 1928 1932 1936 1940 1944 1948 1952 1956 1960 1964 1968 1972 1976 1980 1984 1988 1992 1996 2000 2004 2008 2012 2016 2020 2024 2028 2032 2036 2040 2044 2048 2052 2056 2060 2064 2068 2072 2076 2080 2084 2088 2092 2096 2100 2104 2108 2112 2116 2120 2124 2128 2132 2136 2140 2144 2148 2152 2156 2160 2164 2168 2172 2176 2180 2184 2188 2192 2196 2200 2204 2208 2212 2216 2220 2224 2228 2232 2236 2240 2244 2248 2252 2256 2260 2264 2268 2272 2276 2280 2284 2288 2292 2296 2300 2304 2308 2312 2316 2320 2324 2328 2332 2336 2340 2344 2348 2352 2356 2360 2364 2368 2372 2376 2380 2384 2388 2392 2396 2400 2404 2408 2412 2416 2420 2424 2428 2432 2436 2440 2444 2448 2452 2456 2460 2464 2468 2472 2476 2480 2484 2488 2492 2496 2500 2504 2508 2512 2516 2520 2524 2528 2532 2536 2540 2544 2548 2552 2556 2560 2564 2568 2572 2576 2580 2584 2588 2592 2596 2600 2604 2608 2612 2616 2620 2624 2628 2632 2636 2640 2644 2648 2652 2656 2660 2664 2668 2672 2676 2680 2684 2688 2692 2696 2700 2704 2708 2712 2716 2720 2724 2728 2732 2736 2740 2744 2748 2752 2756 2760 2764 2768 2772 2776 2780 2784 2788 2792 2796 2800 2804 2808 2812 2816 2820 2824 2828 2832 2836 2840 2844 2848 2852 2856 2860 2864 2868 2872 2876 2880 2884 2888 2892 2896 2900 2904 2908 2912 2916 2920 2924 2928 2932 2936 2940 2944 2948 2952 2956 2960 2964 2968 2972 2976 2980 2984 2988 2992 2996 3000 3004 3008 3012 3016 3020 3024 3028 3032 3036 3040 3044 3048 3052 3056 3060 3064 3068 3072 3076 3080 3084 3088 3092 3096 3100 3104 3108 3112 3116 3120 3124 3128 3132 3136 3140 3144 3148 3152 3156 3160 3164 3168 3172 3176 3180 3184 3188 3192 3196 3200 3204 3208 3212 3216 3220 3224 3228 3232 3236 3240 3244 3248 3252 3256 3260 3264 3268 3272 3276 3280 3284 3288 3292 3296 3300 3304 3308 3312 3316 3320 3324 3328 3332 3336 3340 3344 3348 3352 3356 3360 3364 3368 3372 3376 3380 3384 3388 3392 3396 3400 3404 3408 3412 3416 3420 3424 3428 3432 3436 3440 3444 3448 3452 3456 3460 3464 3468 3472 3476 3480 3484 3488 3492 3496 3500 3504 3508 3512 3516 3520 3524 3528 3532 3536 3540 3544 3548 3552 3556 3560 3564 3568 3572 3576 3580 3584 3588 3592 3596 3600 3604 3608 3612 3616 3620 3624 3628 3632 3636 3640 3644 3648 3652 3656 3660 3664 3668 3672 3676 3680 3684 3688 3692 3696 3700 3704 3708 3712 3716 3720 3724 3728 3732 3736 3740 3744 3748 3752 3756 3760 3764 3768 3772 3776 </DataArray>
        <DataArray type="Int8" Name="types" format="ascii">68 68 68 68 68 68 68 68 68 68 68 68 68 68 68 68 68 68 68 68 68 68 68 68 68 68 68 68 68 68 68 68 68 68 68 68 68 68 68 68 68 68 68 68 68 68 68 68 68 68 68 68 68 68 68 68 68 68 68 68 68 68 68 68 68 68 68 68 68 68 68 68 68 68 68 68 68 68 68 68 68 68 68 68 68 68 68 68 68 68 68 68 68 68 68 68 68 68 68 68 68 68 68 68 68 68 68 68 68 68 68 68 68 68 68 68 68 68 68 68 68 68 68 68 68 68 68 68 68 68 68 68 68 68 68 68 68 68 68 68 68 68 68 68 68 68 68 68 68 68 68 68 68 68 68 68 68 68 68 68 68 68 68 68 68 68 68 68 68 68 68 68 68 68 68 68 68 68 68 68 68 68 68 68 68 68 68 68 68 68 68 68 68 68 68 68 68 68 68 68 68 68 68 68 68 68 68 68 68 68 68 68 68 68 68 68 68 68 68 68 68 68 68 68 68 68 68 68 68 68 68 68 68 68 68 68 68 68 68 68 68 68 68 68 68 68 68 68 68 68 68 68 68 68 68 68 68 68 68 68 68 68 68 68 68 68 68 68 68 68 68 68 68 68 68 68 68 68 68 68 68 68 68 68 68 68 68 68 68 68 68 68 68 68 68 68 68 68 68 68 68 68 68 68 68 68 68 68 68 68 68 68 68 68 68 68 68 68 68 68 68 68 68 68 68 68 68 68 68 68 68 68 68 68 68 68 68 68 68 68 68 68 68 68 68 68 68 68 68 68 68 68 68 68 68 68 68 68 68 68 68 68 68 68 68 68 68 68 68 68 68 68 68 68 68 68 68 68 68 68 68 68 68 68 68 68 68 68 68 68 68 68 68 68 68 68 68 68 68 68 68 68 68 68 68 68 68 68 68 68 68 68 68 68 68 68 68 68 68 68 68 68 68 68 68 68 68 68 68 68 68 68 68 68 68 68 68 68 68 68 68 68 68 68 68 68 68 68 68 68 68 68 68 68 68 68 68 68 68 68 68 68 68 68 68 68 68 68 68 68 68 68 68 68 68 68 68 68 68 68 68 68 68 68 68 68 68 68 68 68 68 68 68 68 68 68 68 68 68 68 68 68 68 68 68 68 68 68 68 68 68 68 68 68 68 68 68 68 68 68 68 68 68 68 68 68 68 68 68 68 68 68 68 68 68 68 68 68 68 68 68 68 68 68 68 68 68 68 68 68 68 68 68 68 68 68 68 68 68 68 68 68 68 68 68 68 68 68 68 68 68 68 68 68 68 68 68 68 68 68 68 68 68 68 68 68 68 68 68 68 68 68 68 68 68 68 68 68 68 68 68 68 68 68 68 68 68 68 68 68 68 68 68 68 68 68 68 68 68 68 68 68 68 68 68 68 68 68 68 68 68 68 68 68 68 68 68 68 68 68 68 68 68 68 68 68 68 68 68 68 68 68 68 68 68 68 68 68 68 68 68 68 68 68 68 68 68 68 68 68 68 68 68 68 68 68 68 68 68 68 68 68 68 68 68 68 68 68 68 68 68 68 68 68 68 68 68 68 68 68 68 68 68 68 68 68 68 68 68 68 68 68 68 68 68 68 68 68 68 68 68 68 68 68 68 68 68 68 68 68 68 68 68 68 68 68 68 68 68 68 68 68 68 68 68 68 68 68 68 68 68 68 68 68 68 68 68 68 68 68 68 68 68 68 68 68 68 68 68 68 68 68 68 68 68 68 68 68 68 68 68 68 68 68 68 68 68 68 68 68 68 68 68 68 68 68 68 68 68 68 68 68 68 68 68 68 68 68 68 68 68 68 68 68 68 68 68 68 68 68 68 68 68 68 68 68 68 68 68 68 68 68 68 68 68 68 68 68 68 68 68 68 68 68 68 68 68 68 68 68 68 68 68 68 68 68 68 68 68 68 68 68 68 68 68 68 68 68 68 68 68 68 68 68 68 68 68 68 68 68 68 68 68 68 68 68 68 68 68 68 68 68 68 68 68 68 68 68 68 68 68 68 68 68 68 68 68 68 68 68 68 68 68 68 68 68 68 68 68 68 68 68 68 68 68 68 68 68 68 68 68 68 68 68 68 68 68 68 68 68 68 68 68 68 </DataArray>
      </Cells>
      <CellData>
        <DataArray type="UInt8" Name="vtkGhostType" format="ascii" RangeMin="0" RangeMax="1">0 0 0 0 0 0 0 0 0 0 0 0 0 0 0 0 0 0 0 0 0 0 0 0 0 0 0 0 0 0 0 0 0 0 0 0 0 0 0 0 0 0 0 0 0 0 0 0 0 0 0 0 0 0 0 0 0 0 0 0 0 0 0 0 0 0 0 0 0 0 0 0 0 0 0 0 0 0 0 0 0 0 0 0 0 0 0 0 0 0 0 0 0 0 0 0 0 0 0 0 0 0 0 0 0 0 0 0 0 0 0 0 0 0 0 0 0 0 0 0 0 0 0 0 0 0 0 0 0 0 0 0 0 0 0 0 0 0 0 0 0 0 0 0 0 0 0 0 0 0 0 0 0 0 0 0 0 0 0 0 0 0 0 0 0 0 0 0 0 0 0 0 0 0 0 0 0 0 0 0 0 0 0 0 0 0 0 0 0 0 0 0 0 0 0 0 0 0 0 0 0 0 0 0 0 0 0 0 0 0 0 0 0 0 0 0 0 0 0 0 0 0 0 0 0 0 0 0 0 0 0 0 0 0 0 0 0 0 0 0 0 0 0 0 0 0 0 0 0 0 0 0 0 0 0 0 0 0 0 0 0 0 0 0 0 0 0 0 0 0 0 0 0 0 0 0 0 0 0 0 0 0 0 0 0 0 0 0 0 0 0 0 0 0 0 0 0 0 0 0 0 0 0 0 0 0 0 0 0 0 0 0 0 0 0 0 0 0 0 0 0 0 0 0 0 0 0 0 0 0 0 0 0 0 0 0 0 0 0 0 0 0 0 0 0 0 0 0 0 0 0 0 0 0 0 0 0 0 0 0 0 0 0 0 0 0 0 0 0 0 0 0 0 0 0 0 0 0 0 0 0 0 0 0 0 0 0 0 0 0 0 0 0 0 0 0 0 0 0 0 0 0 0 0 0 0 0 0 0 0 0 0 0 0 0 0 0 0 0 0 0 0 0 0 0 0 0 0 0 0 0 0 0 0 0 0 0 0 0 0 0 0 0 0 0 0 0 0 0 0 0 0 0 0 0 0 0 0 0 0 0 0 0 0 0 0 0 0 0 0 0 0 0 0 0 0 0 0 0 0 0 0 0 0 0 0 0 0 0 0 0 0 0 0 0 0 0 0 0 0 0 0 0 0 0 0 0 0 0 0 0 0 0 0 0 0 0 0 0 0 0 0 0 0 0 0 0 0 0 0 0 0 0 0 0 0 0 0 0 0 0 0 0 0 0 0 0 0 0 0 0 0 0 0 0 0 0 0 0 0 0 0 0 0 0 0 0 0 0 0 0 0 0 0 0 0 0 0 0 0 0 0 0 0 0 0 0 0 0 0 0 0 0 0 0 0 0 0 0 0 0 0 0 0 0 0 0 0 0 0 0 0 0 0 0 0 0 0 0 0 0 0 0 0 0 0 0 0 0 0 0 0 0 0 0 0 0 0 0 0 0 0 0 0 0 0 0 0 0 0 0 0 0 0 0 0 0 0 0 0 0 0 0 0 0 0 0 0 0 0 0 0 0 0 0 0 0 0 0 0 0 0 0 0 0 0 0 0 0 0 0 0 0 0 0 0 0 0 0 0 0 0 0 0 0 0 0 0 0 0 0 0 0 0 0 0 0 0 0 0 0 0 0 0 0 0 0 0 0 0 0 0 0 0 0 0 0 0 0 0 0 0 0 0 0 0 0 0 0 0 0 0 0 0 0 0 0 0 0 0 0 0 0 0 0 0 0 0 0 0 0 0 0 0 0 0 0 0 0 0 0 0 0 0 0 0 0 0 0 0 0 0 0 0 0 0 0 0 0 0 0 0 0 0 0 0 0 0 0 0 0 0 0 0 0 0 0 0 0 0 0 0 0 0 0 0 0 0 0 0 0 0 0 0 0 0 0 0 0 0 0 0 0 0 0 0 0 0 0 0 0 0 0 0 0 0 0 0 0 0 0 0 0 0 0 0 0 0 0 0 0 0 0 0 0 0 0 0 0 0 0 0 0 0 0 0 0 0 0 0 0 0 0 0 0 0 0 0 0 0 0 0 0 0 0 0 0 0 0 0 0 0 0 0 0 0 0 0 0 0 0 0 0 0 0 0 0 0 0 0 0 0 0 0 0 0 0 0 0 0 0 0 0 0 </DataArray>
        <DataArray type="Int64" IdType="1" Name="vtkOriginalCellIds" format="ascii" RangeMin="0" RangeMax="943">0 1 2 3 4 5 6 7 8 9 10 11 12 13 14 15 16 17 18 19 20 21 22 23 24 25 26 27 28 29 30 31 32 33 34 35 36 37 38 39 40 41 42 43 44 45 46 47 48 49 50 51 52 53 54 55 56 57 58 59 60 61 62 63 64 65 66 67 68 69 70 71 72 73 74 75 76 77 78 79 80 81 82 83 84 85 86 87 88 89 90 91 92 93 94 95 96 97 98 99 100 101 102 103 104 105 106 107 108 109 110 111 112 113 114 115 116 117 118 119 120 121 122 123 124 125 126 127 128 129 130 131 132 133 134 135 136 137 138 139 140 141 142 143 144 145 146 147 148 149 150 151 152 153 154 155 156 157 158 159 160 161 162 163 164 165 166 167 168 169 170 171 172 173 174 175 176 177 178 179 180 181 182 183 184 185 186 187 188 189 190 191 192 193 194 195 196 197 198 199 200 201 202 203 204 205 206 207 208 209 210 211 212 213 214 215 216 217 218 219 220 221 222 223 224 225 226 227 228 229 230 231 232 233 234 235 236 237 238 239 240 241 242 243 244 245 246 247 248 249 250 251 252 253 254 255 256 257 258 259 260 261 262 263 264 265 266 267 268 269 270 271 272 273 274 275 276 277 278 279 280 281 282 283 284 285 286 287 288 289 290 291 292 293 294 295 296 297 298 299 300 301 302 303 304 305 306 307 308 309 310 311 312 313 314 315 316 317 318 319 320 321 322 323 324 325 326 327 328 329 330 331 332 333 334 335 336 337 338 339 340 341 342 343 344 345 346 347 348 349 350 351 352 353 354 355 356 357 358 359 360 361 362 363 364 365 366 367 368 369 370 371 372 373 374 375 376 377 378 379 380 381 382 383 384 385 386 387 388 389 390 391 392 393 394 395 396 397 398 399 400 401 402 403 404 405 406 407 408 409 410 411 412 413 414 415 416 417 418 419 420 421 422 423 424 425 426 427 428 429 430 431 432 433 434 435 436 437 438 439 440 441 442 443 444 445 446 447 448 449 450 451 452 453 454 455 456 457 458 459 460 461 462 463 464 465 466 467 468 469 470 471 472 473 474 475 476 477 478 479 480 481 482 483 484 485 486 487 488 489 490 491 492 493 494 495 496 497 498 499 500 501 502 503 504 505 506 507 508 509 510 511 512 513 514 515 516 517 518 519 520 521 522 523 524 525 526 527 528 529 530 531 532 533 534 535 536 537 538 539 540 541 542 543 544 545 546 547 548 549 550 551 552 553 554 555 556 557 558 559 560 561 562 563 564 565 566 567 568 569 570 571 572 573 574 575 576 577 578 579 580 581 582 583 584 585 586 587 588 589 590 591 592 593 594 595 596 597 598 599 600 601 602 603 604 605 606 607 608 609 610 611 612 613 614 615 616 617 618 619 620 621 622 623 624 625 626 627 628 629 630 631 632 633 634 635 636 637 638 639 640 641 642 643 644 645 646 647 648 649 650 651 652 653 654 655 656 657 658 659 660 661 662 663 664 665 666 667 668 669 670 671 672 673 674 675 676 677 678 679 680 681 682 683 684 685 686 687 688 689 690 691 692 693 694 695 696 697 698 699 700 701 702 703 704 705 706 707 708 709 710 711 712 713 714 715 716 717 718 719 720 721 722 723 724 725 726 727 728 729 730 731 732 733 734 735 736 737 738 739 740 741 742 743 744 745 746 747 748 749 750 751 752 753 754 755 756 757 758 759 760 761 762 763 764 765 766 767 768 769 770 771 772 773 774 775 776 777 778 779 780 781 782 783 784 785 786 787 788 789 790 791 792 793 794 795 796 797 798 799 800 801 802 803 804 805 806 807 808 809 810 811 812 813 814 815 816 817 818 819 820 821 822 823 824 825 826 827 828 829 830 831 832 833 834 835 836 837 838 839 840 841 842 843 844 845 846 847 848 849 850 851 852 853 854 855 856 857 858 859 860 861 862 863 864 865 866 867 868 869 870 871 872 873 874 875 876 877 878 879 880 881 882 883 884 885 886 887 888 889 890 891 892 893 894 895 896 897 898 899 900 901 902 903 904 905 906 907 908 909 910 911 912 913 914 915 916 917 918 919 920 921 922 923 924 925 926 927 928 929 930 931 932 933 934 935 936 937 938 939 940 941 942 943 </DataArray>
      </CellData>
      <PointData Vectors="solution_wirebasket">
        <DataArray type="Int64" IdType="1" Name="vtkOriginalPointIds" format="ascii" RangeMin="0" RangeMax="2863">0 1 2 3 4 5 6 7 8 9 10 11 12 13 14 15 16 17 18 19 20 21 22 23 24 25 26 27 28 29 30 31 32 33 34 35 36 37 38 39 40 41 42 43 44 45 46 47 48 49 50 51 52 53 54 55 56 57 58 59 60 61 62 63 64 65 66 67 68 69 70 71 72 73 74 75 76 77 78 79 80 81 82 83 84 85 86 87 88 89 90 91 92 93 94 95 96 97 98 99 100 101 102 103 104 105 106 107 108 109 110 111 112 113 114 115 116 117 118 119 120 121 122 123 124 125 126 127 128 129 130 131 132 133 134 135 136 137 138 139 140 141 142 143 144 145 146 147 148 149 150 151 152 153 154 155 156 157 158 159 160 161 162 163 164 165 166 167 168 169 170 171 172 173 174 175 176 177 178 179 180 181 182 183 184 185 186 187 188 189 190 191 192 193 194 195 196 197 198 199 200 201 202 203 204 205 206 207 208 209 210 211 212 213 214 215 216 217 218 219 220 221 222 223 224 225 226 227 228 229 230 231 232 233 234 235 236 237 238 239 240 241 242 243 244 245 246 247 248 249 250 251 252 253 254 255 256 257 258 259 260 261 262 263 264 265 266 267 268 269 270 271 272 273 274 275 276 277 278 279 280 281 282 283 284 285 286 287 288 289 290 291 292 293 294 295 296 297 298 299 300 301 302 303 304 305 306 307 308 309 310 311 312 313 314 315 316 317 318 319 320 321 322 323 324 325 326 327 328 329 330 331 332 333 334 335 336 337 338 339 340 341 342 343 344 345 346 347 348 349 350 351 352 353 354 355 356 357 358 359 360 361 362 363 364 365 366 367 368 369 370 371 372 373 374 375 376 377 378 379 380 381 382 383 384 385 386 387 388 389 390 391 392 393 394 395 396 397 398 399 400 401 402 403 404 405 406 407 408 409 410 411 412 413 414 415 416 417 418 419 420 421 422 423 424 425 426 427 428 429 430 431 432 433 434 435 436 437 438 439 440 441 442 443 444 445 446 447 448 449 450 451 452 453 454 455 456 457 458 459 460 461 462 463 464 465 466 467 468 469 470 471 472 473 474 475 476 477 478 479 480 481 482 483 484 485 486 487 488 489 490 491 492 493 494 495 496 497 498 499 500 501 502 503 504 505 506 507 508 509 510 511 512 513 514 515 516 517 518 519 520 521 522 523 524 525 526 527 528 529 530 531 532 533 534 535 536 537 538 539 540 541 542 543 544 545 546 547 548 549 550 551 552 553 554 555 556 557 558 559 560 561 562 563 564 565 566 567 568 569 570 571 572 573 574 575 576 577 578 579 580 581 582 583 584 585 586 587 588 589 590 591 592 593 594 595 596 597 598 599 600 601 602 603 604 605 606 607 608 609 610 611 612 613 614 615 616 617 618 619 620 621 622 623 624 625 626 627 628 629 630 631 632 633 634 635 636 637 638 639 640 641 642 643 644 645 646 647 648 649 650 651 652 653 654 655 656 657 658 659 660 661 662 663 664 665 666 667 668 669 670 671 672 673 674 675 676 677 678 679 680 681 682 683 684 685 686 687 688 689 690 691 692 693 694 695 696 697 698 699 700 701 702 703 704 705 706 707 708 709 710 711 712 713 714 715 716 717 718 719 720 721 722 723 724 725 726 727 728 729 730 731 732 733 734 735 736 737 738 739 740 741 742 743 744 745 746 747 748 749 750 751 752 753 754 755 756 757 758 759 760 761 762 763 764 765 766 767 768 769 770 771 772 773 774 775 776 777 778 779 780 781 782 783 784 785 786 787 788 789 790 791 792 793 794 795 796 797 798 799 800 801 802 803 804 805 806 807 808 809 810 811 812 813 814 815 816 817 818 819 820 821 822 823 824 825 826 827 828 829 830 831 832 833 834 835 836 837 838 839 840 841 842 843 844 845 846 847 848 849 850 851 852 853 854 855 856 857 858 859 860 861 862 863 864 865 866 867 868 869 870 871 872 873 874 875 876 877 878 879 880 881 882 883 884 885 886 887 888 889 890 891 892 893 894 895 896 897 898 899 900 901 902 903 904 905 906 907 908 909 910 911 912 913 914 915 916 917 918 919 920 921 922 923 924 925 926 927 928 929 930 931 932 933 934 935 936 937 938 939 940 941 942 943 944 945 946 947 948 949 950 951 952 953 954 955 956 957 958 959 960 961 962 963 964 965 966 967 968 969 970 971 972 973 974 975 976 977 978 979 980 981 982 983 984 985 986 987 988 989 990 991 992 993 994 995 996 997 998 999 1000 1001 1002 1003 1004 1005 1006 1007 1008 1009 1010 1011 1012 1013 1014 1015 1016 1017 1018 1019 1020 1021 1022 1023 1024 1025 1026 1027 1028 1029 1030 1031 1032 1033 1034 1035 1036 1037 1038 1039 1040 1041 1042 1043 1044 1045 1046 1047 1048 1049 1050 1051 1052 1053 1054 1055 1056 1057 1058 1059 1060 1061 1062 1063 1064 1065 1066 1067 1068 1069 1070 1071 1072 1073 1074 1075 1076 1077 1078 1079 1080 1081 1082 1083 1084 1085 1086 1087 1088 1089 1090 1091 1092 1093 1094 1095 1096 1097 1098 1099 1100 1101 1102 1103 1104 1105 1106 1107 1108 1109 1110 1111 1112 1113 1114 1115 1116 1117 1118 1119 1120 1121 1122 1123 1124 1125 1126 1127 1128 1129 1130 1131 1132 1133 1134 1135 1136 1137 1138 1139 1140 1141 1142 1143 1144 1145 1146 1147 1148 1149 1150 1151 1152 1153 1154 1155 1156 1157 1158 1159 1160 1161 1162 1163 1164 1165 1166 1167 1168 1169 1170 1171 1172 1173 1174 1175 1176 1177 1178 1179 1180 1181 1182 1183 1184 1185 1186 1187 1188 1189 1190 1191 1192 1193 1194 1195 1196 1197 1198 1199 1200 1201 1202 1203 1204 1205 1206 1207 1208 1209 1210 1211 1212 1213 1214 1215 1216 1217 1218 1219 1220 1221 1222 1223 1224 1225 1226 1227 1228 1229 1230 1231 1232 1233 1234 1235 1236 1237 1238 1239 1240 1241 1242 1243 1244 1245 1246 1247 1248 1249 1250 1251 1252 1253 1254 1255 1256 1257 1258 1259 1260 1261 1262 1263 1264 1265 1266 1267 1268 1269 1270 1271 1272 1273 1274 1275 1276 1277 1278 1279 1280 1281 1282 1283 1284 1285 1286 1287 1288 1289 1290 1291 1292 1293 1294 1295 1296 1297 1298 1299 1300 1301 1302 1303 1304 1305 1306 1307 1308 1309 1310 1311 1312 1313 1314 1315 1316 1317 1318 1319 1320 1321 1322 1323 1324 1325 1326 1327 1328 1329 1330 1331 1332 1333 1334 1335 1336 1337 1338 1339 1340 1341 1342 1343 1344 1345 1346 1347 1348 1349 1350 1351 1352 1353 1354 1355 1356 1357 1358 1359 1360 1361 1362 1363 1364 1365 1366 1367 1368 1369 1370 1371 1372 1373 1374 1375 1376 1377 1378 1379 1380 1381 1382 1383 1384 1385 1386 1387 1388 1389 1390 1391 1392 1393 1394 1395 1396 1397 1398 1399 1400 1401 1402 1403 1404 1405 1406 1407 1408 1409 1410 1411 1412 1413 1414 1415 1416 1417 1418 1419 1420 1421 1422 1423 1424 1425 1426 1427 1428 1429 1430 1431 1432 1433 1434 1435 1436 1437 1438 1439 1440 1441 1442 1443 1444 1445 1446 1447 1448 1449 1450 1451 1452 1453 1454 1455 1456 1457 1458 1459 1460 1461 1462 1463 1464 1465 1466 1467 1468 1469 1470 1471 1472 1473 1474 1475 1476 1477 1478 1479 1480 1481 1482 1483 1484 1485 1486 1487 1488 1489 1490 1491 1492 1493 1494 1495 1496 1497 1498 1499 1500 1501 1502 1503 1504 1505 1506 1507 1508 1509 1510 1511 1512 1513 1514 1515 1516 1517 1518 1519 1520 1521 1522 1523 1524 1525 1526 1527 1528 1529 1530 1531 1532 1533 1534 1535 1536 1537 1538 1539 1540 1541 1542 1543 1544 1545 1546 1547 1548 1549 1550 1551 1552 1553 1554 1555 1556 1557 1558 1559 1560 1561 1562 1563 1564 1565 1566 1567 1568 1569 1570 1571 1572 1573 1574 1575 1576 1577 1578 1579 1580 1581 1582 1583 1584 1585 1586 1587 1588 1589 1590 1591 1592 1593 1594 1595 1596 1597 1598 1599 1600 1601 1602 1603 1604 1605 1606 1607 1608 1609 1610 1611 1612 1613 1614 1615 1616 1617 1618 1619 1620 1621 1622 1623 1624 1625 1626 1627 1628 1629 1630 1631 1632 1633 1634 1635 1636 1637 1638 1639 1640 1641 1642 1643 1644 1645 1646 1647 1648 1649 1650 1651 1652 1653 1654 1655 1656 1657 1658 1659 1660 1661 1662 1663 1664 1665 1666 1667 1668 1669 1670 1671 1672 1673 1674 1675 1676 1677 1678 1679 1680 1681 1682 1683 1684 1685 1686 1687 1688 1689 1690 1691 1692 1693 1694 1695 1696 1697 1698 1699 1700 1701 1702 1703 1704 1705 1706 1707 1708 1709 1710 1711 1712 1713 1714 1715 1716 1717 1718 1719 1720 1721 1722 1723 1724 1725 1726 1727 1728 1729 1730 1731 1732 1733 1734 1735 1736 1737 1738 1739 1740 1741 1742 1743 1744 1745 1746 1747 1748 1749 1750 1751 1752 1753 1754 1755 1756 1757 1758 1759 1760 1761 1762 1763 1764 1765 1766 1767 1768 1769 1770 1771 1772 1773 1774 1775 1776 1777 1778 1779 1780 1781 1782 1783 1784 1785 1786 1787 1788 1789 1790 1791 1792 1793 1794 1795 1796 1797 1798 1799 1800 1801 1802 1803 1804 1805 1806 1807 1808 1809 1810 1811 1812 1813 1814 1815 1816 1817 1818 1819 1820 1821 1822 1823 1824 1825 1826 1827 1828 1829 1830 1831 1832 1833 1834 1835 1836 1837 1838 1839 1840 1841 1842 1843 1844 1845 1846 1847 1848 1849 1850 1851 1852 1853 1854 1855 1856 1857 1858 1859 1860 1861 1862 1863 1864 1865 1866 1867 1868 1869 1870 1871 1872 1873 1874 1875 1876 1877 1878 1879 1880 1881 1882 1883 1884 1885 1886 1887 1888 1889 1890 1891 1892 1893 1894 1895 1896 1897 1898 1899 1900 1901 1902 1903 1904 1905 1906 1907 1908 1909 1910 1911 1912 1913 1914 1915 1916 1917 1918 1919 1920 1921 1922 1923 1924 1925 1926 1927 1928 1929 1930 1931 1932 1933 1934 1935 1936 1937 1938 1939 1940 1941 1942 1943 1944 1945 1946 1947 1948 1949 1950 1951 1952 1953 1954 1955 1956 1957 1958 1959 1960 1961 1962 1963 1964 1965 1966 1967 1968 1969 1970 1971 1972 1973 1974 1975 1976 1977 1978 1979 1980 1981 1982 1983 1984 1985 1986 1987 1988 1989 1990 1991 1992 1993 1994 1995 1996 1997 1998 1999 2000 2001 2002 2003 2004 2005 2006 2007 2008 2009 2010 2011 2012 2013 2014 2015 2016 2017 2018 2019 2020 2021 2022 2023 2024 2025 2026 2027 2028 2029 2030 2031 2032 2033 2034 2035 2036 2037 2038 2039 2040 2041 2042 2043 2044 2045 2046 2047 2048 2049 2050 2051 2052 2053 2054 2055 2056 2057 2058 2059 2060 2061 2062 2063 2064 2065 2066 2067 2068 2069 2070 2071 2072 2073 2074 2075 2076 2077 2078 2079 2080 2081 2082 2083 2084 2085 2086 2087 2088 2089 2090 2091 2092 2093 2094 2095 2096 2097 2098 2099 2100 2101 2102 2103 2104 2105 2106 2107 2108 2109 2110 2111 2112 2113 2114 2115 2116 2117 2118 2119 2120 2121 2122 2123 2124 2125 2126 2127 2128 2129 2130 2131 2132 2133 2134 2135 2136 2137 2138 2139 2140 2141 2142 2143 2144 2145 2146 2147 2148 2149 2150 2151 2152 2153 2154 2155 2156 2157 2158 2159 2160 2161 2162 2163 2164 2165 2166 2167 2168 2169 2170 2171 2172 2173 2174 2175 2176 2177 2178 2179 2180 2181 2182 2183 2184 2185 2186 2187 2188 2189 2190 2191 2192 2193 2194 2195 2196 2197 2198 2199 2200 2201 2202 2203 2204 2205 2206 2207 2208 2209 2210 2211 2212 2213 2214 2215 2216 2217 2218 2219 2220 2221 2222 2223 2224 2225 2226 2227 2228 2229 2230 2231 2232 2233 2234 2235 2236 2237 2238 2239 2240 2241 2242 2243 2244 2245 2246 2247 2248 2249 2250 2251 2252 2253 2254 2255 2256 2257 2258 2259 2260 2261 2262 2263 2264 2265 2266 2267 2268 2269 2270 2271 2272 2273 2274 2275 2276 2277 2278 2279 2280 2281 2282 2283 2284 2285 2286 2287 2288 2289 2290 2291 2292 2293 2294 2295 2296 2297 2298 2299 2300 2301 2302 2303 2304 2305 2306 2307 2308 2309 2310 2311 2312 2313 2314 2315 2316 2317 2318 2319 2320 2321 2322 2323 2324 2325 2326 2327 2328 2329 2330 2331 2332 2333 2334 2335 2336 2337 2338 2339 2340 2341 2342 2343 2344 2345 2346 2347 2348 2349 2350 2351 2352 2353 2354 2355 2356 2357 2358 2359 2360 2361 2362 2363 2364 2365 2366 2367 2368 2369 2370 2371 2372 2373 2374 2375 2376 2377 2378 2379 2380 2381 2382 2383 2384 2385 2386 2387 2388 2389 2390 2391 2392 2393 2394 2395 2396 2397 2398 2399 2400 2401 2402 2403 2404 2405 2406 2407 2408 2409 2410 2411 2412 2413 2414 2415 2416 2417 2418 2419 2420 2421 2422 2423 2424 2425 2426 2427 2428 2429 2430 2431 2432 2433 2434 2435 2436 2437 2438 2439 2440 2441 2442 2443 2444 2445 2446 2447 2448 2449 2450 2451 2452 2453 2454 2455 2456 2457 2458 2459 2460 2461 2462 2463 2464 2465 2466 2467 2468 2469 2470 2471 2472 2473 2474 2475 2476 2477 2478 2479 2480 2481 2482 2483 2484 2485 2486 2487 2488 2489 2490 2491 2492 2493 2494 2495 2496 2497 2498 2499 2500 2501 2502 2503 2504 2505 2506 2507 2508 2509 2510 2511 2512 2513 2514 2515 2516 2517 2518 2519 2520 2521 2522 2523 2524 2525 2526 2527 2528 2529 2530 2531 2532 2533 2534 2535 2536 2537 2538 2539 2540 2541 2542 2543 2544 2545 2546 2547 2548 2549 2550 2551 2552 2553 2554 2555 2556 2557 2558 2559 2560 2561 2562 2563 2564 2565 2566 2567 2568 2569 2570 2571 2572 2573 2574 2575 2576 2577 2578 2579 2580 2581 2582 2583 2584 2585 2586 2587 2588 2589 2590 2591 2592 2593 2594 2595 2596 2597 2598 2599 2600 2601 2602 2603 2604 2605 2606 2607 2608 2609 2610 2611 2612 2613 2614 2615 2616 2617 2618 2619 2620 2621 2622 2623 2624 2625 2626 2627 2628 2629 2630 2631 2632 2633 2634 2635 2636 2637 2638 2639 2640 2641 2642 2643 2644 2645 2646 2647 2648 2649 2650 2651 2652 2653 2654 2655 2656 2657 2658 2659 2660 2661 2662 2663 2664 2665 2666 2667 2668 2669 2670 2671 2672 2673 2674 2675 2676 2677 2678 2679 2680 2681 2682 2683 2684 2685 2686 2687 2688 2689 2690 2691 2692 2693 2694 2695 2696 2697 2698 2699 2700 2701 2702 2703 2704 2705 2706 2707 2708 2709 2710 2711 2712 2713 2714 2715 2716 2717 2718 2719 2720 2721 2722 2723 2724 2725 2726 2727 2728 2729 2730 2731 2732 2733 2734 2735 2736 2737 2738 2739 2740 2741 2742 2743 2744 2745 2746 2747 2748 2749 2750 2751 2752 2753 2754 2755 2756 2757 2758 2759 2760 2761 2762 2763 2764 2765 2766 2767 2768 2769 2770 2771 2772 2773 2774 2775 2776 2777 2778 2779 2780 2781 2782 2783 2784 2785 2786 2787 2788 2789 2790 2791 2792 2793 2794 2795 2796 2797 2798 2799 2800 2801 2802 2803 2804 2805 2806 2807 2808 2809 2810 2811 2812 2813 2814 2815 2816 2817 2818 2819 2820 2821 2822 2823 2824 2825 2826 2827 2828 2829 2830 2831 2832 2833 2834 2835 2836 2837 2838 2839 2840 2841 2842 2843 2844 2845 2846 2847 2848 2849 2850 2851 2852 2853 2854 2855 2856 2857 2858 2859 2860 2861 2862 2863 </DataArray>
        <DataArray type="UInt8" Name="vtkGhostType" format="ascii" RangeMin="0" RangeMax="0">0 0 0 0 0 0 0 0 0 0 0 0 0 0 0 0 0 0 0 0 0 0 0 0 0 0 0 0 0 0 0 0 0 0 0 0 0 0 0 0 0 0 0 0 0 0 0 0 0 0 0 0 0 0 0 0 0 0 0 0 0 0 0 0 0 0 0 0 0 0 0 0 0 0 0 0 0 0 0 0 0 0 0 0 0 0 0 0 0 0 0 0 0 0 0 0 0 0 0 0 0 0 0 0 0 0 0 0 0 0 0 0 0 0 0 0 0 0 0 0 0 0 0 0 0 0 0 0 0 0 0 0 0 0 0 0 0 0 0 0 0 0 0 0 0 0 0 0 0 0 0 0 0 0 0 0 0 0 0 0 0 0 0 0 0 0 0 0 0 0 0 0 0 0 0 0 0 0 0 0 0 0 0 0 0 0 0 0 0 0 0 0 0 0 0 0 0 0 0 0 0 0 0 0 0 0 0 0 0 0 0 0 0 0 0 0 0 0 0 0 0 0 0 0 0 0 0 0 0 0 0 0 0 0 0 0 0 0 0 0 0 0 0 0 0 0 0 0 0 0 0 0 0 0 0 0 0 0 0 0 0 0 0 0 0 0 0 0 0 0 0 0 0 0 0 0 0 0 0 0 0 0 0 0 0 0 0 0 0 0 0 0 0 0 0 0 0 0 0 0 0 0 0 0 0 0 0 0 0 0 0 0 0 0 0 0 0 0 0 0 0 0 0 0 0 0 0 0 0 0 0 0 0 0 0 0 0 0 0 0 0 0 0 0 0 0 0 0 0 0 0 0 0 0 0 0 0 0 0 0 0 0 0 0 0 0 0 0 0 0 0 0 0 0 0 0 0 0 0 0 0 0 0 0 0 0 0 0 0 0 0 0 0 0 0 0 0 0 0 0 0 0 0 0 0 0 0 0 0 0 0 0 0 0 0 0 0 0 0 0 0 0 0 0 0 0 0 0 0 0 0 0 0 0 0 0 0 0 0 0 0 0 0 0 0 0 0 0 0 0 0 0 0 0 0 0 0 0 0 0 0 0 0 0 0 0 0 0 0 0 0 0 0 0 0 0 0 0 0 0 0 0 0 0 0 0 0 0 0 0 0 0 0 0 0 0 0 0 0 0 0 0 0 0 0 0 0 0 0 0 0 0 0 0 0 0 0 0 0 0 0 0 0 0 0 0 0 0 0 0 0 0 0 0 0 0 0 0 0 0 0 0 0 0 0 0 0 0 0 0 0 0 0 0 0 0 0 0 0 0 0 0 0 0 0 0 0 0 0 0 0 0 0 0 0 0 0 0 0 0 0 0 0 0 0 0 0 0 0 0 0 0 0 0 0 0 0 0 0 0 0 0 0 0 0 0 0 0 0 0 0 0 0 0 0 0 0 0 0 0 0 0 0 0 0 0 0 0 0 0 0 0 0 0 0 0 0 0 0 0 0 0 0 0 0 0 0 0 0 0 0 0 0 0 0 0 0 0 0 0 0 0 0 0 0 0 0 0 0 0 0 0 0 0 0 0 0 0 0 0 0 0 0 0 0 0 0 0 0 0 0 0 0 0 0 0 0 0 0 0 0 0 0 0 0 0 0 0 0 0 0 0 0 0 0 0 0 0 0 0 0 0 0 0 0 0 0 0 0 0 0 0 0 0 0 0 0 0 0 0 0 0 0 0 0 0 0 0 0 0 0 0 0 0 0 0 0 0 0 0 0 0 0 0 0 0 0 0 0 0 0 0 0 0 0 0 0 0 0 0 0 0 0 0 0 0 0 0 0 0 0 0 0 0 0 0 0 0 0 0 0 0 0 0 0 0 0 0 0 0 0 0 0 0 0 0 0 0 0 0 0 0 0 0 0 0 0 0 0 0 0 0 0 0 0 0 0 0 0 0 0 0 0 0 0 0 0 0 0 0 0 0 0 0 0 0 0 0 0 0 0 0 0 0 0 0 0 0 0 0 0 0 0 0 0 0 0 0 0 0 0 0 0 0 0 0 0 0 0 0 0 0 0 0 0 0 0 0 0 0 0 0 0 0 0 0 0 0 0 0 0 0 0 0 0 0 0 0 0 0 0 0 0 0 0 0 0 0 0 0 0 0 0 0 0 0 0 0 0 0 0 0 0 0 0 0 0 0 0 0 0 0 0 0 0 0 0 0 0 0 0 0 0 0 0 0 0 0 0 0 0 0 0 0 0 0 0 0 0 0 0 0 0 0 0 0 0 0 0 0 0 0 0 0 0 0 0 0 0 0 0 0 0 0 0 0 0 0 0 0 0 0 0 0 0 0 0 0 0 0 0 0 0 0 0 0 0 0 0 0 0 0 0 0 0 0 0 0 0 0 0 0 0 0 0 0 0 0 0 0 0 0 0 0 0 0 0 0 0 0 0 0 0 0 0 0 0 0 0 0 0 0 0 0 0 0 0 0 0 0 0 0 0 0 0 0 0 0 0 0 0 0 0 0 0 0 0 0 0 0 0 0 0 0 0 0 0 0 0 0 0 0 0 0 0 0 0 0 0 0 0 0 0 0 0 0 0 0 0 0 0 0 0 0 0 0 0 0 0 0 0 0 0 0 0 0 0 0 0 0 0 0 0 0 0 0 0 0 0 0 0 0 0 0 0 0 0 0 0 0 0 0 0 0 0 0 0 0 0 0 0 0 0 0 0 0 0 0 0 0 0 0 0 0 0 0 0 0 0 0 0 0 0 0 0 0 0 0 0 0 0 0 0 0 0 0 0 0 0 0 0 0 0 0 0 0 0 0 0 0 0 0 0 0 0 0 0 0 0 0 0 0 0 0 0 0 0 0 0 0 0 0 0 0 0 0 0 0 0 0 0 0 0 0 0 0 0 0 0 0 0 0 0 0 0 0 0 0 0 0 0 0 0 0 0 0 0 0 0 0 0 0 0 0 0 0 0 0 0 0 0 0 0 0 0 0 0 0 0 0 0 0 0 0 0 0 0 0 0 0 0 0 0 0 0 0 0 0 0 0 0 0 0 0 0 0 0 0 0 0 0 0 0 0 0 0 0 0 0 0 0 0 0 0 0 0 0 0 0 0 0 0 0 0 0 0 0 0 0 0 0 0 0 0 0 0 0 0 0 0 0 0 0 0 0 0 0 0 0 0 0 0 0 0 0 0 0 0 0 0 0 0 0 0 0 0 0 0 0 0 0 0 0 0 0 0 0 0 0 0 0 0 0 0 0 0 0 0 0 0 0 0 0 0 0 0 0 0 0 0 0 0 0 0 0 0 0 0 0 0 0 0 0 0 0 0 0 0 0 0 0 0 0 0 0 0 0 0 0 0 0 0 0 0 0 0 0 0 0 0 0 0 0 0 0 0 0 0 0 0 0 0 0 0 0 0 0 0 0 0 0 0 0 0 0 0 0 0 0 0 0 0 0 0 0 0 0 0 0 0 0 0 0 0 0 0 0 0 0 0 0 0 0 0 0 0 0 0 0 0 0 0 0 0 0 0 0 0 0 0 0 0 0 0 0 0 0 0 0 0 0 0 0 0 0 0 0 0 0 0 0 0 0 0 0 0 0 0 0 0 0 0 0 0 0 0 0 0 0 0 0 0 0 0 0 0 0 0 0 0 0 0 0 0 0 0 0 0 0 0 0 0 0 0 0 0 0 0 0 0 0 0 0 0 0 0 0 0 0 0 0 0 0 0 0 0 0 0 0 0 0 0 0 0 0 0 0 0 0 0 0 0 0 0 0 0 0 0 0 0 0 0 0 0 0 0 0 0 0 0 0 0 0 0 0 0 0 0 0 0 0 0 0 0 0 0 0 0 0 0 0 0 0 0 0 0 0 0 0 0 0 0 0 0 0 0 0 0 0 0 0 0 0 0 0 0 0 0 0 0 0 0 0 0 0 0 0 0 0 0 0 0 0 0 0 0 0 0 0 0 0 0 0 0 0 0 0 0 0 0 0 0 0 0 0 0 0 0 0 0 0 0 0 0 0 0 0 0 0 0 0 0 0 0 0 0 0 0 0 0 0 0 0 0 0 0 0 0 0 0 0 0 0 0 0 0 0 0 0 0 0 0 0 0 0 0 0 0 0 0 0 0 0 0 0 0 0 0 0 0 0 0 0 0 0 0 0 0 0 0 0 0 0 0 0 0 0 0 0 0 0 0 0 0 0 0 0 0 0 0 0 0 0 0 0 0 0 0 0 0 0 0 0 0 0 0 0 0 0 0 0 0 0 0 0 0 0 0 0 0 0 0 0 0 0 0 0 0 0 0 0 0 0 0 0 0 0 0 0 0 0 0 0 0 0 0 0 0 0 0 0 0 0 0 0 0 0 0 0 0 0 0 0 0 0 0 0 0 0 0 0 0 0 0 0 0 0 0 0 0 0 0 0 0 0 0 0 0 0 0 0 0 0 0 0 0 0 0 0 0 0 0 0 0 0 0 0 0 0 0 0 0 0 0 0 0 0 0 0 0 0 0 0 0 0 0 0 0 0 0 0 0 0 0 0 0 0 0 0 0 0 0 0 0 0 0 0 0 0 0 0 0 0 0 0 0 0 0 0 0 0 0 0 0 0 0 0 0 0 0 0 0 0 0 0 0 0 0 0 0 0 0 0 0 0 0 0 0 0 0 0 0 0 0 0 0 0 0 0 0 0 0 0 0 0 0 0 0 0 0 0 0 0 0 0 0 0 0 0 0 0 0 0 0 0 0 0 0 0 0 0 0 0 0 0 0 0 0 0 0 0 0 0 0 0 0 0 0 0 0 0 0 0 0 0 0 0 0 0 0 0 0 0 0 0 0 0 0 0 0 0 0 0 0 0 0 0 0 0 0 0 0 0 0 0 0 0 0 0 0 0 0 0 0 0 0 0 0 0 0 0 0 0 0 0 0 0 0 0 0 0 0 0 0 0 0 0 0 0 0 0 0 0 0 0 0 0 0 0 0 0 0 0 0 0 0 0 0 0 0 0 0 0 0 0 0 0 0 0 0 0 0 0 0 0 0 0 0 0 0 0 0 0 0 0 0 0 0 0 0 0 0 0 0 0 0 0 0 0 0 0 0 0 0 0 0 0 0 0 0 0 0 0 0 0 0 0 0 0 0 0 0 0 0 0 0 0 0 0 0 0 0 0 0 0 0 0 0 0 0 0 0 0 0 0 0 0 0 0 0 0 0 0 0 0 0 0 0 0 0 0 0 0 0 0 0 0 0 0 0 0 0 0 0 0 0 0 0 0 0 0 0 0 0 0 0 0 0 0 0 0 0 0 0 0 0 0 0 0 0 0 0 0 0 0 0 0 0 0 0 0 0 0 0 0 0 0 0 0 0 0 0 0 0 0 0 0 0 0 0 0 0 0 0 0 0 0 0 0 0 0 0 0 0 0 0 0 0 0 0 0 0 0 0 0 0 0 0 0 0 0 0 0 0 0 0 0 0 0 0 0 0 0 0 0 0 0 0 0 0 0 0 0 0 0 0 0 0 0 0 0 0 0 0 0 0 0 0 0 0 0 0 0 0 0 0 0 0 0 0 0 0 0 0 0 0 0 0 0 0 0 0 0 0 0 0 0 0 0 0 0 0 0 0 0 0 0 0 0 0 0 0 0 0 0 0 0 0 0 0 0 0 0 0 0 0 0 0 0 0 0 0 0 0 0 0 0 0 0 0 0 0 0 0 0 0 0 0 0 0 0 0 0 0 0 0 0 0 0 0 0 0 0 0 0 0 0 0 0 0 0 0 0 0 0 0 0 0 0 0 0 0 0 0 0 0 0 0 0 0 0 0 0 0 0 0 0 0 0 0 0 0 0 0 0 0 0 0 0 0 0 0 0 0 0 0 0 0 0 0 0 0 0 0 0 0 0 0 0 0 0 0 0 0 0 0 0 0 0 0 0 0 0 0 0 0 0 0 0 0 0 0 0 0 0 0 0 0 0 0 0 0 0 0 0 0 0 0 0 0 0 0 0 0 0 0 0 0 0 0 0 0 0 0 0 0 0 0 0 0 0 0 0 0 0 0 0 0 0 0 0 0 0 0 0 0 0 0 0 0 0 0 0 0 0 0 0 0 0 0 0 0 0 0 0 0 0 0 0 0 0 0 0 0 0 0 0 0 0 0 0 0 0 0 0 0 0 0 0 0 0 0 0 0 0 0 0 0 0 0 0 0 0 0 0 0 0 0 0 0 0 0 0 0 0 0 0 0 0 0 0 0 0 0 0 0 0 0 0 0 0 0 0 0 0 0 0 0 0 0 0 0 0 0 0 0 0 0 0 0 0 0 0 0 0 0 0 0 0 0 0 0 0 0 0 0 0 0 0 0 0 0 0 0 0 0 0 0 0 0 0 0 0 0 0 0 0 0 0 0 0 0 0 0 0 0 0 0 0 0 0 0 0 0 0 0 0 0 0 0 0 0 0 0 0 0 0 0 0 0 0 0 0 0 0 0 0 0 0 0 0 0 0 0 </DataArray>
        <DataArray type="Float64" Name="solution_wirebasket" format="ascii" NumberOfComponents="3">0.6556287168132285 0 0 0.691622494745774 0 0 0.6676266427907436 0 0 0.6796245687682592 0 0 0.7697771054252105 0 0 0.6936781796838889 0 0 0.7317276425545503 0 0 0.8137109046330606 0 0 0.7844217051611605 0 0 0.7990663048971108 0 0 0.6916224947457739 0 0 0.6962332569133665 0 0 0.6931594154683048 0 0 0.694696336190836 0 0 0.8144469514154905 0 0 0.7356378217474077 0 0 0.7750423865814492 0 0 0.8137109046330604 0 0 0.8138999024308062 0 0 0.8141453571072238 0 0 0.6962332569133667 0 0 0.6916224947457742 0 0 0.6946963361908358 0 0 0.6931594154683051 0 0 0.8144469514154904 0 0 0.7356378217474078 0 0 0.7750423865814492 0 0 0.8137109046330604 0 0 0.8141453571072236 0 0 0.8138999024308065 0 0 0.6916224947457743 0 0 0.6556287168132291 0 0 0.6796245687682589 0 0 0.667626642790744 0 0 0.7697771054252106 0 0 0.6936781796838893 0 0 0.7317276425545501 0 0 0.8137109046330604 0 0 0.7990663048971105 0 0 0.7844217051611605 0 0 0.694328504156284 0 0 0.7322037624005016 0 0 0.7069535902376896 0 0 0.7195786763190957 0 0 0.7697771016115831 0 0 0.7194780366413835 0 0 0.7446275691264836 0 0 0.8183364062146217 0 0 0.7859635364792625 0 0 0.8021499713469423 0 0 0.7322037624005011 0 0 0.7697771054252105 0 0 0.7447282100754045 0 0 0.7572526577503078 0 0 0.818336408113805 0 0 0.7859635396547422 0 0 0.8021499738842739 0 0 0.8183364062146213 0 0 0.8172411359478553 0 0 0.8173178483280683 0 0 0.7697771054252105 0 0 0.8137109046330608 0 0 0.7844217051611605 0 0 0.7990663048971109 0 0 0.818336408113805 0 0 0.7859635396547422 0 0 0.8021499738842739 0 0 0.8137109046330608 0 0 0.809445197813639 0 0 0.8085606981814594 0 0 0.8137109046330607 0 0 0.7697771054252105 0 0 0.7990663048971105 0 0 0.7844217051611605 0 0 0.8183364081138054 0 0 0.7859635396547422 0 0 0.8021499738842737 0 0 0.8137109046330607 0 0 0.80856069818146 0 0 0.8094451978136404 0 0 0.7697771054252105 0 0 0.7322037624005013 0 0 0.7572526577503074 0 0 0.7447282100754044 0 0 0.818336408113805 0 0 0.7859635396547422 0 0 0.8021499738842737 0 0 0.8183364062146212 0 0 0.8173178483280681 0 0 0.8172411359478553 0 0 0.7322037624005012 0 0 0.6943285041562844 0 0 0.7195786763190954 0 0 0.7069535902376899 0 0 0.7697771016115822 0 0 0.7194780366413837 0 0 0.7446275691264831 0 0 0.8183364062146212 0 0 0.8021499713469419 0 0 0.7859635364792621 0 0 0.6556287161599156 0 0 0.6916224939531213 0 0 0.667626642090984 0 0 0.6796245680220528 0 0 0.7697771016115831 0 0 0.6936781779771382 0 0 0.731727639794361 0 0 0.8137109052133619 0 0 0.7844217028121759 0 0 0.7990663040127691 0 0 0.691622493953121 0 0 0.6962332561028642 0 0 0.693159414669702 0 0 0.6946963353862834 0 0 0.8144469524810167 0 0 0.7356378215622481 0 0 0.7750423870216328 0 0 0.8137109052133616 0 0 0.8138999031771411 0 0 0.8141453580152012 0 0 0.7697771016115831 0 0 0.8137109052133619 0 0 0.7844217028121759 0 0 0.7990663040127691 0 0 0.8183364062146214 0 0 0.7859635364792628 0 0 0.8021499713469424 0 0 0.8137109052133619 0 0 0.8094451972010104 0 0 0.8085606983237839 0 0 0.8183364062146214 0 0 0.813710905213362 0 0 0.8094451972010079 0 0 0.8085606983237816 0 0 0.7697771016115827 0 0 0.802149971346942 0 0 0.7859635364792621 0 0 0.813710905213362 0 0 0.7844217028121758 0 0 0.7990663040127686 0 0 0.7697771016115827 0 0 0.8137109052133619 0 0 0.7844217028121758 0 0 0.7990663040127686 0 0 0.6556287161599166 0 0 0.7317276397943606 0 0 0.6936781779771385 0 0 0.6916224939531213 0 0 0.6676266420909852 0 0 0.679624568022053 0 0 0.8137109052133619 0 0 0.8144469524810167 0 0 0.8138999031771418 0 0 0.8141453580152007 0 0 0.6962332561028638 0 0 0.7750423870216328 0 0 0.7356378215622482 0 0 0.6916224939531216 0 0 0.6931594146697027 0 0 0.6946963353862831 0 0 0.6962332561028647 0 0 0.6916224939531216 0 0 0.6946963353862836 0 0 0.6931594146697028 0 0 0.8144469524810174 0 0 0.7356378215622487 0 0 0.7750423870216331 0 0 0.8137109052133626 0 0 0.8141453580152019 0 0 0.8138999031771423 0 0 0.6916224939531217 0 0 0.655628716159916 0 0 0.6796245680220531 0 0 0.6676266420909847 0 0 0.7697771016115834 0 0 0.6936781779771384 0 0 0.731727639794361 0 0 0.8137109052133625 0 0 0.7990663040127695 0 0 0.7844217028121763 0 0 0.8137109052133625 0 0 0.7697771016115833 0 0 0.7990663040127695 0 0 0.7844217028121763 0 0 0.8183364062146214 0 0 0.7859635364792626 0 0 0.8021499713469421 0 0 0.8137109052133625 0 0 0.8085606983237847 0 0 0.8094451972010114 0 0 0.8137109052133624 0 0 0.818336406214623 0 0 0.8085606983237845 0 0 0.809445197201011 0 0 0.7697771016115833 0 0 0.8021499713469433 0 0 0.7859635364792631 0 0 0.8137109052133624 0 0 0.7990663040127697 0 0 0.7844217028121763 0 0 0.8144469524810175 0 0 0.8137109052133621 0 0 0.8141453580152008 0 0 0.8138999031771412 0 0 0.6962332561028647 0 0 0.775042387021633 0 0 0.7356378215622481 0 0 0.6916224939531206 0 0 0.6946963353862832 0 0 0.6931594146697018 0 0 0.8137109052133624 0 0 0.7697771016115839 0 0 0.7990663040127697 0 0 0.7844217028121763 0 0 0.6556287161599157 0 0 0.7317276397943611 0 0 0.6936781779771379 0 0 0.6916224939531215 0 0 0.6796245680220528 0 0 0.6676266420909839 0 0 0.7697771016115833 0 0 0.8183364062146213 0 0 0.7859635364792625 0 0 0.802149971346942 0 0 0.6943285041562843 0 0 0.7446275691264836 0 0 0.719478036641384 0 0 0.7322037624005016 0 0 0.7069535902376904 0 0 0.7195786763190958 0 0 0.8183364062146212 0 0 0.8183364081138054 0 0 0.8172411359478554 0 0 0.8173178483280679 0 0 0.7697771054252108 0 0 0.8021499738842734 0 0 0.7859635396547424 0 0 0.732203762400502 0 0 0.7447282100754049 0 0 0.7572526577503078 0 0 0.8183364081138054 0 0 0.8137109046330611 0 0 0.80944519781364 0 0 0.8085606981814601 0 0 0.7697771054252109 0 0 0.8021499738842737 0 0 0.7859635396547424 0 0 0.8137109046330611 0 0 0.7844217051611611 0 0 0.7990663048971108 0 0 0.8137109046330613 0 0 0.8183364081138066 0 0 0.8085606981814619 0 0 0.8094451978136421 0 0 0.7697771054252104 0 0 0.8021499738842748 0 0 0.7859635396547427 0 0 0.8137109046330613 0 0 0.7990663048971112 0 0 0.7844217051611611 0 0 0.8183364081138066 0 0 0.8183364062146223 0 0 0.8173178483280695 0 0 0.8172411359478561 0 0 0.7697771054252113 0 0 0.8021499738842748 0 0 0.7859635396547427 0 0 0.7322037624005013 0 0 0.757252657750308 0 0 0.7447282100754044 0 0 0.8183364062146228 0 0 0.7697771016115839 0 0 0.8021499713469431 0 0 0.7859635364792631 0 0 0.6943285041562838 0 0 0.7446275691264836 0 0 0.719478036641384 0 0 0.7322037624005019 0 0 0.7195786763190962 0 0 0.7069535902376899 0 0 0.7697771054252109 0 0 0.8137109046330611 0 0 0.7844217051611611 0 0 0.7990663048971108 0 0 0.6556287168132289 0 0 0.7317276425545505 0 0 0.6936781796838891 0 0 0.6916224947457745 0 0 0.667626642790744 0 0 0.6796245687682591 0 0 0.8137109046330612 0 0 0.8144469514154913 0 0 0.813899902430807 0 0 0.8141453571072238 0 0 0.6962332569133669 0 0 0.7750423865814497 0 0 0.7356378217474082 0 0 0.6916224947457749 0 0 0.6931594154683057 0 0 0.694696336190836 0 0 0.8144469514154911 0 0 0.8137109046330605 0 0 0.8141453571072232 0 0 0.8138999024308062 0 0 0.6962332569133678 0 0 0.77504238658145 0 0 0.7356378217474084 0 0 0.6916224947457738 0 0 0.6946963361908357 0 0 0.6931594154683046 0 0 0.8137109046330613 0 0 0.7697771054252113 0 0 0.7990663048971112 0 0 0.7844217051611611 0 0 0.6556287168132284 0 0 0.7317276425545507 0 0 0.6936781796838893 0 0 0.6916224947457746 0 0 0.6796245687682593 0 0 0.6676266427907437 0 0 0.6962332569133665 0 0 0.8144469514154901 0 0 0.7356378217474077 0 0 0.7750423865814491 0 0 0.7086777038627641 0 0 0.700381405896499 0 0 0.7045295548796318 0 0 0.8170755378215607 0 0 0.8111041480401161 0 0 0.8119098079521111 0 0 0.7448103151823626 0 0 0.7809429265019621 0 0 0.7086777038627641 0 0 0.8170755378215605 0 0 0.7448103151823626 0 0 0.7809429265019621 0 0 0.6962332569133667 0 0 0.7045295548796315 0 0 0.7003814058964992 0 0 0.8144469514154902 0 0 0.8119098079521109 0 0 0.8111041480401165 0 0 0.7356378217474078 0 0 0.775042386581449 0 0 0.6962332561028642 0 0 0.7086777036668318 0 0 0.7003814052908534 0 0 0.7045295544788428 0 0 0.8144469524810163 0 0 0.7356378215622481 0 0 0.7750423870216328 0 0 0.8170755376303538 0 0 0.7448103149880058 0 0 0.7809429263091799 0 0 0.8111041485695869 0 0 0.8119098080868539 0 0 0.8144469524810167 0 0 0.8170755376303536 0 0 0.8111041485695872 0 0 0.8119098080868532 0 0 0.6962332561028644 0 0 0.7750423870216328 0 0 0.7356378215622482 0 0 0.7086777036668312 0 0 0.7809429263091803 0 0 0.7448103149880054 0 0 0.7003814052908536 0 0 0.7045295544788424 0 0 0.7086777036668318 0 0 0.6962332561028647 0 0 0.7045295544788427 0 0 0.7003814052908539 0 0 0.8170755376303537 0 0 0.7448103149880057 0 0 0.7809429263091799 0 0 0.8144469524810176 0 0 0.7356378215622487 0 0 0.7750423870216331 0 0 0.8119098080868538 0 0 0.8111041485695877 0 0 0.8170755376303536 0 0 0.8144469524810175 0 0 0.811909808086854 0 0 0.811104148569587 0 0 0.7086777036668316 0 0 0.7809429263091803 0 0 0.7448103149880054 0 0 0.6962332561028641 0 0 0.775042387021633 0 0 0.7356378215622481 0 0 0.7045295544788426 0 0 0.700381405290853 0 0 0.8144469514154913 0 0 0.6962332569133673 0 0 0.7750423865814497 0 0 0.7356378217474082 0 0 0.8170755378215617 0 0 0.8111041480401165 0 0 0.8119098079521109 0 0 0.7086777038627634 0 0 0.7003814058964994 0 0 0.7045295548796315 0 0 0.7809429265019624 0 0 0.7448103151823631 0 0 0.8170755378215617 0 0 0.708677703862764 0 0 0.7809429265019624 0 0 0.7448103151823631 0 0 0.8144469514154911 0 0 0.8119098079521114 0 0 0.8111041480401163 0 0 0.6962332569133672 0 0 0.7045295548796322 0 0 0.7003814058964993 0 0 0.77504238658145 0 0 0.7356378217474084 0 0 1.236682810171174e-18 0 0 8.897215286613684e-19 0 0 -1.234557255420045e-18 0 0 4.251109502257852e-21 0 0 -8.801565322812872e-19 0 0 5.310696960203538e-19 0 0 -7.045503367752563e-19 0 0 0.03819102338099929 0 0 0.01273034112699975 0 0 0.02546068225399952 0 0 0.01273034112699975 0 0 0.02546068225399954 0 0 1.798573050082905e-19 0 0 0.03819102338099928 0 0 0.01273034112699975 0 0 0.02546068225399954 0 0 1.236143352819924e-18 0 0 5.138501788039681e-19 0 0 -1.734307257593548e-18 0 0 0.07491457332954278 0 0 0.05043220669718044 0 0 0.06267339001336164 0 0 0.02497152444318092 0 0 0.04994304888636188 0 0 1.236143352819924e-18 0 0 0.07491457332954277 0 0 0.02497152444318092 0 0 0.04994304888636188 0 0 1.65626412235058e-19 0 0 1.637507979010395e-19 0 0 -1.657780046223433e-18 0 0 0.1087594530647834 0 0 0.08619619990795628 0 0 0.09747782648636985 0 0 0.03625315102159441 0 0 0.07250630204318888 0 0 1.65626412235058e-19 0 0 0.1087594530647833 0 0 0.03625315102159441 0 0 0.07250630204318888 0 0 3.167444476669187e-18 0 0 2.843434094572282e-19 0 0 -3.556884301393837e-18 0 0 0.1384245063032193 0 0 0.118647804144262 0 0 0.1285361552237407 0 0 0.04614150210107308 0 0 0.09228300420214626 0 0 3.167444476669187e-18 0 0 0.1384245063032193 0 0 0.04614150210107308 0 0 0.09228300420214626 0 0 3.96828540605592e-18 0 0 3.500627348150252e-19 0 0 -2.020709663750058e-18 0 0 0.1627678589404565 0 0 0.1465389571822983 0 0 0.1546534080613776 0 0 0.05425595298015215 0 0 0.1085119059603044 0 0 3.96828540605592e-18 0 0 0.1627678589404565 0 0 0.05425595298015215 0 0 0.1085119059603044 0 0 4.616638578501294e-18 0 0 2.440352427631698e-18 0 0 -2.578795564385125e-18 0 0 0.1808535242452268 0 0 0.1687964140420465 0 0 0.1748249691436368 0 0 0.06028450808174223 0 0 0.1205690161634845 0 0 4.616638578501294e-18 0 0 0.1808535242452267 0 0 0.06028450808174223 0 0 0.1205690161634845 0 0 5.087559999478977e-18 0 0 2.628481664995537e-18 0 0 -2.699866332625065e-18 0 0 0.1919872117683801 0 0 0.1845647534196111 0 0 0.1882759825939957 0 0 0.06399573725612666 0 0 0.1279914745122534 0 0 5.087559999478977e-18 0 0 0.19198721176838 0 0 0.06399573725612666 0 0 0.1279914745122534 0 0 3.413179706869937e-20 0 0 6.865753704178003e-20 0 0 -2.665131414239582e-18 0 0 0.1957463335593823 0 0 0.1932402523653807 0 0 0.1944932929623816 0 0 0.0652487778531274 0 0 0.1304975557062548 0 0 3.413179706869937e-20 0 0 0.1957463335593822 0 0 0.0652487778531274 0 0 0.1304975557062548 0 0 5.43202541201913e-18 0 0 -8.772078510274585e-20 0 0 -5.347005194028055e-18 0 0 0.1919872117683803 0 0 0.1944932929623815 0 0 0.193240252365381 0 0 0.06399573725612674 0 0 0.1279914745122535 0 0 5.43202541201913e-18 0 0 0.1919872117683803 0 0 0.06399573725612674 0 0 0.1279914745122535 0 0 4.983449969950965e-18 0 0 -1.385158478660561e-19 0 0 -5.10707344026964e-18 0 0 0.1808535242452271 0 0 0.1882759825939959 0 0 0.1845647534196115 0 0 0.06028450808174235 0 0 0.1205690161634847 0 0 4.983449969950965e-18 0 0 0.1808535242452271 0 0 0.06028450808174235 0 0 0.1205690161634847 0 0 4.949653585877887e-18 0 0 9.837728636076553e-20 0 0 -2.161026197471814e-18 0 0 0.1627678589404568 0 0 0.174824969143637 0 0 0.168796414042047 0 0 0.05425595298015229 0 0 0.1085119059603046 0 0 4.949653585877887e-18 0 0 0.1627678589404569 0 0 0.05425595298015229 0 0 0.1085119059603046 0 0 -1.010758123117289e-19 0 0 -3.249049928260708e-19 0 0 -4.055042254324061e-18 0 0 0.1384245063032197 0 0 0.1546534080613778 0 0 0.1465389571822988 0 0 0.04614150210107325 0 0 0.0922830042021465 0 0 -1.010758123117289e-19 0 0 0.1384245063032197 0 0 0.04614150210107325 0 0 0.0922830042021465 0 0 3.713885806157833e-18 0 0 1.479391123110845e-19 0 0 -1.362225640320017e-18 0 0 0.1087594530647837 0 0 0.1285361552237411 0 0 0.1186478041442624 0 0 0.03625315102159456 0 0 0.07250630204318904 0 0 3.713885806157833e-18 0 0 0.1087594530647837 0 0 0.03625315102159456 0 0 0.07250630204318904 0 0 -1.503150488303206e-19 0 0 1.64688605068035e-19 0 0 -8.758977544793387e-19 0 0 0.07491457332954306 0 0 0.0974778264863702 0 0 0.08619619990795654 0 0 0.02497152444318107 0 0 0.04994304888636195 0 0 -1.503150488303206e-19 0 0 0.07491457332954321 0 0 0.02497152444318107 0 0 0.04994304888636195 0 0 9.340521946561995e-19 0 0 -1.646517865684229e-19 0 0 -1.395566381378241e-18 0 0 0.03819102338099929 0 0 0.06267339001336181 0 0 0.0504322066971806 0 0 0.01273034112699986 0 0 0.02546068225399958 0 0 9.340521946561995e-19 0 0 0.0381910233809994 0 0 0.01273034112699986 0 0 0.02546068225399958 0 0 8.833448644080018e-19 0 0 -1.745434181304693e-19 0 0 -3.522751683876256e-19 0 0 -4.638532887693414e-17 0 0 0.0254606822539996 0 0 0.01273034112699964 0 0 6.73962463314275e-18 0 0 -1.667231030729442e-16 0 0 8.897215286613684e-19 0 0 -3.636454633235225e-18 0 0 -7.50009917530811e-18 0 0 1.070471353556264e-18 0 0 0.03819102338099928 0 0 0.01273034112699975 0 0 0.02546068225399952 0 0 0.07491457332288287 0 0 0.02497152444096095 0 0 0.04994304888192195 0 0 0.05043220669496046 0 0 0.06267339000892171 0 0 0.03819102338099928 0 0 0.07491457332288284 0 0 0.05043220669496046 0 0 0.06267339000892171 0 0 0.07491457332954277 0 0 0.05043220669718044 0 0 0.06267339001336164 0 0 0.1469513981147812 0 0 0.09892684825351564 0 0 0.1229391231841484 0 0 0.09892684825795553 0 0 0.1229391231863684 0 0 0.07491457332954277 0 0 0.1469513981147811 0 0 0.09892684825795553 0 0 0.1229391231863684 0 0 0.1087594530647833 0 0 0.08619619990795628 0 0 0.09747782648636985 0 0 0.2133410211784374 0 0 0.1690812724693332 0 0 0.1912111468238854 0 0 0.1436199757693346 0 0 0.178480498473886 0 0 0.1087594530647833 0 0 0.2133410211784374 0 0 0.1436199757693346 0 0 0.178480498473886 0 0 0.1384245063032193 0 0 0.118647804144262 0 0 0.1285361552237407 0 0 0.2715329479895984 0 0 0.2327383301154909 0 0 0.2521356390525449 0 0 0.1827939868653456 0 0 0.2271634674274721 0 0 0.1384245063032193 0 0 0.2715329479895983 0 0 0.1827939868653456 0 0 0.2271634674274721 0 0 0.1627678589404565 0 0 0.1465389571822983 0 0 0.1546534080613776 0 0 0.3192888542064856 0 0 0.2874515833952274 0 0 0.3033702188008567 0 0 0.2149415240291329 0 0 0.2671151891178092 0 0 0.1627678589404565 0 0 0.3192888542064856 0 0 0.2149415240291329 0 0 0.2671151891178092 0 0 0.1808535242452267 0 0 0.1687964140420465 0 0 0.1748249691436368 0 0 0.3547608268241575 0 0 0.3311128450790428 0 0 0.3429368359516003 0 0 0.2388226251048703 0 0 0.2967917259645139 0 0 0.1808535242452267 0 0 0.3547608268241574 0 0 0.2388226251048703 0 0 0.2967917259645139 0 0 0.19198721176838 0 0 0.1845647534196111 0 0 0.1882759825939957 0 0 0.376597667855722 0 0 0.362039773834679 0 0 0.3693187208452007 0 0 0.2535240304641606 0 0 0.3150608491599415 0 0 0.19198721176838 0 0 0.3765976678557221 0 0 0.2535240304641606 0 0 0.3150608491599415 0 0 0.1957463335593822 0 0 0.1932402523653807 0 0 0.1944932929623816 0 0 0.3839619741613595 0 0 0.3790524366242679 0 0 0.3815072053928138 0 0 0.2584848804267079 0 0 0.3212234272940338 0 0 0.1957463335593822 0 0 0.3839619741613595 0 0 0.2584848804267079 0 0 0.3212234272940338 0 0 0.1919872117683803 0 0 0.1944932929623815 0 0 0.193240252365381 0 0 0.3765976678557225 0 0 0.3815072053928138 0 0 0.3790524366242682 0 0 0.2535240304641609 0 0 0.3150608491599418 0 0 0.1919872117683803 0 0 0.3765976678557225 0 0 0.2535240304641609 0 0 0.3150608491599418 0 0 0.1808535242452271 0 0 0.1882759825939959 0 0 0.1845647534196115 0 0 0.354760826824158 0 0 0.3693187208452011 0 0 0.3620397738346796 0 0 0.2388226251048707 0 0 0.2967917259645144 0 0 0.1808535242452271 0 0 0.354760826824158 0 0 0.2388226251048707 0 0 0.2967917259645144 0 0 0.1627678589404569 0 0 0.174824969143637 0 0 0.168796414042047 0 0 0.3192888542064863 0 0 0.3429368359516007 0 0 0.3311128450790435 0 0 0.2149415240291333 0 0 0.2671151891178098 0 0 0.1627678589404569 0 0 0.3192888542064864 0 0 0.2149415240291333 0 0 0.2671151891178098 0 0 0.1384245063032197 0 0 0.1546534080613778 0 0 0.1465389571822988 0 0 0.2715329479895989 0 0 0.3033702188008574 0 0 0.2874515833952283 0 0 0.1827939868653462 0 0 0.2271634674274726 0 0 0.1384245063032197 0 0 0.2715329479895993 0 0 0.1827939868653462 0 0 0.2271634674274726 0 0 0.1087594530647837 0 0 0.1285361552237411 0 0 0.1186478041442624 0 0 0.2133410211784378 0 0 0.2521356390525452 0 0 0.2327383301154916 0 0 0.1436199757693352 0 0 0.1784804984738864 0 0 0.1087594530647837 0 0 0.2133410211784381 0 0 0.1436199757693352 0 0 0.1784804984738864 0 0 0.07491457332954321 0 0 0.0974778264863702 0 0 0.08619619990795654 0 0 0.1469513981147815 0 0 0.191211146823886 0 0 0.1690812724693336 0 0 0.09892684825795606 0 0 0.1229391231863685 0 0 0.07491457332954321 0 0 0.1469513981147819 0 0 0.09892684825795606 0 0 0.1229391231863685 0 0 0.0381910233809994 0 0 0.06267339001336181 0 0 0.0504322066971806 0 0 0.07491457332288301 0 0 0.1229391231841486 0 0 0.0989268482535156 0 0 0.05043220669496075 0 0 0.06267339000892178 0 0 0.0381910233809994 0 0 0.07491457332288302 0 0 0.05043220669496075 0 0 0.06267339000892178 0 0 1.862885314349384e-17 0 0 0.0254606822539996 0 0 0.01273034112699964 0 0 -3.596245653516149e-16 0 0 0.04994304888192203 0 0 0.02497152444096085 0 0 2.896931706106287e-17 0 0 -2.98031056050029e-16 0 0 -3.636454633235225e-18 0 0 -6.175801678978767e-18 0 0 -7.006337855287401e-18 0 0 1.624917160259898e-20 0 0 0.07491457332288284 0 0 0.02497152444096095 0 0 0.04994304888192195 0 0 0.1087594530402547 0 0 0.03625315101341822 0 0 0.07250630202683649 0 0 0.08619619989534012 0 0 0.09747782646779751 0 0 0.07491457332288284 0 0 0.1087594530402547 0 0 0.08619619989534012 0 0 0.09747782646779751 0 0 0.1469513981147811 0 0 0.09892684825351564 0 0 0.1229391231841484 0 0 0.2133410211430267 0 0 0.1436199757411787 0 0 0.1784804984421027 0 0 0.1690812724575296 0 0 0.1912111468002783 0 0 0.1469513981147811 0 0 0.2133410211430267 0 0 0.1690812724575296 0 0 0.1912111468002783 0 0 0.2133410211784374 0 0 0.1690812724693332 0 0 0.1912111468238854 0 0 0.3097312465748481 0 0 0.2454710962869671 0 0 0.2776011714309076 0 0 0.2454710963105742 0 0 0.2776011714427112 0 0 0.2133410211784374 0 0 0.3097312465748479 0 0 0.2454710963105742 0 0 0.2776011714427112 0 0 0.2715329479895983 0 0 0.2327383301154909 0 0 0.2521356390525449 0 0 0.3942079902872471 0 0 0.3378901611456475 0 0 0.3660490757164473 0 0 0.3124246287554812 0 0 0.3533163095213643 0 0 0.2715329479895983 0 0 0.394207990287247 0 0 0.3124246287554812 0 0 0.3533163095213643 0 0 0.3192888542064856 0 0 0.2874515833952274 0 0 0.3033702188008567 0 0 0.4635492638036579 0 0 0.4173217481260505 0 0 0.4404355059648543 0 0 0.3673756574055429 0 0 0.4154624606046006 0 0 0.3192888542064856 0 0 0.4635492638036577 0 0 0.3673756574055429 0 0 0.4154624606046006 0 0 0.3547608268241574 0 0 0.3311128450790428 0 0 0.3429368359516003 0 0 0.5150822258457162 0 0 0.4807269178176771 0 0 0.4979045718316967 0 0 0.4082012931646769 0 0 0.4616417595051965 0 0 0.3547608268241574 0 0 0.5150822258457159 0 0 0.4082012931646769 0 0 0.4616417595051965 0 0 0.3765976678557221 0 0 0.362039773834679 0 0 0.3693187208452007 0 0 0.5467004284714568 0 0 0.5256216267209628 0 0 0.53616102759621 0 0 0.4332985880609669 0 0 0.489999508266212 0 0 0.3765976678557221 0 0 0.5467004284714567 0 0 0.4332985880609669 0 0 0.489999508266212 0 0 0.3839619741613595 0 0 0.3790524366242679 0 0 0.3815072053928138 0 0 0.5574241085379915 0 0 0.550274988493635 0 0 0.5538495485158134 0 0 0.4417826856202368 0 0 0.4996033970791144 0 0 0.3839619741613595 0 0 0.5574241085379915 0 0 0.4417826856202368 0 0 0.4996033970791144 0 0 0.3765976678557225 0 0 0.3815072053928138 0 0 0.3790524366242682 0 0 0.5467004284714574 0 0 0.5538495485158135 0 0 0.5502749884936354 0 0 0.4332985880609674 0 0 0.4899995082662125 0 0 0.3765976678557225 0 0 0.5467004284714573 0 0 0.4332985880609674 0 0 0.4899995082662125 0 0 0.354760826824158 0 0 0.3693187208452011 0 0 0.3620397738346796 0 0 0.5150822258457169 0 0 0.5361610275962105 0 0 0.5256216267209638 0 0 0.4082012931646777 0 0 0.4616417595051973 0 0 0.354760826824158 0 0 0.5150822258457168 0 0 0.4082012931646777 0 0 0.4616417595051973 0 0 0.3192888542064864 0 0 0.3429368359516007 0 0 0.3311128450790435 0 0 0.4635492638036585 0 0 0.4979045718316975 0 0 0.4807269178176779 0 0 0.3673756574055438 0 0 0.4154624606046011 0 0 0.3192888542064864 0 0 0.4635492638036586 0 0 0.3673756574055438 0 0 0.4154624606046011 0 0 0.2715329479895993 0 0 0.3033702188008574 0 0 0.2874515833952283 0 0 0.3942079902872477 0 0 0.4404355059648549 0 0 0.4173217481260513 0 0 0.3124246287554822 0 0 0.3533163095213647 0 0 0.2715329479895993 0 0 0.3942079902872477 0 0 0.3124246287554822 0 0 0.3533163095213647 0 0 0.2133410211784381 0 0 0.2521356390525452 0 0 0.2327383301154916 0 0 0.3097312465748485 0 0 0.3660490757164481 0 0 0.3378901611456484 0 0 0.245471096310575 0 0 0.2776011714427115 0 0 0.2133410211784381 0 0 0.3097312465748489 0 0 0.245471096310575 0 0 0.2776011714427115 0 0 0.1469513981147819 0 0 0.191211146823886 0 0 0.1690812724693336 0 0 0.2133410211430273 0 0 0.2776011714309083 0 0 0.2454710962869676 0 0 0.1690812724575304 0 0 0.1912111468002783 0 0 0.1469513981147819 0 0 0.2133410211430273 0 0 0.1690812724575304 0 0 0.1912111468002783 0 0 0.07491457332288302 0 0 0.1229391231841486 0 0 0.0989268482535156 0 0 0.108759453040255 0 0 0.1784804984421034 0 0 0.143619975741179 0 0 0.08619619989534053 0 0 0.09747782646779744 0 0 0.07491457332288302 0 0 0.1087594530402554 0 0 0.08619619989534053 0 0 0.09747782646779744 0 0 3.820070380056651e-17 0 0 0.04994304888192203 0 0 0.02497152444096085 0 0 -5.237154294471918e-16 0 0 0.07250630202683693 0 0 0.03625315101341801 0 0 2.068103638351637e-16 0 0 -4.657225997871012e-16 0 0 -6.175801678978767e-18 0 0 -7.798262505158828e-18 0 0 -9.722412789289836e-18 0 0 2.142135095490938e-20 0 0 0.1087594530402547 0 0 0.03625315101341822 0 0 0.07250630202683649 0 0 0.1384245062497375 0 0 0.04614150208324579 0 0 0.0922830041664917 0 0 0.1186478041100823 0 0 0.12853615517991 0 0 0.1087594530402547 0 0 0.1384245062497374 0 0 0.1186478041100823 0 0 0.12853615517991 0 0 0.2133410211430267 0 0 0.1436199757411787 0 0 0.1784804984421027 0 0 0.2715329478889224 0 0 0.1827939867961324 0 0 0.2271634673425273 0 0 0.2327383300583252 0 0 0.2521356389736239 0 0 0.2133410211430267 0 0 0.2715329478889222 0 0 0.2327383300583252 0 0 0.2521356389736239 0 0 0.3097312465748479 0 0 0.2454710962869671 0 0 0.2776011714309076 0 0 0.3942079901538977 0 0 0.312424628643914 0 0 0.3533163093989059 0 0 0.3378901611011977 0 0 0.3660490756275478 0 0 0.3097312465748479 0 0 0.3942079901538974 0 0 0.3378901611011977 0 0 0.3660490756275478 0 0 0.394207990287247 0 0 0.3378901611456475 0 0 0.3660490757164473 0 0 0.5017936240044331 0 0 0.4300698681040758 0 0 0.4659317460542547 0 0 0.4300698681929755 0 0 0.4659317460987045 0 0 0.394207990287247 0 0 0.5017936240044331 0 0 0.4300698681929755 0 0 0.4659317460987045 0 0 0.4635492638036577 0 0 0.4173217481260505 0 0 0.4404355059648543 0 0 0.5899281673995524 0 0 0.5311718051361394 0 0 0.5605499862678462 0 0 0.5056755650022893 0 0 0.5478018662009212 0 0 0.4635492638036577 0 0 0.5899281673995522 0 0 0.5056755650022893 0 0 0.5478018662009212 0 0 0.5150822258457159 0 0 0.4807269178176771 0 0 0.4979045718316967 0 0 0.6556287168132287 0 0 0.6118283505374442 0 0 0.6337285336753368 0 0 0.56193105616822 0 0 0.6087798864907243 0 0 0.5150822258457159 0 0 0.6556287168132285 0 0 0.56193105616822 0 0 0.6087798864907243 0 0 0.5467004284714567 0 0 0.5256216267209628 0 0 0.53616102759621 0 0 0.6962332569133668 0 0 0.6691635635132744 0 0 0.6826984102133207 0 0 0.59654470461876 0 0 0.6463889807660635 0 0 0.5467004284714567 0 0 0.6962332569133665 0 0 0.59654470461876 0 0 0.6463889807660635 0 0 0.5574241085379915 0 0 0.550274988493635 0 0 0.5538495485158134 0 0 0.708677703862764 0 0 0.700381405896499 0 0 0.7045295548796318 0 0 0.6078419736462489 0 0 0.6582598387545067 0 0 0.5574241085379915 0 0 0.7086777038627641 0 0 0.6078419736462489 0 0 0.6582598387545067 0 0 0.5467004284714573 0 0 0.5538495485158135 0 0 0.5502749884936354 0 0 0.6962332569133667 0 0 0.7045295548796315 0 0 0.7003814058964992 0 0 0.5965447046187604 0 0 0.6463889807660638 0 0 0.5467004284714573 0 0 0.6962332569133667 0 0 0.5965447046187604 0 0 0.6463889807660638 0 0 0.5150822258457168 0 0 0.5361610275962105 0 0 0.5256216267209638 0 0 0.6556287168132288 0 0 0.6826984102133208 0 0 0.6691635635132749 0 0 0.5619310561682209 0 0 0.6087798864907249 0 0 0.5150822258457168 0 0 0.6556287168132291 0 0 0.5619310561682209 0 0 0.6087798864907249 0 0 0.4635492638036586 0 0 0.4979045718316975 0 0 0.4807269178176779 0 0 0.5899281673995531 0 0 0.6337285336753369 0 0 0.6118283505374451 0 0 0.5056755650022901 0 0 0.5478018662009216 0 0 0.4635492638036586 0 0 0.5899281673995533 0 0 0.5056755650022901 0 0 0.5478018662009216 0 0 0.3942079902872477 0 0 0.4404355059648549 0 0 0.4173217481260513 0 0 0.5017936240044334 0 0 0.5605499862678467 0 0 0.5311718051361403 0 0 0.4300698681929763 0 0 0.465931746098705 0 0 0.3942079902872477 0 0 0.5017936240044337 0 0 0.4300698681929763 0 0 0.465931746098705 0 0 0.3097312465748489 0 0 0.3660490757164481 0 0 0.3378901611456484 0 0 0.3942079901538977 0 0 0.4659317460542546 0 0 0.4300698681040766 0 0 0.337890161101199 0 0 0.3660490756275483 0 0 0.3097312465748489 0 0 0.3942079901538982 0 0 0.337890161101199 0 0 0.3660490756275483 0 0 0.2133410211430273 0 0 0.2776011714309083 0 0 0.2454710962869676 0 0 0.2715329478889226 0 0 0.3533163093989067 0 0 0.3124246286439144 0 0 0.2327383300583259 0 0 0.252135638973624 0 0 0.2133410211430273 0 0 0.2715329478889231 0 0 0.2327383300583259 0 0 0.252135638973624 0 0 0.1087594530402554 0 0 0.1784804984421034 0 0 0.143619975741179 0 0 0.1384245062497378 0 0 0.227163467342528 0 0 0.1827939867961326 0 0 0.1186478041100825 0 0 0.1285361551799099 0 0 0.1087594530402554 0 0 0.138424506249738 0 0 0.1186478041100825 0 0 0.1285361551799099 0 0 -3.275011499669305e-16 0 0 0.07250630202683693 0 0 0.03625315101341801 0 0 -6.676800029515371e-16 0 0 0.09228300416649171 0 0 0.04614150208324553 0 0 6.789339818683536e-17 0 0 -6.144566050181567e-16 0 0 -7.798262505158828e-18 0 0 -9.120795997356483e-18 0 0 4.316956067915976e-18 0 0 2.585378338262428e-20 0 0 0.1384245062497374 0 0 0.04614150208324579 0 0 0.0922830041664917 0 0 0.1627678588544074 0 0 0.05425595295146911 0 0 0.1085119059029383 0 0 0.1465389571179607 0 0 0.1546534079861842 0 0 0.1384245062497374 0 0 0.1627678588544074 0 0 0.1465389571179607 0 0 0.1546534079861842 0 0 0.2715329478889222 0 0 0.1827939867961324 0 0 0.2271634673425273 0 0 0.3192888540252949 0 0 0.2149415239113698 0 0 0.2671151889683324 0 0 0.287451583267713 0 0 0.3033702186465042 0 0 0.2715329478889222 0 0 0.3192888540252948 0 0 0.287451583267713 0 0 0.3033702186465042 0 0 0.3942079901538974 0 0 0.312424628643914 0 0 0.3533163093989059 0 0 0.4635492635122596 0 0 0.3673756571876163 0 0 0.4154624603499379 0 0 0.417321747940018 0 0 0.440435505726139 0 0 0.3942079901538974 0 0 0.4635492635122593 0 0 0.417321747940018 0 0 0.440435505726139 0 0 0.5017936240044331 0 0 0.4300698681040758 0 0 0.4659317460542547 0 0 0.5899281668080842 0 0 0.5056755646108675 0 0 0.5478018657094761 0 0 0.5311718049389831 0 0 0.5605499858735341 0 0 0.5017936240044331 0 0 0.5899281668080839 0 0 0.5311718049389831 0 0 0.5605499858735341 0 0 0.5899281673995522 0 0 0.5311718051361394 0 0 0.5605499862678462 0 0 0.6943285041562841 0 0 0.6247282792574838 0 0 0.6595283917068844 0 0 0.6247282796517962 0 0 0.6595283919040404 0 0 0.5899281673995522 0 0 0.694328504156284 0 0 0.6247282796517962 0 0 0.6595283919040404 0 0 0.6556287168132285 0 0 0.6118283505374442 0 0 0.6337285336753368 0 0 0.7697771054252107 0 0 0.7194780379125926 0 0 0.7446275716689019 0 0 0.6936781796838889 0 0 0.7317276425545503 0 0 0.6556287168132291 0 0 0.7697771054252105 0 0 0.6936781796838893 0 0 0.7317276425545501 0 0 0.5899281673995533 0 0 0.6337285336753369 0 0 0.6118283505374451 0 0 0.694328504156284 0 0 0.7446275716689016 0 0 0.7194780379125927 0 0 0.624728279651797 0 0 0.6595283919040407 0 0 0.5899281673995533 0 0 0.6943285041562844 0 0 0.624728279651797 0 0 0.6595283919040407 0 0 0.5017936240044337 0 0 0.5605499862678467 0 0 0.5311718051361403 0 0 0.5899281668080845 0 0 0.6595283917068846 0 0 0.6247282792574846 0 0 0.5311718049389839 0 0 0.560549985873534 0 0 0.5017936240044337 0 0 0.5899281668080851 0 0 0.5311718049389839 0 0 0.560549985873534 0 0 0.3942079901538982 0 0 0.4659317460542546 0 0 0.4300698681040766 0 0 0.46354926351226 0 0 0.5478018657094769 0 0 0.5056755646108686 0 0 0.4173217479400192 0 0 0.4404355057261392 0 0 0.3942079901538982 0 0 0.4635492635122608 0 0 0.4173217479400192 0 0 0.4404355057261392 0 0 0.2715329478889231 0 0 0.3533163093989067 0 0 0.3124246286439144 0 0 0.3192888540252956 0 0 0.4154624603499388 0 0 0.3673756571876169 0 0 0.2874515832677141 0 0 0.303370218646504 0 0 0.2715329478889231 0 0 0.3192888540252961 0 0 0.2874515832677141 0 0 0.303370218646504 0 0 0.138424506249738 0 0 0.227163467342528 0 0 0.1827939867961326 0 0 0.1627678588544071 0 0 0.2671151889683329 0 0 0.2149415239113702 0 0 0.1465389571179614 0 0 0.1546534079861839 0 0 0.138424506249738 0 0 0.1627678588544084 0 0 0.1465389571179614 0 0 0.1546534079861839 0 0 -4.102625289833999e-16 0 0 0.09228300416649171 0 0 0.04614150208324553 0 0 -1.989063795439146e-16 0 0 0.1085119059029388 0 0 0.05425595295146875 0 0 3.478286496590662e-16 0 0 -7.357340641924333e-16 0 0 -9.120795997356483e-18 0 0 -4.905510742943703e-18 0 0 -1.394312467450867e-17 0 0 2.942856153454175e-20 0 0 0.1627678588544074 0 0 0.05425595295146911 0 0 0.1085119059029383 0 0 0.1808535241318451 0 0 0.06028450804394833 0 0 0.1205690160878967 0 0 0.1687964139468866 0 0 0.174824969039366 0 0 0.1627678588544074 0 0 0.1808535241318451 0 0 0.1687964139468866 0 0 0.174824969039366 0 0 0.3192888540252948 0 0 0.2149415239113698 0 0 0.2671151889683324 0 0 0.3547608265844943 0 0 0.2388226249493948 0 0 0.2967917257669445 0 0 0.3311128448783613 0 0 0.342936835731428 0 0 0.3192888540252948 0 0 0.3547608265844941 0 0 0.3311128448783613 0 0 0.342936835731428 0 0 0.4635492635122593 0 0 0.3673756571876163 0 0 0.4154624603499379 0 0 0.5150822254141908 0 0 0.4082012928610597 0 0 0.4616417591376253 0 0 0.4807269174795696 0 0 0.4979045714468803 0 0 0.4635492635122593 0 0 0.5150822254141906 0 0 0.4807269174795696 0 0 0.4979045714468803 0 0 0.5899281668080839 0 0 0.5056755646108675 0 0 0.5478018657094761 0 0 0.6556287161599158 0 0 0.5619310556627656 0 0 0.6087798859113407 0 0 0.6118283499253611 0 0 0.6337285330426388 0 0 0.5899281668080839 0 0 0.6556287161599156 0 0 0.6118283499253611 0 0 0.6337285330426388 0 0 0.694328504156284 0 0 0.6247282792574838 0 0 0.6595283917068844 0 0 0.7697771016115834 0 0 0.6936781779771382 0 0 0.731727639794361 0 0 0.7194780366413835 0 0 0.7446275691264836 0 0 0.6943285041562844 0 0 0.7697771016115827 0 0 0.7194780366413837 0 0 0.7446275691264831 0 0 0.5899281668080851 0 0 0.6595283917068846 0 0 0.6247282792574846 0 0 0.6556287161599162 0 0 0.7317276397943606 0 0 0.6936781779771385 0 0 0.6118283499253621 0 0 0.6337285330426391 0 0 0.5899281668080851 0 0 0.6556287161599166 0 0 0.6118283499253621 0 0 0.6337285330426391 0 0 0.4635492635122608 0 0 0.5478018657094769 0 0 0.5056755646108686 0 0 0.5150822254141918 0 0 0.6087798859113414 0 0 0.5619310556627664 0 0 0.4807269174795709 0 0 0.4979045714468805 0 0 0.4635492635122608 0 0 0.515082225414192 0 0 0.4807269174795709 0 0 0.4979045714468805 0 0 0.3192888540252961 0 0 0.4154624603499388 0 0 0.3673756571876169 0 0 0.3547608265844952 0 0 0.4616417591376262 0 0 0.4082012928610603 0 0 0.3311128448783625 0 0 0.3429368357314277 0 0 0.3192888540252961 0 0 0.3547608265844955 0 0 0.3311128448783625 0 0 0.3429368357314277 0 0 0.1627678588544084 0 0 0.2671151889683329 0 0 0.2149415239113702 0 0 0.1808535241318456 0 0 0.2967917257669452 0 0 0.2388226249493951 0 0 0.1687964139468873 0 0 0.1748249690393656 0 0 0.1627678588544084 0 0 0.1808535241318462 0 0 0.1687964139468873 0 0 0.1748249690393656 0 0 8.254331606610681e-17 0 0 0.1085119059029388 0 0 0.05425595295146875 0 0 -2.268752248836723e-16 0 0 0.1205690160878967 0 0 0.06028450804394789 0 0 9.646366485390032e-17 0 0 -8.317542869972655e-16 0 0 -4.905510742943703e-18 0 0 -5.656515757232665e-18 0 0 5.462977936800449e-18 0 0 5.051683881467205e-18 0 0 0.1808535241318451 0 0 0.06028450804394833 0 0 0.1205690160878967 0 0 0.1919872116392889 0 0 0.06399573721309625 0 0 0.1279914744261926 0 0 0.184564753300993 0 0 0.188275982470141 0 0 0.1808535241318451 0 0 0.1919872116392888 0 0 0.184564753300993 0 0 0.188275982470141 0 0 0.3547608265844941 0 0 0.2388226249493948 0 0 0.2967917257669445 0 0 0.3765976675846637 0 0 0.2535240302877471 0 0 0.3150608489362055 0 0 0.3620397735845506 0 0 0.3693187205846073 0 0 0.3547608265844941 0 0 0.3765976675846637 0 0 0.3620397735845506 0 0 0.3693187205846073 0 0 0.5150822254141906 0 0 0.4082012928610597 0 0 0.4616417591376253 0 0 0.5467004280578488 0 0 0.433298587742392 0 0 0.4899995079001205 0 0 0.5256216262954096 0 0 0.5361610271766295 0 0 0.5150822254141906 0 0 0.5467004280578486 0 0 0.5256216262954096 0 0 0.5361610271766295 0 0 0.6556287161599156 0 0 0.5619310556627656 0 0 0.6087798859113407 0 0 0.6962332561028642 0 0 0.5965447040728538 0 0 0.6463889800878592 0 0 0.6691635628075649 0 0 0.682698409455215 0 0 0.6556287161599166 0 0 0.6962332561028644 0 0 0.6691635628075662 0 0 0.6826984094552149 0 0 0.515082225414192 0 0 0.6087798859113414 0 0 0.5619310556627664 0 0 0.546700428057849 0 0 0.6463889800878594 0 0 0.5965447040728539 0 0 0.525621626295411 0 0 0.5361610271766291 0 0 0.515082225414192 0 0 0.5467004280578492 0 0 0.525621626295411 0 0 0.5361610271766291 0 0 0.3547608265844955 0 0 0.4616417591376262 0 0 0.4082012928610603 0 0 0.3765976675846633 0 0 0.4899995079001211 0 0 0.4332985877423919 0 0 0.3620397735845521 0 0 0.3693187205846067 0 0 0.3547608265844955 0 0 0.376597667584664 0 0 0.3620397735845521 0 0 0.3693187205846067 0 0 0.1808535241318462 0 0 0.2967917257669452 0 0 0.2388226249493951 0 0 0.1919872116392888 0 0 0.3150608489362052 0 0 0.2535240302877464 0 0 0.1845647533009936 0 0 0.1882759824701404 0 0 0.1808535241318462 0 0 0.1919872116392895 0 0 0.1845647533009936 0 0 0.1882759824701404 0 0 8.434578230878155e-17 0 0 0.1205690160878967 0 0 0.06028450804394789 0 0 -9.285856708587887e-16 0 0 0.1279914744261927 0 0 0.06399573721309537 0 0 7.763867726751435e-16 0 0 -9.008285528286907e-16 0 0 -5.656515757232665e-18 0 0 -5.521293440775584e-18 0 0 -1.604011537491398e-17 0 0 3.323161539105259e-20 0 0 0.1919872116392888 0 0 0.06399573721309625 0 0 0.1279914744261926 0 0 0.1957463334250572 0 0 0.06524877780835237 0 0 0.1304975556167048 0 0 0.1932402522345449 0 0 0.1944932928298011 0 0 0.1919872116392888 0 0 0.1957463334250572 0 0 0.1932402522345449 0 0 0.1944932928298011 0 0 0.3765976675846637 0 0 0.2535240302877471 0 0 0.3150608489362055 0 0 0.3839619738870582 0 0 0.2584848802457241 0 0 0.3212234270663912 0 0 0.3790524363521284 0 0 0.3815072051195935 0 0 0.3765976675846637 0 0 0.3839619738870582 0 0 0.3790524363521284 0 0 0.3815072051195935 0 0 0.5467004280578486 0 0 0.433298587742392 0 0 0.4899995079001205 0 0 0.5574241081054203 0 0 0.4417826852931788 0 0 0.4996033966992997 0 0 0.5502749880737059 0 0 0.5538495480895633 0 0 0.5467004280578486 0 0 0.5574241081054202 0 0 0.5502749880737059 0 0 0.5538495480895633 0 0 0.6962332561028642 0 0 0.5965447040728538 0 0 0.6463889800878592 0 0 0.7086777036668318 0 0 0.6078419732925573 0 0 0.6582598384796947 0 0 0.7003814052908534 0 0 0.7045295544788428 0 0 0.6962332561028644 0 0 0.7086777036668316 0 0 0.7003814052908536 0 0 0.7045295544788424 0 0 0.5467004280578492 0 0 0.6463889800878594 0 0 0.5965447040728539 0 0 0.5574241081054205 0 0 0.6582598384796948 0 0 0.6078419732925573 0 0 0.5502749880737066 0 0 0.5538495480895625 0 0 0.5467004280578492 0 0 0.5574241081054209 0 0 0.5502749880737066 0 0 0.5538495480895625 0 0 0.376597667584664 0 0 0.4899995079001211 0 0 0.4332985877423919 0 0 0.3839619738870578 0 0 0.4996033966993002 0 0 0.4417826852931783 0 0 0.379052436352129 0 0 0.3815072051195925 0 0 0.376597667584664 0 0 0.3839619738870582 0 0 0.379052436352129 0 0 0.3815072051195925 0 0 0.1919872116392895 0 0 0.3150608489362052 0 0 0.2535240302877464 0 0 0.195746333425057 0 0 0.3212234270663914 0 0 0.2584848802457239 0 0 0.1932402522345451 0 0 0.1944932928298004 0 0 0.1919872116392895 0 0 0.1957463334250576 0 0 0.1932402522345451 0 0 0.1944932928298004 0 0 -5.825281807215591e-16 0 0 0.1279914744261927 0 0 0.06399573721309537 0 0 -9.474079773403236e-16 0 0 0.1304975556167051 0 0 0.06524877780835139 0 0 1.103166504236651e-16 0 0 -9.25439360944146e-16 0 0 -5.521293440775584e-18 0 0 -2.164266246689688e-17 0 0 6.801047838219694e-20 0 0 3.297849222771272e-20 0 0 0.1957463334250572 0 0 0.06524877780835237 0 0 0.1304975556167048 0 0 0.1919872116392891 0 0 0.06399573721309634 0 0 0.1279914744261927 0 0 0.1944932928298011 0 0 0.1932402522345452 0 0 0.1957463334250572 0 0 0.1919872116392891 0 0 0.1944932928298011 0 0 0.1932402522345452 0 0 0.3839619738870582 0 0 0.2584848802457241 0 0 0.3212234270663912 0 0 0.376597667584664 0 0 0.2535240302877474 0 0 0.3150608489362057 0 0 0.3815072051195934 0 0 0.3790524363521288 0 0 0.3839619738870582 0 0 0.376597667584664 0 0 0.3815072051195934 0 0 0.3790524363521288 0 0 0.5574241081054202 0 0 0.4417826852931788 0 0 0.4996033966992997 0 0 0.546700428057849 0 0 0.4332985877423923 0 0 0.4899995079001208 0 0 0.5538495480895631 0 0 0.5502749880737062 0 0 0.5574241081054202 0 0 0.5467004280578489 0 0 0.5538495480895631 0 0 0.5502749880737062 0 0 0.7086777036668318 0 0 0.6078419732925573 0 0 0.6582598384796947 0 0 0.6962332561028646 0 0 0.5965447040728543 0 0 0.6463889800878596 0 0 0.7045295544788427 0 0 0.7003814052908539 0 0 0.7086777036668316 0 0 0.6962332561028647 0 0 0.7045295544788426 0 0 0.700381405290853 0 0 0.5574241081054209 0 0 0.6582598384796948 0 0 0.6078419732925573 0 0 0.5467004280578482 0 0 0.6463889800878593 0 0 0.596544704072854 0 0 0.5538495480895634 0 0 0.5502749880737051 0 0 0.5574241081054209 0 0 0.5467004280578495 0 0 0.5538495480895634 0 0 0.5502749880737051 0 0 0.3839619738870582 0 0 0.4996033966993002 0 0 0.4417826852931783 0 0 0.3765976675846633 0 0 0.4899995079001207 0 0 0.433298587742392 0 0 0.3815072051195937 0 0 0.3790524363521277 0 0 0.3839619738870582 0 0 0.376597667584664 0 0 0.3815072051195937 0 0 0.3790524363521277 0 0 0.1957463334250576 0 0 0.3212234270663914 0 0 0.2584848802457239 0 0 0.1919872116392879 0 0 0.3150608489362052 0 0 0.2535240302877468 0 0 0.1944932928298007 0 0 0.1932402522345442 0 0 0.1957463334250576 0 0 0.1919872116392896 0 0 0.1944932928298007 0 0 0.1932402522345442 0 0 -5.942595870143396e-16 0 0 0.1304975556167051 0 0 0.06524877780835139 0 0 -2.369883856677705e-16 0 0 0.1279914744261922 0 0 0.06399573721309565 0 0 1.109943329999432e-16 0 0 -9.249421117109802e-16 0 0 -2.164266246689688e-17 0 0 -1.036939297210842e-17 0 0 -1.569663823801324e-17 0 0 3.12550650811306e-20 0 0 0.1919872116392891 0 0 0.06399573721309634 0 0 0.1279914744261927 0 0 0.1808535241318454 0 0 0.06028450804394845 0 0 0.1205690160878969 0 0 0.1882759824701412 0 0 0.1845647533009933 0 0 0.1919872116392891 0 0 0.1808535241318454 0 0 0.1882759824701412 0 0 0.1845647533009933 0 0 0.376597667584664 0 0 0.2535240302877474 0 0 0.3150608489362057 0 0 0.354760826584495 0 0 0.2388226249493953 0 0 0.2967917257669451 0 0 0.3693187205846077 0 0 0.3620397735845514 0 0 0.376597667584664 0 0 0.354760826584495 0 0 0.3693187205846077 0 0 0.3620397735845514 0 0 0.5467004280578489 0 0 0.4332985877423923 0 0 0.4899995079001208 0 0 0.5150822254141912 0 0 0.4082012928610603 0 0 0.4616417591376257 0 0 0.5361610271766297 0 0 0.5256216262954104 0 0 0.5467004280578489 0 0 0.5150822254141911 0 0 0.5361610271766297 0 0 0.5256216262954104 0 0 0.6962332561028647 0 0 0.5965447040728543 0 0 0.6463889800878596 0 0 0.655628716159916 0 0 0.561931055662766 0 0 0.6087798859113411 0 0 0.682698409455215 0 0 0.6691635628075656 0 0 0.6962332561028647 0 0 0.6556287161599162 0 0 0.6826984094552151 0 0 0.6691635628075649 0 0 0.5467004280578495 0 0 0.6463889800878593 0 0 0.596544704072854 0 0 0.5150822254141901 0 0 0.6087798859113398 0 0 0.5619310556627654 0 0 0.5361610271766288 0 0 0.5256216262954085 0 0 0.5467004280578495 0 0 0.5150822254141901 0 0 0.5361610271766288 0 0 0.5256216262954085 0 0 0.376597667584664 0 0 0.4899995079001207 0 0 0.433298587742392 0 0 0.3547608265844944 0 0 0.4616417591376253 0 0 0.4082012928610591 0 0 0.3693187205846074 0 0 0.3620397735845498 0 0 0.376597667584664 0 0 0.354760826584495 0 0 0.3693187205846074 0 0 0.3620397735845498 0 0 0.1919872116392896 0 0 0.3150608489362052 0 0 0.2535240302877468 0 0 0.1808535241318443 0 0 0.2967917257669446 0 0 0.2388226249493942 0 0 0.1882759824701404 0 0 0.1845647533009916 0 0 0.1919872116392896 0 0 0.1808535241318451 0 0 0.1882759824701404 0 0 0.1845647533009916 0 0 8.802848523240922e-17 0 0 0.1279914744261922 0 0 0.06399573721309565 0 0 -2.23850871750985e-16 0 0 0.1205690160878964 0 0 0.06028450804394743 0 0 1.074241210007838e-16 0 0 -8.782456394157335e-16 0 0 -1.036939297210842e-17 0 0 1.10908866785945e-19 0 0 4.37981815903978e-18 0 0 5.048030874373952e-18 0 0 0.1808535241318454 0 0 0.06028450804394845 0 0 0.1205690160878969 0 0 0.1627678588544076 0 0 0.05425595295146918 0 0 0.1085119059029384 0 0 0.1748249690393661 0 0 0.1687964139468869 0 0 0.1808535241318454 0 0 0.1627678588544076 0 0 0.1748249690393661 0 0 0.1687964139468869 0 0 0.354760826584495 0 0 0.2388226249493953 0 0 0.2967917257669451 0 0 0.3192888540252953 0 0 0.2149415239113702 0 0 0.2671151889683327 0 0 0.3429368357314285 0 0 0.331112844878362 0 0 0.354760826584495 0 0 0.3192888540252954 0 0 0.3429368357314285 0 0 0.331112844878362 0 0 0.5150822254141911 0 0 0.4082012928610603 0 0 0.4616417591376257 0 0 0.4635492635122601 0 0 0.3673756571876169 0 0 0.4154624603499385 0 0 0.4979045714468806 0 0 0.4807269174795703 0 0 0.5150822254141911 0 0 0.4635492635122601 0 0 0.4979045714468806 0 0 0.4807269174795703 0 0 0.655628716159916 0 0 0.561931055662766 0 0 0.6087798859113411 0 0 0.5899281668080845 0 0 0.5056755646108683 0 0 0.5478018657094764 0 0 0.633728533042639 0 0 0.6118283499253618 0 0 0.655628716159916 0 0 0.5899281668080846 0 0 0.633728533042639 0 0 0.6118283499253618 0 0 0.7697771016115833 0 0 0.6936781779771384 0 0 0.731727639794361 0 0 0.6943285041562843 0 0 0.6247282792574841 0 0 0.6595283917068843 0 0 0.7446275691264836 0 0 0.719478036641384 0 0 0.7697771016115839 0 0 0.6943285041562847 0 0 0.7446275691264836 0 0 0.719478036641384 0 0 0.6556287161599162 0 0 0.7317276397943611 0 0 0.6936781779771379 0 0 0.5899281668080835 0 0 0.6595283917068836 0 0 0.6247282792574836 0 0 0.6337285330426387 0 0 0.6118283499253606 0 0 0.6556287161599162 0 0 0.5899281668080848 0 0 0.6337285330426387 0 0 0.6118283499253606 0 0 0.5150822254141901 0 0 0.6087798859113398 0 0 0.5619310556627654 0 0 0.4635492635122592 0 0 0.5478018657094763 0 0 0.5056755646108677 0 0 0.4979045714468806 0 0 0.4807269174795689 0 0 0.5150822254141901 0 0 0.4635492635122597 0 0 0.4979045714468806 0 0 0.4807269174795689 0 0 0.354760826584495 0 0 0.4616417591376253 0 0 0.4082012928610591 0 0 0.3192888540252943 0 0 0.4154624603499384 0 0 0.3673756571876158 0 0 0.3429368357314286 0 0 0.3311128448783605 0 0 0.354760826584495 0 0 0.3192888540252949 0 0 0.3429368357314286 0 0 0.3311128448783605 0 0 0.1808535241318451 0 0 0.2967917257669446 0 0 0.2388226249493942 0 0 0.1627678588544068 0 0 0.2671151889683329 0 0 0.2149415239113693 0 0 0.1748249690393659 0 0 0.1687964139468859 0 0 0.1808535241318451 0 0 0.1627678588544075 0 0 0.1748249690393659 0 0 0.1687964139468859 0 0 8.204141987158014e-17 0 0 0.1205690160878964 0 0 0.06028450804394743 0 0 -7.940348291954403e-16 0 0 0.1085119059029383 0 0 0.05425595295146858 0 0 7.355604632008261e-16 0 0 -8.032316543051891e-16 0 0 1.10908866785945e-19 0 0 -3.030707825688872e-18 0 0 3.642684379001092e-18 0 0 4.542177322568198e-18 0 0 0.1627678588544076 0 0 0.05425595295146918 0 0 0.1085119059029384 0 0 0.1384245062497376 0 0 0.0461415020832459 0 0 0.09228300416649179 0 0 0.1546534079861842 0 0 0.146538957117961 0 0 0.1627678588544076 0 0 0.1384245062497376 0 0 0.1546534079861842 0 0 0.146538957117961 0 0 0.3192888540252954 0 0 0.2149415239113702 0 0 0.2671151889683327 0 0 0.2715329478889226 0 0 0.1827939867961327 0 0 0.2271634673425276 0 0 0.3033702186465045 0 0 0.2874515832677136 0 0 0.3192888540252954 0 0 0.2715329478889227 0 0 0.3033702186465045 0 0 0.2874515832677136 0 0 0.4635492635122601 0 0 0.3673756571876169 0 0 0.4154624603499385 0 0 0.394207990153898 0 0 0.3124246286439144 0 0 0.353316309398906 0 0 0.4404355057261394 0 0 0.4173217479400185 0 0 0.4635492635122601 0 0 0.3942079901538981 0 0 0.4404355057261394 0 0 0.4173217479400185 0 0 0.5899281668080846 0 0 0.5056755646108683 0 0 0.5478018657094764 0 0 0.5017936240044329 0 0 0.4300698681040764 0 0 0.4659317460542545 0 0 0.5605499858735341 0 0 0.5311718049389834 0 0 0.5899281668080846 0 0 0.5017936240044329 0 0 0.5605499858735341 0 0 0.5311718049389834 0 0 0.6943285041562843 0 0 0.6247282792574841 0 0 0.6595283917068843 0 0 0.5899281673995529 0 0 0.5311718051361398 0 0 0.5605499862678462 0 0 0.6595283919040404 0 0 0.6247282796517967 0 0 0.6943285041562843 0 0 0.5899281673995531 0 0 0.6595283919040404 0 0 0.6247282796517967 0 0 0.7697771054252109 0 0 0.7194780379125932 0 0 0.744627571668902 0 0 0.6556287168132285 0 0 0.6118283505374448 0 0 0.6337285336753367 0 0 0.7317276425545505 0 0 0.6936781796838891 0 0 0.7697771054252113 0 0 0.6556287168132287 0 0 0.7317276425545507 0 0 0.6936781796838893 0 0 0.6943285041562847 0 0 0.7446275716689026 0 0 0.719478037912593 0 0 0.5899281673995524 0 0 0.6337285336753371 0 0 0.6118283505374444 0 0 0.6595283919040402 0 0 0.6247282796517967 0 0 0.6943285041562847 0 0 0.5899281673995532 0 0 0.6595283919040402 0 0 0.6247282796517967 0 0 0.5899281668080848 0 0 0.6595283917068836 0 0 0.6247282792574836 0 0 0.5017936240044323 0 0 0.5605499862678465 0 0 0.5311718051361392 0 0 0.5605499858735341 0 0 0.531171804938983 0 0 0.5899281668080848 0 0 0.5017936240044328 0 0 0.5605499858735341 0 0 0.531171804938983 0 0 0.4635492635122597 0 0 0.5478018657094763 0 0 0.5056755646108677 0 0 0.3942079901538964 0 0 0.4659317460542546 0 0 0.4300698681040752 0 0 0.4404355057261388 0 0 0.4173217479400172 0 0 0.4635492635122597 0 0 0.3942079901538973 0 0 0.4404355057261388 0 0 0.4173217479400172 0 0 0.3192888540252949 0 0 0.4154624603499384 0 0 0.3673756571876158 0 0 0.2715329478889215 0 0 0.353316309398906 0 0 0.3124246286439132 0 0 0.303370218646504 0 0 0.2874515832677121 0 0 0.3192888540252949 0 0 0.2715329478889221 0 0 0.303370218646504 0 0 0.2874515832677121 0 0 0.1627678588544075 0 0 0.2671151889683329 0 0 0.2149415239113693 0 0 0.1384245062497369 0 0 0.2271634673425276 0 0 0.1827939867961317 0 0 0.1546534079861843 0 0 0.14653895711796 0 0 0.1627678588544075 0 0 0.1384245062497375 0 0 0.1546534079861843 0 0 0.14653895711796 0 0 -5.003833142706513e-16 0 0 0.1085119059029383 0 0 0.05425595295146858 0 0 -6.760191579761695e-16 0 0 0.09228300416649156 0 0 0.04614150208324505 0 0 8.819963159136228e-17 0 0 -7.018656432930412e-16 0 0 -3.030707825688872e-18 0 0 -2.03995737109223e-18 0 0 2.765645697895667e-18 0 0 3.861824918881733e-18 0 0 0.1384245062497376 0 0 0.0461415020832459 0 0 0.09228300416649179 0 0 0.1087594530402549 0 0 0.03625315101341833 0 0 0.07250630202683658 0 0 0.1285361551799101 0 0 0.1186478041100825 0 0 0.1384245062497376 0 0 0.108759453040255 0 0 0.1285361551799101 0 0 0.1186478041100825 0 0 0.2715329478889227 0 0 0.1827939867961327 0 0 0.2271634673425276 0 0 0.213341021143027 0 0 0.143619975741179 0 0 0.178480498442103 0 0 0.2521356389736242 0 0 0.2327383300583255 0 0 0.2715329478889227 0 0 0.2133410211430272 0 0 0.2521356389736242 0 0 0.2327383300583255 0 0 0.3942079901538981 0 0 0.3124246286439144 0 0 0.353316309398906 0 0 0.3097312465748481 0 0 0.2454710962869675 0 0 0.2776011714309077 0 0 0.3660490756275482 0 0 0.3378901611011982 0 0 0.3942079901538981 0 0 0.3097312465748486 0 0 0.3660490756275482 0 0 0.3378901611011982 0 0 0.5017936240044329 0 0 0.4300698681040764 0 0 0.4659317460542545 0 0 0.394207990287247 0 0 0.337890161145648 0 0 0.3660490757164472 0 0 0.4659317460987044 0 0 0.4300698681929755 0 0 0.5017936240044329 0 0 0.3942079902872475 0 0 0.4659317460987044 0 0 0.4300698681929755 0 0 0.5899281673995531 0 0 0.5311718051361398 0 0 0.5605499862678462 0 0 0.4635492638036579 0 0 0.4173217481260509 0 0 0.4404355059648541 0 0 0.5478018662009209 0 0 0.5056755650022893 0 0 0.5899281673995531 0 0 0.4635492638036581 0 0 0.5478018662009209 0 0 0.5056755650022893 0 0 0.6556287168132289 0 0 0.6118283505374448 0 0 0.6337285336753367 0 0 0.5150822258457161 0 0 0.4807269178176775 0 0 0.4979045718316962 0 0 0.6087798864907246 0 0 0.5619310561682205 0 0 0.6556287168132289 0 0 0.5150822258457165 0 0 0.6087798864907246 0 0 0.5619310561682205 0 0 0.6962332569133673 0 0 0.6691635635132751 0 0 0.6826984102133207 0 0 0.5467004284714568 0 0 0.5256216267209632 0 0 0.53616102759621 0 0 0.6463889807660639 0 0 0.5965447046187602 0 0 0.6962332569133673 0 0 0.5467004284714578 0 0 0.6463889807660639 0 0 0.5965447046187602 0 0 0.708677703862764 0 0 0.7003814058964994 0 0 0.7045295548796315 0 0 0.5574241085379918 0 0 0.5502749884936355 0 0 0.5538495485158135 0 0 0.6582598387545068 0 0 0.6078419736462494 0 0 0.708677703862764 0 0 0.5574241085379924 0 0 0.6582598387545068 0 0 0.6078419736462494 0 0 0.6962332569133678 0 0 0.7045295548796322 0 0 0.7003814058964993 0 0 0.5467004284714572 0 0 0.5538495485158137 0 0 0.5502749884936344 0 0 0.6463889807660638 0 0 0.59654470461876 0 0 0.6962332569133678 0 0 0.5467004284714573 0 0 0.6463889807660638 0 0 0.59654470461876 0 0 0.6556287168132287 0 0 0.6826984102133214 0 0 0.6691635635132744 0 0 0.5150822258457159 0 0 0.5361610275962103 0 0 0.5256216267209626 0 0 0.6087798864907249 0 0 0.56193105616822 0 0 0.6556287168132287 0 0 0.5150822258457165 0 0 0.6087798864907249 0 0 0.56193105616822 0 0 0.5899281673995532 0 0 0.6337285336753371 0 0 0.6118283505374444 0 0 0.4635492638036577 0 0 0.4979045718316967 0 0 0.480726917817677 0 0 0.5478018662009214 0 0 0.5056755650022893 0 0 0.5899281673995532 0 0 0.4635492638036588 0 0 0.5478018662009214 0 0 0.5056755650022893 0 0 0.5017936240044328 0 0 0.5605499862678465 0 0 0.5311718051361392 0 0 0.3942079902872458 0 0 0.4404355059648543 0 0 0.4173217481260501 0 0 0.4659317460987042 0 0 0.4300698681929747 0 0 0.5017936240044328 0 0 0.3942079902872471 0 0 0.4659317460987042 0 0 0.4300698681929747 0 0 0.3942079901538973 0 0 0.4659317460542546 0 0 0.4300698681040752 0 0 0.309731246574847 0 0 0.366049075716447 0 0 0.3378901611456464 0 0 0.3660490756275476 0 0 0.3378901611011966 0 0 0.3942079901538973 0 0 0.3097312465748481 0 0 0.3660490756275476 0 0 0.3378901611011966 0 0 0.2715329478889221 0 0 0.353316309398906 0 0 0.3124246286439132 0 0 0.2133410211430262 0 0 0.2776011714309072 0 0 0.2454710962869662 0 0 0.2521356389736236 0 0 0.2327383300583241 0 0 0.2715329478889221 0 0 0.2133410211430268 0 0 0.2521356389736236 0 0 0.2327383300583241 0 0 0.1384245062497375 0 0 0.2271634673425276 0 0 0.1827939867961317 0 0 0.1087594530402538 0 0 0.1784804984421021 0 0 0.143619975741178 0 0 0.1285361551799097 0 0 0.1186478041100816 0 0 0.1384245062497375 0 0 0.108759453040255 0 0 0.1285361551799097 0 0 0.1186478041100816 0 0 -4.262857877085751e-16 0 0 0.09228300416649156 0 0 0.04614150208324505 0 0 -1.363006778479236e-16 0 0 0.07250630202683611 0 0 0.03625315101341756 0 0 3.091388080475889e-16 0 0 -5.685056254715683e-16 0 0 -2.03995737109223e-18 0 0 -5.242044404775264e-18 0 0 -1.096252758159341e-17 0 0 1.437355693791471e-20 0 0 0.108759453040255 0 0 0.03625315101341833 0 0 0.07250630202683658 0 0 0.07491457332288304 0 0 0.02497152444096104 0 0 0.04994304888192198 0 0 0.09747782646779758 0 0 0.08619619989534025 0 0 0.108759453040255 0 0 0.07491457332288304 0 0 0.09747782646779758 0 0 0.08619619989534025 0 0 0.2133410211430272 0 0 0.143619975741179 0 0 0.178480498442103 0 0 0.1469513981147814 0 0 0.09892684825351586 0 0 0.1229391231841484 0 0 0.1912111468002784 0 0 0.1690812724575297 0 0 0.2133410211430272 0 0 0.1469513981147813 0 0 0.1912111468002784 0 0 0.1690812724575297 0 0 0.3097312465748486 0 0 0.2454710962869675 0 0 0.2776011714309077 0 0 0.2133410211784372 0 0 0.1690812724693334 0 0 0.1912111468238852 0 0 0.2776011714427115 0 0 0.2454710963105741 0 0 0.3097312465748486 0 0 0.2133410211784377 0 0 0.2776011714427115 0 0 0.2454710963105741 0 0 0.3942079902872475 0 0 0.337890161145648 0 0 0.3660490757164472 0 0 0.2715329479895983 0 0 0.2327383301154913 0 0 0.2521356390525445 0 0 0.3533163095213645 0 0 0.312424628755481 0 0 0.3942079902872475 0 0 0.271532947989599 0 0 0.3533163095213645 0 0 0.312424628755481 0 0 0.4635492638036581 0 0 0.4173217481260509 0 0 0.4404355059648541 0 0 0.3192888542064857 0 0 0.2874515833952276 0 0 0.3033702188008563 0 0 0.4154624606046008 0 0 0.3673756574055427 0 0 0.4635492638036581 0 0 0.3192888542064859 0 0 0.4154624606046008 0 0 0.3673756574055427 0 0 0.5150822258457165 0 0 0.4807269178176775 0 0 0.4979045718316962 0 0 0.3547608268241573 0 0 0.3311128450790431 0 0 0.3429368359515997 0 0 0.4616417595051968 0 0 0.4082012931646764 0 0 0.5150822258457165 0 0 0.3547608268241579 0 0 0.4616417595051968 0 0 0.4082012931646764 0 0 0.5467004284714578 0 0 0.5256216267209632 0 0 0.53616102759621 0 0 0.3765976678557217 0 0 0.3620397738346792 0 0 0.3693187208452001 0 0 0.4899995082662126 0 0 0.4332985880609668 0 0 0.5467004284714578 0 0 0.3765976678557229 0 0 0.4899995082662126 0 0 0.4332985880609668 0 0 0.5574241085379924 0 0 0.5502749884936355 0 0 0.5538495485158135 0 0 0.3839619741613597 0 0 0.3790524366242681 0 0 0.3815072053928131 0 0 0.4996033970791149 0 0 0.4417826856202366 0 0 0.5574241085379924 0 0 0.3839619741613601 0 0 0.4996033970791149 0 0 0.4417826856202366 0 0 0.5467004284714573 0 0 0.5538495485158137 0 0 0.5502749884936344 0 0 0.376597667855722 0 0 0.3815072053928139 0 0 0.3790524366242675 0 0 0.4899995082662125 0 0 0.4332985880609664 0 0 0.5467004284714573 0 0 0.3765976678557227 0 0 0.4899995082662125 0 0 0.4332985880609664 0 0 0.5150822258457165 0 0 0.5361610275962103 0 0 0.5256216267209626 0 0 0.3547608268241568 0 0 0.3693187208452007 0 0 0.3620397738346784 0 0 0.4616417595051965 0 0 0.4082012931646763 0 0 0.5150822258457165 0 0 0.3547608268241575 0 0 0.4616417595051965 0 0 0.4082012931646763 0 0 0.4635492638036588 0 0 0.4979045718316967 0 0 0.480726917817677 0 0 0.3192888542064851 0 0 0.3429368359516002 0 0 0.3311128450790423 0 0 0.4154624606046003 0 0 0.3673756574055427 0 0 0.4635492638036588 0 0 0.3192888542064863 0 0 0.4154624606046003 0 0 0.3673756574055427 0 0 0.3942079902872471 0 0 0.4404355059648543 0 0 0.4173217481260501 0 0 0.271532947989598 0 0 0.3033702188008569 0 0 0.2874515833952268 0 0 0.3533163095213641 0 0 0.3124246287554803 0 0 0.3942079902872471 0 0 0.2715329479895984 0 0 0.3533163095213641 0 0 0.3124246287554803 0 0 0.3097312465748481 0 0 0.366049075716447 0 0 0.3378901611456464 0 0 0.2133410211784367 0 0 0.2521356390525444 0 0 0.2327383301154903 0 0 0.2776011714427106 0 0 0.2454710963105731 0 0 0.3097312465748481 0 0 0.2133410211784373 0 0 0.2776011714427106 0 0 0.2454710963105731 0 0 0.2133410211430268 0 0 0.2776011714309072 0 0 0.2454710962869662 0 0 0.1469513981147806 0 0 0.1912111468238852 0 0 0.1690812724693325 0 0 0.1912111468002783 0 0 0.169081272457529 0 0 0.2133410211430268 0 0 0.146951398114781 0 0 0.1912111468002783 0 0 0.169081272457529 0 0 0.108759453040255 0 0 0.1784804984421021 0 0 0.143619975741178 0 0 0.07491457332288262 0 0 0.1229391231841481 0 0 0.09892684825351508 0 0 0.09747782646779721 0 0 0.08619619989533947 0 0 0.108759453040255 0 0 0.0749145733228829 0 0 0.09747782646779721 0 0 0.08619619989533947 0 0 5.003418733651891e-17 0 0 0.07250630202683611 0 0 0.03625315101341756 0 0 -9.425255979500738e-17 0 0 0.04994304888192159 0 0 0.02497152444096059 0 0 4.102503755473096e-16 0 0 -4.132974405134572e-16 0 0 -5.242044404775264e-18 0 0 1.236271046090682e-18 0 0 7.307102644608456e-19 0 0 2.087714194835855e-18 0 0 0.07491457332288304 0 0 0.02497152444096104 0 0 0.04994304888192198 0 0 0.0381910233809992 0 0 0.01273034112699981 0 0 0.02546068225399949 0 0 0.06267339000892171 0 0 0.05043220669496041 0 0 0.07491457332288304 0 0 0.03819102338099938 0 0 0.06267339000892171 0 0 0.05043220669496041 0 0 0.1469513981147813 0 0 0.09892684825351586 0 0 0.1229391231841484 0 0 0.07491457332954274 0 0 0.05043220669718061 0 0 0.0626733900133617 0 0 0.1229391231863685 0 0 0.09892684825795567 0 0 0.1469513981147813 0 0 0.07491457332954299 0 0 0.1229391231863685 0 0 0.09892684825795567 0 0 0.2133410211784377 0 0 0.1690812724693334 0 0 0.1912111468238852 0 0 0.1087594530647829 0 0 0.08619619990795621 0 0 0.09747782648636966 0 0 0.1784804984738861 0 0 0.1436199757693342 0 0 0.2133410211784377 0 0 0.1087594530647836 0 0 0.1784804984738861 0 0 0.1436199757693342 0 0 0.271532947989599 0 0 0.2327383301154913 0 0 0.2521356390525445 0 0 0.1384245063032191 0 0 0.1186478041442616 0 0 0.1285361552237398 0 0 0.2271634674274722 0 0 0.1827939868653452 0 0 0.271532947989599 0 0 0.1384245063032198 0 0 0.2271634674274722 0 0 0.1827939868653452 0 0 0.3192888542064859 0 0 0.2874515833952276 0 0 0.3033702188008563 0 0 0.1627678589404564 0 0 0.1465389571822986 0 0 0.154653408061377 0 0 0.2671151891178093 0 0 0.2149415240291321 0 0 0.3192888542064859 0 0 0.1627678589404566 0 0 0.2671151891178093 0 0 0.2149415240291321 0 0 0.3547608268241579 0 0 0.3311128450790431 0 0 0.3429368359515997 0 0 0.1808535242452261 0 0 0.1687964140420458 0 0 0.1748249691436355 0 0 0.2967917259645137 0 0 0.2388226251048693 0 0 0.3547608268241579 0 0 0.180853524245227 0 0 0.2967917259645137 0 0 0.2388226251048693 0 0 0.3765976678557229 0 0 0.3620397738346792 0 0 0.3693187208452001 0 0 0.1919872117683799 0 0 0.1845647534196113 0 0 0.1882759825939954 0 0 0.3150608491599415 0 0 0.2535240304641603 0 0 0.3765976678557229 0 0 0.1919872117683805 0 0 0.3150608491599415 0 0 0.2535240304641603 0 0 0.3839619741613601 0 0 0.3790524366242681 0 0 0.3815072053928131 0 0 0.1957463335593813 0 0 0.193240252365381 0 0 0.1944932929623807 0 0 0.3212234272940339 0 0 0.2584848804267075 0 0 0.3839619741613601 0 0 0.1957463335593824 0 0 0.3212234272940339 0 0 0.2584848804267075 0 0 0.3765976678557227 0 0 0.3815072053928139 0 0 0.3790524366242675 0 0 0.1919872117683794 0 0 0.1944932929623817 0 0 0.1932402523653803 0 0 0.3150608491599414 0 0 0.2535240304641597 0 0 0.3765976678557227 0 0 0.1919872117683804 0 0 0.3150608491599414 0 0 0.2535240304641597 0 0 0.3547608268241575 0 0 0.3693187208452007 0 0 0.3620397738346784 0 0 0.180853524245226 0 0 0.1882759825939961 0 0 0.1845647534196109 0 0 0.296791725964514 0 0 0.2388226251048692 0 0 0.3547608268241575 0 0 0.1808535242452267 0 0 0.296791725964514 0 0 0.2388226251048692 0 0 0.3192888542064863 0 0 0.3429368359516002 0 0 0.3311128450790423 0 0 0.1627678589404561 0 0 0.1748249691436368 0 0 0.1687964140420461 0 0 0.2671151891178082 0 0 0.2149415240291314 0 0 0.3192888542064863 0 0 0.1627678589404564 0 0 0.2671151891178082 0 0 0.2149415240291314 0 0 0.2715329479895984 0 0 0.3033702188008569 0 0 0.2874515833952268 0 0 0.1384245063032184 0 0 0.1546534080613776 0 0 0.1465389571822978 0 0 0.2271634674274721 0 0 0.1827939868653446 0 0 0.2715329479895984 0 0 0.1384245063032189 0 0 0.2271634674274721 0 0 0.1827939868653446 0 0 0.2133410211784373 0 0 0.2521356390525444 0 0 0.2327383301154903 0 0 0.1087594530647826 0 0 0.1285361552237397 0 0 0.1186478041442609 0 0 0.1784804984738862 0 0 0.1436199757693336 0 0 0.2133410211784373 0 0 0.1087594530647833 0 0 0.1784804984738862 0 0 0.1436199757693336 0 0 0.146951398114781 0 0 0.1912111468238852 0 0 0.1690812724693325 0 0 0.07491457332954202 0 0 0.0974778264863696 0 0 0.08619619990795563 0 0 0.1229391231863685 0 0 0.0989268482579547 0 0 0.146951398114781 0 0 0.07491457332954241 0 0 0.1229391231863685 0 0 0.0989268482579547 0 0 0.0749145733228829 0 0 0.1229391231841481 0 0 0.09892684825351508 0 0 0.03819102338099895 0 0 0.06267339001336153 0 0 0.05043220669717991 0 0 0.0626733900089214 0 0 0.0504322066949599 0 0 0.0749145733228829 0 0 0.03819102338099921 0 0 0.0626733900089214 0 0 0.0504322066949599 0 0 3.227143554471981e-17 0 0 0.04994304888192159 0 0 0.02497152444096059 0 0 -1.890116672552545e-16 0 0 0.02546068225399946 0 0 0.01273034112699954 0 0 2.63839076950147e-16 0 0 -2.401272298939544e-16 0 0 1.236271046090682e-18 0 0 1.766689728816264e-19 0 0 4.251109502255935e-21 0 0 2.125554751119229e-21 0 0 0.03819102338099938 0 0 0.01273034112699981 0 0 0.02546068225399949 0 0 1.933552903501964e-17 0 0 1.23930317653537e-17 0 0 -1.99583532028921e-16 0 0 0.02546068225399948 0 0 0.01273034112699962 0 0 0.03819102338099938 0 0 -4.921203244304003e-17 0 0 0.02546068225399948 0 0 0.01273034112699962 0 0 0.07491457332954299 0 0 0.05043220669718061 0 0 0.0626733900133617 0 0 -2.244702535478065e-16 0 0 5.925472381913424e-17 0 0 -4.913097996152516e-16 0 0 0.04994304888636174 0 0 0.02497152444318063 0 0 0.07491457332954299 0 0 -9.139523884312105e-17 0 0 0.04994304888636174 0 0 0.02497152444318063 0 0 0.1087594530647836 0 0 0.08619619990795621 0 0 0.09747782648636966 0 0 -1.315999984590492e-16 0 0 1.015436575643534e-16 0 0 -4.213941003083115e-16 0 0 0.07250630204318879 0 0 0.03625315102159374 0 0 0.1087594530647836 0 0 5.347894029034107e-17 0 0 0.07250630204318879 0 0 0.03625315102159374 0 0 0.1384245063032198 0 0 0.1186478041442616 0 0 0.1285361552237398 0 0 -4.179466326347715e-16 0 0 1.384214106044985e-16 0 0 -1.009087535179809e-15 0 0 0.09228300420214616 0 0 0.04614150210107226 0 0 0.1384245063032198 0 0 -1.720553141224438e-16 0 0 0.09228300420214616 0 0 0.04614150210107226 0 0 0.1627678589404566 0 0 0.1465389571822986 0 0 0.154653408061377 0 0 -2.036493161825994e-16 0 0 4.334666065590666e-16 0 0 -6.689751803952178e-16 0 0 0.1085119059603039 0 0 0.05425595298015141 0 0 0.1627678589404566 0 0 -1.998072643308443e-16 0 0 0.1085119059603039 0 0 0.05425595298015141 0 0 0.180853524245227 0 0 0.1687964140420458 0 0 0.1748249691436355 0 0 -5.432832516534496e-16 0 0 1.967737453603514e-16 0 0 -7.563752624846573e-16 0 0 0.1205690161634842 0 0 0.06028450808174102 0 0 0.180853524245227 0 0 -2.265405725474173e-16 0 0 0.1205690161634842 0 0 0.06028450808174102 0 0 0.1919872117683805 0 0 0.1845647534196113 0 0 0.1882759825939954 0 0 -2.359556537282516e-16 0 0 2.154510174758564e-16 0 0 -1.478423827889719e-15 0 0 0.1279914745122532 0 0 0.0639957372561258 0 0 0.1919872117683805 0 0 9.504275563881272e-17 0 0 0.1279914745122532 0 0 0.0639957372561258 0 0 0.1957463335593824 0 0 0.193240252365381 0 0 0.1944932929623807 0 0 -5.942595868964631e-16 0 0 2.255622236690616e-16 0 0 -1.527329444524669e-15 0 0 0.1304975557062546 0 0 0.06524877785312648 0 0 0.1957463335593824 0 0 -2.412155329172598e-16 0 0 0.1304975557062546 0 0 0.06524877785312648 0 0 0.1919872117683804 0 0 0.1944932929623817 0 0 0.1932402523653803 0 0 -5.834592341870377e-16 0 0 5.779797528683338e-16 0 0 -1.517556078765348e-15 0 0 0.1279914745122531 0 0 0.06399573725612538 0 0 0.1919872117683804 0 0 9.868591694333486e-17 0 0 0.1279914745122531 0 0 0.06399573725612538 0 0 0.1808535242452267 0 0 0.1882759825939961 0 0 0.1845647534196109 0 0 -8.714943618632787e-16 0 0 2.199828639969771e-16 0 0 -1.449632812221424e-15 0 0 0.1205690161634842 0 0 0.06028450808174132 0 0 0.1808535242452267 0 0 -2.236448568445118e-16 0 0 0.1205690161634842 0 0 0.06028450808174132 0 0 0.1627678589404564 0 0 0.1748249691436368 0 0 0.1687964140420461 0 0 -2.017121054525098e-16 0 0 2.067360531442466e-16 0 0 -1.325948448565223e-15 0 0 0.1085119059603038 0 0 0.05425595298015165 0 0 0.1627678589404564 0 0 7.70476546418724e-17 0 0 0.1085119059603038 0 0 0.05425595298015165 0 0 0.1384245063032189 0 0 0.1546534080613776 0 0 0.1465389571822978 0 0 -4.179260201976411e-16 0 0 1.809387032139136e-16 0 0 -1.151299321641355e-15 0 0 0.0922830042021459 0 0 0.04614150210107235 0 0 0.1384245063032189 0 0 -4.22443735814257e-16 0 0 0.0922830042021459 0 0 0.04614150210107235 0 0 0.1087594530647833 0 0 0.1285361552237397 0 0 0.1186478041442609 0 0 -1.357517640321682e-16 0 0 1.502436034699349e-16 0 0 -9.323973855028811e-16 0 0 0.07250630204318828 0 0 0.03625315102159377 0 0 0.1087594530647833 0 0 -1.352028502799677e-16 0 0 0.07250630204318828 0 0 0.03625315102159377 0 0 0.07491457332954241 0 0 0.0974778264863696 0 0 0.08619619990795563 0 0 -2.303462557062997e-16 0 0 1.15501642673989e-16 0 0 -3.735092976039717e-16 0 0 0.04994304888636145 0 0 0.02497152444318043 0 0 0.07491457332954241 0 0 -2.303462557063001e-16 0 0 0.04994304888636145 0 0 0.02497152444318043 0 0 0.03819102338099921 0 0 0.06267339001336153 0 0 0.05043220669717991 0 0 -4.981009348171872e-17 0 0 7.420928600051602e-17 0 0 -2.187704796250993e-16 0 0 0.02546068225399931 0 0 0.01273034112699945 0 0 0.03819102338099921 0 0 1.489148116276309e-17 0 0 0.02546068225399931 0 0 0.01273034112699945 0 0 -1.190507539941433e-16 0 0 0.02546068225399946 0 0 0.01273034112699954 0 0 -3.180041511868143e-18 0 0 7.584339669348602e-17 0 0 -1.008517798517485e-16 0 0 1.43625941306915e-17 0 0 -6.074792300762701e-17 0 0 </DataArray>
      </PointData>
    </Piece>
  </UnstructuredGrid>
</VTKFile>
