<?xml version="1.0"?>
<VTKFile type="UnstructuredGrid" version="2.2">
  <UnstructuredGrid>
    <Piece NumberOfPoints="3904" NumberOfCells="244">
      <Points>
        <DataArray type="Float64" NumberOfComponents="3" format="ascii">0.3750000000000008 0.2500000000000005 0 0.4304029454646242 0.2499999999999999 0 0.3749999999999998 0.3124999999999998 0 0.4304029454646247 0.3125000000000003 0 0.3934676484882081 0.2500000000000001 0 0.4119352969764163 0.2500000000000001 0 0.3750000000000001 0.2708333333333334 0 0.3749999999999999 0.2916666666666666 0 0.4304029454646244 0.2708333333333334 0 0.4304029454646242 0.2916666666666666 0 0.393467648488208 0.3124999999999999 0 0.4119352969764158 0.3124999999999997 0 0.3934676484882084 0.2708333333333334 0 0.4119352969764163 0.2708333333333334 0 0.3934676484882084 0.2916666666666669 0 0.411935296976416 0.2916666666666665 0 0.4304029454646252 0.2500000000000005 0 0.4374999999999998 0.2499999999999999 0 0.430402945464624 0.3124999999999998 0 0.4375000000000004 0.3100164480803668 0 0.4327686303097496 0.2500000000000001 0 0.4351343151548749 0.2500000000000001 0 0.4304029454646243 0.2708333333333334 0 0.4304029454646243 0.2916666666666666 0 0.4375000000000002 0.2700054826934556 0 0.4374999999999998 0.290010965386911 0 0.4327686303097495 0.3116387966443914 0 0.4351343151548743 0.3108110919488855 0 0.4327686303097498 0.2705462655481306 0 0.4351343151548749 0.2702703639829621 0 0.4327686303097498 0.2910925310962611 0 0.4351343151548746 0.2905407279659237 0 0.4375000000000009 0.2500000000000005 0 0.4999999999999998 0.2499999999999999 0 0.4374999999999998 0.3100164480803663 0 0.5000000000000004 0.3000000000000002 0 0.4583333333333334 0.2500000000000001 0 0.4791666666666669 0.2500000000000001 0 0.4375000000000001 0.2700054826934556 0 0.4374999999999999 0.290010965386911 0 0.5000000000000002 0.2666666666666667 0 0.4999999999999998 0.2833333333333331 0 0.4583333333333333 0.3043884234282415 0 0.4791666666666662 0.3010880289619994 0 0.4583333333333336 0.2681294744760805 0 0.4791666666666669 0.2670293429873333 0 0.4583333333333336 0.2862589489521611 0 0.4791666666666665 0.2840586859746663 0 0.5000000000000011 0.2500000000000005 0 0.5624999999999999 0.2499999999999999 0 0.4999999999999997 0.2999999999999997 0 0.5625000000000006 0.3100164480803668 0 0.5208333333333334 0.2500000000000001 0 0.5416666666666669 0.2500000000000001 0 0.5000000000000001 0.2666666666666667 0 0.4999999999999999 0.2833333333333332 0 0.5625000000000001 0.2700054826934556 0 0.5624999999999997 0.2900109653869108 0 0.5208333333333333 0.3010880289619997 0 0.5416666666666661 0.3043884234282412 0 0.5208333333333335 0.2670293429873333 0 0.5416666666666667 0.2681294744760805 0 0.5208333333333337 0.2840586859746667 0 0.5416666666666664 0.2862589489521608 0 0.5625000000000012 0.2500000000000005 0 0.5695970545353756 0.2499999999999999 0 0.5624999999999996 0.3100164480803664 0 0.5695970545353762 0.3125000000000003 0 0.5648656848451252 0.2500000000000001 0 0.5672313696902507 0.2500000000000001 0 0.5625000000000001 0.2700054826934556 0 0.5625 0.290010965386911 0 0.5695970545353759 0.2708333333333334 0 0.5695970545353753 0.2916666666666666 0 0.5648656848451251 0.3108110919488857 0 0.5672313696902498 0.3116387966443911 0 0.5648656848451253 0.2702703639829621 0 0.5672313696902506 0.2705462655481306 0 0.5648656848451256 0.2905407279659241 0 0.5672313696902501 0.2910925310962608 0 0.5695970545353769 0.2500000000000005 0 0.6249999999999999 0.2499999999999999 0 0.5695970545353753 0.3124999999999998 0 0.6250000000000006 0.3125000000000003 0 0.5880647030235838 0.2500000000000001 0 0.606532351511792 0.2500000000000001 0 0.5695970545353758 0.2708333333333334 0 0.5695970545353756 0.2916666666666666 0 0.6250000000000002 0.2708333333333334 0 0.6249999999999997 0.2916666666666666 0 0.5880647030235837 0.3124999999999999 0 0.6065323515117912 0.3124999999999997 0 0.588064703023584 0.2708333333333334 0 0.6065323515117921 0.2708333333333334 0 0.5880647030235842 0.2916666666666669 0 0.6065323515117915 0.2916666666666665 0 0.3125000000000007 0.3125000000000008 0 0.3438750500400396 0.3124999999999998 0 0.3124999999999998 0.3749999999999998 0 0.3438750500400401 0.3750000000000003 0 0.3229583500133466 0.3125 0 0.3334167000266933 0.3125000000000001 0 0.3125000000000001 0.3333333333333334 0 0.3124999999999999 0.3541666666666666 0 0.3438750500400399 0.3333333333333334 0 0.3438750500400397 0.3541666666666665 0 0.3229583500133466 0.3749999999999999 0 0.3334167000266929 0.3749999999999997 0 0.3229583500133468 0.3333333333333335 0 0.3334167000266933 0.3333333333333334 0 0.3229583500133468 0.3541666666666669 0 0.333416700026693 0.3541666666666665 0 0.3438750500400405 0.3125000000000008 0 0.3749999999999998 0.3124999999999998 0 0.3438750500400397 0.3749999999999998 0 0.3750000000000003 0.3438750500400403 0 0.3542500333600266 0.3125 0 0.3646250166800134 0.3125000000000001 0 0.3438750500400399 0.3333333333333334 0 0.3438750500400398 0.3541666666666667 0 0.3750000000000001 0.3229583500133468 0 0.3749999999999998 0.3334167000266931 0 0.3542500333600265 0.3630439952961291 0 0.364625016680013 0.3527803889044892 0 0.3542500333600268 0.3293479984320433 0 0.3646250166800134 0.3259267963014966 0 0.3542500333600268 0.3461959968640863 0 0.3646250166800131 0.3393535926029928 0 0.3750000000000008 0.3125000000000007 0 0.4304029454646244 0.3124999999999998 0 0.3749999999999998 0.3438750500400398 0 0.4304029454646248 0.3125000000000003 0 0.3934676484882082 0.3125 0 0.4119352969764164 0.3125000000000001 0 0.3750000000000001 0.3229583500133467 0 0.3749999999999999 0.3334167000266933 0 0.4304029454646246 0.3125000000000001 0 0.4304029454646243 0.3124999999999998 0 0.3934676484882081 0.3307343564648512 0 0.4119352969764158 0.3204321630097189 0 0.3934676484882084 0.3185781188216172 0 0.4119352969764164 0.3151440543365732 0 0.3934676484882084 0.3246562376432343 0 0.4119352969764161 0.317788108673146 0 0.5695970545353767 0.3125000000000007 0 0.6249999999999999 0.3124999999999998 0 0.5695970545353751 0.3124999999999998 0 0.6250000000000006 0.3438750500400402 0 0.5880647030235837 0.3125 0 0.606532351511792 0.3125000000000001 0 0.5695970545353756 0.3125000000000001 0 0.5695970545353753 0.3125 0 0.6250000000000002 0.3229583500133468 0 0.6249999999999997 0.3334167000266931 0 0.5880647030235836 0.3204321630097192 0 0.6065323515117912 0.3307343564648509 0 0.5880647030235839 0.3151440543365732 0 0.6065323515117921 0.3185781188216172 0 0.588064703023584 0.3177881086731463 0 0.6065323515117915 0.324656237643234 0 0.6250000000000013 0.3125000000000008 0 0.6561249499599597 0.3124999999999998 0 0.6249999999999997 0.3438750500400397 0 0.6561249499599607 0.3750000000000003 0 0.6353749833199868 0.3125 0 0.6457499666399736 0.3125000000000001 0 0.6250000000000001 0.3229583500133467 0 0.625 0.3334167000266932 0 0.6561249499599604 0.3333333333333334 0 0.6561249499599598 0.3541666666666665 0 0.6353749833199867 0.3527803889044894 0 0.6457499666399728 0.3630439952961289 0 0.6353749833199871 0.3259267963014967 0 0.6457499666399736 0.3293479984320432 0 0.6353749833199871 0.3393535926029931 0 0.6457499666399731 0.346195996864086 0 0.6561249499599615 0.3125000000000008 0 0.6874999999999996 0.3124999999999998 0 0.6561249499599598 0.3749999999999998 0 0.6875000000000006 0.3750000000000003 0 0.6665832999733068 0.3125 0 0.6770416499866536 0.3125000000000001 0 0.6561249499599603 0.3333333333333334 0 0.6561249499599601 0.3541666666666666 0 0.6875000000000002 0.3333333333333334 0 0.6874999999999997 0.3541666666666665 0 0.6665832999733067 0.3749999999999999 0 0.6770416499866527 0.3749999999999997 0 0.6665832999733072 0.3333333333333335 0 0.6770416499866536 0.3333333333333334 0 0.6665832999733071 0.3541666666666669 0 0.6770416499866531 0.3541666666666665 0 0.2500000000000006 0.3750000000000008 0 0.3124999999999999 0.3749999999999999 0 0.2499999999999998 0.4304029454646243 0 0.3125000000000003 0.4304029454646249 0 0.2708333333333333 0.3750000000000001 0 0.2916666666666668 0.3750000000000001 0 0.2500000000000001 0.3934676484882081 0 0.2499999999999999 0.4119352969764162 0 0.3125000000000001 0.3934676484882083 0 0.3124999999999998 0.4119352969764161 0 0.2708333333333333 0.4304029454646244 0 0.2916666666666664 0.430402945464624 0 0.2708333333333334 0.3934676484882084 0 0.2916666666666667 0.3934676484882083 0 0.2708333333333335 0.4119352969764166 0 0.2916666666666666 0.4119352969764161 0 0.2500000000000006 0.4304029454646253 0 0.3124999999999999 0.4304029454646243 0 0.2499999999999998 0.4374999999999997 0 0.3100164480803669 0.4375000000000004 0 0.2708333333333333 0.4304029454646245 0 0.2916666666666668 0.4304029454646246 0 0.2500000000000001 0.4327686303097496 0 0.2499999999999999 0.4351343151548748 0 0.3116387966443915 0.4327686303097498 0 0.3108110919488857 0.4351343151548747 0 0.2700054826934555 0.4374999999999999 0 0.2900109653869108 0.4374999999999995 0 0.2705462655481306 0.4327686303097499 0 0.291092531096261 0.4327686303097498 0 0.2702703639829621 0.4351343151548751 0 0.2905407279659238 0.4351343151548746 0 0.3125000000000007 0.3750000000000008 0 0.3438750500400397 0.3749999999999999 0 0.3124999999999998 0.4304029454646243 0 0.3125000000000003 0.4304029454646249 0 0.3229583500133467 0.3750000000000001 0 0.3334167000266934 0.3750000000000001 0 0.3125000000000001 0.3934676484882081 0 0.3125 0.4119352969764162 0 0.3307343564648513 0.3934676484882083 0 0.3204321630097191 0.4119352969764161 0 0.3124999999999999 0.4304029454646244 0 0.3124999999999997 0.430402945464624 0 0.3185781188216172 0.3934676484882084 0 0.3246562376432343 0.3934676484882083 0 0.3151440543365732 0.4119352969764166 0 0.317788108673146 0.4119352969764161 0 0.6561249499599615 0.3750000000000008 0 0.6874999999999996 0.3749999999999999 0 0.6874999999999996 0.4304029454646243 0 0.6875000000000007 0.4304029454646249 0 0.6665832999733067 0.3750000000000001 0 0.6770416499866536 0.3750000000000001 0 0.6692656435351489 0.3934676484882081 0 0.6795678369902807 0.4119352969764162 0 0.6875000000000002 0.3934676484882083 0 0.6874999999999997 0.4119352969764161 0 0.6874999999999999 0.4304029454646244 0 0.6874999999999993 0.430402945464624 0 0.6753437623567663 0.3934676484882084 0 0.6814218811783832 0.3934676484882083 0 0.6822118913268543 0.4119352969764166 0 0.6848559456634266 0.4119352969764161 0 0.6875000000000014 0.3750000000000008 0 0.7499999999999996 0.3749999999999999 0 0.6874999999999997 0.4304029454646242 0 0.7500000000000007 0.4304029454646249 0 0.7083333333333334 0.3750000000000001 0 0.7291666666666669 0.3750000000000001 0 0.6875000000000001 0.3934676484882081 0 0.6874999999999999 0.4119352969764162 0 0.7500000000000002 0.3934676484882083 0 0.7499999999999996 0.4119352969764161 0 0.7083333333333333 0.4304029454646244 0 0.729166666666666 0.430402945464624 0 0.7083333333333338 0.3934676484882084 0 0.7291666666666669 0.3934676484882083 0 0.7083333333333338 0.4119352969764166 0 0.7291666666666663 0.4119352969764161 0 0.6875000000000014 0.4304029454646253 0 0.7499999999999996 0.4304029454646243 0 0.6899835519196331 0.4374999999999997 0 0.7500000000000007 0.4375000000000004 0 0.7083333333333334 0.4304029454646245 0 0.7291666666666669 0.4304029454646245 0 0.6883612033556087 0.4327686303097495 0 0.6891889080511141 0.4351343151548747 0 0.7500000000000002 0.4327686303097498 0 0.7499999999999996 0.4351343151548746 0 0.7099890346130888 0.4374999999999999 0 0.7299945173065439 0.4374999999999995 0 0.7089074689037395 0.4327686303097499 0 0.7294537344518698 0.4327686303097498 0 0.7094592720340765 0.4351343151548751 0 0.7297296360170378 0.4351343151548746 0 0.2500000000000006 0.4375000000000009 0 0.3100164480803665 0.4374999999999999 0 0.2499999999999998 0.4999999999999998 0 0.3000000000000002 0.5000000000000007 0 0.2700054826934555 0.4375000000000001 0 0.2900109653869112 0.4375000000000001 0 0.2500000000000001 0.4583333333333334 0 0.2499999999999999 0.4791666666666666 0 0.3043884234282417 0.4583333333333335 0 0.3010880289619995 0.4791666666666665 0 0.2666666666666666 0.4999999999999999 0 0.283333333333333 0.4999999999999994 0 0.2681294744760805 0.4583333333333336 0 0.2862589489521611 0.4583333333333335 0 0.2670293429873334 0.479166666666667 0 0.2840586859746664 0.4791666666666665 0 0.6899835519196349 0.4375000000000009 0 0.7499999999999996 0.4374999999999999 0 0.6999999999999997 0.4999999999999998 0 0.7500000000000007 0.5000000000000007 0 0.7099890346130889 0.4375000000000001 0 0.7299945173065447 0.4375000000000001 0 0.6956115765717586 0.4583333333333334 0 0.6989119710380002 0.4791666666666666 0 0.7500000000000002 0.4583333333333335 0 0.7499999999999996 0.4791666666666665 0 0.7166666666666667 0.4999999999999999 0 0.7333333333333327 0.4999999999999994 0 0.7137410510478395 0.4583333333333336 0 0.7318705255239197 0.4583333333333335 0 0.715941314025334 0.479166666666667 0 0.7329706570126664 0.4791666666666665 0 0.2500000000000006 0.500000000000001 0 0.2999999999999999 0.4999999999999998 0 0.2499999999999998 0.5624999999999996 0 0.3100164480803669 0.5625000000000006 0 0.2666666666666666 0.5000000000000001 0 0.2833333333333334 0.5000000000000002 0 0.2500000000000001 0.5208333333333335 0 0.2499999999999999 0.5416666666666665 0 0.3010880289619998 0.5208333333333335 0 0.3043884234282414 0.5416666666666663 0 0.2700054826934555 0.5624999999999999 0 0.2900109653869108 0.5624999999999994 0 0.2670293429873333 0.5208333333333335 0 0.2840586859746665 0.5208333333333335 0 0.2681294744760807 0.541666666666667 0 0.2862589489521609 0.5416666666666664 0 0.7000000000000015 0.500000000000001 0 0.7499999999999996 0.4999999999999998 0 0.6899835519196331 0.5624999999999996 0 0.7500000000000007 0.5625000000000006 0 0.7166666666666668 0.5000000000000001 0 0.7333333333333336 0.5000000000000002 0 0.6989119710380004 0.5208333333333335 0 0.6956115765717584 0.5416666666666665 0 0.7500000000000002 0.5208333333333335 0 0.7499999999999996 0.5416666666666663 0 0.7099890346130888 0.5624999999999999 0 0.7299945173065439 0.5624999999999994 0 0.715941314025334 0.5208333333333335 0 0.7329706570126669 0.5208333333333335 0 0.7137410510478395 0.541666666666667 0 0.7318705255239192 0.5416666666666664 0 0.2500000000000006 0.5625000000000012 0 0.3100164480803665 0.5624999999999999 0 0.2499999999999998 0.5695970545353751 0 0.3125000000000003 0.5695970545353761 0 0.2700054826934555 0.5625 0 0.2900109653869112 0.5625000000000002 0 0.2500000000000001 0.5648656848451253 0 0.2499999999999999 0.5672313696902503 0 0.310811091948886 0.5648656848451254 0 0.3116387966443913 0.56723136969025 0 0.2708333333333333 0.5695970545353755 0 0.2916666666666664 0.5695970545353749 0 0.2702703639829621 0.5648656848451253 0 0.290540727965924 0.5648656848451253 0 0.2705462655481307 0.5672313696902507 0 0.2910925310962609 0.56723136969025 0 0.2500000000000006 0.5695970545353768 0 0.3124999999999999 0.5695970545353755 0 0.2499999999999998 0.6249999999999997 0 0.3125000000000003 0.6250000000000006 0 0.2708333333333333 0.5695970545353756 0 0.2916666666666668 0.5695970545353758 0 0.2500000000000001 0.5880647030235838 0 0.2499999999999999 0.6065323515117917 0 0.3125000000000001 0.5880647030235839 0 0.3124999999999998 0.6065323515117916 0 0.2708333333333333 0.6249999999999999 0 0.2916666666666664 0.6249999999999993 0 0.2708333333333334 0.5880647030235839 0 0.2916666666666667 0.5880647030235839 0 0.2708333333333335 0.6065323515117922 0 0.2916666666666666 0.6065323515117915 0 0.3125000000000007 0.5695970545353768 0 0.3124999999999998 0.5695970545353755 0 0.3124999999999998 0.6249999999999997 0 0.3438750500400402 0.6250000000000006 0 0.3125 0.5695970545353756 0 0.3125000000000001 0.5695970545353758 0 0.3125000000000001 0.5880647030235838 0 0.3125 0.6065323515117917 0 0.3204321630097193 0.5880647030235839 0 0.3307343564648511 0.6065323515117916 0 0.3229583500133466 0.6249999999999999 0 0.3334167000266929 0.6249999999999993 0 0.3151440543365732 0.5880647030235839 0 0.3177881086731463 0.5880647030235839 0 0.3185781188216172 0.6065323515117922 0 0.324656237643234 0.6065323515117915 0 0.6875000000000013 0.5695970545353768 0 0.6874999999999996 0.5695970545353755 0 0.6561249499599597 0.6249999999999997 0 0.6875000000000007 0.6250000000000006 0 0.6875 0.5695970545353756 0 0.6875000000000002 0.5695970545353758 0 0.6795678369902809 0.5880647030235838 0 0.6692656435351487 0.6065323515117917 0 0.6875000000000002 0.5880647030235839 0 0.6874999999999996 0.6065323515117916 0 0.6665832999733066 0.6249999999999999 0 0.6770416499866527 0.6249999999999993 0 0.6822118913268543 0.5880647030235839 0 0.6848559456634271 0.5880647030235839 0 0.6753437623567662 0.6065323515117922 0 0.6814218811783826 0.6065323515117915 0 0.6899835519196349 0.5625000000000012 0 0.7499999999999996 0.5624999999999999 0 0.6874999999999997 0.5695970545353751 0 0.7500000000000007 0.5695970545353761 0 0.7099890346130889 0.5625 0 0.7299945173065447 0.5625000000000002 0 0.6891889080511143 0.5648656848451253 0 0.6883612033556085 0.5672313696902503 0 0.7500000000000002 0.5648656848451254 0 0.7499999999999996 0.56723136969025 0 0.7083333333333333 0.5695970545353755 0 0.729166666666666 0.5695970545353749 0 0.7094592720340765 0.5648656848451253 0 0.7297296360170383 0.5648656848451253 0 0.7089074689037395 0.5672313696902507 0 0.7294537344518692 0.56723136969025 0 0.6875000000000014 0.5695970545353768 0 0.7499999999999996 0.5695970545353755 0 0.6874999999999997 0.6249999999999997 0 0.7500000000000007 0.6250000000000006 0 0.7083333333333334 0.5695970545353756 0 0.7291666666666669 0.5695970545353758 0 0.6875000000000001 0.5880647030235838 0 0.6874999999999999 0.6065323515117917 0 0.7500000000000002 0.5880647030235839 0 0.7499999999999996 0.6065323515117916 0 0.7083333333333333 0.6249999999999999 0 0.729166666666666 0.6249999999999993 0 0.7083333333333338 0.5880647030235839 0 0.7291666666666669 0.5880647030235839 0 0.7083333333333338 0.6065323515117922 0 0.7291666666666663 0.6065323515117915 0 0.3125000000000007 0.6250000000000016 0 0.3438750500400396 0.6249999999999996 0 0.3124999999999998 0.6874999999999996 0 0.3438750500400401 0.6875000000000007 0 0.3229583500133466 0.625 0 0.3334167000266933 0.6250000000000002 0 0.3125000000000001 0.6458333333333335 0 0.3124999999999999 0.6666666666666666 0 0.3438750500400399 0.6458333333333336 0 0.3438750500400397 0.6666666666666663 0 0.3229583500133466 0.6874999999999999 0 0.3334167000266929 0.6874999999999993 0 0.3229583500133468 0.6458333333333338 0 0.3334167000266933 0.6458333333333336 0 0.3229583500133468 0.666666666666667 0 0.333416700026693 0.6666666666666663 0 0.3438750500400405 0.6250000000000014 0 0.3749999999999998 0.6561249499599596 0 0.3438750500400397 0.6874999999999996 0 0.3750000000000003 0.6875000000000007 0 0.3542500333600266 0.6369560047038708 0 0.3646250166800134 0.6472196110955107 0 0.3438750500400399 0.6458333333333335 0 0.3438750500400398 0.6666666666666665 0 0.3750000000000001 0.666583299973307 0 0.3749999999999998 0.6770416499866531 0 0.3542500333600265 0.6874999999999999 0 0.364625016680013 0.6874999999999993 0 0.3542500333600268 0.6538040031359144 0 0.3646250166800134 0.6606464073970072 0 0.3542500333600268 0.6706520015679572 0 0.3646250166800131 0.6740732036985032 0 0.3750000000000008 0.6561249499599615 0 0.4304029454646244 0.6874999999999996 0 0.3749999999999998 0.6874999999999996 0 0.4304029454646248 0.6875000000000008 0 0.3934676484882082 0.6692656435351488 0 0.4119352969764164 0.679567836990281 0 0.3750000000000001 0.6665832999733068 0 0.3749999999999999 0.6770416499866533 0 0.4304029454646246 0.6875000000000002 0 0.4304029454646243 0.6874999999999997 0 0.3934676484882081 0.6874999999999999 0 0.4119352969764158 0.6874999999999993 0 0.3934676484882084 0.6753437623567663 0 0.4119352969764164 0.6822118913268541 0 0.3934676484882084 0.6814218811783833 0 0.4119352969764161 0.6848559456634266 0 0.5695970545353767 0.6875000000000014 0 0.6249999999999999 0.6561249499599596 0 0.5695970545353751 0.6874999999999996 0 0.6250000000000006 0.6875000000000008 0 0.5880647030235837 0.6795678369902808 0 0.606532351511792 0.6692656435351491 0 0.5695970545353756 0.6875000000000001 0 0.5695970545353753 0.6874999999999999 0 0.6250000000000002 0.6665832999733069 0 0.6249999999999997 0.6770416499866529 0 0.5880647030235836 0.6874999999999999 0 0.6065323515117912 0.6874999999999993 0 0.5880647030235839 0.6822118913268543 0 0.6065323515117921 0.6753437623567661 0 0.588064703023584 0.6848559456634272 0 0.6065323515117915 0.6814218811783826 0 0.6250000000000013 0.6561249499599615 0 0.6561249499599597 0.6249999999999996 0 0.6249999999999997 0.6874999999999996 0 0.6561249499599607 0.6875000000000007 0 0.6353749833199868 0.6472196110955105 0 0.6457499666399736 0.636956004703871 0 0.6250000000000001 0.6665832999733069 0 0.625 0.6770416499866534 0 0.6561249499599604 0.6458333333333336 0 0.6561249499599598 0.6666666666666663 0 0.6353749833199867 0.6874999999999999 0 0.6457499666399728 0.6874999999999993 0 0.6353749833199871 0.6606464073970074 0 0.6457499666399736 0.6538040031359141 0 0.6353749833199871 0.6740732036985039 0 0.6457499666399731 0.6706520015679566 0 0.6561249499599615 0.6250000000000016 0 0.6874999999999996 0.6249999999999996 0 0.6561249499599598 0.6874999999999996 0 0.6875000000000006 0.6875000000000007 0 0.6665832999733068 0.625 0 0.6770416499866536 0.6250000000000002 0 0.6561249499599603 0.6458333333333335 0 0.6561249499599601 0.6666666666666666 0 0.6875000000000002 0.6458333333333336 0 0.6874999999999997 0.6666666666666663 0 0.6665832999733067 0.6874999999999999 0 0.6770416499866527 0.6874999999999993 0 0.6665832999733072 0.6458333333333338 0 0.6770416499866536 0.6458333333333336 0 0.6665832999733071 0.666666666666667 0 0.6770416499866531 0.6666666666666663 0 0.3750000000000008 0.6875000000000014 0 0.4304029454646244 0.6874999999999996 0 0.3749999999999998 0.7499999999999997 0 0.4304029454646248 0.7500000000000007 0 0.3934676484882082 0.6875000000000001 0 0.4119352969764164 0.6875000000000002 0 0.3750000000000001 0.7083333333333335 0 0.3749999999999999 0.7291666666666665 0 0.4304029454646246 0.7083333333333336 0 0.4304029454646243 0.7291666666666662 0 0.3934676484882081 0.7499999999999999 0 0.4119352969764158 0.7499999999999992 0 0.3934676484882084 0.7083333333333338 0 0.4119352969764164 0.7083333333333336 0 0.3934676484882084 0.7291666666666671 0 0.4119352969764161 0.7291666666666663 0 0.4304029454646253 0.6875000000000014 0 0.4374999999999998 0.6899835519196329 0 0.4304029454646242 0.7499999999999997 0 0.4375000000000004 0.7500000000000007 0 0.4327686303097497 0.6883612033556087 0 0.4351343151548749 0.6891889080511144 0 0.4304029454646245 0.7083333333333335 0 0.4304029454646244 0.7291666666666665 0 0.4375000000000002 0.7099890346130892 0 0.4374999999999998 0.729994517306544 0 0.4327686303097496 0.7499999999999999 0 0.4351343151548743 0.7499999999999992 0 0.4327686303097499 0.7089074689037395 0 0.435134315154875 0.7094592720340763 0 0.4327686303097499 0.72945373445187 0 0.4351343151548746 0.7297296360170378 0 0.4375000000000009 0.6899835519196348 0 0.4999999999999998 0.6999999999999996 0 0.4374999999999998 0.7499999999999997 0 0.5000000000000004 0.7500000000000007 0 0.4583333333333334 0.6956115765717585 0 0.4791666666666669 0.6989119710380005 0 0.4375000000000001 0.709989034613089 0 0.4374999999999999 0.7299945173065443 0 0.5000000000000002 0.7166666666666669 0 0.4999999999999998 0.7333333333333329 0 0.4583333333333333 0.7499999999999999 0 0.4791666666666662 0.7499999999999992 0 0.4583333333333336 0.7137410510478395 0 0.4791666666666669 0.7159413140253337 0 0.4583333333333336 0.73187052552392 0 0.4791666666666665 0.7329706570126664 0 0.5000000000000011 0.7000000000000015 0 0.5624999999999999 0.6899835519196329 0 0.4999999999999997 0.7499999999999997 0 0.5625000000000006 0.7500000000000007 0 0.5208333333333334 0.6989119710380004 0 0.5416666666666669 0.6956115765717586 0 0.5000000000000001 0.7166666666666668 0 0.4999999999999999 0.7333333333333333 0 0.5625000000000001 0.7099890346130892 0 0.5624999999999997 0.729994517306544 0 0.5208333333333333 0.7499999999999999 0 0.5416666666666661 0.7499999999999992 0 0.5208333333333335 0.715941314025334 0 0.5416666666666667 0.7137410510478392 0 0.5208333333333337 0.7329706570126672 0 0.5416666666666664 0.7318705255239192 0 0.5625000000000012 0.6899835519196348 0 0.5695970545353753 0.6874999999999996 0 0.5624999999999996 0.7499999999999997 0 0.569597054535376 0.7500000000000007 0 0.5648656848451251 0.6891889080511143 0 0.5672313696902506 0.6883612033556088 0 0.5625000000000001 0.709989034613089 0 0.5625 0.7299945173065443 0 0.5695970545353757 0.7083333333333336 0 0.5695970545353751 0.7291666666666662 0 0.564865684845125 0.7499999999999999 0 0.5672313696902497 0.7499999999999992 0 0.5648656848451252 0.7094592720340765 0 0.5672313696902505 0.7089074689037392 0 0.5648656848451254 0.7297296360170384 0 0.56723136969025 0.7294537344518692 0 0.5695970545353767 0.6875000000000014 0 0.6249999999999999 0.6874999999999996 0 0.5695970545353751 0.7499999999999997 0 0.6250000000000006 0.7500000000000007 0 0.5880647030235837 0.6875000000000001 0 0.606532351511792 0.6875000000000002 0 0.5695970545353756 0.7083333333333335 0 0.5695970545353753 0.7291666666666665 0 0.6250000000000002 0.7083333333333336 0 0.6249999999999997 0.7291666666666662 0 0.5880647030235836 0.7499999999999999 0 0.6065323515117912 0.7499999999999992 0 0.5880647030235839 0.7083333333333338 0 0.6065323515117921 0.7083333333333336 0 0.588064703023584 0.7291666666666671 0 0.6065323515117915 0.7291666666666663 0 1.301042606982605e-17 2.211772431870429e-17 0 0.06250000000000003 8.384496800554569e-18 0 2.746645503629945e-18 0.06249999999999999 0 0.06250000000000003 0.06250000000000003 0 0.02083333333333334 2.044594916600257e-17 0 0.04166666666666666 9.044349925603147e-18 0 1.070063896779061e-17 0.02083333333333334 0 -1.200168157477321e-17 0.04166666666666664 0 0.0625 0.02083333333333334 0 0.06249999999999999 0.04166666666666668 0 0.02083333333333333 0.06249999999999998 0 0.04166666666666664 0.06249999999999997 0 0.02083333333333335 0.02083333333333335 0 0.04166666666666666 0.02083333333333334 0 0.02083333333333335 0.04166666666666669 0 0.04166666666666666 0.04166666666666664 0 0.06250000000000014 2.211772431870429e-17 0 0.125 8.384496800554569e-18 0 0.06249999999999995 0.06249999999999999 0 0.1250000000000001 0.06250000000000003 0 0.08333333333333334 2.044594916600257e-17 0 0.1041666666666667 9.044349925603147e-18 0 0.06250000000000003 0.02083333333333334 0 0.06249999999999997 0.04166666666666664 0 0.125 0.02083333333333334 0 0.125 0.04166666666666668 0 0.08333333333333331 0.06249999999999998 0 0.1041666666666666 0.06249999999999997 0 0.08333333333333338 0.02083333333333335 0 0.1041666666666667 0.02083333333333334 0 0.08333333333333338 0.04166666666666669 0 0.1041666666666666 0.04166666666666664 0 0.1250000000000003 2.211772431870429e-17 0 0.1874999999999999 8.384496800554569e-18 0 0.1249999999999999 0.06249999999999999 0 0.1875000000000001 0.06250000000000003 0 0.1458333333333333 2.044594916600257e-17 0 0.1666666666666667 9.044349925603147e-18 0 0.125 0.02083333333333334 0 0.125 0.04166666666666664 0 0.1875000000000001 0.02083333333333334 0 0.1874999999999999 0.04166666666666668 0 0.1458333333333333 0.06249999999999998 0 0.1666666666666665 0.06249999999999997 0 0.1458333333333334 0.02083333333333335 0 0.1666666666666667 0.02083333333333334 0 0.1458333333333334 0.04166666666666669 0 0.1666666666666666 0.04166666666666664 0 0.1875000000000004 2.211772431870429e-17 0 0.2499999999999999 8.384496800554569e-18 0 0.1874999999999999 0.06249999999999999 0 0.2500000000000002 0.06250000000000003 0 0.2083333333333334 2.044594916600257e-17 0 0.2291666666666667 9.044349925603147e-18 0 0.1875000000000001 0.02083333333333334 0 0.1874999999999999 0.04166666666666664 0 0.2500000000000001 0.02083333333333334 0 0.2499999999999999 0.04166666666666668 0 0.2083333333333333 0.06249999999999998 0 0.2291666666666664 0.06249999999999997 0 0.2083333333333335 0.02083333333333335 0 0.2291666666666667 0.02083333333333334 0 0.2083333333333335 0.04166666666666669 0 0.2291666666666665 0.04166666666666664 0 0.2500000000000006 2.211772431870429e-17 0 0.3124999999999999 8.384496800554569e-18 0 0.2499999999999998 0.06249999999999999 0 0.3125000000000003 0.06250000000000003 0 0.2708333333333333 2.044594916600257e-17 0 0.2916666666666668 9.044349925603147e-18 0 0.2500000000000001 0.02083333333333334 0 0.2499999999999999 0.04166666666666664 0 0.3125000000000001 0.02083333333333334 0 0.3124999999999998 0.04166666666666668 0 0.2708333333333333 0.06249999999999998 0 0.2916666666666664 0.06249999999999997 0 0.2708333333333334 0.02083333333333335 0 0.2916666666666667 0.02083333333333334 0 0.2708333333333335 0.04166666666666669 0 0.2916666666666666 0.04166666666666664 0 0.3125000000000007 2.211772431870429e-17 0 0.3749999999999998 8.384496800554569e-18 0 0.3124999999999999 0.06249999999999999 0 0.3750000000000003 0.06250000000000003 0 0.3333333333333333 2.044594916600257e-17 0 0.3541666666666667 9.044349925603147e-18 0 0.3125000000000001 0.02083333333333334 0 0.3124999999999999 0.04166666666666664 0 0.3750000000000001 0.02083333333333334 0 0.3749999999999998 0.04166666666666668 0 0.3333333333333333 0.06249999999999998 0 0.3541666666666664 0.06249999999999997 0 0.3333333333333335 0.02083333333333335 0 0.3541666666666668 0.02083333333333334 0 0.3333333333333335 0.04166666666666669 0 0.3541666666666665 0.04166666666666664 0 0.3750000000000008 2.211772431870429e-17 0 0.4374999999999999 8.384496800554569e-18 0 0.3749999999999998 0.06249999999999999 0 0.4375000000000003 0.06250000000000003 0 0.3958333333333334 2.044594916600257e-17 0 0.4166666666666668 9.044349925603147e-18 0 0.3750000000000001 0.02083333333333334 0 0.3749999999999999 0.04166666666666664 0 0.4375000000000001 0.02083333333333334 0 0.4374999999999998 0.04166666666666668 0 0.3958333333333333 0.06249999999999998 0 0.4166666666666662 0.06249999999999997 0 0.3958333333333336 0.02083333333333335 0 0.4166666666666668 0.02083333333333334 0 0.3958333333333336 0.04166666666666669 0 0.4166666666666665 0.04166666666666664 0 0.4375000000000009 2.211772431870429e-17 0 0.4999999999999998 8.384496800554569e-18 0 0.4374999999999998 0.06249999999999999 0 0.5000000000000004 0.06250000000000003 0 0.4583333333333334 2.044594916600257e-17 0 0.4791666666666669 9.044349925603147e-18 0 0.4375000000000001 0.02083333333333334 0 0.4374999999999999 0.04166666666666664 0 0.5000000000000002 0.02083333333333334 0 0.4999999999999998 0.04166666666666668 0 0.4583333333333333 0.06249999999999998 0 0.4791666666666662 0.06249999999999997 0 0.4583333333333336 0.02083333333333335 0 0.4791666666666669 0.02083333333333334 0 0.4583333333333336 0.04166666666666669 0 0.4791666666666665 0.04166666666666664 0 0.5000000000000011 2.211772431870429e-17 0 0.5624999999999999 8.384496800554569e-18 0 0.4999999999999997 0.06249999999999999 0 0.5625000000000006 0.06250000000000003 0 0.5208333333333334 2.044594916600257e-17 0 0.5416666666666669 9.044349925603147e-18 0 0.5000000000000001 0.02083333333333334 0 0.4999999999999999 0.04166666666666664 0 0.5625000000000001 0.02083333333333334 0 0.5624999999999997 0.04166666666666668 0 0.5208333333333333 0.06249999999999998 0 0.5416666666666661 0.06249999999999997 0 0.5208333333333335 0.02083333333333335 0 0.5416666666666667 0.02083333333333334 0 0.5208333333333337 0.04166666666666669 0 0.5416666666666664 0.04166666666666664 0 0.5625000000000012 2.211772431870429e-17 0 0.6249999999999999 8.384496800554569e-18 0 0.5624999999999997 0.06249999999999999 0 0.6250000000000006 0.06250000000000003 0 0.5833333333333334 2.044594916600257e-17 0 0.6041666666666667 9.044349925603147e-18 0 0.5625000000000001 0.02083333333333334 0 0.5624999999999999 0.04166666666666664 0 0.6250000000000002 0.02083333333333334 0 0.6249999999999997 0.04166666666666668 0 0.5833333333333333 0.06249999999999998 0 0.604166666666666 0.06249999999999997 0 0.5833333333333336 0.02083333333333335 0 0.6041666666666669 0.02083333333333334 0 0.5833333333333337 0.04166666666666669 0 0.6041666666666663 0.04166666666666664 0 0.6250000000000013 2.211772431870429e-17 0 0.6874999999999996 8.384496800554569e-18 0 0.6249999999999997 0.06249999999999999 0 0.6875000000000006 0.06250000000000003 0 0.6458333333333334 2.044594916600257e-17 0 0.6666666666666669 9.044349925603147e-18 0 0.6250000000000001 0.02083333333333334 0 0.6249999999999999 0.04166666666666664 0 0.6875000000000002 0.02083333333333334 0 0.6874999999999997 0.04166666666666668 0 0.6458333333333333 0.06249999999999998 0 0.666666666666666 0.06249999999999997 0 0.6458333333333337 0.02083333333333335 0 0.6666666666666669 0.02083333333333334 0 0.6458333333333337 0.04166666666666669 0 0.6666666666666663 0.04166666666666664 0 0.6875000000000014 2.211772431870429e-17 0 0.7499999999999996 8.384496800554569e-18 0 0.6874999999999997 0.06249999999999999 0 0.7500000000000007 0.06250000000000003 0 0.7083333333333334 2.044594916600257e-17 0 0.7291666666666669 9.044349925603147e-18 0 0.6875000000000001 0.02083333333333334 0 0.6874999999999999 0.04166666666666664 0 0.7500000000000002 0.02083333333333334 0 0.7499999999999996 0.04166666666666668 0 0.7083333333333333 0.06249999999999998 0 0.729166666666666 0.06249999999999997 0 0.7083333333333338 0.02083333333333335 0 0.7291666666666669 0.02083333333333334 0 0.7083333333333338 0.04166666666666669 0 0.7291666666666663 0.04166666666666664 0 0.7500000000000014 2.211772431870429e-17 0 0.8124999999999998 8.384496800554569e-18 0 0.7499999999999996 0.06249999999999999 0 0.8125000000000007 0.06250000000000003 0 0.7708333333333335 2.044594916600257e-17 0 0.7916666666666669 9.044349925603147e-18 0 0.75 0.02083333333333334 0 0.7499999999999999 0.04166666666666664 0 0.8125000000000002 0.02083333333333334 0 0.8124999999999996 0.04166666666666668 0 0.7708333333333333 0.06249999999999998 0 0.7916666666666659 0.06249999999999997 0 0.7708333333333339 0.02083333333333335 0 0.7916666666666669 0.02083333333333334 0 0.7708333333333339 0.04166666666666669 0 0.7916666666666663 0.04166666666666664 0 0.8125000000000017 2.211772431870429e-17 0 0.8749999999999997 8.384496800554569e-18 0 0.8124999999999996 0.06249999999999999 0 0.8750000000000008 0.06250000000000003 0 0.8333333333333335 2.044594916600257e-17 0 0.8541666666666669 9.044349925603147e-18 0 0.8125000000000001 0.02083333333333334 0 0.8124999999999999 0.04166666666666664 0 0.8750000000000002 0.02083333333333334 0 0.8749999999999997 0.04166666666666668 0 0.8333333333333333 0.06249999999999998 0 0.8541666666666656 0.06249999999999997 0 0.8333333333333339 0.02083333333333335 0 0.854166666666667 0.02083333333333334 0 0.8333333333333339 0.04166666666666669 0 0.8541666666666662 0.04166666666666664 0 0.8750000000000018 2.211772431870429e-17 0 0.9374999999999997 8.384496800554569e-18 0 0.8749999999999996 0.06249999999999999 0 0.9375000000000008 0.06250000000000003 0 0.8958333333333335 2.044594916600257e-17 0 0.9166666666666669 9.044349925603147e-18 0 0.8750000000000001 0.02083333333333334 0 0.8749999999999998 0.04166666666666664 0 0.9375000000000003 0.02083333333333334 0 0.9374999999999996 0.04166666666666668 0 0.8958333333333333 0.06249999999999998 0 0.9166666666666656 0.06249999999999997 0 0.8958333333333339 0.02083333333333335 0 0.916666666666667 0.02083333333333334 0 0.8958333333333339 0.04166666666666669 0 0.9166666666666662 0.04166666666666664 0 0.9375000000000019 2.211772431870429e-17 0 0.9999999999999996 8.384496800554569e-18 0 0.9374999999999996 0.06249999999999999 0 1.000000000000001 0.06250000000000003 0 0.9583333333333337 2.044594916600257e-17 0 0.979166666666667 9.044349925603147e-18 0 0.9375000000000002 0.02083333333333334 0 0.9374999999999998 0.04166666666666664 0 1 0.02083333333333334 0 0.9999999999999996 0.04166666666666668 0 0.9583333333333331 0.06249999999999998 0 0.9791666666666656 0.06249999999999997 0 0.9583333333333339 0.02083333333333335 0 0.979166666666667 0.02083333333333334 0 0.958333333333334 0.04166666666666669 0 0.9791666666666662 0.04166666666666664 0 1.301042606982605e-17 0.06250000000000015 0 0.06250000000000003 0.06249999999999998 0 2.746645503629945e-18 0.125 0 0.06250000000000003 0.1250000000000001 0 0.02083333333333334 0.06250000000000001 0 0.04166666666666666 0.06250000000000001 0 1.070063896779061e-17 0.08333333333333336 0 -1.200168157477321e-17 0.1041666666666666 0 0.0625 0.08333333333333336 0 0.06249999999999999 0.1041666666666666 0 0.02083333333333333 0.125 0 0.04166666666666664 0.1249999999999999 0 0.02083333333333335 0.08333333333333338 0 0.04166666666666666 0.08333333333333336 0 0.02083333333333335 0.1041666666666667 0 0.04166666666666666 0.1041666666666666 0 0.06250000000000014 0.06250000000000015 0 0.125 0.06249999999999998 0 0.06249999999999995 0.125 0 0.1250000000000001 0.1250000000000001 0 0.08333333333333334 0.06250000000000001 0 0.1041666666666667 0.06250000000000001 0 0.06250000000000003 0.08333333333333336 0 0.06249999999999997 0.1041666666666666 0 0.125 0.08333333333333336 0 0.125 0.1041666666666666 0 0.08333333333333331 0.125 0 0.1041666666666666 0.1249999999999999 0 0.08333333333333338 0.08333333333333338 0 0.1041666666666667 0.08333333333333336 0 0.08333333333333338 0.1041666666666667 0 0.1041666666666666 0.1041666666666666 0 0.1250000000000003 0.06250000000000015 0 0.1874999999999999 0.06249999999999998 0 0.1249999999999999 0.125 0 0.1875000000000001 0.1250000000000001 0 0.1458333333333333 0.06250000000000001 0 0.1666666666666667 0.06250000000000001 0 0.125 0.08333333333333336 0 0.125 0.1041666666666666 0 0.1875000000000001 0.08333333333333336 0 0.1874999999999999 0.1041666666666666 0 0.1458333333333333 0.125 0 0.1666666666666665 0.1249999999999999 0 0.1458333333333334 0.08333333333333338 0 0.1666666666666667 0.08333333333333336 0 0.1458333333333334 0.1041666666666667 0 0.1666666666666666 0.1041666666666666 0 0.1875000000000004 0.06250000000000015 0 0.2499999999999999 0.06249999999999998 0 0.1874999999999999 0.125 0 0.2500000000000002 0.1250000000000001 0 0.2083333333333334 0.06250000000000001 0 0.2291666666666667 0.06250000000000001 0 0.1875000000000001 0.08333333333333336 0 0.1874999999999999 0.1041666666666666 0 0.2500000000000001 0.08333333333333336 0 0.2499999999999999 0.1041666666666666 0 0.2083333333333333 0.125 0 0.2291666666666664 0.1249999999999999 0 0.2083333333333335 0.08333333333333338 0 0.2291666666666667 0.08333333333333336 0 0.2083333333333335 0.1041666666666667 0 0.2291666666666665 0.1041666666666666 0 0.2500000000000006 0.06250000000000015 0 0.3124999999999999 0.06249999999999998 0 0.2499999999999998 0.125 0 0.3125000000000003 0.1250000000000001 0 0.2708333333333333 0.06250000000000001 0 0.2916666666666668 0.06250000000000001 0 0.2500000000000001 0.08333333333333336 0 0.2499999999999999 0.1041666666666666 0 0.3125000000000001 0.08333333333333336 0 0.3124999999999998 0.1041666666666666 0 0.2708333333333333 0.125 0 0.2916666666666664 0.1249999999999999 0 0.2708333333333334 0.08333333333333338 0 0.2916666666666667 0.08333333333333336 0 0.2708333333333335 0.1041666666666667 0 0.2916666666666666 0.1041666666666666 0 0.3125000000000007 0.06250000000000015 0 0.3749999999999998 0.06249999999999998 0 0.3124999999999999 0.125 0 0.3750000000000003 0.1250000000000001 0 0.3333333333333333 0.06250000000000001 0 0.3541666666666667 0.06250000000000001 0 0.3125000000000001 0.08333333333333336 0 0.3124999999999999 0.1041666666666666 0 0.3750000000000001 0.08333333333333336 0 0.3749999999999998 0.1041666666666666 0 0.3333333333333333 0.125 0 0.3541666666666664 0.1249999999999999 0 0.3333333333333335 0.08333333333333338 0 0.3541666666666668 0.08333333333333336 0 0.3333333333333335 0.1041666666666667 0 0.3541666666666665 0.1041666666666666 0 0.3750000000000008 0.06250000000000015 0 0.4374999999999999 0.06249999999999998 0 0.3749999999999998 0.125 0 0.4375000000000003 0.1250000000000001 0 0.3958333333333334 0.06250000000000001 0 0.4166666666666668 0.06250000000000001 0 0.3750000000000001 0.08333333333333336 0 0.3749999999999999 0.1041666666666666 0 0.4375000000000001 0.08333333333333336 0 0.4374999999999998 0.1041666666666666 0 0.3958333333333333 0.125 0 0.4166666666666662 0.1249999999999999 0 0.3958333333333336 0.08333333333333338 0 0.4166666666666668 0.08333333333333336 0 0.3958333333333336 0.1041666666666667 0 0.4166666666666665 0.1041666666666666 0 0.4375000000000009 0.06250000000000015 0 0.4999999999999998 0.06249999999999998 0 0.4374999999999998 0.125 0 0.5000000000000004 0.1250000000000001 0 0.4583333333333334 0.06250000000000001 0 0.4791666666666669 0.06250000000000001 0 0.4375000000000001 0.08333333333333336 0 0.4374999999999999 0.1041666666666666 0 0.5000000000000002 0.08333333333333336 0 0.4999999999999998 0.1041666666666666 0 0.4583333333333333 0.125 0 0.4791666666666662 0.1249999999999999 0 0.4583333333333336 0.08333333333333338 0 0.4791666666666669 0.08333333333333336 0 0.4583333333333336 0.1041666666666667 0 0.4791666666666665 0.1041666666666666 0 0.5000000000000011 0.06250000000000015 0 0.5624999999999999 0.06249999999999998 0 0.4999999999999997 0.125 0 0.5625000000000006 0.1250000000000001 0 0.5208333333333334 0.06250000000000001 0 0.5416666666666669 0.06250000000000001 0 0.5000000000000001 0.08333333333333336 0 0.4999999999999999 0.1041666666666666 0 0.5625000000000001 0.08333333333333336 0 0.5624999999999997 0.1041666666666666 0 0.5208333333333333 0.125 0 0.5416666666666661 0.1249999999999999 0 0.5208333333333335 0.08333333333333338 0 0.5416666666666667 0.08333333333333336 0 0.5208333333333337 0.1041666666666667 0 0.5416666666666664 0.1041666666666666 0 0.5625000000000012 0.06250000000000015 0 0.6249999999999999 0.06249999999999998 0 0.5624999999999997 0.125 0 0.6250000000000006 0.1250000000000001 0 0.5833333333333334 0.06250000000000001 0 0.6041666666666667 0.06250000000000001 0 0.5625000000000001 0.08333333333333336 0 0.5624999999999999 0.1041666666666666 0 0.6250000000000002 0.08333333333333336 0 0.6249999999999997 0.1041666666666666 0 0.5833333333333333 0.125 0 0.604166666666666 0.1249999999999999 0 0.5833333333333336 0.08333333333333338 0 0.6041666666666669 0.08333333333333336 0 0.5833333333333337 0.1041666666666667 0 0.6041666666666663 0.1041666666666666 0 0.6250000000000013 0.06250000000000015 0 0.6874999999999996 0.06249999999999998 0 0.6249999999999997 0.125 0 0.6875000000000006 0.1250000000000001 0 0.6458333333333334 0.06250000000000001 0 0.6666666666666669 0.06250000000000001 0 0.6250000000000001 0.08333333333333336 0 0.6249999999999999 0.1041666666666666 0 0.6875000000000002 0.08333333333333336 0 0.6874999999999997 0.1041666666666666 0 0.6458333333333333 0.125 0 0.666666666666666 0.1249999999999999 0 0.6458333333333337 0.08333333333333338 0 0.6666666666666669 0.08333333333333336 0 0.6458333333333337 0.1041666666666667 0 0.6666666666666663 0.1041666666666666 0 0.6875000000000014 0.06250000000000015 0 0.7499999999999996 0.06249999999999998 0 0.6874999999999997 0.125 0 0.7500000000000007 0.1250000000000001 0 0.7083333333333334 0.06250000000000001 0 0.7291666666666669 0.06250000000000001 0 0.6875000000000001 0.08333333333333336 0 0.6874999999999999 0.1041666666666666 0 0.7500000000000002 0.08333333333333336 0 0.7499999999999996 0.1041666666666666 0 0.7083333333333333 0.125 0 0.729166666666666 0.1249999999999999 0 0.7083333333333338 0.08333333333333338 0 0.7291666666666669 0.08333333333333336 0 0.7083333333333338 0.1041666666666667 0 0.7291666666666663 0.1041666666666666 0 0.7500000000000014 0.06250000000000015 0 0.8124999999999998 0.06249999999999998 0 0.7499999999999996 0.125 0 0.8125000000000007 0.1250000000000001 0 0.7708333333333335 0.06250000000000001 0 0.7916666666666669 0.06250000000000001 0 0.75 0.08333333333333336 0 0.7499999999999999 0.1041666666666666 0 0.8125000000000002 0.08333333333333336 0 0.8124999999999996 0.1041666666666666 0 0.7708333333333333 0.125 0 0.7916666666666659 0.1249999999999999 0 0.7708333333333339 0.08333333333333338 0 0.7916666666666669 0.08333333333333336 0 0.7708333333333339 0.1041666666666667 0 0.7916666666666663 0.1041666666666666 0 0.8125000000000017 0.06250000000000015 0 0.8749999999999997 0.06249999999999998 0 0.8124999999999996 0.125 0 0.8750000000000008 0.1250000000000001 0 0.8333333333333335 0.06250000000000001 0 0.8541666666666669 0.06250000000000001 0 0.8125000000000001 0.08333333333333336 0 0.8124999999999999 0.1041666666666666 0 0.8750000000000002 0.08333333333333336 0 0.8749999999999997 0.1041666666666666 0 0.8333333333333333 0.125 0 0.8541666666666656 0.1249999999999999 0 0.8333333333333339 0.08333333333333338 0 0.854166666666667 0.08333333333333336 0 0.8333333333333339 0.1041666666666667 0 0.8541666666666662 0.1041666666666666 0 0.8750000000000018 0.06250000000000015 0 0.9374999999999997 0.06249999999999998 0 0.8749999999999996 0.125 0 0.9375000000000008 0.1250000000000001 0 0.8958333333333335 0.06250000000000001 0 0.9166666666666669 0.06250000000000001 0 0.8750000000000001 0.08333333333333336 0 0.8749999999999998 0.1041666666666666 0 0.9375000000000003 0.08333333333333336 0 0.9374999999999996 0.1041666666666666 0 0.8958333333333333 0.125 0 0.9166666666666656 0.1249999999999999 0 0.8958333333333339 0.08333333333333338 0 0.916666666666667 0.08333333333333336 0 0.8958333333333339 0.1041666666666667 0 0.9166666666666662 0.1041666666666666 0 0.9375000000000019 0.06250000000000015 0 0.9999999999999996 0.06249999999999998 0 0.9374999999999996 0.125 0 1.000000000000001 0.1250000000000001 0 0.9583333333333337 0.06250000000000001 0 0.979166666666667 0.06250000000000001 0 0.9375000000000002 0.08333333333333336 0 0.9374999999999998 0.1041666666666666 0 1 0.08333333333333336 0 0.9999999999999996 0.1041666666666666 0 0.9583333333333331 0.125 0 0.9791666666666656 0.1249999999999999 0 0.9583333333333339 0.08333333333333338 0 0.979166666666667 0.08333333333333336 0 0.958333333333334 0.1041666666666667 0 0.9791666666666662 0.1041666666666666 0 1.301042606982605e-17 0.1250000000000003 0 0.06250000000000003 0.1249999999999999 0 2.746645503629945e-18 0.1874999999999999 0 0.06250000000000003 0.1875000000000002 0 0.02083333333333334 0.125 0 0.04166666666666666 0.125 0 1.070063896779061e-17 0.1458333333333334 0 -1.200168157477321e-17 0.1666666666666666 0 0.0625 0.1458333333333334 0 0.06249999999999999 0.1666666666666666 0 0.02083333333333333 0.1874999999999999 0 0.04166666666666664 0.1874999999999998 0 0.02083333333333335 0.1458333333333334 0 0.04166666666666666 0.1458333333333334 0 0.02083333333333335 0.1666666666666667 0 0.04166666666666666 0.1666666666666666 0 0.06250000000000014 0.1250000000000003 0 0.125 0.1249999999999999 0 0.06249999999999995 0.1874999999999999 0 0.1250000000000001 0.1875000000000002 0 0.08333333333333334 0.125 0 0.1041666666666667 0.125 0 0.06250000000000003 0.1458333333333334 0 0.06249999999999997 0.1666666666666666 0 0.125 0.1458333333333334 0 0.125 0.1666666666666666 0 0.08333333333333331 0.1874999999999999 0 0.1041666666666666 0.1874999999999998 0 0.08333333333333338 0.1458333333333334 0 0.1041666666666667 0.1458333333333334 0 0.08333333333333338 0.1666666666666667 0 0.1041666666666666 0.1666666666666666 0 0.1250000000000003 0.1250000000000003 0 0.1874999999999999 0.1249999999999999 0 0.1249999999999999 0.1874999999999999 0 0.1875000000000001 0.1875000000000002 0 0.1458333333333333 0.125 0 0.1666666666666667 0.125 0 0.125 0.1458333333333334 0 0.125 0.1666666666666666 0 0.1875000000000001 0.1458333333333334 0 0.1874999999999999 0.1666666666666666 0 0.1458333333333333 0.1874999999999999 0 0.1666666666666665 0.1874999999999998 0 0.1458333333333334 0.1458333333333334 0 0.1666666666666667 0.1458333333333334 0 0.1458333333333334 0.1666666666666667 0 0.1666666666666666 0.1666666666666666 0 0.1875000000000004 0.1250000000000003 0 0.2499999999999999 0.1249999999999999 0 0.1874999999999999 0.1874999999999999 0 0.2500000000000002 0.1875000000000002 0 0.2083333333333334 0.125 0 0.2291666666666667 0.125 0 0.1875000000000001 0.1458333333333334 0 0.1874999999999999 0.1666666666666666 0 0.2500000000000001 0.1458333333333334 0 0.2499999999999999 0.1666666666666666 0 0.2083333333333333 0.1874999999999999 0 0.2291666666666664 0.1874999999999998 0 0.2083333333333335 0.1458333333333334 0 0.2291666666666667 0.1458333333333334 0 0.2083333333333335 0.1666666666666667 0 0.2291666666666665 0.1666666666666666 0 0.2500000000000006 0.1250000000000003 0 0.3124999999999999 0.1249999999999999 0 0.2499999999999998 0.1874999999999999 0 0.3125000000000003 0.1875000000000002 0 0.2708333333333333 0.125 0 0.2916666666666668 0.125 0 0.2500000000000001 0.1458333333333334 0 0.2499999999999999 0.1666666666666666 0 0.3125000000000001 0.1458333333333334 0 0.3124999999999998 0.1666666666666666 0 0.2708333333333333 0.1874999999999999 0 0.2916666666666664 0.1874999999999998 0 0.2708333333333334 0.1458333333333334 0 0.2916666666666667 0.1458333333333334 0 0.2708333333333335 0.1666666666666667 0 0.2916666666666666 0.1666666666666666 0 0.3125000000000007 0.1250000000000003 0 0.3749999999999998 0.1249999999999999 0 0.3124999999999999 0.1874999999999999 0 0.3750000000000003 0.1875000000000002 0 0.3333333333333333 0.125 0 0.3541666666666667 0.125 0 0.3125000000000001 0.1458333333333334 0 0.3124999999999999 0.1666666666666666 0 0.3750000000000001 0.1458333333333334 0 0.3749999999999998 0.1666666666666666 0 0.3333333333333333 0.1874999999999999 0 0.3541666666666664 0.1874999999999998 0 0.3333333333333335 0.1458333333333334 0 0.3541666666666668 0.1458333333333334 0 0.3333333333333335 0.1666666666666667 0 0.3541666666666665 0.1666666666666666 0 0.3750000000000008 0.1250000000000003 0 0.4374999999999999 0.1249999999999999 0 0.3749999999999998 0.1874999999999999 0 0.4375000000000003 0.1875000000000002 0 0.3958333333333334 0.125 0 0.4166666666666668 0.125 0 0.3750000000000001 0.1458333333333334 0 0.3749999999999999 0.1666666666666666 0 0.4375000000000001 0.1458333333333334 0 0.4374999999999998 0.1666666666666666 0 0.3958333333333333 0.1874999999999999 0 0.4166666666666662 0.1874999999999998 0 0.3958333333333336 0.1458333333333334 0 0.4166666666666668 0.1458333333333334 0 0.3958333333333336 0.1666666666666667 0 0.4166666666666665 0.1666666666666666 0 0.4375000000000009 0.1250000000000003 0 0.4999999999999998 0.1249999999999999 0 0.4374999999999998 0.1874999999999999 0 0.5000000000000004 0.1875000000000002 0 0.4583333333333334 0.125 0 0.4791666666666669 0.125 0 0.4375000000000001 0.1458333333333334 0 0.4374999999999999 0.1666666666666666 0 0.5000000000000002 0.1458333333333334 0 0.4999999999999998 0.1666666666666666 0 0.4583333333333333 0.1874999999999999 0 0.4791666666666662 0.1874999999999998 0 0.4583333333333336 0.1458333333333334 0 0.4791666666666669 0.1458333333333334 0 0.4583333333333336 0.1666666666666667 0 0.4791666666666665 0.1666666666666666 0 0.5000000000000011 0.1250000000000003 0 0.5624999999999999 0.1249999999999999 0 0.4999999999999997 0.1874999999999999 0 0.5625000000000006 0.1875000000000002 0 0.5208333333333334 0.125 0 0.5416666666666669 0.125 0 0.5000000000000001 0.1458333333333334 0 0.4999999999999999 0.1666666666666666 0 0.5625000000000001 0.1458333333333334 0 0.5624999999999997 0.1666666666666666 0 0.5208333333333333 0.1874999999999999 0 0.5416666666666661 0.1874999999999998 0 0.5208333333333335 0.1458333333333334 0 0.5416666666666667 0.1458333333333334 0 0.5208333333333337 0.1666666666666667 0 0.5416666666666664 0.1666666666666666 0 0.5625000000000012 0.1250000000000003 0 0.6249999999999999 0.1249999999999999 0 0.5624999999999997 0.1874999999999999 0 0.6250000000000006 0.1875000000000002 0 0.5833333333333334 0.125 0 0.6041666666666667 0.125 0 0.5625000000000001 0.1458333333333334 0 0.5624999999999999 0.1666666666666666 0 0.6250000000000002 0.1458333333333334 0 0.6249999999999997 0.1666666666666666 0 0.5833333333333333 0.1874999999999999 0 0.604166666666666 0.1874999999999998 0 0.5833333333333336 0.1458333333333334 0 0.6041666666666669 0.1458333333333334 0 0.5833333333333337 0.1666666666666667 0 0.6041666666666663 0.1666666666666666 0 0.6250000000000013 0.1250000000000003 0 0.6874999999999996 0.1249999999999999 0 0.6249999999999997 0.1874999999999999 0 0.6875000000000006 0.1875000000000002 0 0.6458333333333334 0.125 0 0.6666666666666669 0.125 0 0.6250000000000001 0.1458333333333334 0 0.6249999999999999 0.1666666666666666 0 0.6875000000000002 0.1458333333333334 0 0.6874999999999997 0.1666666666666666 0 0.6458333333333333 0.1874999999999999 0 0.666666666666666 0.1874999999999998 0 0.6458333333333337 0.1458333333333334 0 0.6666666666666669 0.1458333333333334 0 0.6458333333333337 0.1666666666666667 0 0.6666666666666663 0.1666666666666666 0 0.6875000000000014 0.1250000000000003 0 0.7499999999999996 0.1249999999999999 0 0.6874999999999997 0.1874999999999999 0 0.7500000000000007 0.1875000000000002 0 0.7083333333333334 0.125 0 0.7291666666666669 0.125 0 0.6875000000000001 0.1458333333333334 0 0.6874999999999999 0.1666666666666666 0 0.7500000000000002 0.1458333333333334 0 0.7499999999999996 0.1666666666666666 0 0.7083333333333333 0.1874999999999999 0 0.729166666666666 0.1874999999999998 0 0.7083333333333338 0.1458333333333334 0 0.7291666666666669 0.1458333333333334 0 0.7083333333333338 0.1666666666666667 0 0.7291666666666663 0.1666666666666666 0 0.7500000000000014 0.1250000000000003 0 0.8124999999999998 0.1249999999999999 0 0.7499999999999996 0.1874999999999999 0 0.8125000000000007 0.1875000000000002 0 0.7708333333333335 0.125 0 0.7916666666666669 0.125 0 0.75 0.1458333333333334 0 0.7499999999999999 0.1666666666666666 0 0.8125000000000002 0.1458333333333334 0 0.8124999999999996 0.1666666666666666 0 0.7708333333333333 0.1874999999999999 0 0.7916666666666659 0.1874999999999998 0 0.7708333333333339 0.1458333333333334 0 0.7916666666666669 0.1458333333333334 0 0.7708333333333339 0.1666666666666667 0 0.7916666666666663 0.1666666666666666 0 0.8125000000000017 0.1250000000000003 0 0.8749999999999997 0.1249999999999999 0 0.8124999999999996 0.1874999999999999 0 0.8750000000000008 0.1875000000000002 0 0.8333333333333335 0.125 0 0.8541666666666669 0.125 0 0.8125000000000001 0.1458333333333334 0 0.8124999999999999 0.1666666666666666 0 0.8750000000000002 0.1458333333333334 0 0.8749999999999997 0.1666666666666666 0 0.8333333333333333 0.1874999999999999 0 0.8541666666666656 0.1874999999999998 0 0.8333333333333339 0.1458333333333334 0 0.854166666666667 0.1458333333333334 0 0.8333333333333339 0.1666666666666667 0 0.8541666666666662 0.1666666666666666 0 0.8750000000000018 0.1250000000000003 0 0.9374999999999997 0.1249999999999999 0 0.8749999999999996 0.1874999999999999 0 0.9375000000000008 0.1875000000000002 0 0.8958333333333335 0.125 0 0.9166666666666669 0.125 0 0.8750000000000001 0.1458333333333334 0 0.8749999999999998 0.1666666666666666 0 0.9375000000000003 0.1458333333333334 0 0.9374999999999996 0.1666666666666666 0 0.8958333333333333 0.1874999999999999 0 0.9166666666666656 0.1874999999999998 0 0.8958333333333339 0.1458333333333334 0 0.916666666666667 0.1458333333333334 0 0.8958333333333339 0.1666666666666667 0 0.9166666666666662 0.1666666666666666 0 0.9375000000000019 0.1250000000000003 0 0.9999999999999996 0.1249999999999999 0 0.9374999999999996 0.1874999999999999 0 1.000000000000001 0.1875000000000002 0 0.9583333333333337 0.125 0 0.979166666666667 0.125 0 0.9375000000000002 0.1458333333333334 0 0.9374999999999998 0.1666666666666666 0 1 0.1458333333333334 0 0.9999999999999996 0.1666666666666666 0 0.9583333333333331 0.1874999999999999 0 0.9791666666666656 0.1874999999999998 0 0.9583333333333339 0.1458333333333334 0 0.979166666666667 0.1458333333333334 0 0.958333333333334 0.1666666666666667 0 0.9791666666666662 0.1666666666666666 0 1.301042606982605e-17 0.1875000000000004 0 0.06250000000000003 0.1875 0 2.746645503629945e-18 0.2499999999999999 0 0.06250000000000003 0.2500000000000002 0 0.02083333333333334 0.1875 0 0.04166666666666666 0.1875000000000001 0 1.070063896779061e-17 0.2083333333333334 0 -1.200168157477321e-17 0.2291666666666666 0 0.0625 0.2083333333333334 0 0.06249999999999999 0.2291666666666666 0 0.02083333333333333 0.2499999999999999 0 0.04166666666666664 0.2499999999999997 0 0.02083333333333335 0.2083333333333335 0 0.04166666666666666 0.2083333333333334 0 0.02083333333333335 0.2291666666666668 0 0.04166666666666666 0.2291666666666665 0 0.06250000000000014 0.1875000000000004 0 0.125 0.1875 0 0.06249999999999995 0.2499999999999999 0 0.1250000000000001 0.2500000000000002 0 0.08333333333333334 0.1875 0 0.1041666666666667 0.1875000000000001 0 0.06250000000000003 0.2083333333333334 0 0.06249999999999997 0.2291666666666666 0 0.125 0.2083333333333334 0 0.125 0.2291666666666666 0 0.08333333333333331 0.2499999999999999 0 0.1041666666666666 0.2499999999999997 0 0.08333333333333338 0.2083333333333335 0 0.1041666666666667 0.2083333333333334 0 0.08333333333333338 0.2291666666666668 0 0.1041666666666666 0.2291666666666665 0 0.1250000000000003 0.1875000000000004 0 0.1874999999999999 0.1875 0 0.1249999999999999 0.2499999999999999 0 0.1875000000000001 0.2500000000000002 0 0.1458333333333333 0.1875 0 0.1666666666666667 0.1875000000000001 0 0.125 0.2083333333333334 0 0.125 0.2291666666666666 0 0.1875000000000001 0.2083333333333334 0 0.1874999999999999 0.2291666666666666 0 0.1458333333333333 0.2499999999999999 0 0.1666666666666665 0.2499999999999997 0 0.1458333333333334 0.2083333333333335 0 0.1666666666666667 0.2083333333333334 0 0.1458333333333334 0.2291666666666668 0 0.1666666666666666 0.2291666666666665 0 0.1875000000000004 0.1875000000000004 0 0.2499999999999999 0.1875 0 0.1874999999999999 0.2499999999999999 0 0.2500000000000002 0.2500000000000002 0 0.2083333333333334 0.1875 0 0.2291666666666667 0.1875000000000001 0 0.1875000000000001 0.2083333333333334 0 0.1874999999999999 0.2291666666666666 0 0.2500000000000001 0.2083333333333334 0 0.2499999999999999 0.2291666666666666 0 0.2083333333333333 0.2499999999999999 0 0.2291666666666664 0.2499999999999997 0 0.2083333333333335 0.2083333333333335 0 0.2291666666666667 0.2083333333333334 0 0.2083333333333335 0.2291666666666668 0 0.2291666666666665 0.2291666666666665 0 0.2500000000000006 0.1875000000000004 0 0.3124999999999999 0.1875 0 0.2499999999999998 0.2499999999999999 0 0.3125000000000003 0.2500000000000002 0 0.2708333333333333 0.1875 0 0.2916666666666668 0.1875000000000001 0 0.2500000000000001 0.2083333333333334 0 0.2499999999999999 0.2291666666666666 0 0.3125000000000001 0.2083333333333334 0 0.3124999999999998 0.2291666666666666 0 0.2708333333333333 0.2499999999999999 0 0.2916666666666664 0.2499999999999997 0 0.2708333333333334 0.2083333333333335 0 0.2916666666666667 0.2083333333333334 0 0.2708333333333335 0.2291666666666668 0 0.2916666666666666 0.2291666666666665 0 0.3125000000000007 0.1875000000000004 0 0.3749999999999998 0.1875 0 0.3124999999999999 0.2499999999999999 0 0.3750000000000003 0.2500000000000002 0 0.3333333333333333 0.1875 0 0.3541666666666667 0.1875000000000001 0 0.3125000000000001 0.2083333333333334 0 0.3124999999999999 0.2291666666666666 0 0.3750000000000001 0.2083333333333334 0 0.3749999999999998 0.2291666666666666 0 0.3333333333333333 0.2499999999999999 0 0.3541666666666664 0.2499999999999997 0 0.3333333333333335 0.2083333333333335 0 0.3541666666666668 0.2083333333333334 0 0.3333333333333335 0.2291666666666668 0 0.3541666666666665 0.2291666666666665 0 0.3750000000000008 0.1875000000000004 0 0.4374999999999999 0.1875 0 0.3749999999999998 0.2499999999999999 0 0.4375000000000003 0.2500000000000002 0 0.3958333333333334 0.1875 0 0.4166666666666668 0.1875000000000001 0 0.3750000000000001 0.2083333333333334 0 0.3749999999999999 0.2291666666666666 0 0.4375000000000001 0.2083333333333334 0 0.4374999999999998 0.2291666666666666 0 0.3958333333333333 0.2499999999999999 0 0.4166666666666662 0.2499999999999997 0 0.3958333333333336 0.2083333333333335 0 0.4166666666666668 0.2083333333333334 0 0.3958333333333336 0.2291666666666668 0 0.4166666666666665 0.2291666666666665 0 0.4375000000000009 0.1875000000000004 0 0.4999999999999998 0.1875 0 0.4374999999999998 0.2499999999999999 0 0.5000000000000004 0.2500000000000002 0 0.4583333333333334 0.1875 0 0.4791666666666669 0.1875000000000001 0 0.4375000000000001 0.2083333333333334 0 0.4374999999999999 0.2291666666666666 0 0.5000000000000002 0.2083333333333334 0 0.4999999999999998 0.2291666666666666 0 0.4583333333333333 0.2499999999999999 0 0.4791666666666662 0.2499999999999997 0 0.4583333333333336 0.2083333333333335 0 0.4791666666666669 0.2083333333333334 0 0.4583333333333336 0.2291666666666668 0 0.4791666666666665 0.2291666666666665 0 0.5000000000000011 0.1875000000000004 0 0.5624999999999999 0.1875 0 0.4999999999999997 0.2499999999999999 0 0.5625000000000006 0.2500000000000002 0 0.5208333333333334 0.1875 0 0.5416666666666669 0.1875000000000001 0 0.5000000000000001 0.2083333333333334 0 0.4999999999999999 0.2291666666666666 0 0.5625000000000001 0.2083333333333334 0 0.5624999999999997 0.2291666666666666 0 0.5208333333333333 0.2499999999999999 0 0.5416666666666661 0.2499999999999997 0 0.5208333333333335 0.2083333333333335 0 0.5416666666666667 0.2083333333333334 0 0.5208333333333337 0.2291666666666668 0 0.5416666666666664 0.2291666666666665 0 0.5625000000000012 0.1875000000000004 0 0.6249999999999999 0.1875 0 0.5624999999999997 0.2499999999999999 0 0.6250000000000006 0.2500000000000002 0 0.5833333333333334 0.1875 0 0.6041666666666667 0.1875000000000001 0 0.5625000000000001 0.2083333333333334 0 0.5624999999999999 0.2291666666666666 0 0.6250000000000002 0.2083333333333334 0 0.6249999999999997 0.2291666666666666 0 0.5833333333333333 0.2499999999999999 0 0.604166666666666 0.2499999999999997 0 0.5833333333333336 0.2083333333333335 0 0.6041666666666669 0.2083333333333334 0 0.5833333333333337 0.2291666666666668 0 0.6041666666666663 0.2291666666666665 0 0.6250000000000013 0.1875000000000004 0 0.6874999999999996 0.1875 0 0.6249999999999997 0.2499999999999999 0 0.6875000000000006 0.2500000000000002 0 0.6458333333333334 0.1875 0 0.6666666666666669 0.1875000000000001 0 0.6250000000000001 0.2083333333333334 0 0.6249999999999999 0.2291666666666666 0 0.6875000000000002 0.2083333333333334 0 0.6874999999999997 0.2291666666666666 0 0.6458333333333333 0.2499999999999999 0 0.666666666666666 0.2499999999999997 0 0.6458333333333337 0.2083333333333335 0 0.6666666666666669 0.2083333333333334 0 0.6458333333333337 0.2291666666666668 0 0.6666666666666663 0.2291666666666665 0 0.6875000000000014 0.1875000000000004 0 0.7499999999999996 0.1875 0 0.6874999999999997 0.2499999999999999 0 0.7500000000000007 0.2500000000000002 0 0.7083333333333334 0.1875 0 0.7291666666666669 0.1875000000000001 0 0.6875000000000001 0.2083333333333334 0 0.6874999999999999 0.2291666666666666 0 0.7500000000000002 0.2083333333333334 0 0.7499999999999996 0.2291666666666666 0 0.7083333333333333 0.2499999999999999 0 0.729166666666666 0.2499999999999997 0 0.7083333333333338 0.2083333333333335 0 0.7291666666666669 0.2083333333333334 0 0.7083333333333338 0.2291666666666668 0 0.7291666666666663 0.2291666666666665 0 0.7500000000000014 0.1875000000000004 0 0.8124999999999998 0.1875 0 0.7499999999999996 0.2499999999999999 0 0.8125000000000007 0.2500000000000002 0 0.7708333333333335 0.1875 0 0.7916666666666669 0.1875000000000001 0 0.75 0.2083333333333334 0 0.7499999999999999 0.2291666666666666 0 0.8125000000000002 0.2083333333333334 0 0.8124999999999996 0.2291666666666666 0 0.7708333333333333 0.2499999999999999 0 0.7916666666666659 0.2499999999999997 0 0.7708333333333339 0.2083333333333335 0 0.7916666666666669 0.2083333333333334 0 0.7708333333333339 0.2291666666666668 0 0.7916666666666663 0.2291666666666665 0 0.8125000000000017 0.1875000000000004 0 0.8749999999999997 0.1875 0 0.8124999999999996 0.2499999999999999 0 0.8750000000000008 0.2500000000000002 0 0.8333333333333335 0.1875 0 0.8541666666666669 0.1875000000000001 0 0.8125000000000001 0.2083333333333334 0 0.8124999999999999 0.2291666666666666 0 0.8750000000000002 0.2083333333333334 0 0.8749999999999997 0.2291666666666666 0 0.8333333333333333 0.2499999999999999 0 0.8541666666666656 0.2499999999999997 0 0.8333333333333339 0.2083333333333335 0 0.854166666666667 0.2083333333333334 0 0.8333333333333339 0.2291666666666668 0 0.8541666666666662 0.2291666666666665 0 0.8750000000000018 0.1875000000000004 0 0.9374999999999997 0.1875 0 0.8749999999999996 0.2499999999999999 0 0.9375000000000008 0.2500000000000002 0 0.8958333333333335 0.1875 0 0.9166666666666669 0.1875000000000001 0 0.8750000000000001 0.2083333333333334 0 0.8749999999999998 0.2291666666666666 0 0.9375000000000003 0.2083333333333334 0 0.9374999999999996 0.2291666666666666 0 0.8958333333333333 0.2499999999999999 0 0.9166666666666656 0.2499999999999997 0 0.8958333333333339 0.2083333333333335 0 0.916666666666667 0.2083333333333334 0 0.8958333333333339 0.2291666666666668 0 0.9166666666666662 0.2291666666666665 0 0.9375000000000019 0.1875000000000004 0 0.9999999999999996 0.1875 0 0.9374999999999996 0.2499999999999999 0 1.000000000000001 0.2500000000000002 0 0.9583333333333337 0.1875 0 0.979166666666667 0.1875000000000001 0 0.9375000000000002 0.2083333333333334 0 0.9374999999999998 0.2291666666666666 0 1 0.2083333333333334 0 0.9999999999999996 0.2291666666666666 0 0.9583333333333331 0.2499999999999999 0 0.9791666666666656 0.2499999999999997 0 0.9583333333333339 0.2083333333333335 0 0.979166666666667 0.2083333333333334 0 0.958333333333334 0.2291666666666668 0 0.9791666666666662 0.2291666666666665 0 1.301042606982605e-17 0.2500000000000005 0 0.06250000000000003 0.2499999999999999 0 2.746645503629945e-18 0.3124999999999998 0 0.06250000000000003 0.3125000000000003 0 0.02083333333333334 0.2500000000000001 0 0.04166666666666666 0.2500000000000001 0 1.070063896779061e-17 0.2708333333333334 0 -1.200168157477321e-17 0.2916666666666666 0 0.0625 0.2708333333333334 0 0.06249999999999999 0.2916666666666666 0 0.02083333333333333 0.3124999999999999 0 0.04166666666666664 0.3124999999999997 0 0.02083333333333335 0.2708333333333334 0 0.04166666666666666 0.2708333333333334 0 0.02083333333333335 0.2916666666666669 0 0.04166666666666666 0.2916666666666665 0 0.06250000000000014 0.2500000000000005 0 0.125 0.2499999999999999 0 0.06249999999999995 0.3124999999999998 0 0.1250000000000001 0.3125000000000003 0 0.08333333333333334 0.2500000000000001 0 0.1041666666666667 0.2500000000000001 0 0.06250000000000003 0.2708333333333334 0 0.06249999999999997 0.2916666666666666 0 0.125 0.2708333333333334 0 0.125 0.2916666666666666 0 0.08333333333333331 0.3124999999999999 0 0.1041666666666666 0.3124999999999997 0 0.08333333333333338 0.2708333333333334 0 0.1041666666666667 0.2708333333333334 0 0.08333333333333338 0.2916666666666669 0 0.1041666666666666 0.2916666666666665 0 0.1250000000000003 0.2500000000000005 0 0.1874999999999999 0.2499999999999999 0 0.1249999999999999 0.3124999999999998 0 0.1875000000000001 0.3125000000000003 0 0.1458333333333333 0.2500000000000001 0 0.1666666666666667 0.2500000000000001 0 0.125 0.2708333333333334 0 0.125 0.2916666666666666 0 0.1875000000000001 0.2708333333333334 0 0.1874999999999999 0.2916666666666666 0 0.1458333333333333 0.3124999999999999 0 0.1666666666666665 0.3124999999999997 0 0.1458333333333334 0.2708333333333334 0 0.1666666666666667 0.2708333333333334 0 0.1458333333333334 0.2916666666666669 0 0.1666666666666666 0.2916666666666665 0 0.1875000000000004 0.2500000000000005 0 0.2499999999999999 0.2499999999999999 0 0.1874999999999999 0.3124999999999998 0 0.2500000000000002 0.3125000000000003 0 0.2083333333333334 0.2500000000000001 0 0.2291666666666667 0.2500000000000001 0 0.1875000000000001 0.2708333333333334 0 0.1874999999999999 0.2916666666666666 0 0.2500000000000001 0.2708333333333334 0 0.2499999999999999 0.2916666666666666 0 0.2083333333333333 0.3124999999999999 0 0.2291666666666664 0.3124999999999997 0 0.2083333333333335 0.2708333333333334 0 0.2291666666666667 0.2708333333333334 0 0.2083333333333335 0.2916666666666669 0 0.2291666666666665 0.2916666666666665 0 0.2500000000000006 0.2500000000000005 0 0.3124999999999999 0.2499999999999999 0 0.2499999999999998 0.3124999999999998 0 0.3125000000000003 0.3125000000000003 0 0.2708333333333333 0.2500000000000001 0 0.2916666666666668 0.2500000000000001 0 0.2500000000000001 0.2708333333333334 0 0.2499999999999999 0.2916666666666666 0 0.3125000000000001 0.2708333333333334 0 0.3124999999999998 0.2916666666666666 0 0.2708333333333333 0.3124999999999999 0 0.2916666666666664 0.3124999999999997 0 0.2708333333333334 0.2708333333333334 0 0.2916666666666667 0.2708333333333334 0 0.2708333333333335 0.2916666666666669 0 0.2916666666666666 0.2916666666666665 0 0.3125000000000007 0.2500000000000005 0 0.3749999999999998 0.2499999999999999 0 0.3124999999999999 0.3124999999999998 0 0.3750000000000003 0.3125000000000003 0 0.3333333333333333 0.2500000000000001 0 0.3541666666666667 0.2500000000000001 0 0.3125000000000001 0.2708333333333334 0 0.3124999999999999 0.2916666666666666 0 0.3750000000000001 0.2708333333333334 0 0.3749999999999998 0.2916666666666666 0 0.3333333333333333 0.3124999999999999 0 0.3541666666666664 0.3124999999999997 0 0.3333333333333335 0.2708333333333334 0 0.3541666666666668 0.2708333333333334 0 0.3333333333333335 0.2916666666666669 0 0.3541666666666665 0.2916666666666665 0 0.6250000000000013 0.2500000000000005 0 0.6874999999999996 0.2499999999999999 0 0.6249999999999997 0.3124999999999998 0 0.6875000000000006 0.3125000000000003 0 0.6458333333333334 0.2500000000000001 0 0.6666666666666669 0.2500000000000001 0 0.6250000000000001 0.2708333333333334 0 0.6249999999999999 0.2916666666666666 0 0.6875000000000002 0.2708333333333334 0 0.6874999999999997 0.2916666666666666 0 0.6458333333333333 0.3124999999999999 0 0.666666666666666 0.3124999999999997 0 0.6458333333333337 0.2708333333333334 0 0.6666666666666669 0.2708333333333334 0 0.6458333333333337 0.2916666666666669 0 0.6666666666666663 0.2916666666666665 0 0.6875000000000014 0.2500000000000005 0 0.7499999999999996 0.2499999999999999 0 0.6874999999999997 0.3124999999999998 0 0.7500000000000007 0.3125000000000003 0 0.7083333333333334 0.2500000000000001 0 0.7291666666666669 0.2500000000000001 0 0.6875000000000001 0.2708333333333334 0 0.6874999999999999 0.2916666666666666 0 0.7500000000000002 0.2708333333333334 0 0.7499999999999996 0.2916666666666666 0 0.7083333333333333 0.3124999999999999 0 0.729166666666666 0.3124999999999997 0 0.7083333333333338 0.2708333333333334 0 0.7291666666666669 0.2708333333333334 0 0.7083333333333338 0.2916666666666669 0 0.7291666666666663 0.2916666666666665 0 0.7500000000000014 0.2500000000000005 0 0.8124999999999998 0.2499999999999999 0 0.7499999999999996 0.3124999999999998 0 0.8125000000000007 0.3125000000000003 0 0.7708333333333335 0.2500000000000001 0 0.7916666666666669 0.2500000000000001 0 0.75 0.2708333333333334 0 0.7499999999999999 0.2916666666666666 0 0.8125000000000002 0.2708333333333334 0 0.8124999999999996 0.2916666666666666 0 0.7708333333333333 0.3124999999999999 0 0.7916666666666659 0.3124999999999997 0 0.7708333333333339 0.2708333333333334 0 0.7916666666666669 0.2708333333333334 0 0.7708333333333339 0.2916666666666669 0 0.7916666666666663 0.2916666666666665 0 0.8125000000000017 0.2500000000000005 0 0.8749999999999997 0.2499999999999999 0 0.8124999999999996 0.3124999999999998 0 0.8750000000000008 0.3125000000000003 0 0.8333333333333335 0.2500000000000001 0 0.8541666666666669 0.2500000000000001 0 0.8125000000000001 0.2708333333333334 0 0.8124999999999999 0.2916666666666666 0 0.8750000000000002 0.2708333333333334 0 0.8749999999999997 0.2916666666666666 0 0.8333333333333333 0.3124999999999999 0 0.8541666666666656 0.3124999999999997 0 0.8333333333333339 0.2708333333333334 0 0.854166666666667 0.2708333333333334 0 0.8333333333333339 0.2916666666666669 0 0.8541666666666662 0.2916666666666665 0 0.8750000000000018 0.2500000000000005 0 0.9374999999999997 0.2499999999999999 0 0.8749999999999996 0.3124999999999998 0 0.9375000000000008 0.3125000000000003 0 0.8958333333333335 0.2500000000000001 0 0.9166666666666669 0.2500000000000001 0 0.8750000000000001 0.2708333333333334 0 0.8749999999999998 0.2916666666666666 0 0.9375000000000003 0.2708333333333334 0 0.9374999999999996 0.2916666666666666 0 0.8958333333333333 0.3124999999999999 0 0.9166666666666656 0.3124999999999997 0 0.8958333333333339 0.2708333333333334 0 0.916666666666667 0.2708333333333334 0 0.8958333333333339 0.2916666666666669 0 0.9166666666666662 0.2916666666666665 0 0.9375000000000019 0.2500000000000005 0 0.9999999999999996 0.2499999999999999 0 0.9374999999999996 0.3124999999999998 0 1.000000000000001 0.3125000000000003 0 0.9583333333333337 0.2500000000000001 0 0.979166666666667 0.2500000000000001 0 0.9375000000000002 0.2708333333333334 0 0.9374999999999998 0.2916666666666666 0 1 0.2708333333333334 0 0.9999999999999996 0.2916666666666666 0 0.9583333333333331 0.3124999999999999 0 0.9791666666666656 0.3124999999999997 0 0.9583333333333339 0.2708333333333334 0 0.979166666666667 0.2708333333333334 0 0.958333333333334 0.2916666666666669 0 0.9791666666666662 0.2916666666666665 0 1.301042606982605e-17 0.3125000000000008 0 0.06250000000000003 0.3124999999999998 0 2.746645503629945e-18 0.3749999999999998 0 0.06250000000000003 0.3750000000000003 0 0.02083333333333334 0.3125 0 0.04166666666666666 0.3125000000000001 0 1.070063896779061e-17 0.3333333333333334 0 -1.200168157477321e-17 0.3541666666666666 0 0.0625 0.3333333333333334 0 0.06249999999999999 0.3541666666666665 0 0.02083333333333333 0.3749999999999999 0 0.04166666666666664 0.3749999999999997 0 0.02083333333333335 0.3333333333333335 0 0.04166666666666666 0.3333333333333334 0 0.02083333333333335 0.3541666666666669 0 0.04166666666666666 0.3541666666666665 0 0.06250000000000014 0.3125000000000008 0 0.125 0.3124999999999998 0 0.06249999999999995 0.3749999999999998 0 0.1250000000000001 0.3750000000000003 0 0.08333333333333334 0.3125 0 0.1041666666666667 0.3125000000000001 0 0.06250000000000003 0.3333333333333334 0 0.06249999999999997 0.3541666666666666 0 0.125 0.3333333333333334 0 0.125 0.3541666666666665 0 0.08333333333333331 0.3749999999999999 0 0.1041666666666666 0.3749999999999997 0 0.08333333333333338 0.3333333333333335 0 0.1041666666666667 0.3333333333333334 0 0.08333333333333338 0.3541666666666669 0 0.1041666666666666 0.3541666666666665 0 0.1250000000000003 0.3125000000000008 0 0.1874999999999999 0.3124999999999998 0 0.1249999999999999 0.3749999999999998 0 0.1875000000000001 0.3750000000000003 0 0.1458333333333333 0.3125 0 0.1666666666666667 0.3125000000000001 0 0.125 0.3333333333333334 0 0.125 0.3541666666666666 0 0.1875000000000001 0.3333333333333334 0 0.1874999999999999 0.3541666666666665 0 0.1458333333333333 0.3749999999999999 0 0.1666666666666665 0.3749999999999997 0 0.1458333333333334 0.3333333333333335 0 0.1666666666666667 0.3333333333333334 0 0.1458333333333334 0.3541666666666669 0 0.1666666666666666 0.3541666666666665 0 0.1875000000000004 0.3125000000000008 0 0.2499999999999999 0.3124999999999998 0 0.1874999999999999 0.3749999999999998 0 0.2500000000000002 0.3750000000000003 0 0.2083333333333334 0.3125 0 0.2291666666666667 0.3125000000000001 0 0.1875000000000001 0.3333333333333334 0 0.1874999999999999 0.3541666666666666 0 0.2500000000000001 0.3333333333333334 0 0.2499999999999999 0.3541666666666665 0 0.2083333333333333 0.3749999999999999 0 0.2291666666666664 0.3749999999999997 0 0.2083333333333335 0.3333333333333335 0 0.2291666666666667 0.3333333333333334 0 0.2083333333333335 0.3541666666666669 0 0.2291666666666665 0.3541666666666665 0 0.2500000000000006 0.3125000000000008 0 0.3124999999999999 0.3124999999999998 0 0.2499999999999998 0.3749999999999998 0 0.3125000000000003 0.3750000000000003 0 0.2708333333333333 0.3125 0 0.2916666666666668 0.3125000000000001 0 0.2500000000000001 0.3333333333333334 0 0.2499999999999999 0.3541666666666666 0 0.3125000000000001 0.3333333333333334 0 0.3124999999999998 0.3541666666666665 0 0.2708333333333333 0.3749999999999999 0 0.2916666666666664 0.3749999999999997 0 0.2708333333333334 0.3333333333333335 0 0.2916666666666667 0.3333333333333334 0 0.2708333333333335 0.3541666666666669 0 0.2916666666666666 0.3541666666666665 0 0.6875000000000014 0.3125000000000008 0 0.7499999999999996 0.3124999999999998 0 0.6874999999999997 0.3749999999999998 0 0.7500000000000007 0.3750000000000003 0 0.7083333333333334 0.3125 0 0.7291666666666669 0.3125000000000001 0 0.6875000000000001 0.3333333333333334 0 0.6874999999999999 0.3541666666666666 0 0.7500000000000002 0.3333333333333334 0 0.7499999999999996 0.3541666666666665 0 0.7083333333333333 0.3749999999999999 0 0.729166666666666 0.3749999999999997 0 0.7083333333333338 0.3333333333333335 0 0.7291666666666669 0.3333333333333334 0 0.7083333333333338 0.3541666666666669 0 0.7291666666666663 0.3541666666666665 0 0.7500000000000014 0.3125000000000008 0 0.8124999999999998 0.3124999999999998 0 0.7499999999999996 0.3749999999999998 0 0.8125000000000007 0.3750000000000003 0 0.7708333333333335 0.3125 0 0.7916666666666669 0.3125000000000001 0 0.75 0.3333333333333334 0 0.7499999999999999 0.3541666666666666 0 0.8125000000000002 0.3333333333333334 0 0.8124999999999996 0.3541666666666665 0 0.7708333333333333 0.3749999999999999 0 0.7916666666666659 0.3749999999999997 0 0.7708333333333339 0.3333333333333335 0 0.7916666666666669 0.3333333333333334 0 0.7708333333333339 0.3541666666666669 0 0.7916666666666663 0.3541666666666665 0 0.8125000000000017 0.3125000000000008 0 0.8749999999999997 0.3124999999999998 0 0.8124999999999996 0.3749999999999998 0 0.8750000000000008 0.3750000000000003 0 0.8333333333333335 0.3125 0 0.8541666666666669 0.3125000000000001 0 0.8125000000000001 0.3333333333333334 0 0.8124999999999999 0.3541666666666666 0 0.8750000000000002 0.3333333333333334 0 0.8749999999999997 0.3541666666666665 0 0.8333333333333333 0.3749999999999999 0 0.8541666666666656 0.3749999999999997 0 0.8333333333333339 0.3333333333333335 0 0.854166666666667 0.3333333333333334 0 0.8333333333333339 0.3541666666666669 0 0.8541666666666662 0.3541666666666665 0 0.8750000000000018 0.3125000000000008 0 0.9374999999999997 0.3124999999999998 0 0.8749999999999996 0.3749999999999998 0 0.9375000000000008 0.3750000000000003 0 0.8958333333333335 0.3125 0 0.9166666666666669 0.3125000000000001 0 0.8750000000000001 0.3333333333333334 0 0.8749999999999998 0.3541666666666666 0 0.9375000000000003 0.3333333333333334 0 0.9374999999999996 0.3541666666666665 0 0.8958333333333333 0.3749999999999999 0 0.9166666666666656 0.3749999999999997 0 0.8958333333333339 0.3333333333333335 0 0.916666666666667 0.3333333333333334 0 0.8958333333333339 0.3541666666666669 0 0.9166666666666662 0.3541666666666665 0 0.9375000000000019 0.3125000000000008 0 0.9999999999999996 0.3124999999999998 0 0.9374999999999996 0.3749999999999998 0 1.000000000000001 0.3750000000000003 0 0.9583333333333337 0.3125 0 0.979166666666667 0.3125000000000001 0 0.9375000000000002 0.3333333333333334 0 0.9374999999999998 0.3541666666666666 0 1 0.3333333333333334 0 0.9999999999999996 0.3541666666666665 0 0.9583333333333331 0.3749999999999999 0 0.9791666666666656 0.3749999999999997 0 0.9583333333333339 0.3333333333333335 0 0.979166666666667 0.3333333333333334 0 0.958333333333334 0.3541666666666669 0 0.9791666666666662 0.3541666666666665 0 1.301042606982605e-17 0.3750000000000008 0 0.06250000000000003 0.3749999999999999 0 2.746645503629945e-18 0.4374999999999998 0 0.06250000000000003 0.4375000000000004 0 0.02083333333333334 0.3750000000000001 0 0.04166666666666666 0.3750000000000001 0 1.070063896779061e-17 0.3958333333333333 0 -1.200168157477321e-17 0.4166666666666666 0 0.0625 0.3958333333333334 0 0.06249999999999999 0.4166666666666665 0 0.02083333333333333 0.4374999999999999 0 0.04166666666666664 0.4374999999999996 0 0.02083333333333335 0.3958333333333336 0 0.04166666666666666 0.3958333333333334 0 0.02083333333333335 0.416666666666667 0 0.04166666666666666 0.4166666666666665 0 0.06250000000000014 0.3750000000000008 0 0.125 0.3749999999999999 0 0.06249999999999995 0.4374999999999998 0 0.1250000000000001 0.4375000000000004 0 0.08333333333333334 0.3750000000000001 0 0.1041666666666667 0.3750000000000001 0 0.06250000000000003 0.3958333333333333 0 0.06249999999999997 0.4166666666666666 0 0.125 0.3958333333333334 0 0.125 0.4166666666666665 0 0.08333333333333331 0.4374999999999999 0 0.1041666666666666 0.4374999999999996 0 0.08333333333333338 0.3958333333333336 0 0.1041666666666667 0.3958333333333334 0 0.08333333333333338 0.416666666666667 0 0.1041666666666666 0.4166666666666665 0 0.1250000000000003 0.3750000000000008 0 0.1874999999999999 0.3749999999999999 0 0.1249999999999999 0.4374999999999998 0 0.1875000000000001 0.4375000000000004 0 0.1458333333333333 0.3750000000000001 0 0.1666666666666667 0.3750000000000001 0 0.125 0.3958333333333333 0 0.125 0.4166666666666666 0 0.1875000000000001 0.3958333333333334 0 0.1874999999999999 0.4166666666666665 0 0.1458333333333333 0.4374999999999999 0 0.1666666666666665 0.4374999999999996 0 0.1458333333333334 0.3958333333333336 0 0.1666666666666667 0.3958333333333334 0 0.1458333333333334 0.416666666666667 0 0.1666666666666666 0.4166666666666665 0 0.1875000000000004 0.3750000000000008 0 0.2499999999999999 0.3749999999999999 0 0.1874999999999999 0.4374999999999998 0 0.2500000000000002 0.4375000000000004 0 0.2083333333333334 0.3750000000000001 0 0.2291666666666667 0.3750000000000001 0 0.1875000000000001 0.3958333333333333 0 0.1874999999999999 0.4166666666666666 0 0.2500000000000001 0.3958333333333334 0 0.2499999999999999 0.4166666666666665 0 0.2083333333333333 0.4374999999999999 0 0.2291666666666664 0.4374999999999996 0 0.2083333333333335 0.3958333333333336 0 0.2291666666666667 0.3958333333333334 0 0.2083333333333335 0.416666666666667 0 0.2291666666666665 0.4166666666666665 0 0.7500000000000014 0.3750000000000008 0 0.8124999999999998 0.3749999999999999 0 0.7499999999999996 0.4374999999999998 0 0.8125000000000007 0.4375000000000004 0 0.7708333333333335 0.3750000000000001 0 0.7916666666666669 0.3750000000000001 0 0.75 0.3958333333333333 0 0.7499999999999999 0.4166666666666666 0 0.8125000000000002 0.3958333333333334 0 0.8124999999999996 0.4166666666666665 0 0.7708333333333333 0.4374999999999999 0 0.7916666666666659 0.4374999999999996 0 0.7708333333333339 0.3958333333333336 0 0.7916666666666669 0.3958333333333334 0 0.7708333333333339 0.416666666666667 0 0.7916666666666663 0.4166666666666665 0 0.8125000000000017 0.3750000000000008 0 0.8749999999999997 0.3749999999999999 0 0.8124999999999996 0.4374999999999998 0 0.8750000000000008 0.4375000000000004 0 0.8333333333333335 0.3750000000000001 0 0.8541666666666669 0.3750000000000001 0 0.8125000000000001 0.3958333333333333 0 0.8124999999999999 0.4166666666666666 0 0.8750000000000002 0.3958333333333334 0 0.8749999999999997 0.4166666666666665 0 0.8333333333333333 0.4374999999999999 0 0.8541666666666656 0.4374999999999996 0 0.8333333333333339 0.3958333333333336 0 0.854166666666667 0.3958333333333334 0 0.8333333333333339 0.416666666666667 0 0.8541666666666662 0.4166666666666665 0 0.8750000000000018 0.3750000000000008 0 0.9374999999999997 0.3749999999999999 0 0.8749999999999996 0.4374999999999998 0 0.9375000000000008 0.4375000000000004 0 0.8958333333333335 0.3750000000000001 0 0.9166666666666669 0.3750000000000001 0 0.8750000000000001 0.3958333333333333 0 0.8749999999999998 0.4166666666666666 0 0.9375000000000003 0.3958333333333334 0 0.9374999999999996 0.4166666666666665 0 0.8958333333333333 0.4374999999999999 0 0.9166666666666656 0.4374999999999996 0 0.8958333333333339 0.3958333333333336 0 0.916666666666667 0.3958333333333334 0 0.8958333333333339 0.416666666666667 0 0.9166666666666662 0.4166666666666665 0 0.9375000000000019 0.3750000000000008 0 0.9999999999999996 0.3749999999999999 0 0.9374999999999996 0.4374999999999998 0 1.000000000000001 0.4375000000000004 0 0.9583333333333337 0.3750000000000001 0 0.979166666666667 0.3750000000000001 0 0.9375000000000002 0.3958333333333333 0 0.9374999999999998 0.4166666666666666 0 1 0.3958333333333334 0 0.9999999999999996 0.4166666666666665 0 0.9583333333333331 0.4374999999999999 0 0.9791666666666656 0.4374999999999996 0 0.9583333333333339 0.3958333333333336 0 0.979166666666667 0.3958333333333334 0 0.958333333333334 0.416666666666667 0 0.9791666666666662 0.4166666666666665 0 1.301042606982605e-17 0.4375000000000009 0 0.06250000000000003 0.4374999999999999 0 2.746645503629945e-18 0.4999999999999998 0 0.06250000000000003 0.5000000000000007 0 0.02083333333333334 0.4375000000000001 0 0.04166666666666666 0.4375000000000001 0 1.070063896779061e-17 0.4583333333333334 0 -1.200168157477321e-17 0.4791666666666666 0 0.0625 0.4583333333333335 0 0.06249999999999999 0.4791666666666665 0 0.02083333333333333 0.4999999999999999 0 0.04166666666666664 0.4999999999999994 0 0.02083333333333335 0.4583333333333336 0 0.04166666666666666 0.4583333333333335 0 0.02083333333333335 0.479166666666667 0 0.04166666666666666 0.4791666666666665 0 0.06250000000000014 0.4375000000000009 0 0.125 0.4374999999999999 0 0.06249999999999995 0.4999999999999998 0 0.1250000000000001 0.5000000000000007 0 0.08333333333333334 0.4375000000000001 0 0.1041666666666667 0.4375000000000001 0 0.06250000000000003 0.4583333333333334 0 0.06249999999999997 0.4791666666666666 0 0.125 0.4583333333333335 0 0.125 0.4791666666666665 0 0.08333333333333331 0.4999999999999999 0 0.1041666666666666 0.4999999999999994 0 0.08333333333333338 0.4583333333333336 0 0.1041666666666667 0.4583333333333335 0 0.08333333333333338 0.479166666666667 0 0.1041666666666666 0.4791666666666665 0 0.1250000000000003 0.4375000000000009 0 0.1874999999999999 0.4374999999999999 0 0.1249999999999999 0.4999999999999998 0 0.1875000000000001 0.5000000000000007 0 0.1458333333333333 0.4375000000000001 0 0.1666666666666667 0.4375000000000001 0 0.125 0.4583333333333334 0 0.125 0.4791666666666666 0 0.1875000000000001 0.4583333333333335 0 0.1874999999999999 0.4791666666666665 0 0.1458333333333333 0.4999999999999999 0 0.1666666666666665 0.4999999999999994 0 0.1458333333333334 0.4583333333333336 0 0.1666666666666667 0.4583333333333335 0 0.1458333333333334 0.479166666666667 0 0.1666666666666666 0.4791666666666665 0 0.1875000000000004 0.4375000000000009 0 0.2499999999999999 0.4374999999999999 0 0.1874999999999999 0.4999999999999998 0 0.2500000000000002 0.5000000000000007 0 0.2083333333333334 0.4375000000000001 0 0.2291666666666667 0.4375000000000001 0 0.1875000000000001 0.4583333333333334 0 0.1874999999999999 0.4791666666666666 0 0.2500000000000001 0.4583333333333335 0 0.2499999999999999 0.4791666666666665 0 0.2083333333333333 0.4999999999999999 0 0.2291666666666664 0.4999999999999994 0 0.2083333333333335 0.4583333333333336 0 0.2291666666666667 0.4583333333333335 0 0.2083333333333335 0.479166666666667 0 0.2291666666666665 0.4791666666666665 0 0.7500000000000014 0.4375000000000009 0 0.8124999999999998 0.4374999999999999 0 0.7499999999999996 0.4999999999999998 0 0.8125000000000007 0.5000000000000007 0 0.7708333333333335 0.4375000000000001 0 0.7916666666666669 0.4375000000000001 0 0.75 0.4583333333333334 0 0.7499999999999999 0.4791666666666666 0 0.8125000000000002 0.4583333333333335 0 0.8124999999999996 0.4791666666666665 0 0.7708333333333333 0.4999999999999999 0 0.7916666666666659 0.4999999999999994 0 0.7708333333333339 0.4583333333333336 0 0.7916666666666669 0.4583333333333335 0 0.7708333333333339 0.479166666666667 0 0.7916666666666663 0.4791666666666665 0 0.8125000000000017 0.4375000000000009 0 0.8749999999999997 0.4374999999999999 0 0.8124999999999996 0.4999999999999998 0 0.8750000000000008 0.5000000000000007 0 0.8333333333333335 0.4375000000000001 0 0.8541666666666669 0.4375000000000001 0 0.8125000000000001 0.4583333333333334 0 0.8124999999999999 0.4791666666666666 0 0.8750000000000002 0.4583333333333335 0 0.8749999999999997 0.4791666666666665 0 0.8333333333333333 0.4999999999999999 0 0.8541666666666656 0.4999999999999994 0 0.8333333333333339 0.4583333333333336 0 0.854166666666667 0.4583333333333335 0 0.8333333333333339 0.479166666666667 0 0.8541666666666662 0.4791666666666665 0 0.8750000000000018 0.4375000000000009 0 0.9374999999999997 0.4374999999999999 0 0.8749999999999996 0.4999999999999998 0 0.9375000000000008 0.5000000000000007 0 0.8958333333333335 0.4375000000000001 0 0.9166666666666669 0.4375000000000001 0 0.8750000000000001 0.4583333333333334 0 0.8749999999999998 0.4791666666666666 0 0.9375000000000003 0.4583333333333335 0 0.9374999999999996 0.4791666666666665 0 0.8958333333333333 0.4999999999999999 0 0.9166666666666656 0.4999999999999994 0 0.8958333333333339 0.4583333333333336 0 0.916666666666667 0.4583333333333335 0 0.8958333333333339 0.479166666666667 0 0.9166666666666662 0.4791666666666665 0 0.9375000000000019 0.4375000000000009 0 0.9999999999999996 0.4374999999999999 0 0.9374999999999996 0.4999999999999998 0 1.000000000000001 0.5000000000000007 0 0.9583333333333337 0.4375000000000001 0 0.979166666666667 0.4375000000000001 0 0.9375000000000002 0.4583333333333334 0 0.9374999999999998 0.4791666666666666 0 1 0.4583333333333335 0 0.9999999999999996 0.4791666666666665 0 0.9583333333333331 0.4999999999999999 0 0.9791666666666656 0.4999999999999994 0 0.9583333333333339 0.4583333333333336 0 0.979166666666667 0.4583333333333335 0 0.958333333333334 0.479166666666667 0 0.9791666666666662 0.4791666666666665 0 1.301042606982605e-17 0.500000000000001 0 0.06250000000000003 0.4999999999999998 0 2.746645503629945e-18 0.5624999999999996 0 0.06250000000000003 0.5625000000000006 0 0.02083333333333334 0.5000000000000001 0 0.04166666666666666 0.5000000000000002 0 1.070063896779061e-17 0.5208333333333335 0 -1.200168157477321e-17 0.5416666666666665 0 0.0625 0.5208333333333335 0 0.06249999999999999 0.5416666666666663 0 0.02083333333333333 0.5624999999999999 0 0.04166666666666664 0.5624999999999994 0 0.02083333333333335 0.5208333333333335 0 0.04166666666666666 0.5208333333333335 0 0.02083333333333335 0.541666666666667 0 0.04166666666666666 0.5416666666666664 0 0.06250000000000014 0.500000000000001 0 0.125 0.4999999999999998 0 0.06249999999999995 0.5624999999999996 0 0.1250000000000001 0.5625000000000006 0 0.08333333333333334 0.5000000000000001 0 0.1041666666666667 0.5000000000000002 0 0.06250000000000003 0.5208333333333335 0 0.06249999999999997 0.5416666666666665 0 0.125 0.5208333333333335 0 0.125 0.5416666666666663 0 0.08333333333333331 0.5624999999999999 0 0.1041666666666666 0.5624999999999994 0 0.08333333333333338 0.5208333333333335 0 0.1041666666666667 0.5208333333333335 0 0.08333333333333338 0.541666666666667 0 0.1041666666666666 0.5416666666666664 0 0.1250000000000003 0.500000000000001 0 0.1874999999999999 0.4999999999999998 0 0.1249999999999999 0.5624999999999996 0 0.1875000000000001 0.5625000000000006 0 0.1458333333333333 0.5000000000000001 0 0.1666666666666667 0.5000000000000002 0 0.125 0.5208333333333335 0 0.125 0.5416666666666665 0 0.1875000000000001 0.5208333333333335 0 0.1874999999999999 0.5416666666666663 0 0.1458333333333333 0.5624999999999999 0 0.1666666666666665 0.5624999999999994 0 0.1458333333333334 0.5208333333333335 0 0.1666666666666667 0.5208333333333335 0 0.1458333333333334 0.541666666666667 0 0.1666666666666666 0.5416666666666664 0 0.1875000000000004 0.500000000000001 0 0.2499999999999999 0.4999999999999998 0 0.1874999999999999 0.5624999999999996 0 0.2500000000000002 0.5625000000000006 0 0.2083333333333334 0.5000000000000001 0 0.2291666666666667 0.5000000000000002 0 0.1875000000000001 0.5208333333333335 0 0.1874999999999999 0.5416666666666665 0 0.2500000000000001 0.5208333333333335 0 0.2499999999999999 0.5416666666666663 0 0.2083333333333333 0.5624999999999999 0 0.2291666666666664 0.5624999999999994 0 0.2083333333333335 0.5208333333333335 0 0.2291666666666667 0.5208333333333335 0 0.2083333333333335 0.541666666666667 0 0.2291666666666665 0.5416666666666664 0 0.7500000000000014 0.500000000000001 0 0.8124999999999998 0.4999999999999998 0 0.7499999999999996 0.5624999999999996 0 0.8125000000000007 0.5625000000000006 0 0.7708333333333335 0.5000000000000001 0 0.7916666666666669 0.5000000000000002 0 0.75 0.5208333333333335 0 0.7499999999999999 0.5416666666666665 0 0.8125000000000002 0.5208333333333335 0 0.8124999999999996 0.5416666666666663 0 0.7708333333333333 0.5624999999999999 0 0.7916666666666659 0.5624999999999994 0 0.7708333333333339 0.5208333333333335 0 0.7916666666666669 0.5208333333333335 0 0.7708333333333339 0.541666666666667 0 0.7916666666666663 0.5416666666666664 0 0.8125000000000017 0.500000000000001 0 0.8749999999999997 0.4999999999999998 0 0.8124999999999996 0.5624999999999996 0 0.8750000000000008 0.5625000000000006 0 0.8333333333333335 0.5000000000000001 0 0.8541666666666669 0.5000000000000002 0 0.8125000000000001 0.5208333333333335 0 0.8124999999999999 0.5416666666666665 0 0.8750000000000002 0.5208333333333335 0 0.8749999999999997 0.5416666666666663 0 0.8333333333333333 0.5624999999999999 0 0.8541666666666656 0.5624999999999994 0 0.8333333333333339 0.5208333333333335 0 0.854166666666667 0.5208333333333335 0 0.8333333333333339 0.541666666666667 0 0.8541666666666662 0.5416666666666664 0 0.8750000000000018 0.500000000000001 0 0.9374999999999997 0.4999999999999998 0 0.8749999999999996 0.5624999999999996 0 0.9375000000000008 0.5625000000000006 0 0.8958333333333335 0.5000000000000001 0 0.9166666666666669 0.5000000000000002 0 0.8750000000000001 0.5208333333333335 0 0.8749999999999998 0.5416666666666665 0 0.9375000000000003 0.5208333333333335 0 0.9374999999999996 0.5416666666666663 0 0.8958333333333333 0.5624999999999999 0 0.9166666666666656 0.5624999999999994 0 0.8958333333333339 0.5208333333333335 0 0.916666666666667 0.5208333333333335 0 0.8958333333333339 0.541666666666667 0 0.9166666666666662 0.5416666666666664 0 0.9375000000000019 0.500000000000001 0 0.9999999999999996 0.4999999999999998 0 0.9374999999999996 0.5624999999999996 0 1.000000000000001 0.5625000000000006 0 0.9583333333333337 0.5000000000000001 0 0.979166666666667 0.5000000000000002 0 0.9375000000000002 0.5208333333333335 0 0.9374999999999998 0.5416666666666665 0 1 0.5208333333333335 0 0.9999999999999996 0.5416666666666663 0 0.9583333333333331 0.5624999999999999 0 0.9791666666666656 0.5624999999999994 0 0.9583333333333339 0.5208333333333335 0 0.979166666666667 0.5208333333333335 0 0.958333333333334 0.541666666666667 0 0.9791666666666662 0.5416666666666664 0 1.301042606982605e-17 0.5625000000000012 0 0.06250000000000003 0.5624999999999999 0 2.746645503629945e-18 0.6249999999999997 0 0.06250000000000003 0.6250000000000006 0 0.02083333333333334 0.5625 0 0.04166666666666666 0.5625000000000002 0 1.070063896779061e-17 0.5833333333333335 0 -1.200168157477321e-17 0.6041666666666665 0 0.0625 0.5833333333333336 0 0.06249999999999999 0.6041666666666664 0 0.02083333333333333 0.6249999999999999 0 0.04166666666666664 0.6249999999999993 0 0.02083333333333335 0.5833333333333336 0 0.04166666666666666 0.5833333333333336 0 0.02083333333333335 0.604166666666667 0 0.04166666666666666 0.6041666666666663 0 0.06250000000000014 0.5625000000000012 0 0.125 0.5624999999999999 0 0.06249999999999995 0.6249999999999997 0 0.1250000000000001 0.6250000000000006 0 0.08333333333333334 0.5625 0 0.1041666666666667 0.5625000000000002 0 0.06250000000000003 0.5833333333333335 0 0.06249999999999997 0.6041666666666665 0 0.125 0.5833333333333336 0 0.125 0.6041666666666664 0 0.08333333333333331 0.6249999999999999 0 0.1041666666666666 0.6249999999999993 0 0.08333333333333338 0.5833333333333336 0 0.1041666666666667 0.5833333333333336 0 0.08333333333333338 0.604166666666667 0 0.1041666666666666 0.6041666666666663 0 0.1250000000000003 0.5625000000000012 0 0.1874999999999999 0.5624999999999999 0 0.1249999999999999 0.6249999999999997 0 0.1875000000000001 0.6250000000000006 0 0.1458333333333333 0.5625 0 0.1666666666666667 0.5625000000000002 0 0.125 0.5833333333333335 0 0.125 0.6041666666666665 0 0.1875000000000001 0.5833333333333336 0 0.1874999999999999 0.6041666666666664 0 0.1458333333333333 0.6249999999999999 0 0.1666666666666665 0.6249999999999993 0 0.1458333333333334 0.5833333333333336 0 0.1666666666666667 0.5833333333333336 0 0.1458333333333334 0.604166666666667 0 0.1666666666666666 0.6041666666666663 0 0.1875000000000004 0.5625000000000012 0 0.2499999999999999 0.5624999999999999 0 0.1874999999999999 0.6249999999999997 0 0.2500000000000002 0.6250000000000006 0 0.2083333333333334 0.5625 0 0.2291666666666667 0.5625000000000002 0 0.1875000000000001 0.5833333333333335 0 0.1874999999999999 0.6041666666666665 0 0.2500000000000001 0.5833333333333336 0 0.2499999999999999 0.6041666666666664 0 0.2083333333333333 0.6249999999999999 0 0.2291666666666664 0.6249999999999993 0 0.2083333333333335 0.5833333333333336 0 0.2291666666666667 0.5833333333333336 0 0.2083333333333335 0.604166666666667 0 0.2291666666666665 0.6041666666666663 0 0.7500000000000014 0.5625000000000012 0 0.8124999999999998 0.5624999999999999 0 0.7499999999999996 0.6249999999999997 0 0.8125000000000007 0.6250000000000006 0 0.7708333333333335 0.5625 0 0.7916666666666669 0.5625000000000002 0 0.75 0.5833333333333335 0 0.7499999999999999 0.6041666666666665 0 0.8125000000000002 0.5833333333333336 0 0.8124999999999996 0.6041666666666664 0 0.7708333333333333 0.6249999999999999 0 0.7916666666666659 0.6249999999999993 0 0.7708333333333339 0.5833333333333336 0 0.7916666666666669 0.5833333333333336 0 0.7708333333333339 0.604166666666667 0 0.7916666666666663 0.6041666666666663 0 0.8125000000000017 0.5625000000000012 0 0.8749999999999997 0.5624999999999999 0 0.8124999999999996 0.6249999999999997 0 0.8750000000000008 0.6250000000000006 0 0.8333333333333335 0.5625 0 0.8541666666666669 0.5625000000000002 0 0.8125000000000001 0.5833333333333335 0 0.8124999999999999 0.6041666666666665 0 0.8750000000000002 0.5833333333333336 0 0.8749999999999997 0.6041666666666664 0 0.8333333333333333 0.6249999999999999 0 0.8541666666666656 0.6249999999999993 0 0.8333333333333339 0.5833333333333336 0 0.854166666666667 0.5833333333333336 0 0.8333333333333339 0.604166666666667 0 0.8541666666666662 0.6041666666666663 0 0.8750000000000018 0.5625000000000012 0 0.9374999999999997 0.5624999999999999 0 0.8749999999999996 0.6249999999999997 0 0.9375000000000008 0.6250000000000006 0 0.8958333333333335 0.5625 0 0.9166666666666669 0.5625000000000002 0 0.8750000000000001 0.5833333333333335 0 0.8749999999999998 0.6041666666666665 0 0.9375000000000003 0.5833333333333336 0 0.9374999999999996 0.6041666666666664 0 0.8958333333333333 0.6249999999999999 0 0.9166666666666656 0.6249999999999993 0 0.8958333333333339 0.5833333333333336 0 0.916666666666667 0.5833333333333336 0 0.8958333333333339 0.604166666666667 0 0.9166666666666662 0.6041666666666663 0 0.9375000000000019 0.5625000000000012 0 0.9999999999999996 0.5624999999999999 0 0.9374999999999996 0.6249999999999997 0 1.000000000000001 0.6250000000000006 0 0.9583333333333337 0.5625 0 0.979166666666667 0.5625000000000002 0 0.9375000000000002 0.5833333333333335 0 0.9374999999999998 0.6041666666666665 0 1 0.5833333333333336 0 0.9999999999999996 0.6041666666666664 0 0.9583333333333331 0.6249999999999999 0 0.9791666666666656 0.6249999999999993 0 0.9583333333333339 0.5833333333333336 0 0.979166666666667 0.5833333333333336 0 0.958333333333334 0.604166666666667 0 0.9791666666666662 0.6041666666666663 0 1.301042606982605e-17 0.6250000000000016 0 0.06250000000000003 0.6249999999999996 0 2.746645503629945e-18 0.6874999999999996 0 0.06250000000000003 0.6875000000000007 0 0.02083333333333334 0.625 0 0.04166666666666666 0.6250000000000002 0 1.070063896779061e-17 0.6458333333333335 0 -1.200168157477321e-17 0.6666666666666666 0 0.0625 0.6458333333333336 0 0.06249999999999999 0.6666666666666663 0 0.02083333333333333 0.6874999999999999 0 0.04166666666666664 0.6874999999999993 0 0.02083333333333335 0.6458333333333338 0 0.04166666666666666 0.6458333333333336 0 0.02083333333333335 0.666666666666667 0 0.04166666666666666 0.6666666666666663 0 0.06250000000000014 0.6250000000000016 0 0.125 0.6249999999999996 0 0.06249999999999995 0.6874999999999996 0 0.1250000000000001 0.6875000000000007 0 0.08333333333333334 0.625 0 0.1041666666666667 0.6250000000000002 0 0.06250000000000003 0.6458333333333335 0 0.06249999999999997 0.6666666666666666 0 0.125 0.6458333333333336 0 0.125 0.6666666666666663 0 0.08333333333333331 0.6874999999999999 0 0.1041666666666666 0.6874999999999993 0 0.08333333333333338 0.6458333333333338 0 0.1041666666666667 0.6458333333333336 0 0.08333333333333338 0.666666666666667 0 0.1041666666666666 0.6666666666666663 0 0.1250000000000003 0.6250000000000016 0 0.1874999999999999 0.6249999999999996 0 0.1249999999999999 0.6874999999999996 0 0.1875000000000001 0.6875000000000007 0 0.1458333333333333 0.625 0 0.1666666666666667 0.6250000000000002 0 0.125 0.6458333333333335 0 0.125 0.6666666666666666 0 0.1875000000000001 0.6458333333333336 0 0.1874999999999999 0.6666666666666663 0 0.1458333333333333 0.6874999999999999 0 0.1666666666666665 0.6874999999999993 0 0.1458333333333334 0.6458333333333338 0 0.1666666666666667 0.6458333333333336 0 0.1458333333333334 0.666666666666667 0 0.1666666666666666 0.6666666666666663 0 0.1875000000000004 0.6250000000000016 0 0.2499999999999999 0.6249999999999996 0 0.1874999999999999 0.6874999999999996 0 0.2500000000000002 0.6875000000000007 0 0.2083333333333334 0.625 0 0.2291666666666667 0.6250000000000002 0 0.1875000000000001 0.6458333333333335 0 0.1874999999999999 0.6666666666666666 0 0.2500000000000001 0.6458333333333336 0 0.2499999999999999 0.6666666666666663 0 0.2083333333333333 0.6874999999999999 0 0.2291666666666664 0.6874999999999993 0 0.2083333333333335 0.6458333333333338 0 0.2291666666666667 0.6458333333333336 0 0.2083333333333335 0.666666666666667 0 0.2291666666666665 0.6666666666666663 0 0.2500000000000006 0.6250000000000016 0 0.3124999999999999 0.6249999999999996 0 0.2499999999999998 0.6874999999999996 0 0.3125000000000003 0.6875000000000007 0 0.2708333333333333 0.625 0 0.2916666666666668 0.6250000000000002 0 0.2500000000000001 0.6458333333333335 0 0.2499999999999999 0.6666666666666666 0 0.3125000000000001 0.6458333333333336 0 0.3124999999999998 0.6666666666666663 0 0.2708333333333333 0.6874999999999999 0 0.2916666666666664 0.6874999999999993 0 0.2708333333333334 0.6458333333333338 0 0.2916666666666667 0.6458333333333336 0 0.2708333333333335 0.666666666666667 0 0.2916666666666666 0.6666666666666663 0 0.6875000000000014 0.6250000000000016 0 0.7499999999999996 0.6249999999999996 0 0.6874999999999997 0.6874999999999996 0 0.7500000000000007 0.6875000000000007 0 0.7083333333333334 0.625 0 0.7291666666666669 0.6250000000000002 0 0.6875000000000001 0.6458333333333335 0 0.6874999999999999 0.6666666666666666 0 0.7500000000000002 0.6458333333333336 0 0.7499999999999996 0.6666666666666663 0 0.7083333333333333 0.6874999999999999 0 0.729166666666666 0.6874999999999993 0 0.7083333333333338 0.6458333333333338 0 0.7291666666666669 0.6458333333333336 0 0.7083333333333338 0.666666666666667 0 0.7291666666666663 0.6666666666666663 0 0.7500000000000014 0.6250000000000016 0 0.8124999999999998 0.6249999999999996 0 0.7499999999999996 0.6874999999999996 0 0.8125000000000007 0.6875000000000007 0 0.7708333333333335 0.625 0 0.7916666666666669 0.6250000000000002 0 0.75 0.6458333333333335 0 0.7499999999999999 0.6666666666666666 0 0.8125000000000002 0.6458333333333336 0 0.8124999999999996 0.6666666666666663 0 0.7708333333333333 0.6874999999999999 0 0.7916666666666659 0.6874999999999993 0 0.7708333333333339 0.6458333333333338 0 0.7916666666666669 0.6458333333333336 0 0.7708333333333339 0.666666666666667 0 0.7916666666666663 0.6666666666666663 0 0.8125000000000017 0.6250000000000016 0 0.8749999999999997 0.6249999999999996 0 0.8124999999999996 0.6874999999999996 0 0.8750000000000008 0.6875000000000007 0 0.8333333333333335 0.625 0 0.8541666666666669 0.6250000000000002 0 0.8125000000000001 0.6458333333333335 0 0.8124999999999999 0.6666666666666666 0 0.8750000000000002 0.6458333333333336 0 0.8749999999999997 0.6666666666666663 0 0.8333333333333333 0.6874999999999999 0 0.8541666666666656 0.6874999999999993 0 0.8333333333333339 0.6458333333333338 0 0.854166666666667 0.6458333333333336 0 0.8333333333333339 0.666666666666667 0 0.8541666666666662 0.6666666666666663 0 0.8750000000000018 0.6250000000000016 0 0.9374999999999997 0.6249999999999996 0 0.8749999999999996 0.6874999999999996 0 0.9375000000000008 0.6875000000000007 0 0.8958333333333335 0.625 0 0.9166666666666669 0.6250000000000002 0 0.8750000000000001 0.6458333333333335 0 0.8749999999999998 0.6666666666666666 0 0.9375000000000003 0.6458333333333336 0 0.9374999999999996 0.6666666666666663 0 0.8958333333333333 0.6874999999999999 0 0.9166666666666656 0.6874999999999993 0 0.8958333333333339 0.6458333333333338 0 0.916666666666667 0.6458333333333336 0 0.8958333333333339 0.666666666666667 0 0.9166666666666662 0.6666666666666663 0 0.9375000000000019 0.6250000000000016 0 0.9999999999999996 0.6249999999999996 0 0.9374999999999996 0.6874999999999996 0 1.000000000000001 0.6875000000000007 0 0.9583333333333337 0.625 0 0.979166666666667 0.6250000000000002 0 0.9375000000000002 0.6458333333333335 0 0.9374999999999998 0.6666666666666666 0 1 0.6458333333333336 0 0.9999999999999996 0.6666666666666663 0 0.9583333333333331 0.6874999999999999 0 0.9791666666666656 0.6874999999999993 0 0.9583333333333339 0.6458333333333338 0 0.979166666666667 0.6458333333333336 0 0.958333333333334 0.666666666666667 0 0.9791666666666662 0.6666666666666663 0 1.301042606982605e-17 0.6875000000000014 0 0.06250000000000003 0.6874999999999996 0 2.746645503629945e-18 0.7499999999999997 0 0.06250000000000003 0.7500000000000007 0 0.02083333333333334 0.6875000000000001 0 0.04166666666666666 0.6875000000000002 0 1.070063896779061e-17 0.7083333333333335 0 -1.200168157477321e-17 0.7291666666666665 0 0.0625 0.7083333333333336 0 0.06249999999999999 0.7291666666666662 0 0.02083333333333333 0.7499999999999999 0 0.04166666666666664 0.7499999999999992 0 0.02083333333333335 0.7083333333333338 0 0.04166666666666666 0.7083333333333336 0 0.02083333333333335 0.7291666666666671 0 0.04166666666666666 0.7291666666666663 0 0.06250000000000014 0.6875000000000014 0 0.125 0.6874999999999996 0 0.06249999999999995 0.7499999999999997 0 0.1250000000000001 0.7500000000000007 0 0.08333333333333334 0.6875000000000001 0 0.1041666666666667 0.6875000000000002 0 0.06250000000000003 0.7083333333333335 0 0.06249999999999997 0.7291666666666665 0 0.125 0.7083333333333336 0 0.125 0.7291666666666662 0 0.08333333333333331 0.7499999999999999 0 0.1041666666666666 0.7499999999999992 0 0.08333333333333338 0.7083333333333338 0 0.1041666666666667 0.7083333333333336 0 0.08333333333333338 0.7291666666666671 0 0.1041666666666666 0.7291666666666663 0 0.1250000000000003 0.6875000000000014 0 0.1874999999999999 0.6874999999999996 0 0.1249999999999999 0.7499999999999997 0 0.1875000000000001 0.7500000000000007 0 0.1458333333333333 0.6875000000000001 0 0.1666666666666667 0.6875000000000002 0 0.125 0.7083333333333335 0 0.125 0.7291666666666665 0 0.1875000000000001 0.7083333333333336 0 0.1874999999999999 0.7291666666666662 0 0.1458333333333333 0.7499999999999999 0 0.1666666666666665 0.7499999999999992 0 0.1458333333333334 0.7083333333333338 0 0.1666666666666667 0.7083333333333336 0 0.1458333333333334 0.7291666666666671 0 0.1666666666666666 0.7291666666666663 0 0.1875000000000004 0.6875000000000014 0 0.2499999999999999 0.6874999999999996 0 0.1874999999999999 0.7499999999999997 0 0.2500000000000002 0.7500000000000007 0 0.2083333333333334 0.6875000000000001 0 0.2291666666666667 0.6875000000000002 0 0.1875000000000001 0.7083333333333335 0 0.1874999999999999 0.7291666666666665 0 0.2500000000000001 0.7083333333333336 0 0.2499999999999999 0.7291666666666662 0 0.2083333333333333 0.7499999999999999 0 0.2291666666666664 0.7499999999999992 0 0.2083333333333335 0.7083333333333338 0 0.2291666666666667 0.7083333333333336 0 0.2083333333333335 0.7291666666666671 0 0.2291666666666665 0.7291666666666663 0 0.2500000000000006 0.6875000000000014 0 0.3124999999999999 0.6874999999999996 0 0.2499999999999998 0.7499999999999997 0 0.3125000000000003 0.7500000000000007 0 0.2708333333333333 0.6875000000000001 0 0.2916666666666668 0.6875000000000002 0 0.2500000000000001 0.7083333333333335 0 0.2499999999999999 0.7291666666666665 0 0.3125000000000001 0.7083333333333336 0 0.3124999999999998 0.7291666666666662 0 0.2708333333333333 0.7499999999999999 0 0.2916666666666664 0.7499999999999992 0 0.2708333333333334 0.7083333333333338 0 0.2916666666666667 0.7083333333333336 0 0.2708333333333335 0.7291666666666671 0 0.2916666666666666 0.7291666666666663 0 0.3125000000000007 0.6875000000000014 0 0.3749999999999998 0.6874999999999996 0 0.3124999999999999 0.7499999999999997 0 0.3750000000000003 0.7500000000000007 0 0.3333333333333333 0.6875000000000001 0 0.3541666666666667 0.6875000000000002 0 0.3125000000000001 0.7083333333333335 0 0.3124999999999999 0.7291666666666665 0 0.3750000000000001 0.7083333333333336 0 0.3749999999999998 0.7291666666666662 0 0.3333333333333333 0.7499999999999999 0 0.3541666666666664 0.7499999999999992 0 0.3333333333333335 0.7083333333333338 0 0.3541666666666668 0.7083333333333336 0 0.3333333333333335 0.7291666666666671 0 0.3541666666666665 0.7291666666666663 0 0.6250000000000013 0.6875000000000014 0 0.6874999999999996 0.6874999999999996 0 0.6249999999999997 0.7499999999999997 0 0.6875000000000006 0.7500000000000007 0 0.6458333333333334 0.6875000000000001 0 0.6666666666666669 0.6875000000000002 0 0.6250000000000001 0.7083333333333335 0 0.6249999999999999 0.7291666666666665 0 0.6875000000000002 0.7083333333333336 0 0.6874999999999997 0.7291666666666662 0 0.6458333333333333 0.7499999999999999 0 0.666666666666666 0.7499999999999992 0 0.6458333333333337 0.7083333333333338 0 0.6666666666666669 0.7083333333333336 0 0.6458333333333337 0.7291666666666671 0 0.6666666666666663 0.7291666666666663 0 0.6875000000000014 0.6875000000000014 0 0.7499999999999996 0.6874999999999996 0 0.6874999999999997 0.7499999999999997 0 0.7500000000000007 0.7500000000000007 0 0.7083333333333334 0.6875000000000001 0 0.7291666666666669 0.6875000000000002 0 0.6875000000000001 0.7083333333333335 0 0.6874999999999999 0.7291666666666665 0 0.7500000000000002 0.7083333333333336 0 0.7499999999999996 0.7291666666666662 0 0.7083333333333333 0.7499999999999999 0 0.729166666666666 0.7499999999999992 0 0.7083333333333338 0.7083333333333338 0 0.7291666666666669 0.7083333333333336 0 0.7083333333333338 0.7291666666666671 0 0.7291666666666663 0.7291666666666663 0 0.7500000000000014 0.6875000000000014 0 0.8124999999999998 0.6874999999999996 0 0.7499999999999996 0.7499999999999997 0 0.8125000000000007 0.7500000000000007 0 0.7708333333333335 0.6875000000000001 0 0.7916666666666669 0.6875000000000002 0 0.75 0.7083333333333335 0 0.7499999999999999 0.7291666666666665 0 0.8125000000000002 0.7083333333333336 0 0.8124999999999996 0.7291666666666662 0 0.7708333333333333 0.7499999999999999 0 0.7916666666666659 0.7499999999999992 0 0.7708333333333339 0.7083333333333338 0 0.7916666666666669 0.7083333333333336 0 0.7708333333333339 0.7291666666666671 0 0.7916666666666663 0.7291666666666663 0 0.8125000000000017 0.6875000000000014 0 0.8749999999999997 0.6874999999999996 0 0.8124999999999996 0.7499999999999997 0 0.8750000000000008 0.7500000000000007 0 0.8333333333333335 0.6875000000000001 0 0.8541666666666669 0.6875000000000002 0 0.8125000000000001 0.7083333333333335 0 0.8124999999999999 0.7291666666666665 0 0.8750000000000002 0.7083333333333336 0 0.8749999999999997 0.7291666666666662 0 0.8333333333333333 0.7499999999999999 0 0.8541666666666656 0.7499999999999992 0 0.8333333333333339 0.7083333333333338 0 0.854166666666667 0.7083333333333336 0 0.8333333333333339 0.7291666666666671 0 0.8541666666666662 0.7291666666666663 0 0.8750000000000018 0.6875000000000014 0 0.9374999999999997 0.6874999999999996 0 0.8749999999999996 0.7499999999999997 0 0.9375000000000008 0.7500000000000007 0 0.8958333333333335 0.6875000000000001 0 0.9166666666666669 0.6875000000000002 0 0.8750000000000001 0.7083333333333335 0 0.8749999999999998 0.7291666666666665 0 0.9375000000000003 0.7083333333333336 0 0.9374999999999996 0.7291666666666662 0 0.8958333333333333 0.7499999999999999 0 0.9166666666666656 0.7499999999999992 0 0.8958333333333339 0.7083333333333338 0 0.916666666666667 0.7083333333333336 0 0.8958333333333339 0.7291666666666671 0 0.9166666666666662 0.7291666666666663 0 0.9375000000000019 0.6875000000000014 0 0.9999999999999996 0.6874999999999996 0 0.9374999999999996 0.7499999999999997 0 1.000000000000001 0.7500000000000007 0 0.9583333333333337 0.6875000000000001 0 0.979166666666667 0.6875000000000002 0 0.9375000000000002 0.7083333333333335 0 0.9374999999999998 0.7291666666666665 0 1 0.7083333333333336 0 0.9999999999999996 0.7291666666666662 0 0.9583333333333331 0.7499999999999999 0 0.9791666666666656 0.7499999999999992 0 0.9583333333333339 0.7083333333333338 0 0.979166666666667 0.7083333333333336 0 0.958333333333334 0.7291666666666671 0 0.9791666666666662 0.7291666666666663 0 1.301042606982605e-17 0.7500000000000014 0 0.06250000000000003 0.7499999999999998 0 2.746645503629945e-18 0.8124999999999996 0 0.06250000000000003 0.8125000000000009 0 0.02083333333333334 0.7500000000000001 0 0.04166666666666666 0.7500000000000002 0 1.070063896779061e-17 0.7708333333333334 0 -1.200168157477321e-17 0.7916666666666665 0 0.0625 0.7708333333333336 0 0.06249999999999999 0.7916666666666662 0 0.02083333333333333 0.8124999999999999 0 0.04166666666666664 0.8124999999999992 0 0.02083333333333335 0.7708333333333339 0 0.04166666666666666 0.7708333333333336 0 0.02083333333333335 0.7916666666666672 0 0.04166666666666666 0.7916666666666662 0 0.06250000000000014 0.7500000000000014 0 0.125 0.7499999999999998 0 0.06249999999999995 0.8124999999999996 0 0.1250000000000001 0.8125000000000009 0 0.08333333333333334 0.7500000000000001 0 0.1041666666666667 0.7500000000000002 0 0.06250000000000003 0.7708333333333334 0 0.06249999999999997 0.7916666666666665 0 0.125 0.7708333333333336 0 0.125 0.7916666666666662 0 0.08333333333333331 0.8124999999999999 0 0.1041666666666666 0.8124999999999992 0 0.08333333333333338 0.7708333333333339 0 0.1041666666666667 0.7708333333333336 0 0.08333333333333338 0.7916666666666672 0 0.1041666666666666 0.7916666666666662 0 0.1250000000000003 0.7500000000000014 0 0.1874999999999999 0.7499999999999998 0 0.1249999999999999 0.8124999999999996 0 0.1875000000000001 0.8125000000000009 0 0.1458333333333333 0.7500000000000001 0 0.1666666666666667 0.7500000000000002 0 0.125 0.7708333333333334 0 0.125 0.7916666666666665 0 0.1875000000000001 0.7708333333333336 0 0.1874999999999999 0.7916666666666662 0 0.1458333333333333 0.8124999999999999 0 0.1666666666666665 0.8124999999999992 0 0.1458333333333334 0.7708333333333339 0 0.1666666666666667 0.7708333333333336 0 0.1458333333333334 0.7916666666666672 0 0.1666666666666666 0.7916666666666662 0 0.1875000000000004 0.7500000000000014 0 0.2499999999999999 0.7499999999999998 0 0.1874999999999999 0.8124999999999996 0 0.2500000000000002 0.8125000000000009 0 0.2083333333333334 0.7500000000000001 0 0.2291666666666667 0.7500000000000002 0 0.1875000000000001 0.7708333333333334 0 0.1874999999999999 0.7916666666666665 0 0.2500000000000001 0.7708333333333336 0 0.2499999999999999 0.7916666666666662 0 0.2083333333333333 0.8124999999999999 0 0.2291666666666664 0.8124999999999992 0 0.2083333333333335 0.7708333333333339 0 0.2291666666666667 0.7708333333333336 0 0.2083333333333335 0.7916666666666672 0 0.2291666666666665 0.7916666666666662 0 0.2500000000000006 0.7500000000000014 0 0.3124999999999999 0.7499999999999998 0 0.2499999999999998 0.8124999999999996 0 0.3125000000000003 0.8125000000000009 0 0.2708333333333333 0.7500000000000001 0 0.2916666666666668 0.7500000000000002 0 0.2500000000000001 0.7708333333333334 0 0.2499999999999999 0.7916666666666665 0 0.3125000000000001 0.7708333333333336 0 0.3124999999999998 0.7916666666666662 0 0.2708333333333333 0.8124999999999999 0 0.2916666666666664 0.8124999999999992 0 0.2708333333333334 0.7708333333333339 0 0.2916666666666667 0.7708333333333336 0 0.2708333333333335 0.7916666666666672 0 0.2916666666666666 0.7916666666666662 0 0.3125000000000007 0.7500000000000014 0 0.3749999999999998 0.7499999999999998 0 0.3124999999999999 0.8124999999999996 0 0.3750000000000003 0.8125000000000009 0 0.3333333333333333 0.7500000000000001 0 0.3541666666666667 0.7500000000000002 0 0.3125000000000001 0.7708333333333334 0 0.3124999999999999 0.7916666666666665 0 0.3750000000000001 0.7708333333333336 0 0.3749999999999998 0.7916666666666662 0 0.3333333333333333 0.8124999999999999 0 0.3541666666666664 0.8124999999999992 0 0.3333333333333335 0.7708333333333339 0 0.3541666666666668 0.7708333333333336 0 0.3333333333333335 0.7916666666666672 0 0.3541666666666665 0.7916666666666662 0 0.3750000000000008 0.7500000000000014 0 0.4374999999999999 0.7499999999999998 0 0.3749999999999998 0.8124999999999996 0 0.4375000000000003 0.8125000000000009 0 0.3958333333333334 0.7500000000000001 0 0.4166666666666668 0.7500000000000002 0 0.3750000000000001 0.7708333333333334 0 0.3749999999999999 0.7916666666666665 0 0.4375000000000001 0.7708333333333336 0 0.4374999999999998 0.7916666666666662 0 0.3958333333333333 0.8124999999999999 0 0.4166666666666662 0.8124999999999992 0 0.3958333333333336 0.7708333333333339 0 0.4166666666666668 0.7708333333333336 0 0.3958333333333336 0.7916666666666672 0 0.4166666666666665 0.7916666666666662 0 0.4375000000000009 0.7500000000000014 0 0.4999999999999998 0.7499999999999998 0 0.4374999999999998 0.8124999999999996 0 0.5000000000000004 0.8125000000000009 0 0.4583333333333334 0.7500000000000001 0 0.4791666666666669 0.7500000000000002 0 0.4375000000000001 0.7708333333333334 0 0.4374999999999999 0.7916666666666665 0 0.5000000000000002 0.7708333333333336 0 0.4999999999999998 0.7916666666666662 0 0.4583333333333333 0.8124999999999999 0 0.4791666666666662 0.8124999999999992 0 0.4583333333333336 0.7708333333333339 0 0.4791666666666669 0.7708333333333336 0 0.4583333333333336 0.7916666666666672 0 0.4791666666666665 0.7916666666666662 0 0.5000000000000011 0.7500000000000014 0 0.5624999999999999 0.7499999999999998 0 0.4999999999999997 0.8124999999999996 0 0.5625000000000006 0.8125000000000009 0 0.5208333333333334 0.7500000000000001 0 0.5416666666666669 0.7500000000000002 0 0.5000000000000001 0.7708333333333334 0 0.4999999999999999 0.7916666666666665 0 0.5625000000000001 0.7708333333333336 0 0.5624999999999997 0.7916666666666662 0 0.5208333333333333 0.8124999999999999 0 0.5416666666666661 0.8124999999999992 0 0.5208333333333335 0.7708333333333339 0 0.5416666666666667 0.7708333333333336 0 0.5208333333333337 0.7916666666666672 0 0.5416666666666664 0.7916666666666662 0 0.5625000000000012 0.7500000000000014 0 0.6249999999999999 0.7499999999999998 0 0.5624999999999997 0.8124999999999996 0 0.6250000000000006 0.8125000000000009 0 0.5833333333333334 0.7500000000000001 0 0.6041666666666667 0.7500000000000002 0 0.5625000000000001 0.7708333333333334 0 0.5624999999999999 0.7916666666666665 0 0.6250000000000002 0.7708333333333336 0 0.6249999999999997 0.7916666666666662 0 0.5833333333333333 0.8124999999999999 0 0.604166666666666 0.8124999999999992 0 0.5833333333333336 0.7708333333333339 0 0.6041666666666669 0.7708333333333336 0 0.5833333333333337 0.7916666666666672 0 0.6041666666666663 0.7916666666666662 0 0.6250000000000013 0.7500000000000014 0 0.6874999999999996 0.7499999999999998 0 0.6249999999999997 0.8124999999999996 0 0.6875000000000006 0.8125000000000009 0 0.6458333333333334 0.7500000000000001 0 0.6666666666666669 0.7500000000000002 0 0.6250000000000001 0.7708333333333334 0 0.6249999999999999 0.7916666666666665 0 0.6875000000000002 0.7708333333333336 0 0.6874999999999997 0.7916666666666662 0 0.6458333333333333 0.8124999999999999 0 0.666666666666666 0.8124999999999992 0 0.6458333333333337 0.7708333333333339 0 0.6666666666666669 0.7708333333333336 0 0.6458333333333337 0.7916666666666672 0 0.6666666666666663 0.7916666666666662 0 0.6875000000000014 0.7500000000000014 0 0.7499999999999996 0.7499999999999998 0 0.6874999999999997 0.8124999999999996 0 0.7500000000000007 0.8125000000000009 0 0.7083333333333334 0.7500000000000001 0 0.7291666666666669 0.7500000000000002 0 0.6875000000000001 0.7708333333333334 0 0.6874999999999999 0.7916666666666665 0 0.7500000000000002 0.7708333333333336 0 0.7499999999999996 0.7916666666666662 0 0.7083333333333333 0.8124999999999999 0 0.729166666666666 0.8124999999999992 0 0.7083333333333338 0.7708333333333339 0 0.7291666666666669 0.7708333333333336 0 0.7083333333333338 0.7916666666666672 0 0.7291666666666663 0.7916666666666662 0 0.7500000000000014 0.7500000000000014 0 0.8124999999999998 0.7499999999999998 0 0.7499999999999996 0.8124999999999996 0 0.8125000000000007 0.8125000000000009 0 0.7708333333333335 0.7500000000000001 0 0.7916666666666669 0.7500000000000002 0 0.75 0.7708333333333334 0 0.7499999999999999 0.7916666666666665 0 0.8125000000000002 0.7708333333333336 0 0.8124999999999996 0.7916666666666662 0 0.7708333333333333 0.8124999999999999 0 0.7916666666666659 0.8124999999999992 0 0.7708333333333339 0.7708333333333339 0 0.7916666666666669 0.7708333333333336 0 0.7708333333333339 0.7916666666666672 0 0.7916666666666663 0.7916666666666662 0 0.8125000000000017 0.7500000000000014 0 0.8749999999999997 0.7499999999999998 0 0.8124999999999996 0.8124999999999996 0 0.8750000000000008 0.8125000000000009 0 0.8333333333333335 0.7500000000000001 0 0.8541666666666669 0.7500000000000002 0 0.8125000000000001 0.7708333333333334 0 0.8124999999999999 0.7916666666666665 0 0.8750000000000002 0.7708333333333336 0 0.8749999999999997 0.7916666666666662 0 0.8333333333333333 0.8124999999999999 0 0.8541666666666656 0.8124999999999992 0 0.8333333333333339 0.7708333333333339 0 0.854166666666667 0.7708333333333336 0 0.8333333333333339 0.7916666666666672 0 0.8541666666666662 0.7916666666666662 0 0.8750000000000018 0.7500000000000014 0 0.9374999999999997 0.7499999999999998 0 0.8749999999999996 0.8124999999999996 0 0.9375000000000008 0.8125000000000009 0 0.8958333333333335 0.7500000000000001 0 0.9166666666666669 0.7500000000000002 0 0.8750000000000001 0.7708333333333334 0 0.8749999999999998 0.7916666666666665 0 0.9375000000000003 0.7708333333333336 0 0.9374999999999996 0.7916666666666662 0 0.8958333333333333 0.8124999999999999 0 0.9166666666666656 0.8124999999999992 0 0.8958333333333339 0.7708333333333339 0 0.916666666666667 0.7708333333333336 0 0.8958333333333339 0.7916666666666672 0 0.9166666666666662 0.7916666666666662 0 0.9375000000000019 0.7500000000000014 0 0.9999999999999996 0.7499999999999998 0 0.9374999999999996 0.8124999999999996 0 1.000000000000001 0.8125000000000009 0 0.9583333333333337 0.7500000000000001 0 0.979166666666667 0.7500000000000002 0 0.9375000000000002 0.7708333333333334 0 0.9374999999999998 0.7916666666666665 0 1 0.7708333333333336 0 0.9999999999999996 0.7916666666666662 0 0.9583333333333331 0.8124999999999999 0 0.9791666666666656 0.8124999999999992 0 0.9583333333333339 0.7708333333333339 0 0.979166666666667 0.7708333333333336 0 0.958333333333334 0.7916666666666672 0 0.9791666666666662 0.7916666666666662 0 1.301042606982605e-17 0.8125000000000017 0 0.06250000000000003 0.8124999999999997 0 2.746645503629945e-18 0.8749999999999996 0 0.06250000000000003 0.8750000000000008 0 0.02083333333333334 0.8125000000000001 0 0.04166666666666666 0.8125000000000002 0 1.070063896779061e-17 0.8333333333333334 0 -1.200168157477321e-17 0.8541666666666665 0 0.0625 0.8333333333333336 0 0.06249999999999999 0.8541666666666663 0 0.02083333333333333 0.8749999999999999 0 0.04166666666666664 0.874999999999999 0 0.02083333333333335 0.8333333333333339 0 0.04166666666666666 0.8333333333333337 0 0.02083333333333335 0.8541666666666672 0 0.04166666666666666 0.8541666666666662 0 0.06250000000000014 0.8125000000000017 0 0.125 0.8124999999999997 0 0.06249999999999995 0.8749999999999996 0 0.1250000000000001 0.8750000000000008 0 0.08333333333333334 0.8125000000000001 0 0.1041666666666667 0.8125000000000002 0 0.06250000000000003 0.8333333333333334 0 0.06249999999999997 0.8541666666666665 0 0.125 0.8333333333333336 0 0.125 0.8541666666666663 0 0.08333333333333331 0.8749999999999999 0 0.1041666666666666 0.874999999999999 0 0.08333333333333338 0.8333333333333339 0 0.1041666666666667 0.8333333333333337 0 0.08333333333333338 0.8541666666666672 0 0.1041666666666666 0.8541666666666662 0 0.1250000000000003 0.8125000000000017 0 0.1874999999999999 0.8124999999999997 0 0.1249999999999999 0.8749999999999996 0 0.1875000000000001 0.8750000000000008 0 0.1458333333333333 0.8125000000000001 0 0.1666666666666667 0.8125000000000002 0 0.125 0.8333333333333334 0 0.125 0.8541666666666665 0 0.1875000000000001 0.8333333333333336 0 0.1874999999999999 0.8541666666666663 0 0.1458333333333333 0.8749999999999999 0 0.1666666666666665 0.874999999999999 0 0.1458333333333334 0.8333333333333339 0 0.1666666666666667 0.8333333333333337 0 0.1458333333333334 0.8541666666666672 0 0.1666666666666666 0.8541666666666662 0 0.1875000000000004 0.8125000000000017 0 0.2499999999999999 0.8124999999999997 0 0.1874999999999999 0.8749999999999996 0 0.2500000000000002 0.8750000000000008 0 0.2083333333333334 0.8125000000000001 0 0.2291666666666667 0.8125000000000002 0 0.1875000000000001 0.8333333333333334 0 0.1874999999999999 0.8541666666666665 0 0.2500000000000001 0.8333333333333336 0 0.2499999999999999 0.8541666666666663 0 0.2083333333333333 0.8749999999999999 0 0.2291666666666664 0.874999999999999 0 0.2083333333333335 0.8333333333333339 0 0.2291666666666667 0.8333333333333337 0 0.2083333333333335 0.8541666666666672 0 0.2291666666666665 0.8541666666666662 0 0.2500000000000006 0.8125000000000017 0 0.3124999999999999 0.8124999999999997 0 0.2499999999999998 0.8749999999999996 0 0.3125000000000003 0.8750000000000008 0 0.2708333333333333 0.8125000000000001 0 0.2916666666666668 0.8125000000000002 0 0.2500000000000001 0.8333333333333334 0 0.2499999999999999 0.8541666666666665 0 0.3125000000000001 0.8333333333333336 0 0.3124999999999998 0.8541666666666663 0 0.2708333333333333 0.8749999999999999 0 0.2916666666666664 0.874999999999999 0 0.2708333333333334 0.8333333333333339 0 0.2916666666666667 0.8333333333333337 0 0.2708333333333335 0.8541666666666672 0 0.2916666666666666 0.8541666666666662 0 0.3125000000000007 0.8125000000000017 0 0.3749999999999998 0.8124999999999997 0 0.3124999999999999 0.8749999999999996 0 0.3750000000000003 0.8750000000000008 0 0.3333333333333333 0.8125000000000001 0 0.3541666666666667 0.8125000000000002 0 0.3125000000000001 0.8333333333333334 0 0.3124999999999999 0.8541666666666665 0 0.3750000000000001 0.8333333333333336 0 0.3749999999999998 0.8541666666666663 0 0.3333333333333333 0.8749999999999999 0 0.3541666666666664 0.874999999999999 0 0.3333333333333335 0.8333333333333339 0 0.3541666666666668 0.8333333333333337 0 0.3333333333333335 0.8541666666666672 0 0.3541666666666665 0.8541666666666662 0 0.3750000000000008 0.8125000000000017 0 0.4374999999999999 0.8124999999999997 0 0.3749999999999998 0.8749999999999996 0 0.4375000000000003 0.8750000000000008 0 0.3958333333333334 0.8125000000000001 0 0.4166666666666668 0.8125000000000002 0 0.3750000000000001 0.8333333333333334 0 0.3749999999999999 0.8541666666666665 0 0.4375000000000001 0.8333333333333336 0 0.4374999999999998 0.8541666666666663 0 0.3958333333333333 0.8749999999999999 0 0.4166666666666662 0.874999999999999 0 0.3958333333333336 0.8333333333333339 0 0.4166666666666668 0.8333333333333337 0 0.3958333333333336 0.8541666666666672 0 0.4166666666666665 0.8541666666666662 0 0.4375000000000009 0.8125000000000017 0 0.4999999999999998 0.8124999999999997 0 0.4374999999999998 0.8749999999999996 0 0.5000000000000004 0.8750000000000008 0 0.4583333333333334 0.8125000000000001 0 0.4791666666666669 0.8125000000000002 0 0.4375000000000001 0.8333333333333334 0 0.4374999999999999 0.8541666666666665 0 0.5000000000000002 0.8333333333333336 0 0.4999999999999998 0.8541666666666663 0 0.4583333333333333 0.8749999999999999 0 0.4791666666666662 0.874999999999999 0 0.4583333333333336 0.8333333333333339 0 0.4791666666666669 0.8333333333333337 0 0.4583333333333336 0.8541666666666672 0 0.4791666666666665 0.8541666666666662 0 0.5000000000000011 0.8125000000000017 0 0.5624999999999999 0.8124999999999997 0 0.4999999999999997 0.8749999999999996 0 0.5625000000000006 0.8750000000000008 0 0.5208333333333334 0.8125000000000001 0 0.5416666666666669 0.8125000000000002 0 0.5000000000000001 0.8333333333333334 0 0.4999999999999999 0.8541666666666665 0 0.5625000000000001 0.8333333333333336 0 0.5624999999999997 0.8541666666666663 0 0.5208333333333333 0.8749999999999999 0 0.5416666666666661 0.874999999999999 0 0.5208333333333335 0.8333333333333339 0 0.5416666666666667 0.8333333333333337 0 0.5208333333333337 0.8541666666666672 0 0.5416666666666664 0.8541666666666662 0 0.5625000000000012 0.8125000000000017 0 0.6249999999999999 0.8124999999999997 0 0.5624999999999997 0.8749999999999996 0 0.6250000000000006 0.8750000000000008 0 0.5833333333333334 0.8125000000000001 0 0.6041666666666667 0.8125000000000002 0 0.5625000000000001 0.8333333333333334 0 0.5624999999999999 0.8541666666666665 0 0.6250000000000002 0.8333333333333336 0 0.6249999999999997 0.8541666666666663 0 0.5833333333333333 0.8749999999999999 0 0.604166666666666 0.874999999999999 0 0.5833333333333336 0.8333333333333339 0 0.6041666666666669 0.8333333333333337 0 0.5833333333333337 0.8541666666666672 0 0.6041666666666663 0.8541666666666662 0 0.6250000000000013 0.8125000000000017 0 0.6874999999999996 0.8124999999999997 0 0.6249999999999997 0.8749999999999996 0 0.6875000000000006 0.8750000000000008 0 0.6458333333333334 0.8125000000000001 0 0.6666666666666669 0.8125000000000002 0 0.6250000000000001 0.8333333333333334 0 0.6249999999999999 0.8541666666666665 0 0.6875000000000002 0.8333333333333336 0 0.6874999999999997 0.8541666666666663 0 0.6458333333333333 0.8749999999999999 0 0.666666666666666 0.874999999999999 0 0.6458333333333337 0.8333333333333339 0 0.6666666666666669 0.8333333333333337 0 0.6458333333333337 0.8541666666666672 0 0.6666666666666663 0.8541666666666662 0 0.6875000000000014 0.8125000000000017 0 0.7499999999999996 0.8124999999999997 0 0.6874999999999997 0.8749999999999996 0 0.7500000000000007 0.8750000000000008 0 0.7083333333333334 0.8125000000000001 0 0.7291666666666669 0.8125000000000002 0 0.6875000000000001 0.8333333333333334 0 0.6874999999999999 0.8541666666666665 0 0.7500000000000002 0.8333333333333336 0 0.7499999999999996 0.8541666666666663 0 0.7083333333333333 0.8749999999999999 0 0.729166666666666 0.874999999999999 0 0.7083333333333338 0.8333333333333339 0 0.7291666666666669 0.8333333333333337 0 0.7083333333333338 0.8541666666666672 0 0.7291666666666663 0.8541666666666662 0 0.7500000000000014 0.8125000000000017 0 0.8124999999999998 0.8124999999999997 0 0.7499999999999996 0.8749999999999996 0 0.8125000000000007 0.8750000000000008 0 0.7708333333333335 0.8125000000000001 0 0.7916666666666669 0.8125000000000002 0 0.75 0.8333333333333334 0 0.7499999999999999 0.8541666666666665 0 0.8125000000000002 0.8333333333333336 0 0.8124999999999996 0.8541666666666663 0 0.7708333333333333 0.8749999999999999 0 0.7916666666666659 0.874999999999999 0 0.7708333333333339 0.8333333333333339 0 0.7916666666666669 0.8333333333333337 0 0.7708333333333339 0.8541666666666672 0 0.7916666666666663 0.8541666666666662 0 0.8125000000000017 0.8125000000000017 0 0.8749999999999997 0.8124999999999997 0 0.8124999999999996 0.8749999999999996 0 0.8750000000000008 0.8750000000000008 0 0.8333333333333335 0.8125000000000001 0 0.8541666666666669 0.8125000000000002 0 0.8125000000000001 0.8333333333333334 0 0.8124999999999999 0.8541666666666665 0 0.8750000000000002 0.8333333333333336 0 0.8749999999999997 0.8541666666666663 0 0.8333333333333333 0.8749999999999999 0 0.8541666666666656 0.874999999999999 0 0.8333333333333339 0.8333333333333339 0 0.854166666666667 0.8333333333333337 0 0.8333333333333339 0.8541666666666672 0 0.8541666666666662 0.8541666666666662 0 0.8750000000000018 0.8125000000000017 0 0.9374999999999997 0.8124999999999997 0 0.8749999999999996 0.8749999999999996 0 0.9375000000000008 0.8750000000000008 0 0.8958333333333335 0.8125000000000001 0 0.9166666666666669 0.8125000000000002 0 0.8750000000000001 0.8333333333333334 0 0.8749999999999998 0.8541666666666665 0 0.9375000000000003 0.8333333333333336 0 0.9374999999999996 0.8541666666666663 0 0.8958333333333333 0.8749999999999999 0 0.9166666666666656 0.874999999999999 0 0.8958333333333339 0.8333333333333339 0 0.916666666666667 0.8333333333333337 0 0.8958333333333339 0.8541666666666672 0 0.9166666666666662 0.8541666666666662 0 0.9375000000000019 0.8125000000000017 0 0.9999999999999996 0.8124999999999997 0 0.9374999999999996 0.8749999999999996 0 1.000000000000001 0.8750000000000008 0 0.9583333333333337 0.8125000000000001 0 0.979166666666667 0.8125000000000002 0 0.9375000000000002 0.8333333333333334 0 0.9374999999999998 0.8541666666666665 0 1 0.8333333333333336 0 0.9999999999999996 0.8541666666666663 0 0.9583333333333331 0.8749999999999999 0 0.9791666666666656 0.874999999999999 0 0.9583333333333339 0.8333333333333339 0 0.979166666666667 0.8333333333333337 0 0.958333333333334 0.8541666666666672 0 0.9791666666666662 0.8541666666666662 0 1.301042606982605e-17 0.8750000000000018 0 0.06250000000000003 0.8749999999999997 0 2.746645503629945e-18 0.9374999999999996 0 0.06250000000000003 0.9375000000000008 0 0.02083333333333334 0.8750000000000001 0 0.04166666666666666 0.8750000000000002 0 1.070063896779061e-17 0.8958333333333335 0 -1.200168157477321e-17 0.9166666666666664 0 0.0625 0.8958333333333337 0 0.06249999999999999 0.9166666666666662 0 0.02083333333333333 0.9374999999999999 0 0.04166666666666664 0.937499999999999 0 0.02083333333333335 0.8958333333333339 0 0.04166666666666666 0.8958333333333337 0 0.02083333333333335 0.9166666666666672 0 0.04166666666666666 0.9166666666666662 0 0.06250000000000014 0.8750000000000018 0 0.125 0.8749999999999997 0 0.06249999999999995 0.9374999999999996 0 0.1250000000000001 0.9375000000000008 0 0.08333333333333334 0.8750000000000001 0 0.1041666666666667 0.8750000000000002 0 0.06250000000000003 0.8958333333333335 0 0.06249999999999997 0.9166666666666664 0 0.125 0.8958333333333337 0 0.125 0.9166666666666662 0 0.08333333333333331 0.9374999999999999 0 0.1041666666666666 0.937499999999999 0 0.08333333333333338 0.8958333333333339 0 0.1041666666666667 0.8958333333333337 0 0.08333333333333338 0.9166666666666672 0 0.1041666666666666 0.9166666666666662 0 0.1250000000000003 0.8750000000000018 0 0.1874999999999999 0.8749999999999997 0 0.1249999999999999 0.9374999999999996 0 0.1875000000000001 0.9375000000000008 0 0.1458333333333333 0.8750000000000001 0 0.1666666666666667 0.8750000000000002 0 0.125 0.8958333333333335 0 0.125 0.9166666666666664 0 0.1875000000000001 0.8958333333333337 0 0.1874999999999999 0.9166666666666662 0 0.1458333333333333 0.9374999999999999 0 0.1666666666666665 0.937499999999999 0 0.1458333333333334 0.8958333333333339 0 0.1666666666666667 0.8958333333333337 0 0.1458333333333334 0.9166666666666672 0 0.1666666666666666 0.9166666666666662 0 0.1875000000000004 0.8750000000000018 0 0.2499999999999999 0.8749999999999997 0 0.1874999999999999 0.9374999999999996 0 0.2500000000000002 0.9375000000000008 0 0.2083333333333334 0.8750000000000001 0 0.2291666666666667 0.8750000000000002 0 0.1875000000000001 0.8958333333333335 0 0.1874999999999999 0.9166666666666664 0 0.2500000000000001 0.8958333333333337 0 0.2499999999999999 0.9166666666666662 0 0.2083333333333333 0.9374999999999999 0 0.2291666666666664 0.937499999999999 0 0.2083333333333335 0.8958333333333339 0 0.2291666666666667 0.8958333333333337 0 0.2083333333333335 0.9166666666666672 0 0.2291666666666665 0.9166666666666662 0 0.2500000000000006 0.8750000000000018 0 0.3124999999999999 0.8749999999999997 0 0.2499999999999998 0.9374999999999996 0 0.3125000000000003 0.9375000000000008 0 0.2708333333333333 0.8750000000000001 0 0.2916666666666668 0.8750000000000002 0 0.2500000000000001 0.8958333333333335 0 0.2499999999999999 0.9166666666666664 0 0.3125000000000001 0.8958333333333337 0 0.3124999999999998 0.9166666666666662 0 0.2708333333333333 0.9374999999999999 0 0.2916666666666664 0.937499999999999 0 0.2708333333333334 0.8958333333333339 0 0.2916666666666667 0.8958333333333337 0 0.2708333333333335 0.9166666666666672 0 0.2916666666666666 0.9166666666666662 0 0.3125000000000007 0.8750000000000018 0 0.3749999999999998 0.8749999999999997 0 0.3124999999999999 0.9374999999999996 0 0.3750000000000003 0.9375000000000008 0 0.3333333333333333 0.8750000000000001 0 0.3541666666666667 0.8750000000000002 0 0.3125000000000001 0.8958333333333335 0 0.3124999999999999 0.9166666666666664 0 0.3750000000000001 0.8958333333333337 0 0.3749999999999998 0.9166666666666662 0 0.3333333333333333 0.9374999999999999 0 0.3541666666666664 0.937499999999999 0 0.3333333333333335 0.8958333333333339 0 0.3541666666666668 0.8958333333333337 0 0.3333333333333335 0.9166666666666672 0 0.3541666666666665 0.9166666666666662 0 0.3750000000000008 0.8750000000000018 0 0.4374999999999999 0.8749999999999997 0 0.3749999999999998 0.9374999999999996 0 0.4375000000000003 0.9375000000000008 0 0.3958333333333334 0.8750000000000001 0 0.4166666666666668 0.8750000000000002 0 0.3750000000000001 0.8958333333333335 0 0.3749999999999999 0.9166666666666664 0 0.4375000000000001 0.8958333333333337 0 0.4374999999999998 0.9166666666666662 0 0.3958333333333333 0.9374999999999999 0 0.4166666666666662 0.937499999999999 0 0.3958333333333336 0.8958333333333339 0 0.4166666666666668 0.8958333333333337 0 0.3958333333333336 0.9166666666666672 0 0.4166666666666665 0.9166666666666662 0 0.4375000000000009 0.8750000000000018 0 0.4999999999999998 0.8749999999999997 0 0.4374999999999998 0.9374999999999996 0 0.5000000000000004 0.9375000000000008 0 0.4583333333333334 0.8750000000000001 0 0.4791666666666669 0.8750000000000002 0 0.4375000000000001 0.8958333333333335 0 0.4374999999999999 0.9166666666666664 0 0.5000000000000002 0.8958333333333337 0 0.4999999999999998 0.9166666666666662 0 0.4583333333333333 0.9374999999999999 0 0.4791666666666662 0.937499999999999 0 0.4583333333333336 0.8958333333333339 0 0.4791666666666669 0.8958333333333337 0 0.4583333333333336 0.9166666666666672 0 0.4791666666666665 0.9166666666666662 0 0.5000000000000011 0.8750000000000018 0 0.5624999999999999 0.8749999999999997 0 0.4999999999999997 0.9374999999999996 0 0.5625000000000006 0.9375000000000008 0 0.5208333333333334 0.8750000000000001 0 0.5416666666666669 0.8750000000000002 0 0.5000000000000001 0.8958333333333335 0 0.4999999999999999 0.9166666666666664 0 0.5625000000000001 0.8958333333333337 0 0.5624999999999997 0.9166666666666662 0 0.5208333333333333 0.9374999999999999 0 0.5416666666666661 0.937499999999999 0 0.5208333333333335 0.8958333333333339 0 0.5416666666666667 0.8958333333333337 0 0.5208333333333337 0.9166666666666672 0 0.5416666666666664 0.9166666666666662 0 0.5625000000000012 0.8750000000000018 0 0.6249999999999999 0.8749999999999997 0 0.5624999999999997 0.9374999999999996 0 0.6250000000000006 0.9375000000000008 0 0.5833333333333334 0.8750000000000001 0 0.6041666666666667 0.8750000000000002 0 0.5625000000000001 0.8958333333333335 0 0.5624999999999999 0.9166666666666664 0 0.6250000000000002 0.8958333333333337 0 0.6249999999999997 0.9166666666666662 0 0.5833333333333333 0.9374999999999999 0 0.604166666666666 0.937499999999999 0 0.5833333333333336 0.8958333333333339 0 0.6041666666666669 0.8958333333333337 0 0.5833333333333337 0.9166666666666672 0 0.6041666666666663 0.9166666666666662 0 0.6250000000000013 0.8750000000000018 0 0.6874999999999996 0.8749999999999997 0 0.6249999999999997 0.9374999999999996 0 0.6875000000000006 0.9375000000000008 0 0.6458333333333334 0.8750000000000001 0 0.6666666666666669 0.8750000000000002 0 0.6250000000000001 0.8958333333333335 0 0.6249999999999999 0.9166666666666664 0 0.6875000000000002 0.8958333333333337 0 0.6874999999999997 0.9166666666666662 0 0.6458333333333333 0.9374999999999999 0 0.666666666666666 0.937499999999999 0 0.6458333333333337 0.8958333333333339 0 0.6666666666666669 0.8958333333333337 0 0.6458333333333337 0.9166666666666672 0 0.6666666666666663 0.9166666666666662 0 0.6875000000000014 0.8750000000000018 0 0.7499999999999996 0.8749999999999997 0 0.6874999999999997 0.9374999999999996 0 0.7500000000000007 0.9375000000000008 0 0.7083333333333334 0.8750000000000001 0 0.7291666666666669 0.8750000000000002 0 0.6875000000000001 0.8958333333333335 0 0.6874999999999999 0.9166666666666664 0 0.7500000000000002 0.8958333333333337 0 0.7499999999999996 0.9166666666666662 0 0.7083333333333333 0.9374999999999999 0 0.729166666666666 0.937499999999999 0 0.7083333333333338 0.8958333333333339 0 0.7291666666666669 0.8958333333333337 0 0.7083333333333338 0.9166666666666672 0 0.7291666666666663 0.9166666666666662 0 0.7500000000000014 0.8750000000000018 0 0.8124999999999998 0.8749999999999997 0 0.7499999999999996 0.9374999999999996 0 0.8125000000000007 0.9375000000000008 0 0.7708333333333335 0.8750000000000001 0 0.7916666666666669 0.8750000000000002 0 0.75 0.8958333333333335 0 0.7499999999999999 0.9166666666666664 0 0.8125000000000002 0.8958333333333337 0 0.8124999999999996 0.9166666666666662 0 0.7708333333333333 0.9374999999999999 0 0.7916666666666659 0.937499999999999 0 0.7708333333333339 0.8958333333333339 0 0.7916666666666669 0.8958333333333337 0 0.7708333333333339 0.9166666666666672 0 0.7916666666666663 0.9166666666666662 0 0.8125000000000017 0.8750000000000018 0 0.8749999999999997 0.8749999999999997 0 0.8124999999999996 0.9374999999999996 0 0.8750000000000008 0.9375000000000008 0 0.8333333333333335 0.8750000000000001 0 0.8541666666666669 0.8750000000000002 0 0.8125000000000001 0.8958333333333335 0 0.8124999999999999 0.9166666666666664 0 0.8750000000000002 0.8958333333333337 0 0.8749999999999997 0.9166666666666662 0 0.8333333333333333 0.9374999999999999 0 0.8541666666666656 0.937499999999999 0 0.8333333333333339 0.8958333333333339 0 0.854166666666667 0.8958333333333337 0 0.8333333333333339 0.9166666666666672 0 0.8541666666666662 0.9166666666666662 0 0.8750000000000018 0.8750000000000018 0 0.9374999999999997 0.8749999999999997 0 0.8749999999999996 0.9374999999999996 0 0.9375000000000008 0.9375000000000008 0 0.8958333333333335 0.8750000000000001 0 0.9166666666666669 0.8750000000000002 0 0.8750000000000001 0.8958333333333335 0 0.8749999999999998 0.9166666666666664 0 0.9375000000000003 0.8958333333333337 0 0.9374999999999996 0.9166666666666662 0 0.8958333333333333 0.9374999999999999 0 0.9166666666666656 0.937499999999999 0 0.8958333333333339 0.8958333333333339 0 0.916666666666667 0.8958333333333337 0 0.8958333333333339 0.9166666666666672 0 0.9166666666666662 0.9166666666666662 0 0.9375000000000019 0.8750000000000018 0 0.9999999999999996 0.8749999999999997 0 0.9374999999999996 0.9374999999999996 0 1.000000000000001 0.9375000000000008 0 0.9583333333333337 0.8750000000000001 0 0.979166666666667 0.8750000000000002 0 0.9375000000000002 0.8958333333333335 0 0.9374999999999998 0.9166666666666664 0 1 0.8958333333333337 0 0.9999999999999996 0.9166666666666662 0 0.9583333333333331 0.9374999999999999 0 0.9791666666666656 0.937499999999999 0 0.9583333333333339 0.8958333333333339 0 0.979166666666667 0.8958333333333337 0 0.958333333333334 0.9166666666666672 0 0.9791666666666662 0.9166666666666662 0 1.301042606982605e-17 0.9375000000000019 0 0.06250000000000003 0.9374999999999998 0 2.746645503629945e-18 0.9999999999999996 0 0.06250000000000003 1.000000000000001 0 0.02083333333333334 0.9375000000000003 0 0.04166666666666666 0.9375000000000003 0 1.070063896779061e-17 0.9583333333333336 0 -1.200168157477321e-17 0.9791666666666664 0 0.0625 0.9583333333333337 0 0.06249999999999999 0.9791666666666662 0 0.02083333333333333 0.9999999999999998 0 0.04166666666666664 0.9999999999999989 0 0.02083333333333335 0.9583333333333339 0 0.04166666666666666 0.9583333333333337 0 0.02083333333333335 0.9791666666666673 0 0.04166666666666666 0.9791666666666662 0 0.06250000000000014 0.9375000000000019 0 0.125 0.9374999999999998 0 0.06249999999999995 0.9999999999999996 0 0.1250000000000001 1.000000000000001 0 0.08333333333333334 0.9375000000000003 0 0.1041666666666667 0.9375000000000003 0 0.06250000000000003 0.9583333333333336 0 0.06249999999999997 0.9791666666666664 0 0.125 0.9583333333333337 0 0.125 0.9791666666666662 0 0.08333333333333331 0.9999999999999998 0 0.1041666666666666 0.9999999999999989 0 0.08333333333333338 0.9583333333333339 0 0.1041666666666667 0.9583333333333337 0 0.08333333333333338 0.9791666666666673 0 0.1041666666666666 0.9791666666666662 0 0.1250000000000003 0.9375000000000019 0 0.1874999999999999 0.9374999999999998 0 0.1249999999999999 0.9999999999999996 0 0.1875000000000001 1.000000000000001 0 0.1458333333333333 0.9375000000000003 0 0.1666666666666667 0.9375000000000003 0 0.125 0.9583333333333336 0 0.125 0.9791666666666664 0 0.1875000000000001 0.9583333333333337 0 0.1874999999999999 0.9791666666666662 0 0.1458333333333333 0.9999999999999998 0 0.1666666666666665 0.9999999999999989 0 0.1458333333333334 0.9583333333333339 0 0.1666666666666667 0.9583333333333337 0 0.1458333333333334 0.9791666666666673 0 0.1666666666666666 0.9791666666666662 0 0.1875000000000004 0.9375000000000019 0 0.2499999999999999 0.9374999999999998 0 0.1874999999999999 0.9999999999999996 0 0.2500000000000002 1.000000000000001 0 0.2083333333333334 0.9375000000000003 0 0.2291666666666667 0.9375000000000003 0 0.1875000000000001 0.9583333333333336 0 0.1874999999999999 0.9791666666666664 0 0.2500000000000001 0.9583333333333337 0 0.2499999999999999 0.9791666666666662 0 0.2083333333333333 0.9999999999999998 0 0.2291666666666664 0.9999999999999989 0 0.2083333333333335 0.9583333333333339 0 0.2291666666666667 0.9583333333333337 0 0.2083333333333335 0.9791666666666673 0 0.2291666666666665 0.9791666666666662 0 0.2500000000000006 0.9375000000000019 0 0.3124999999999999 0.9374999999999998 0 0.2499999999999998 0.9999999999999996 0 0.3125000000000003 1.000000000000001 0 0.2708333333333333 0.9375000000000003 0 0.2916666666666668 0.9375000000000003 0 0.2500000000000001 0.9583333333333336 0 0.2499999999999999 0.9791666666666664 0 0.3125000000000001 0.9583333333333337 0 0.3124999999999998 0.9791666666666662 0 0.2708333333333333 0.9999999999999998 0 0.2916666666666664 0.9999999999999989 0 0.2708333333333334 0.9583333333333339 0 0.2916666666666667 0.9583333333333337 0 0.2708333333333335 0.9791666666666673 0 0.2916666666666666 0.9791666666666662 0 0.3125000000000007 0.9375000000000019 0 0.3749999999999998 0.9374999999999998 0 0.3124999999999999 0.9999999999999996 0 0.3750000000000003 1.000000000000001 0 0.3333333333333333 0.9375000000000003 0 0.3541666666666667 0.9375000000000003 0 0.3125000000000001 0.9583333333333336 0 0.3124999999999999 0.9791666666666664 0 0.3750000000000001 0.9583333333333337 0 0.3749999999999998 0.9791666666666662 0 0.3333333333333333 0.9999999999999998 0 0.3541666666666664 0.9999999999999989 0 0.3333333333333335 0.9583333333333339 0 0.3541666666666668 0.9583333333333337 0 0.3333333333333335 0.9791666666666673 0 0.3541666666666665 0.9791666666666662 0 0.3750000000000008 0.9375000000000019 0 0.4374999999999999 0.9374999999999998 0 0.3749999999999998 0.9999999999999996 0 0.4375000000000003 1.000000000000001 0 0.3958333333333334 0.9375000000000003 0 0.4166666666666668 0.9375000000000003 0 0.3750000000000001 0.9583333333333336 0 0.3749999999999999 0.9791666666666664 0 0.4375000000000001 0.9583333333333337 0 0.4374999999999998 0.9791666666666662 0 0.3958333333333333 0.9999999999999998 0 0.4166666666666662 0.9999999999999989 0 0.3958333333333336 0.9583333333333339 0 0.4166666666666668 0.9583333333333337 0 0.3958333333333336 0.9791666666666673 0 0.4166666666666665 0.9791666666666662 0 0.4375000000000009 0.9375000000000019 0 0.4999999999999998 0.9374999999999998 0 0.4374999999999998 0.9999999999999996 0 0.5000000000000004 1.000000000000001 0 0.4583333333333334 0.9375000000000003 0 0.4791666666666669 0.9375000000000003 0 0.4375000000000001 0.9583333333333336 0 0.4374999999999999 0.9791666666666664 0 0.5000000000000002 0.9583333333333337 0 0.4999999999999998 0.9791666666666662 0 0.4583333333333333 0.9999999999999998 0 0.4791666666666662 0.9999999999999989 0 0.4583333333333336 0.9583333333333339 0 0.4791666666666669 0.9583333333333337 0 0.4583333333333336 0.9791666666666673 0 0.4791666666666665 0.9791666666666662 0 0.5000000000000011 0.9375000000000019 0 0.5624999999999999 0.9374999999999998 0 0.4999999999999997 0.9999999999999996 0 0.5625000000000006 1.000000000000001 0 0.5208333333333334 0.9375000000000003 0 0.5416666666666669 0.9375000000000003 0 0.5000000000000001 0.9583333333333336 0 0.4999999999999999 0.9791666666666664 0 0.5625000000000001 0.9583333333333337 0 0.5624999999999997 0.9791666666666662 0 0.5208333333333333 0.9999999999999998 0 0.5416666666666661 0.9999999999999989 0 0.5208333333333335 0.9583333333333339 0 0.5416666666666667 0.9583333333333337 0 0.5208333333333337 0.9791666666666673 0 0.5416666666666664 0.9791666666666662 0 0.5625000000000012 0.9375000000000019 0 0.6249999999999999 0.9374999999999998 0 0.5624999999999997 0.9999999999999996 0 0.6250000000000006 1.000000000000001 0 0.5833333333333334 0.9375000000000003 0 0.6041666666666667 0.9375000000000003 0 0.5625000000000001 0.9583333333333336 0 0.5624999999999999 0.9791666666666664 0 0.6250000000000002 0.9583333333333337 0 0.6249999999999997 0.9791666666666662 0 0.5833333333333333 0.9999999999999998 0 0.604166666666666 0.9999999999999989 0 0.5833333333333336 0.9583333333333339 0 0.6041666666666669 0.9583333333333337 0 0.5833333333333337 0.9791666666666673 0 0.6041666666666663 0.9791666666666662 0 0.6250000000000013 0.9375000000000019 0 0.6874999999999996 0.9374999999999998 0 0.6249999999999997 0.9999999999999996 0 0.6875000000000006 1.000000000000001 0 0.6458333333333334 0.9375000000000003 0 0.6666666666666669 0.9375000000000003 0 0.6250000000000001 0.9583333333333336 0 0.6249999999999999 0.9791666666666664 0 0.6875000000000002 0.9583333333333337 0 0.6874999999999997 0.9791666666666662 0 0.6458333333333333 0.9999999999999998 0 0.666666666666666 0.9999999999999989 0 0.6458333333333337 0.9583333333333339 0 0.6666666666666669 0.9583333333333337 0 0.6458333333333337 0.9791666666666673 0 0.6666666666666663 0.9791666666666662 0 0.6875000000000014 0.9375000000000019 0 0.7499999999999996 0.9374999999999998 0 0.6874999999999997 0.9999999999999996 0 0.7500000000000007 1.000000000000001 0 0.7083333333333334 0.9375000000000003 0 0.7291666666666669 0.9375000000000003 0 0.6875000000000001 0.9583333333333336 0 0.6874999999999999 0.9791666666666664 0 0.7500000000000002 0.9583333333333337 0 0.7499999999999996 0.9791666666666662 0 0.7083333333333333 0.9999999999999998 0 0.729166666666666 0.9999999999999989 0 0.7083333333333338 0.9583333333333339 0 0.7291666666666669 0.9583333333333337 0 0.7083333333333338 0.9791666666666673 0 0.7291666666666663 0.9791666666666662 0 0.7500000000000014 0.9375000000000019 0 0.8124999999999998 0.9374999999999998 0 0.7499999999999996 0.9999999999999996 0 0.8125000000000007 1.000000000000001 0 0.7708333333333335 0.9375000000000003 0 0.7916666666666669 0.9375000000000003 0 0.75 0.9583333333333336 0 0.7499999999999999 0.9791666666666664 0 0.8125000000000002 0.9583333333333337 0 0.8124999999999996 0.9791666666666662 0 0.7708333333333333 0.9999999999999998 0 0.7916666666666659 0.9999999999999989 0 0.7708333333333339 0.9583333333333339 0 0.7916666666666669 0.9583333333333337 0 0.7708333333333339 0.9791666666666673 0 0.7916666666666663 0.9791666666666662 0 0.8125000000000017 0.9375000000000019 0 0.8749999999999997 0.9374999999999998 0 0.8124999999999996 0.9999999999999996 0 0.8750000000000008 1.000000000000001 0 0.8333333333333335 0.9375000000000003 0 0.8541666666666669 0.9375000000000003 0 0.8125000000000001 0.9583333333333336 0 0.8124999999999999 0.9791666666666664 0 0.8750000000000002 0.9583333333333337 0 0.8749999999999997 0.9791666666666662 0 0.8333333333333333 0.9999999999999998 0 0.8541666666666656 0.9999999999999989 0 0.8333333333333339 0.9583333333333339 0 0.854166666666667 0.9583333333333337 0 0.8333333333333339 0.9791666666666673 0 0.8541666666666662 0.9791666666666662 0 0.8750000000000018 0.9375000000000019 0 0.9374999999999997 0.9374999999999998 0 0.8749999999999996 0.9999999999999996 0 0.9375000000000008 1.000000000000001 0 0.8958333333333335 0.9375000000000003 0 0.9166666666666669 0.9375000000000003 0 0.8750000000000001 0.9583333333333336 0 0.8749999999999998 0.9791666666666664 0 0.9375000000000003 0.9583333333333337 0 0.9374999999999996 0.9791666666666662 0 0.8958333333333333 0.9999999999999998 0 0.9166666666666656 0.9999999999999989 0 0.8958333333333339 0.9583333333333339 0 0.916666666666667 0.9583333333333337 0 0.8958333333333339 0.9791666666666673 0 0.9166666666666662 0.9791666666666662 0 0.9375000000000019 0.9375000000000019 0 0.9999999999999996 0.9374999999999998 0 0.9374999999999996 0.9999999999999996 0 1.000000000000001 1.000000000000001 0 0.9583333333333337 0.9375000000000003 0 0.979166666666667 0.9375000000000003 0 0.9375000000000002 0.9583333333333336 0 0.9374999999999998 0.9791666666666664 0 1 0.9583333333333337 0 0.9999999999999996 0.9791666666666662 0 0.9583333333333331 0.9999999999999998 0 0.9791666666666656 0.9999999999999989 0 0.9583333333333339 0.9583333333333339 0 0.979166666666667 0.9583333333333337 0 0.958333333333334 0.9791666666666673 0 0.9791666666666662 0.9791666666666662 0 </DataArray>
      </Points>
      <Cells>
        <DataArray type="Int32" Name="connectivity" format="ascii">0 1 3 2 4 5 8 9 10 11 6 7 12 13 14 15 16 17 19 18 20 21 24 25 26 27 22 23 28 29 30 31 32 33 35 34 36 37 40 41 42 43 38 39 44 45 46 47 48 49 51 50 52 53 56 57 58 59 54 55 60 61 62 63 64 65 67 66 68 69 72 73 74 75 70 71 76 77 78 79 80 81 83 82 84 85 88 89 90 91 86 87 92 93 94 95 96 97 99 98 100 101 104 105 106 107 102 103 108 109 110 111 112 113 115 114 116 117 120 121 122 123 118 119 124 125 126 127 128 129 131 130 132 133 136 137 138 139 134 135 140 141 142 143 144 145 147 146 148 149 152 153 154 155 150 151 156 157 158 159 160 161 163 162 164 165 168 169 170 171 166 167 172 173 174 175 176 177 179 178 180 181 184 185 186 187 182 183 188 189 190 191 192 193 195 194 196 197 200 201 202 203 198 199 204 205 206 207 208 209 211 210 212 213 216 217 218 219 214 215 220 221 222 223 224 225 227 226 228 229 232 233 234 235 230 231 236 237 238 239 240 241 243 242 244 245 248 249 250 251 246 247 252 253 254 255 256 257 259 258 260 261 264 265 266 267 262 263 268 269 270 271 272 273 275 274 276 277 280 281 282 283 278 279 284 285 286 287 288 289 291 290 292 293 296 297 298 299 294 295 300 301 302 303 304 305 307 306 308 309 312 313 314 315 310 311 316 317 318 319 320 321 323 322 324 325 328 329 330 331 326 327 332 333 334 335 336 337 339 338 340 341 344 345 346 347 342 343 348 349 350 351 352 353 355 354 356 357 360 361 362 363 358 359 364 365 366 367 368 369 371 370 372 373 376 377 378 379 374 375 380 381 382 383 384 385 387 386 388 389 392 393 394 395 390 391 396 397 398 399 400 401 403 402 404 405 408 409 410 411 406 407 412 413 414 415 416 417 419 418 420 421 424 425 426 427 422 423 428 429 430 431 432 433 435 434 436 437 440 441 442 443 438 439 444 445 446 447 448 449 451 450 452 453 456 457 458 459 454 455 460 461 462 463 464 465 467 466 468 469 472 473 474 475 470 471 476 477 478 479 480 481 483 482 484 485 488 489 490 491 486 487 492 493 494 495 496 497 499 498 500 501 504 505 506 507 502 503 508 509 510 511 512 513 515 514 516 517 520 521 522 523 518 519 524 525 526 527 528 529 531 530 532 533 536 537 538 539 534 535 540 541 542 543 544 545 547 546 548 549 552 553 554 555 550 551 556 557 558 559 560 561 563 562 564 565 568 569 570 571 566 567 572 573 574 575 576 577 579 578 580 581 584 585 586 587 582 583 588 589 590 591 592 593 595 594 596 597 600 601 602 603 598 599 604 605 606 607 608 609 611 610 612 613 616 617 618 619 614 615 620 621 622 623 624 625 627 626 628 629 632 633 634 635 630 631 636 637 638 639 640 641 643 642 644 645 648 649 650 651 646 647 652 653 654 655 656 657 659 658 660 661 664 665 666 667 662 663 668 669 670 671 672 673 675 674 676 677 680 681 682 683 678 679 684 685 686 687 688 689 691 690 692 693 696 697 698 699 694 695 700 701 702 703 704 705 707 706 708 709 712 713 714 715 710 711 716 717 718 719 720 721 723 722 724 725 728 729 730 731 726 727 732 733 734 735 736 737 739 738 740 741 744 745 746 747 742 743 748 749 750 751 752 753 755 754 756 757 760 761 762 763 758 759 764 765 766 767 768 769 771 770 772 773 776 777 778 779 774 775 780 781 782 783 784 785 787 786 788 789 792 793 794 795 790 791 796 797 798 799 800 801 803 802 804 805 808 809 810 811 806 807 812 813 814 815 816 817 819 818 820 821 824 825 826 827 822 823 828 829 830 831 832 833 835 834 836 837 840 841 842 843 838 839 844 845 846 847 848 849 851 850 852 853 856 857 858 859 854 855 860 861 862 863 864 865 867 866 868 869 872 873 874 875 870 871 876 877 878 879 880 881 883 882 884 885 888 889 890 891 886 887 892 893 894 895 896 897 899 898 900 901 904 905 906 907 902 903 908 909 910 911 912 913 915 914 916 917 920 921 922 923 918 919 924 925 926 927 928 929 931 930 932 933 936 937 938 939 934 935 940 941 942 943 944 945 947 946 948 949 952 953 954 955 950 951 956 957 958 959 960 961 963 962 964 965 968 969 970 971 966 967 972 973 974 975 976 977 979 978 980 981 984 985 986 987 982 983 988 989 990 991 992 993 995 994 996 997 1000 1001 1002 1003 998 999 1004 1005 1006 1007 1008 1009 1011 1010 1012 1013 1016 1017 1018 1019 1014 1015 1020 1021 1022 1023 1024 1025 1027 1026 1028 1029 1032 1033 1034 1035 1030 1031 1036 1037 1038 1039 1040 1041 1043 1042 1044 1045 1048 1049 1050 1051 1046 1047 1052 1053 1054 1055 1056 1057 1059 1058 1060 1061 1064 1065 1066 1067 1062 1063 1068 1069 1070 1071 1072 1073 1075 1074 1076 1077 1080 1081 1082 1083 1078 1079 1084 1085 1086 1087 1088 1089 1091 1090 1092 1093 1096 1097 1098 1099 1094 1095 1100 1101 1102 1103 1104 1105 1107 1106 1108 1109 1112 1113 1114 1115 1110 1111 1116 1117 1118 1119 1120 1121 1123 1122 1124 1125 1128 1129 1130 1131 1126 1127 1132 1133 1134 1135 1136 1137 1139 1138 1140 1141 1144 1145 1146 1147 1142 1143 1148 1149 1150 1151 1152 1153 1155 1154 1156 1157 1160 1161 1162 1163 1158 1159 1164 1165 1166 1167 1168 1169 1171 1170 1172 1173 1176 1177 1178 1179 1174 1175 1180 1181 1182 1183 1184 1185 1187 1186 1188 1189 1192 1193 1194 1195 1190 1191 1196 1197 1198 1199 1200 1201 1203 1202 1204 1205 1208 1209 1210 1211 1206 1207 1212 1213 1214 1215 1216 1217 1219 1218 1220 1221 1224 1225 1226 1227 1222 1223 1228 1229 1230 1231 1232 1233 1235 1234 1236 1237 1240 1241 1242 1243 1238 1239 1244 1245 1246 1247 1248 1249 1251 1250 1252 1253 1256 1257 1258 1259 1254 1255 1260 1261 1262 1263 1264 1265 1267 1266 1268 1269 1272 1273 1274 1275 1270 1271 1276 1277 1278 1279 1280 1281 1283 1282 1284 1285 1288 1289 1290 1291 1286 1287 1292 1293 1294 1295 1296 1297 1299 1298 1300 1301 1304 1305 1306 1307 1302 1303 1308 1309 1310 1311 1312 1313 1315 1314 1316 1317 1320 1321 1322 1323 1318 1319 1324 1325 1326 1327 1328 1329 1331 1330 1332 1333 1336 1337 1338 1339 1334 1335 1340 1341 1342 1343 1344 1345 1347 1346 1348 1349 1352 1353 1354 1355 1350 1351 1356 1357 1358 1359 1360 1361 1363 1362 1364 1365 1368 1369 1370 1371 1366 1367 1372 1373 1374 1375 1376 1377 1379 1378 1380 1381 1384 1385 1386 1387 1382 1383 1388 1389 1390 1391 1392 1393 1395 1394 1396 1397 1400 1401 1402 1403 1398 1399 1404 1405 1406 1407 1408 1409 1411 1410 1412 1413 1416 1417 1418 1419 1414 1415 1420 1421 1422 1423 1424 1425 1427 1426 1428 1429 1432 1433 1434 1435 1430 1431 1436 1437 1438 1439 1440 1441 1443 1442 1444 1445 1448 1449 1450 1451 1446 1447 1452 1453 1454 1455 1456 1457 1459 1458 1460 1461 1464 1465 1466 1467 1462 1463 1468 1469 1470 1471 1472 1473 1475 1474 1476 1477 1480 1481 1482 1483 1478 1479 1484 1485 1486 1487 1488 1489 1491 1490 1492 1493 1496 1497 1498 1499 1494 1495 1500 1501 1502 1503 1504 1505 1507 1506 1508 1509 1512 1513 1514 1515 1510 1511 1516 1517 1518 1519 1520 1521 1523 1522 1524 1525 1528 1529 1530 1531 1526 1527 1532 1533 1534 1535 1536 1537 1539 1538 1540 1541 1544 1545 1546 1547 1542 1543 1548 1549 1550 1551 1552 1553 1555 1554 1556 1557 1560 1561 1562 1563 1558 1559 1564 1565 1566 1567 1568 1569 1571 1570 1572 1573 1576 1577 1578 1579 1574 1575 1580 1581 1582 1583 1584 1585 1587 1586 1588 1589 1592 1593 1594 1595 1590 1591 1596 1597 1598 1599 1600 1601 1603 1602 1604 1605 1608 1609 1610 1611 1606 1607 1612 1613 1614 1615 1616 1617 1619 1618 1620 1621 1624 1625 1626 1627 1622 1623 1628 1629 1630 1631 1632 1633 1635 1634 1636 1637 1640 1641 1642 1643 1638 1639 1644 1645 1646 1647 1648 1649 1651 1650 1652 1653 1656 1657 1658 1659 1654 1655 1660 1661 1662 1663 1664 1665 1667 1666 1668 1669 1672 1673 1674 1675 1670 1671 1676 1677 1678 1679 1680 1681 1683 1682 1684 1685 1688 1689 1690 1691 1686 1687 1692 1693 1694 1695 1696 1697 1699 1698 1700 1701 1704 1705 1706 1707 1702 1703 1708 1709 1710 1711 1712 1713 1715 1714 1716 1717 1720 1721 1722 1723 1718 1719 1724 1725 1726 1727 1728 1729 1731 1730 1732 1733 1736 1737 1738 1739 1734 1735 1740 1741 1742 1743 1744 1745 1747 1746 1748 1749 1752 1753 1754 1755 1750 1751 1756 1757 1758 1759 1760 1761 1763 1762 1764 1765 1768 1769 1770 1771 1766 1767 1772 1773 1774 1775 1776 1777 1779 1778 1780 1781 1784 1785 1786 1787 1782 1783 1788 1789 1790 1791 1792 1793 1795 1794 1796 1797 1800 1801 1802 1803 1798 1799 1804 1805 1806 1807 1808 1809 1811 1810 1812 1813 1816 1817 1818 1819 1814 1815 1820 1821 1822 1823 1824 1825 1827 1826 1828 1829 1832 1833 1834 1835 1830 1831 1836 1837 1838 1839 1840 1841 1843 1842 1844 1845 1848 1849 1850 1851 1846 1847 1852 1853 1854 1855 1856 1857 1859 1858 1860 1861 1864 1865 1866 1867 1862 1863 1868 1869 1870 1871 1872 1873 1875 1874 1876 1877 1880 1881 1882 1883 1878 1879 1884 1885 1886 1887 1888 1889 1891 1890 1892 1893 1896 1897 1898 1899 1894 1895 1900 1901 1902 1903 1904 1905 1907 1906 1908 1909 1912 1913 1914 1915 1910 1911 1916 1917 1918 1919 1920 1921 1923 1922 1924 1925 1928 1929 1930 1931 1926 1927 1932 1933 1934 1935 1936 1937 1939 1938 1940 1941 1944 1945 1946 1947 1942 1943 1948 1949 1950 1951 1952 1953 1955 1954 1956 1957 1960 1961 1962 1963 1958 1959 1964 1965 1966 1967 1968 1969 1971 1970 1972 1973 1976 1977 1978 1979 1974 1975 1980 1981 1982 1983 1984 1985 1987 1986 1988 1989 1992 1993 1994 1995 1990 1991 1996 1997 1998 1999 2000 2001 2003 2002 2004 2005 2008 2009 2010 2011 2006 2007 2012 2013 2014 2015 2016 2017 2019 2018 2020 2021 2024 2025 2026 2027 2022 2023 2028 2029 2030 2031 2032 2033 2035 2034 2036 2037 2040 2041 2042 2043 2038 2039 2044 2045 2046 2047 2048 2049 2051 2050 2052 2053 2056 2057 2058 2059 2054 2055 2060 2061 2062 2063 2064 2065 2067 2066 2068 2069 2072 2073 2074 2075 2070 2071 2076 2077 2078 2079 2080 2081 2083 2082 2084 2085 2088 2089 2090 2091 2086 2087 2092 2093 2094 2095 2096 2097 2099 2098 2100 2101 2104 2105 2106 2107 2102 2103 2108 2109 2110 2111 2112 2113 2115 2114 2116 2117 2120 2121 2122 2123 2118 2119 2124 2125 2126 2127 2128 2129 2131 2130 2132 2133 2136 2137 2138 2139 2134 2135 2140 2141 2142 2143 2144 2145 2147 2146 2148 2149 2152 2153 2154 2155 2150 2151 2156 2157 2158 2159 2160 2161 2163 2162 2164 2165 2168 2169 2170 2171 2166 2167 2172 2173 2174 2175 2176 2177 2179 2178 2180 2181 2184 2185 2186 2187 2182 2183 2188 2189 2190 2191 2192 2193 2195 2194 2196 2197 2200 2201 2202 2203 2198 2199 2204 2205 2206 2207 2208 2209 2211 2210 2212 2213 2216 2217 2218 2219 2214 2215 2220 2221 2222 2223 2224 2225 2227 2226 2228 2229 2232 2233 2234 2235 2230 2231 2236 2237 2238 2239 2240 2241 2243 2242 2244 2245 2248 2249 2250 2251 2246 2247 2252 2253 2254 2255 2256 2257 2259 2258 2260 2261 2264 2265 2266 2267 2262 2263 2268 2269 2270 2271 2272 2273 2275 2274 2276 2277 2280 2281 2282 2283 2278 2279 2284 2285 2286 2287 2288 2289 2291 2290 2292 2293 2296 2297 2298 2299 2294 2295 2300 2301 2302 2303 2304 2305 2307 2306 2308 2309 2312 2313 2314 2315 2310 2311 2316 2317 2318 2319 2320 2321 2323 2322 2324 2325 2328 2329 2330 2331 2326 2327 2332 2333 2334 2335 2336 2337 2339 2338 2340 2341 2344 2345 2346 2347 2342 2343 2348 2349 2350 2351 2352 2353 2355 2354 2356 2357 2360 2361 2362 2363 2358 2359 2364 2365 2366 2367 2368 2369 2371 2370 2372 2373 2376 2377 2378 2379 2374 2375 2380 2381 2382 2383 2384 2385 2387 2386 2388 2389 2392 2393 2394 2395 2390 2391 2396 2397 2398 2399 2400 2401 2403 2402 2404 2405 2408 2409 2410 2411 2406 2407 2412 2413 2414 2415 2416 2417 2419 2418 2420 2421 2424 2425 2426 2427 2422 2423 2428 2429 2430 2431 2432 2433 2435 2434 2436 2437 2440 2441 2442 2443 2438 2439 2444 2445 2446 2447 2448 2449 2451 2450 2452 2453 2456 2457 2458 2459 2454 2455 2460 2461 2462 2463 2464 2465 2467 2466 2468 2469 2472 2473 2474 2475 2470 2471 2476 2477 2478 2479 2480 2481 2483 2482 2484 2485 2488 2489 2490 2491 2486 2487 2492 2493 2494 2495 2496 2497 2499 2498 2500 2501 2504 2505 2506 2507 2502 2503 2508 2509 2510 2511 2512 2513 2515 2514 2516 2517 2520 2521 2522 2523 2518 2519 2524 2525 2526 2527 2528 2529 2531 2530 2532 2533 2536 2537 2538 2539 2534 2535 2540 2541 2542 2543 2544 2545 2547 2546 2548 2549 2552 2553 2554 2555 2550 2551 2556 2557 2558 2559 2560 2561 2563 2562 2564 2565 2568 2569 2570 2571 2566 2567 2572 2573 2574 2575 2576 2577 2579 2578 2580 2581 2584 2585 2586 2587 2582 2583 2588 2589 2590 2591 2592 2593 2595 2594 2596 2597 2600 2601 2602 2603 2598 2599 2604 2605 2606 2607 2608 2609 2611 2610 2612 2613 2616 2617 2618 2619 2614 2615 2620 2621 2622 2623 2624 2625 2627 2626 2628 2629 2632 2633 2634 2635 2630 2631 2636 2637 2638 2639 2640 2641 2643 2642 2644 2645 2648 2649 2650 2651 2646 2647 2652 2653 2654 2655 2656 2657 2659 2658 2660 2661 2664 2665 2666 2667 2662 2663 2668 2669 2670 2671 2672 2673 2675 2674 2676 2677 2680 2681 2682 2683 2678 2679 2684 2685 2686 2687 2688 2689 2691 2690 2692 2693 2696 2697 2698 2699 2694 2695 2700 2701 2702 2703 2704 2705 2707 2706 2708 2709 2712 2713 2714 2715 2710 2711 2716 2717 2718 2719 2720 2721 2723 2722 2724 2725 2728 2729 2730 2731 2726 2727 2732 2733 2734 2735 2736 2737 2739 2738 2740 2741 2744 2745 2746 2747 2742 2743 2748 2749 2750 2751 2752 2753 2755 2754 2756 2757 2760 2761 2762 2763 2758 2759 2764 2765 2766 2767 2768 2769 2771 2770 2772 2773 2776 2777 2778 2779 2774 2775 2780 2781 2782 2783 2784 2785 2787 2786 2788 2789 2792 2793 2794 2795 2790 2791 2796 2797 2798 2799 2800 2801 2803 2802 2804 2805 2808 2809 2810 2811 2806 2807 2812 2813 2814 2815 2816 2817 2819 2818 2820 2821 2824 2825 2826 2827 2822 2823 2828 2829 2830 2831 2832 2833 2835 2834 2836 2837 2840 2841 2842 2843 2838 2839 2844 2845 2846 2847 2848 2849 2851 2850 2852 2853 2856 2857 2858 2859 2854 2855 2860 2861 2862 2863 2864 2865 2867 2866 2868 2869 2872 2873 2874 2875 2870 2871 2876 2877 2878 2879 2880 2881 2883 2882 2884 2885 2888 2889 2890 2891 2886 2887 2892 2893 2894 2895 2896 2897 2899 2898 2900 2901 2904 2905 2906 2907 2902 2903 2908 2909 2910 2911 2912 2913 2915 2914 2916 2917 2920 2921 2922 2923 2918 2919 2924 2925 2926 2927 2928 2929 2931 2930 2932 2933 2936 2937 2938 2939 2934 2935 2940 2941 2942 2943 2944 2945 2947 2946 2948 2949 2952 2953 2954 2955 2950 2951 2956 2957 2958 2959 2960 2961 2963 2962 2964 2965 2968 2969 2970 2971 2966 2967 2972 2973 2974 2975 2976 2977 2979 2978 2980 2981 2984 2985 2986 2987 2982 2983 2988 2989 2990 2991 2992 2993 2995 2994 2996 2997 3000 3001 3002 3003 2998 2999 3004 3005 3006 3007 3008 3009 3011 3010 3012 3013 3016 3017 3018 3019 3014 3015 3020 3021 3022 3023 3024 3025 3027 3026 3028 3029 3032 3033 3034 3035 3030 3031 3036 3037 3038 3039 3040 3041 3043 3042 3044 3045 3048 3049 3050 3051 3046 3047 3052 3053 3054 3055 3056 3057 3059 3058 3060 3061 3064 3065 3066 3067 3062 3063 3068 3069 3070 3071 3072 3073 3075 3074 3076 3077 3080 3081 3082 3083 3078 3079 3084 3085 3086 3087 3088 3089 3091 3090 3092 3093 3096 3097 3098 3099 3094 3095 3100 3101 3102 3103 3104 3105 3107 3106 3108 3109 3112 3113 3114 3115 3110 3111 3116 3117 3118 3119 3120 3121 3123 3122 3124 3125 3128 3129 3130 3131 3126 3127 3132 3133 3134 3135 3136 3137 3139 3138 3140 3141 3144 3145 3146 3147 3142 3143 3148 3149 3150 3151 3152 3153 3155 3154 3156 3157 3160 3161 3162 3163 3158 3159 3164 3165 3166 3167 3168 3169 3171 3170 3172 3173 3176 3177 3178 3179 3174 3175 3180 3181 3182 3183 3184 3185 3187 3186 3188 3189 3192 3193 3194 3195 3190 3191 3196 3197 3198 3199 3200 3201 3203 3202 3204 3205 3208 3209 3210 3211 3206 3207 3212 3213 3214 3215 3216 3217 3219 3218 3220 3221 3224 3225 3226 3227 3222 3223 3228 3229 3230 3231 3232 3233 3235 3234 3236 3237 3240 3241 3242 3243 3238 3239 3244 3245 3246 3247 3248 3249 3251 3250 3252 3253 3256 3257 3258 3259 3254 3255 3260 3261 3262 3263 3264 3265 3267 3266 3268 3269 3272 3273 3274 3275 3270 3271 3276 3277 3278 3279 3280 3281 3283 3282 3284 3285 3288 3289 3290 3291 3286 3287 3292 3293 3294 3295 3296 3297 3299 3298 3300 3301 3304 3305 3306 3307 3302 3303 3308 3309 3310 3311 3312 3313 3315 3314 3316 3317 3320 3321 3322 3323 3318 3319 3324 3325 3326 3327 3328 3329 3331 3330 3332 3333 3336 3337 3338 3339 3334 3335 3340 3341 3342 3343 3344 3345 3347 3346 3348 3349 3352 3353 3354 3355 3350 3351 3356 3357 3358 3359 3360 3361 3363 3362 3364 3365 3368 3369 3370 3371 3366 3367 3372 3373 3374 3375 3376 3377 3379 3378 3380 3381 3384 3385 3386 3387 3382 3383 3388 3389 3390 3391 3392 3393 3395 3394 3396 3397 3400 3401 3402 3403 3398 3399 3404 3405 3406 3407 3408 3409 3411 3410 3412 3413 3416 3417 3418 3419 3414 3415 3420 3421 3422 3423 3424 3425 3427 3426 3428 3429 3432 3433 3434 3435 3430 3431 3436 3437 3438 3439 3440 3441 3443 3442 3444 3445 3448 3449 3450 3451 3446 3447 3452 3453 3454 3455 3456 3457 3459 3458 3460 3461 3464 3465 3466 3467 3462 3463 3468 3469 3470 3471 3472 3473 3475 3474 3476 3477 3480 3481 3482 3483 3478 3479 3484 3485 3486 3487 3488 3489 3491 3490 3492 3493 3496 3497 3498 3499 3494 3495 3500 3501 3502 3503 3504 3505 3507 3506 3508 3509 3512 3513 3514 3515 3510 3511 3516 3517 3518 3519 3520 3521 3523 3522 3524 3525 3528 3529 3530 3531 3526 3527 3532 3533 3534 3535 3536 3537 3539 3538 3540 3541 3544 3545 3546 3547 3542 3543 3548 3549 3550 3551 3552 3553 3555 3554 3556 3557 3560 3561 3562 3563 3558 3559 3564 3565 3566 3567 3568 3569 3571 3570 3572 3573 3576 3577 3578 3579 3574 3575 3580 3581 3582 3583 3584 3585 3587 3586 3588 3589 3592 3593 3594 3595 3590 3591 3596 3597 3598 3599 3600 3601 3603 3602 3604 3605 3608 3609 3610 3611 3606 3607 3612 3613 3614 3615 3616 3617 3619 3618 3620 3621 3624 3625 3626 3627 3622 3623 3628 3629 3630 3631 3632 3633 3635 3634 3636 3637 3640 3641 3642 3643 3638 3639 3644 3645 3646 3647 3648 3649 3651 3650 3652 3653 3656 3657 3658 3659 3654 3655 3660 3661 3662 3663 3664 3665 3667 3666 3668 3669 3672 3673 3674 3675 3670 3671 3676 3677 3678 3679 3680 3681 3683 3682 3684 3685 3688 3689 3690 3691 3686 3687 3692 3693 3694 3695 3696 3697 3699 3698 3700 3701 3704 3705 3706 3707 3702 3703 3708 3709 3710 3711 3712 3713 3715 3714 3716 3717 3720 3721 3722 3723 3718 3719 3724 3725 3726 3727 3728 3729 3731 3730 3732 3733 3736 3737 3738 3739 3734 3735 3740 3741 3742 3743 3744 3745 3747 3746 3748 3749 3752 3753 3754 3755 3750 3751 3756 3757 3758 3759 3760 3761 3763 3762 3764 3765 3768 3769 3770 3771 3766 3767 3772 3773 3774 3775 3776 3777 3779 3778 3780 3781 3784 3785 3786 3787 3782 3783 3788 3789 3790 3791 3792 3793 3795 3794 3796 3797 3800 3801 3802 3803 3798 3799 3804 3805 3806 3807 3808 3809 3811 3810 3812 3813 3816 3817 3818 3819 3814 3815 3820 3821 3822 3823 3824 3825 3827 3826 3828 3829 3832 3833 3834 3835 3830 3831 3836 3837 3838 3839 3840 3841 3843 3842 3844 3845 3848 3849 3850 3851 3846 3847 3852 3853 3854 3855 3856 3857 3859 3858 3860 3861 3864 3865 3866 3867 3862 3863 3868 3869 3870 3871 3872 3873 3875 3874 3876 3877 3880 3881 3882 3883 3878 3879 3884 3885 3886 3887 3888 3889 3891 3890 3892 3893 3896 3897 3898 3899 3894 3895 3900 3901 3902 3903 </DataArray>
        <DataArray type="Int32" Name="offsets" format="ascii">16 32 48 64 80 96 112 128 144 160 176 192 208 224 240 256 272 288 304 320 336 352 368 384 400 416 432 448 464 480 496 512 528 544 560 576 592 608 624 640 656 672 688 704 720 736 752 768 784 800 816 832 848 864 880 896 912 928 944 960 976 992 1008 1024 1040 1056 1072 1088 1104 1120 1136 1152 1168 1184 1200 1216 1232 1248 1264 1280 1296 1312 1328 1344 1360 1376 1392 1408 1424 1440 1456 1472 1488 1504 1520 1536 1552 1568 1584 1600 1616 1632 1648 1664 1680 1696 1712 1728 1744 1760 1776 1792 1808 1824 1840 1856 1872 1888 1904 1920 1936 1952 1968 1984 2000 2016 2032 2048 2064 2080 2096 2112 2128 2144 2160 2176 2192 2208 2224 2240 2256 2272 2288 2304 2320 2336 2352 2368 2384 2400 2416 2432 2448 2464 2480 2496 2512 2528 2544 2560 2576 2592 2608 2624 2640 2656 2672 2688 2704 2720 2736 2752 2768 2784 2800 2816 2832 2848 2864 2880 2896 2912 2928 2944 2960 2976 2992 3008 3024 3040 3056 3072 3088 3104 3120 3136 3152 3168 3184 3200 3216 3232 3248 3264 3280 3296 3312 3328 3344 3360 3376 3392 3408 3424 3440 3456 3472 3488 3504 3520 3536 3552 3568 3584 3600 3616 3632 3648 3664 3680 3696 3712 3728 3744 3760 3776 3792 3808 3824 3840 3856 3872 3888 3904 </DataArray>
        <DataArray type="Int8" Name="types" format="ascii">70 70 70 70 70 70 70 70 70 70 70 70 70 70 70 70 70 70 70 70 70 70 70 70 70 70 70 70 70 70 70 70 70 70 70 70 70 70 70 70 70 70 70 70 70 70 70 70 70 70 70 70 70 70 70 70 70 70 70 70 70 70 70 70 70 70 70 70 70 70 70 70 70 70 70 70 70 70 70 70 70 70 70 70 70 70 70 70 70 70 70 70 70 70 70 70 70 70 70 70 70 70 70 70 70 70 70 70 70 70 70 70 70 70 70 70 70 70 70 70 70 70 70 70 70 70 70 70 70 70 70 70 70 70 70 70 70 70 70 70 70 70 70 70 70 70 70 70 70 70 70 70 70 70 70 70 70 70 70 70 70 70 70 70 70 70 70 70 70 70 70 70 70 70 70 70 70 70 70 70 70 70 70 70 70 70 70 70 70 70 70 70 70 70 70 70 70 70 70 70 70 70 70 70 70 70 70 70 70 70 70 70 70 70 70 70 70 70 70 70 70 70 70 70 70 70 70 70 70 70 70 70 70 70 70 70 70 70 70 70 70 70 70 70 </DataArray>
      </Cells>
      <CellData>
        <DataArray type="UInt8" Name="vtkGhostType" format="ascii" RangeMin="0" RangeMax="1">0 0 0 0 0 0 0 0 0 0 0 0 0 0 0 0 0 0 0 0 0 0 0 0 0 0 0 0 0 0 0 0 0 0 0 0 0 0 0 0 0 0 0 0 0 0 0 0 0 0 0 0 0 0 0 0 0 0 0 0 0 0 0 0 0 0 0 0 0 0 0 0 0 0 0 0 0 0 0 0 0 0 0 0 0 0 0 0 0 0 0 0 0 0 0 0 0 0 0 0 0 0 0 0 0 0 0 0 0 0 0 0 0 0 0 0 0 0 0 0 0 0 0 0 0 0 0 0 0 0 0 0 0 0 0 0 0 0 0 0 0 0 0 0 0 0 0 0 0 0 0 0 0 0 0 0 0 0 0 0 0 0 0 0 0 0 0 0 0 0 0 0 0 0 0 0 0 0 0 0 0 0 0 0 0 0 0 0 0 0 0 0 0 0 0 0 0 0 0 0 0 0 0 0 0 0 0 0 0 0 0 0 0 0 0 0 0 0 0 0 0 0 0 0 0 0 0 0 0 0 0 0 0 0 0 0 0 0 0 0 0 0 0 0 </DataArray>
        <DataArray type="Int64" IdType="1" Name="vtkOriginalCellIds" format="ascii" RangeMin="0" RangeMax="243">0 1 2 3 4 5 6 7 8 9 10 11 12 13 14 15 16 17 18 19 20 21 22 23 24 25 26 27 28 29 30 31 32 33 34 35 36 37 38 39 40 41 42 43 44 45 46 47 48 49 50 51 52 53 54 55 56 57 58 59 60 61 62 63 64 65 66 67 68 69 70 71 72 73 74 75 76 77 78 79 80 81 82 83 84 85 86 87 88 89 90 91 92 93 94 95 96 97 98 99 100 101 102 103 104 105 106 107 108 109 110 111 112 113 114 115 116 117 118 119 120 121 122 123 124 125 126 127 128 129 130 131 132 133 134 135 136 137 138 139 140 141 142 143 144 145 146 147 148 149 150 151 152 153 154 155 156 157 158 159 160 161 162 163 164 165 166 167 168 169 170 171 172 173 174 175 176 177 178 179 180 181 182 183 184 185 186 187 188 189 190 191 192 193 194 195 196 197 198 199 200 201 202 203 204 205 206 207 208 209 210 211 212 213 214 215 216 217 218 219 220 221 222 223 224 225 226 227 228 229 230 231 232 233 234 235 236 237 238 239 240 241 242 243 </DataArray>
      </CellData>
      <PointData Vectors="solution">
        <DataArray type="Int64" IdType="1" Name="vtkOriginalPointIds" format="ascii" RangeMin="0" RangeMax="3903">0 1 2 3 4 5 6 7 8 9 10 11 12 13 14 15 16 17 18 19 20 21 22 23 24 25 26 27 28 29 30 31 32 33 34 35 36 37 38 39 40 41 42 43 44 45 46 47 48 49 50 51 52 53 54 55 56 57 58 59 60 61 62 63 64 65 66 67 68 69 70 71 72 73 74 75 76 77 78 79 80 81 82 83 84 85 86 87 88 89 90 91 92 93 94 95 96 97 98 99 100 101 102 103 104 105 106 107 108 109 110 111 112 113 114 115 116 117 118 119 120 121 122 123 124 125 126 127 128 129 130 131 132 133 134 135 136 137 138 139 140 141 142 143 144 145 146 147 148 149 150 151 152 153 154 155 156 157 158 159 160 161 162 163 164 165 166 167 168 169 170 171 172 173 174 175 176 177 178 179 180 181 182 183 184 185 186 187 188 189 190 191 192 193 194 195 196 197 198 199 200 201 202 203 204 205 206 207 208 209 210 211 212 213 214 215 216 217 218 219 220 221 222 223 224 225 226 227 228 229 230 231 232 233 234 235 236 237 238 239 240 241 242 243 244 245 246 247 248 249 250 251 252 253 254 255 256 257 258 259 260 261 262 263 264 265 266 267 268 269 270 271 272 273 274 275 276 277 278 279 280 281 282 283 284 285 286 287 288 289 290 291 292 293 294 295 296 297 298 299 300 301 302 303 304 305 306 307 308 309 310 311 312 313 314 315 316 317 318 319 320 321 322 323 324 325 326 327 328 329 330 331 332 333 334 335 336 337 338 339 340 341 342 343 344 345 346 347 348 349 350 351 352 353 354 355 356 357 358 359 360 361 362 363 364 365 366 367 368 369 370 371 372 373 374 375 376 377 378 379 380 381 382 383 384 385 386 387 388 389 390 391 392 393 394 395 396 397 398 399 400 401 402 403 404 405 406 407 408 409 410 411 412 413 414 415 416 417 418 419 420 421 422 423 424 425 426 427 428 429 430 431 432 433 434 435 436 437 438 439 440 441 442 443 444 445 446 447 448 449 450 451 452 453 454 455 456 457 458 459 460 461 462 463 464 465 466 467 468 469 470 471 472 473 474 475 476 477 478 479 480 481 482 483 484 485 486 487 488 489 490 491 492 493 494 495 496 497 498 499 500 501 502 503 504 505 506 507 508 509 510 511 512 513 514 515 516 517 518 519 520 521 522 523 524 525 526 527 528 529 530 531 532 533 534 535 536 537 538 539 540 541 542 543 544 545 546 547 548 549 550 551 552 553 554 555 556 557 558 559 560 561 562 563 564 565 566 567 568 569 570 571 572 573 574 575 576 577 578 579 580 581 582 583 584 585 586 587 588 589 590 591 592 593 594 595 596 597 598 599 600 601 602 603 604 605 606 607 608 609 610 611 612 613 614 615 616 617 618 619 620 621 622 623 624 625 626 627 628 629 630 631 632 633 634 635 636 637 638 639 640 641 642 643 644 645 646 647 648 649 650 651 652 653 654 655 656 657 658 659 660 661 662 663 664 665 666 667 668 669 670 671 672 673 674 675 676 677 678 679 680 681 682 683 684 685 686 687 688 689 690 691 692 693 694 695 696 697 698 699 700 701 702 703 704 705 706 707 708 709 710 711 712 713 714 715 716 717 718 719 720 721 722 723 724 725 726 727 728 729 730 731 732 733 734 735 736 737 738 739 740 741 742 743 744 745 746 747 748 749 750 751 752 753 754 755 756 757 758 759 760 761 762 763 764 765 766 767 768 769 770 771 772 773 774 775 776 777 778 779 780 781 782 783 784 785 786 787 788 789 790 791 792 793 794 795 796 797 798 799 800 801 802 803 804 805 806 807 808 809 810 811 812 813 814 815 816 817 818 819 820 821 822 823 824 825 826 827 828 829 830 831 832 833 834 835 836 837 838 839 840 841 842 843 844 845 846 847 848 849 850 851 852 853 854 855 856 857 858 859 860 861 862 863 864 865 866 867 868 869 870 871 872 873 874 875 876 877 878 879 880 881 882 883 884 885 886 887 888 889 890 891 892 893 894 895 896 897 898 899 900 901 902 903 904 905 906 907 908 909 910 911 912 913 914 915 916 917 918 919 920 921 922 923 924 925 926 927 928 929 930 931 932 933 934 935 936 937 938 939 940 941 942 943 944 945 946 947 948 949 950 951 952 953 954 955 956 957 958 959 960 961 962 963 964 965 966 967 968 969 970 971 972 973 974 975 976 977 978 979 980 981 982 983 984 985 986 987 988 989 990 991 992 993 994 995 996 997 998 999 1000 1001 1002 1003 1004 1005 1006 1007 1008 1009 1010 1011 1012 1013 1014 1015 1016 1017 1018 1019 1020 1021 1022 1023 1024 1025 1026 1027 1028 1029 1030 1031 1032 1033 1034 1035 1036 1037 1038 1039 1040 1041 1042 1043 1044 1045 1046 1047 1048 1049 1050 1051 1052 1053 1054 1055 1056 1057 1058 1059 1060 1061 1062 1063 1064 1065 1066 1067 1068 1069 1070 1071 1072 1073 1074 1075 1076 1077 1078 1079 1080 1081 1082 1083 1084 1085 1086 1087 1088 1089 1090 1091 1092 1093 1094 1095 1096 1097 1098 1099 1100 1101 1102 1103 1104 1105 1106 1107 1108 1109 1110 1111 1112 1113 1114 1115 1116 1117 1118 1119 1120 1121 1122 1123 1124 1125 1126 1127 1128 1129 1130 1131 1132 1133 1134 1135 1136 1137 1138 1139 1140 1141 1142 1143 1144 1145 1146 1147 1148 1149 1150 1151 1152 1153 1154 1155 1156 1157 1158 1159 1160 1161 1162 1163 1164 1165 1166 1167 1168 1169 1170 1171 1172 1173 1174 1175 1176 1177 1178 1179 1180 1181 1182 1183 1184 1185 1186 1187 1188 1189 1190 1191 1192 1193 1194 1195 1196 1197 1198 1199 1200 1201 1202 1203 1204 1205 1206 1207 1208 1209 1210 1211 1212 1213 1214 1215 1216 1217 1218 1219 1220 1221 1222 1223 1224 1225 1226 1227 1228 1229 1230 1231 1232 1233 1234 1235 1236 1237 1238 1239 1240 1241 1242 1243 1244 1245 1246 1247 1248 1249 1250 1251 1252 1253 1254 1255 1256 1257 1258 1259 1260 1261 1262 1263 1264 1265 1266 1267 1268 1269 1270 1271 1272 1273 1274 1275 1276 1277 1278 1279 1280 1281 1282 1283 1284 1285 1286 1287 1288 1289 1290 1291 1292 1293 1294 1295 1296 1297 1298 1299 1300 1301 1302 1303 1304 1305 1306 1307 1308 1309 1310 1311 1312 1313 1314 1315 1316 1317 1318 1319 1320 1321 1322 1323 1324 1325 1326 1327 1328 1329 1330 1331 1332 1333 1334 1335 1336 1337 1338 1339 1340 1341 1342 1343 1344 1345 1346 1347 1348 1349 1350 1351 1352 1353 1354 1355 1356 1357 1358 1359 1360 1361 1362 1363 1364 1365 1366 1367 1368 1369 1370 1371 1372 1373 1374 1375 1376 1377 1378 1379 1380 1381 1382 1383 1384 1385 1386 1387 1388 1389 1390 1391 1392 1393 1394 1395 1396 1397 1398 1399 1400 1401 1402 1403 1404 1405 1406 1407 1408 1409 1410 1411 1412 1413 1414 1415 1416 1417 1418 1419 1420 1421 1422 1423 1424 1425 1426 1427 1428 1429 1430 1431 1432 1433 1434 1435 1436 1437 1438 1439 1440 1441 1442 1443 1444 1445 1446 1447 1448 1449 1450 1451 1452 1453 1454 1455 1456 1457 1458 1459 1460 1461 1462 1463 1464 1465 1466 1467 1468 1469 1470 1471 1472 1473 1474 1475 1476 1477 1478 1479 1480 1481 1482 1483 1484 1485 1486 1487 1488 1489 1490 1491 1492 1493 1494 1495 1496 1497 1498 1499 1500 1501 1502 1503 1504 1505 1506 1507 1508 1509 1510 1511 1512 1513 1514 1515 1516 1517 1518 1519 1520 1521 1522 1523 1524 1525 1526 1527 1528 1529 1530 1531 1532 1533 1534 1535 1536 1537 1538 1539 1540 1541 1542 1543 1544 1545 1546 1547 1548 1549 1550 1551 1552 1553 1554 1555 1556 1557 1558 1559 1560 1561 1562 1563 1564 1565 1566 1567 1568 1569 1570 1571 1572 1573 1574 1575 1576 1577 1578 1579 1580 1581 1582 1583 1584 1585 1586 1587 1588 1589 1590 1591 1592 1593 1594 1595 1596 1597 1598 1599 1600 1601 1602 1603 1604 1605 1606 1607 1608 1609 1610 1611 1612 1613 1614 1615 1616 1617 1618 1619 1620 1621 1622 1623 1624 1625 1626 1627 1628 1629 1630 1631 1632 1633 1634 1635 1636 1637 1638 1639 1640 1641 1642 1643 1644 1645 1646 1647 1648 1649 1650 1651 1652 1653 1654 1655 1656 1657 1658 1659 1660 1661 1662 1663 1664 1665 1666 1667 1668 1669 1670 1671 1672 1673 1674 1675 1676 1677 1678 1679 1680 1681 1682 1683 1684 1685 1686 1687 1688 1689 1690 1691 1692 1693 1694 1695 1696 1697 1698 1699 1700 1701 1702 1703 1704 1705 1706 1707 1708 1709 1710 1711 1712 1713 1714 1715 1716 1717 1718 1719 1720 1721 1722 1723 1724 1725 1726 1727 1728 1729 1730 1731 1732 1733 1734 1735 1736 1737 1738 1739 1740 1741 1742 1743 1744 1745 1746 1747 1748 1749 1750 1751 1752 1753 1754 1755 1756 1757 1758 1759 1760 1761 1762 1763 1764 1765 1766 1767 1768 1769 1770 1771 1772 1773 1774 1775 1776 1777 1778 1779 1780 1781 1782 1783 1784 1785 1786 1787 1788 1789 1790 1791 1792 1793 1794 1795 1796 1797 1798 1799 1800 1801 1802 1803 1804 1805 1806 1807 1808 1809 1810 1811 1812 1813 1814 1815 1816 1817 1818 1819 1820 1821 1822 1823 1824 1825 1826 1827 1828 1829 1830 1831 1832 1833 1834 1835 1836 1837 1838 1839 1840 1841 1842 1843 1844 1845 1846 1847 1848 1849 1850 1851 1852 1853 1854 1855 1856 1857 1858 1859 1860 1861 1862 1863 1864 1865 1866 1867 1868 1869 1870 1871 1872 1873 1874 1875 1876 1877 1878 1879 1880 1881 1882 1883 1884 1885 1886 1887 1888 1889 1890 1891 1892 1893 1894 1895 1896 1897 1898 1899 1900 1901 1902 1903 1904 1905 1906 1907 1908 1909 1910 1911 1912 1913 1914 1915 1916 1917 1918 1919 1920 1921 1922 1923 1924 1925 1926 1927 1928 1929 1930 1931 1932 1933 1934 1935 1936 1937 1938 1939 1940 1941 1942 1943 1944 1945 1946 1947 1948 1949 1950 1951 1952 1953 1954 1955 1956 1957 1958 1959 1960 1961 1962 1963 1964 1965 1966 1967 1968 1969 1970 1971 1972 1973 1974 1975 1976 1977 1978 1979 1980 1981 1982 1983 1984 1985 1986 1987 1988 1989 1990 1991 1992 1993 1994 1995 1996 1997 1998 1999 2000 2001 2002 2003 2004 2005 2006 2007 2008 2009 2010 2011 2012 2013 2014 2015 2016 2017 2018 2019 2020 2021 2022 2023 2024 2025 2026 2027 2028 2029 2030 2031 2032 2033 2034 2035 2036 2037 2038 2039 2040 2041 2042 2043 2044 2045 2046 2047 2048 2049 2050 2051 2052 2053 2054 2055 2056 2057 2058 2059 2060 2061 2062 2063 2064 2065 2066 2067 2068 2069 2070 2071 2072 2073 2074 2075 2076 2077 2078 2079 2080 2081 2082 2083 2084 2085 2086 2087 2088 2089 2090 2091 2092 2093 2094 2095 2096 2097 2098 2099 2100 2101 2102 2103 2104 2105 2106 2107 2108 2109 2110 2111 2112 2113 2114 2115 2116 2117 2118 2119 2120 2121 2122 2123 2124 2125 2126 2127 2128 2129 2130 2131 2132 2133 2134 2135 2136 2137 2138 2139 2140 2141 2142 2143 2144 2145 2146 2147 2148 2149 2150 2151 2152 2153 2154 2155 2156 2157 2158 2159 2160 2161 2162 2163 2164 2165 2166 2167 2168 2169 2170 2171 2172 2173 2174 2175 2176 2177 2178 2179 2180 2181 2182 2183 2184 2185 2186 2187 2188 2189 2190 2191 2192 2193 2194 2195 2196 2197 2198 2199 2200 2201 2202 2203 2204 2205 2206 2207 2208 2209 2210 2211 2212 2213 2214 2215 2216 2217 2218 2219 2220 2221 2222 2223 2224 2225 2226 2227 2228 2229 2230 2231 2232 2233 2234 2235 2236 2237 2238 2239 2240 2241 2242 2243 2244 2245 2246 2247 2248 2249 2250 2251 2252 2253 2254 2255 2256 2257 2258 2259 2260 2261 2262 2263 2264 2265 2266 2267 2268 2269 2270 2271 2272 2273 2274 2275 2276 2277 2278 2279 2280 2281 2282 2283 2284 2285 2286 2287 2288 2289 2290 2291 2292 2293 2294 2295 2296 2297 2298 2299 2300 2301 2302 2303 2304 2305 2306 2307 2308 2309 2310 2311 2312 2313 2314 2315 2316 2317 2318 2319 2320 2321 2322 2323 2324 2325 2326 2327 2328 2329 2330 2331 2332 2333 2334 2335 2336 2337 2338 2339 2340 2341 2342 2343 2344 2345 2346 2347 2348 2349 2350 2351 2352 2353 2354 2355 2356 2357 2358 2359 2360 2361 2362 2363 2364 2365 2366 2367 2368 2369 2370 2371 2372 2373 2374 2375 2376 2377 2378 2379 2380 2381 2382 2383 2384 2385 2386 2387 2388 2389 2390 2391 2392 2393 2394 2395 2396 2397 2398 2399 2400 2401 2402 2403 2404 2405 2406 2407 2408 2409 2410 2411 2412 2413 2414 2415 2416 2417 2418 2419 2420 2421 2422 2423 2424 2425 2426 2427 2428 2429 2430 2431 2432 2433 2434 2435 2436 2437 2438 2439 2440 2441 2442 2443 2444 2445 2446 2447 2448 2449 2450 2451 2452 2453 2454 2455 2456 2457 2458 2459 2460 2461 2462 2463 2464 2465 2466 2467 2468 2469 2470 2471 2472 2473 2474 2475 2476 2477 2478 2479 2480 2481 2482 2483 2484 2485 2486 2487 2488 2489 2490 2491 2492 2493 2494 2495 2496 2497 2498 2499 2500 2501 2502 2503 2504 2505 2506 2507 2508 2509 2510 2511 2512 2513 2514 2515 2516 2517 2518 2519 2520 2521 2522 2523 2524 2525 2526 2527 2528 2529 2530 2531 2532 2533 2534 2535 2536 2537 2538 2539 2540 2541 2542 2543 2544 2545 2546 2547 2548 2549 2550 2551 2552 2553 2554 2555 2556 2557 2558 2559 2560 2561 2562 2563 2564 2565 2566 2567 2568 2569 2570 2571 2572 2573 2574 2575 2576 2577 2578 2579 2580 2581 2582 2583 2584 2585 2586 2587 2588 2589 2590 2591 2592 2593 2594 2595 2596 2597 2598 2599 2600 2601 2602 2603 2604 2605 2606 2607 2608 2609 2610 2611 2612 2613 2614 2615 2616 2617 2618 2619 2620 2621 2622 2623 2624 2625 2626 2627 2628 2629 2630 2631 2632 2633 2634 2635 2636 2637 2638 2639 2640 2641 2642 2643 2644 2645 2646 2647 2648 2649 2650 2651 2652 2653 2654 2655 2656 2657 2658 2659 2660 2661 2662 2663 2664 2665 2666 2667 2668 2669 2670 2671 2672 2673 2674 2675 2676 2677 2678 2679 2680 2681 2682 2683 2684 2685 2686 2687 2688 2689 2690 2691 2692 2693 2694 2695 2696 2697 2698 2699 2700 2701 2702 2703 2704 2705 2706 2707 2708 2709 2710 2711 2712 2713 2714 2715 2716 2717 2718 2719 2720 2721 2722 2723 2724 2725 2726 2727 2728 2729 2730 2731 2732 2733 2734 2735 2736 2737 2738 2739 2740 2741 2742 2743 2744 2745 2746 2747 2748 2749 2750 2751 2752 2753 2754 2755 2756 2757 2758 2759 2760 2761 2762 2763 2764 2765 2766 2767 2768 2769 2770 2771 2772 2773 2774 2775 2776 2777 2778 2779 2780 2781 2782 2783 2784 2785 2786 2787 2788 2789 2790 2791 2792 2793 2794 2795 2796 2797 2798 2799 2800 2801 2802 2803 2804 2805 2806 2807 2808 2809 2810 2811 2812 2813 2814 2815 2816 2817 2818 2819 2820 2821 2822 2823 2824 2825 2826 2827 2828 2829 2830 2831 2832 2833 2834 2835 2836 2837 2838 2839 2840 2841 2842 2843 2844 2845 2846 2847 2848 2849 2850 2851 2852 2853 2854 2855 2856 2857 2858 2859 2860 2861 2862 2863 2864 2865 2866 2867 2868 2869 2870 2871 2872 2873 2874 2875 2876 2877 2878 2879 2880 2881 2882 2883 2884 2885 2886 2887 2888 2889 2890 2891 2892 2893 2894 2895 2896 2897 2898 2899 2900 2901 2902 2903 2904 2905 2906 2907 2908 2909 2910 2911 2912 2913 2914 2915 2916 2917 2918 2919 2920 2921 2922 2923 2924 2925 2926 2927 2928 2929 2930 2931 2932 2933 2934 2935 2936 2937 2938 2939 2940 2941 2942 2943 2944 2945 2946 2947 2948 2949 2950 2951 2952 2953 2954 2955 2956 2957 2958 2959 2960 2961 2962 2963 2964 2965 2966 2967 2968 2969 2970 2971 2972 2973 2974 2975 2976 2977 2978 2979 2980 2981 2982 2983 2984 2985 2986 2987 2988 2989 2990 2991 2992 2993 2994 2995 2996 2997 2998 2999 3000 3001 3002 3003 3004 3005 3006 3007 3008 3009 3010 3011 3012 3013 3014 3015 3016 3017 3018 3019 3020 3021 3022 3023 3024 3025 3026 3027 3028 3029 3030 3031 3032 3033 3034 3035 3036 3037 3038 3039 3040 3041 3042 3043 3044 3045 3046 3047 3048 3049 3050 3051 3052 3053 3054 3055 3056 3057 3058 3059 3060 3061 3062 3063 3064 3065 3066 3067 3068 3069 3070 3071 3072 3073 3074 3075 3076 3077 3078 3079 3080 3081 3082 3083 3084 3085 3086 3087 3088 3089 3090 3091 3092 3093 3094 3095 3096 3097 3098 3099 3100 3101 3102 3103 3104 3105 3106 3107 3108 3109 3110 3111 3112 3113 3114 3115 3116 3117 3118 3119 3120 3121 3122 3123 3124 3125 3126 3127 3128 3129 3130 3131 3132 3133 3134 3135 3136 3137 3138 3139 3140 3141 3142 3143 3144 3145 3146 3147 3148 3149 3150 3151 3152 3153 3154 3155 3156 3157 3158 3159 3160 3161 3162 3163 3164 3165 3166 3167 3168 3169 3170 3171 3172 3173 3174 3175 3176 3177 3178 3179 3180 3181 3182 3183 3184 3185 3186 3187 3188 3189 3190 3191 3192 3193 3194 3195 3196 3197 3198 3199 3200 3201 3202 3203 3204 3205 3206 3207 3208 3209 3210 3211 3212 3213 3214 3215 3216 3217 3218 3219 3220 3221 3222 3223 3224 3225 3226 3227 3228 3229 3230 3231 3232 3233 3234 3235 3236 3237 3238 3239 3240 3241 3242 3243 3244 3245 3246 3247 3248 3249 3250 3251 3252 3253 3254 3255 3256 3257 3258 3259 3260 3261 3262 3263 3264 3265 3266 3267 3268 3269 3270 3271 3272 3273 3274 3275 3276 3277 3278 3279 3280 3281 3282 3283 3284 3285 3286 3287 3288 3289 3290 3291 3292 3293 3294 3295 3296 3297 3298 3299 3300 3301 3302 3303 3304 3305 3306 3307 3308 3309 3310 3311 3312 3313 3314 3315 3316 3317 3318 3319 3320 3321 3322 3323 3324 3325 3326 3327 3328 3329 3330 3331 3332 3333 3334 3335 3336 3337 3338 3339 3340 3341 3342 3343 3344 3345 3346 3347 3348 3349 3350 3351 3352 3353 3354 3355 3356 3357 3358 3359 3360 3361 3362 3363 3364 3365 3366 3367 3368 3369 3370 3371 3372 3373 3374 3375 3376 3377 3378 3379 3380 3381 3382 3383 3384 3385 3386 3387 3388 3389 3390 3391 3392 3393 3394 3395 3396 3397 3398 3399 3400 3401 3402 3403 3404 3405 3406 3407 3408 3409 3410 3411 3412 3413 3414 3415 3416 3417 3418 3419 3420 3421 3422 3423 3424 3425 3426 3427 3428 3429 3430 3431 3432 3433 3434 3435 3436 3437 3438 3439 3440 3441 3442 3443 3444 3445 3446 3447 3448 3449 3450 3451 3452 3453 3454 3455 3456 3457 3458 3459 3460 3461 3462 3463 3464 3465 3466 3467 3468 3469 3470 3471 3472 3473 3474 3475 3476 3477 3478 3479 3480 3481 3482 3483 3484 3485 3486 3487 3488 3489 3490 3491 3492 3493 3494 3495 3496 3497 3498 3499 3500 3501 3502 3503 3504 3505 3506 3507 3508 3509 3510 3511 3512 3513 3514 3515 3516 3517 3518 3519 3520 3521 3522 3523 3524 3525 3526 3527 3528 3529 3530 3531 3532 3533 3534 3535 3536 3537 3538 3539 3540 3541 3542 3543 3544 3545 3546 3547 3548 3549 3550 3551 3552 3553 3554 3555 3556 3557 3558 3559 3560 3561 3562 3563 3564 3565 3566 3567 3568 3569 3570 3571 3572 3573 3574 3575 3576 3577 3578 3579 3580 3581 3582 3583 3584 3585 3586 3587 3588 3589 3590 3591 3592 3593 3594 3595 3596 3597 3598 3599 3600 3601 3602 3603 3604 3605 3606 3607 3608 3609 3610 3611 3612 3613 3614 3615 3616 3617 3618 3619 3620 3621 3622 3623 3624 3625 3626 3627 3628 3629 3630 3631 3632 3633 3634 3635 3636 3637 3638 3639 3640 3641 3642 3643 3644 3645 3646 3647 3648 3649 3650 3651 3652 3653 3654 3655 3656 3657 3658 3659 3660 3661 3662 3663 3664 3665 3666 3667 3668 3669 3670 3671 3672 3673 3674 3675 3676 3677 3678 3679 3680 3681 3682 3683 3684 3685 3686 3687 3688 3689 3690 3691 3692 3693 3694 3695 3696 3697 3698 3699 3700 3701 3702 3703 3704 3705 3706 3707 3708 3709 3710 3711 3712 3713 3714 3715 3716 3717 3718 3719 3720 3721 3722 3723 3724 3725 3726 3727 3728 3729 3730 3731 3732 3733 3734 3735 3736 3737 3738 3739 3740 3741 3742 3743 3744 3745 3746 3747 3748 3749 3750 3751 3752 3753 3754 3755 3756 3757 3758 3759 3760 3761 3762 3763 3764 3765 3766 3767 3768 3769 3770 3771 3772 3773 3774 3775 3776 3777 3778 3779 3780 3781 3782 3783 3784 3785 3786 3787 3788 3789 3790 3791 3792 3793 3794 3795 3796 3797 3798 3799 3800 3801 3802 3803 3804 3805 3806 3807 3808 3809 3810 3811 3812 3813 3814 3815 3816 3817 3818 3819 3820 3821 3822 3823 3824 3825 3826 3827 3828 3829 3830 3831 3832 3833 3834 3835 3836 3837 3838 3839 3840 3841 3842 3843 3844 3845 3846 3847 3848 3849 3850 3851 3852 3853 3854 3855 3856 3857 3858 3859 3860 3861 3862 3863 3864 3865 3866 3867 3868 3869 3870 3871 3872 3873 3874 3875 3876 3877 3878 3879 3880 3881 3882 3883 3884 3885 3886 3887 3888 3889 3890 3891 3892 3893 3894 3895 3896 3897 3898 3899 3900 3901 3902 3903 </DataArray>
        <DataArray type="UInt8" Name="vtkGhostType" format="ascii" RangeMin="0" RangeMax="0">0 0 0 0 0 0 0 0 0 0 0 0 0 0 0 0 0 0 0 0 0 0 0 0 0 0 0 0 0 0 0 0 0 0 0 0 0 0 0 0 0 0 0 0 0 0 0 0 0 0 0 0 0 0 0 0 0 0 0 0 0 0 0 0 0 0 0 0 0 0 0 0 0 0 0 0 0 0 0 0 0 0 0 0 0 0 0 0 0 0 0 0 0 0 0 0 0 0 0 0 0 0 0 0 0 0 0 0 0 0 0 0 0 0 0 0 0 0 0 0 0 0 0 0 0 0 0 0 0 0 0 0 0 0 0 0 0 0 0 0 0 0 0 0 0 0 0 0 0 0 0 0 0 0 0 0 0 0 0 0 0 0 0 0 0 0 0 0 0 0 0 0 0 0 0 0 0 0 0 0 0 0 0 0 0 0 0 0 0 0 0 0 0 0 0 0 0 0 0 0 0 0 0 0 0 0 0 0 0 0 0 0 0 0 0 0 0 0 0 0 0 0 0 0 0 0 0 0 0 0 0 0 0 0 0 0 0 0 0 0 0 0 0 0 0 0 0 0 0 0 0 0 0 0 0 0 0 0 0 0 0 0 0 0 0 0 0 0 0 0 0 0 0 0 0 0 0 0 0 0 0 0 0 0 0 0 0 0 0 0 0 0 0 0 0 0 0 0 0 0 0 0 0 0 0 0 0 0 0 0 0 0 0 0 0 0 0 0 0 0 0 0 0 0 0 0 0 0 0 0 0 0 0 0 0 0 0 0 0 0 0 0 0 0 0 0 0 0 0 0 0 0 0 0 0 0 0 0 0 0 0 0 0 0 0 0 0 0 0 0 0 0 0 0 0 0 0 0 0 0 0 0 0 0 0 0 0 0 0 0 0 0 0 0 0 0 0 0 0 0 0 0 0 0 0 0 0 0 0 0 0 0 0 0 0 0 0 0 0 0 0 0 0 0 0 0 0 0 0 0 0 0 0 0 0 0 0 0 0 0 0 0 0 0 0 0 0 0 0 0 0 0 0 0 0 0 0 0 0 0 0 0 0 0 0 0 0 0 0 0 0 0 0 0 0 0 0 0 0 0 0 0 0 0 0 0 0 0 0 0 0 0 0 0 0 0 0 0 0 0 0 0 0 0 0 0 0 0 0 0 0 0 0 0 0 0 0 0 0 0 0 0 0 0 0 0 0 0 0 0 0 0 0 0 0 0 0 0 0 0 0 0 0 0 0 0 0 0 0 0 0 0 0 0 0 0 0 0 0 0 0 0 0 0 0 0 0 0 0 0 0 0 0 0 0 0 0 0 0 0 0 0 0 0 0 0 0 0 0 0 0 0 0 0 0 0 0 0 0 0 0 0 0 0 0 0 0 0 0 0 0 0 0 0 0 0 0 0 0 0 0 0 0 0 0 0 0 0 0 0 0 0 0 0 0 0 0 0 0 0 0 0 0 0 0 0 0 0 0 0 0 0 0 0 0 0 0 0 0 0 0 0 0 0 0 0 0 0 0 0 0 0 0 0 0 0 0 0 0 0 0 0 0 0 0 0 0 0 0 0 0 0 0 0 0 0 0 0 0 0 0 0 0 0 0 0 0 0 0 0 0 0 0 0 0 0 0 0 0 0 0 0 0 0 0 0 0 0 0 0 0 0 0 0 0 0 0 0 0 0 0 0 0 0 0 0 0 0 0 0 0 0 0 0 0 0 0 0 0 0 0 0 0 0 0 0 0 0 0 0 0 0 0 0 0 0 0 0 0 0 0 0 0 0 0 0 0 0 0 0 0 0 0 0 0 0 0 0 0 0 0 0 0 0 0 0 0 0 0 0 0 0 0 0 0 0 0 0 0 0 0 0 0 0 0 0 0 0 0 0 0 0 0 0 0 0 0 0 0 0 0 0 0 0 0 0 0 0 0 0 0 0 0 0 0 0 0 0 0 0 0 0 0 0 0 0 0 0 0 0 0 0 0 0 0 0 0 0 0 0 0 0 0 0 0 0 0 0 0 0 0 0 0 0 0 0 0 0 0 0 0 0 0 0 0 0 0 0 0 0 0 0 0 0 0 0 0 0 0 0 0 0 0 0 0 0 0 0 0 0 0 0 0 0 0 0 0 0 0 0 0 0 0 0 0 0 0 0 0 0 0 0 0 0 0 0 0 0 0 0 0 0 0 0 0 0 0 0 0 0 0 0 0 0 0 0 0 0 0 0 0 0 0 0 0 0 0 0 0 0 0 0 0 0 0 0 0 0 0 0 0 0 0 0 0 0 0 0 0 0 0 0 0 0 0 0 0 0 0 0 0 0 0 0 0 0 0 0 0 0 0 0 0 0 0 0 0 0 0 0 0 0 0 0 0 0 0 0 0 0 0 0 0 0 0 0 0 0 0 0 0 0 0 0 0 0 0 0 0 0 0 0 0 0 0 0 0 0 0 0 0 0 0 0 0 0 0 0 0 0 0 0 0 0 0 0 0 0 0 0 0 0 0 0 0 0 0 0 0 0 0 0 0 0 0 0 0 0 0 0 0 0 0 0 0 0 0 0 0 0 0 0 0 0 0 0 0 0 0 0 0 0 0 0 0 0 0 0 0 0 0 0 0 0 0 0 0 0 0 0 0 0 0 0 0 0 0 0 0 0 0 0 0 0 0 0 0 0 0 0 0 0 0 0 0 0 0 0 0 0 0 0 0 0 0 0 0 0 0 0 0 0 0 0 0 0 0 0 0 0 0 0 0 0 0 0 0 0 0 0 0 0 0 0 0 0 0 0 0 0 0 0 0 0 0 0 0 0 0 0 0 0 0 0 0 0 0 0 0 0 0 0 0 0 0 0 0 0 0 0 0 0 0 0 0 0 0 0 0 0 0 0 0 0 0 0 0 0 0 0 0 0 0 0 0 0 0 0 0 0 0 0 0 0 0 0 0 0 0 0 0 0 0 0 0 0 0 0 0 0 0 0 0 0 0 0 0 0 0 0 0 0 0 0 0 0 0 0 0 0 0 0 0 0 0 0 0 0 0 0 0 0 0 0 0 0 0 0 0 0 0 0 0 0 0 0 0 0 0 0 0 0 0 0 0 0 0 0 0 0 0 0 0 0 0 0 0 0 0 0 0 0 0 0 0 0 0 0 0 0 0 0 0 0 0 0 0 0 0 0 0 0 0 0 0 0 0 0 0 0 0 0 0 0 0 0 0 0 0 0 0 0 0 0 0 0 0 0 0 0 0 0 0 0 0 0 0 0 0 0 0 0 0 0 0 0 0 0 0 0 0 0 0 0 0 0 0 0 0 0 0 0 0 0 0 0 0 0 0 0 0 0 0 0 0 0 0 0 0 0 0 0 0 0 0 0 0 0 0 0 0 0 0 0 0 0 0 0 0 0 0 0 0 0 0 0 0 0 0 0 0 0 0 0 0 0 0 0 0 0 0 0 0 0 0 0 0 0 0 0 0 0 0 0 0 0 0 0 0 0 0 0 0 0 0 0 0 0 0 0 0 0 0 0 0 0 0 0 0 0 0 0 0 0 0 0 0 0 0 0 0 0 0 0 0 0 0 0 0 0 0 0 0 0 0 0 0 0 0 0 0 0 0 0 0 0 0 0 0 0 0 0 0 0 0 0 0 0 0 0 0 0 0 0 0 0 0 0 0 0 0 0 0 0 0 0 0 0 0 0 0 0 0 0 0 0 0 0 0 0 0 0 0 0 0 0 0 0 0 0 0 0 0 0 0 0 0 0 0 0 0 0 0 0 0 0 0 0 0 0 0 0 0 0 0 0 0 0 0 0 0 0 0 0 0 0 0 0 0 0 0 0 0 0 0 0 0 0 0 0 0 0 0 0 0 0 0 0 0 0 0 0 0 0 0 0 0 0 0 0 0 0 0 0 0 0 0 0 0 0 0 0 0 0 0 0 0 0 0 0 0 0 0 0 0 0 0 0 0 0 0 0 0 0 0 0 0 0 0 0 0 0 0 0 0 0 0 0 0 0 0 0 0 0 0 0 0 0 0 0 0 0 0 0 0 0 0 0 0 0 0 0 0 0 0 0 0 0 0 0 0 0 0 0 0 0 0 0 0 0 0 0 0 0 0 0 0 0 0 0 0 0 0 0 0 0 0 0 0 0 0 0 0 0 0 0 0 0 0 0 0 0 0 0 0 0 0 0 0 0 0 0 0 0 0 0 0 0 0 0 0 0 0 0 0 0 0 0 0 0 0 0 0 0 0 0 0 0 0 0 0 0 0 0 0 0 0 0 0 0 0 0 0 0 0 0 0 0 0 0 0 0 0 0 0 0 0 0 0 0 0 0 0 0 0 0 0 0 0 0 0 0 0 0 0 0 0 0 0 0 0 0 0 0 0 0 0 0 0 0 0 0 0 0 0 0 0 0 0 0 0 0 0 0 0 0 0 0 0 0 0 0 0 0 0 0 0 0 0 0 0 0 0 0 0 0 0 0 0 0 0 0 0 0 0 0 0 0 0 0 0 0 0 0 0 0 0 0 0 0 0 0 0 0 0 0 0 0 0 0 0 0 0 0 0 0 0 0 0 0 0 0 0 0 0 0 0 0 0 0 0 0 0 0 0 0 0 0 0 0 0 0 0 0 0 0 0 0 0 0 0 0 0 0 0 0 0 0 0 0 0 0 0 0 0 0 0 0 0 0 0 0 0 0 0 0 0 0 0 0 0 0 0 0 0 0 0 0 0 0 0 0 0 0 0 0 0 0 0 0 0 0 0 0 0 0 0 0 0 0 0 0 0 0 0 0 0 0 0 0 0 0 0 0 0 0 0 0 0 0 0 0 0 0 0 0 0 0 0 0 0 0 0 0 0 0 0 0 0 0 0 0 0 0 0 0 0 0 0 0 0 0 0 0 0 0 0 0 0 0 0 0 0 0 0 0 0 0 0 0 0 0 0 0 0 0 0 0 0 0 0 0 0 0 0 0 0 0 0 0 0 0 0 0 0 0 0 0 0 0 0 0 0 0 0 0 0 0 0 0 0 0 0 0 0 0 0 0 0 0 0 0 0 0 0 0 0 0 0 0 0 0 0 0 0 0 0 0 0 0 0 0 0 0 0 0 0 0 0 0 0 0 0 0 0 0 0 0 0 0 0 0 0 0 0 0 0 0 0 0 0 0 0 0 0 0 0 0 0 0 0 0 0 0 0 0 0 0 0 0 0 0 0 0 0 0 0 0 0 0 0 0 0 0 0 0 0 0 0 0 0 0 0 0 0 0 0 0 0 0 0 0 0 0 0 0 0 0 0 0 0 0 0 0 0 0 0 0 0 0 0 0 0 0 0 0 0 0 0 0 0 0 0 0 0 0 0 0 0 0 0 0 0 0 0 0 0 0 0 0 0 0 0 0 0 0 0 0 0 0 0 0 0 0 0 0 0 0 0 0 0 0 0 0 0 0 0 0 0 0 0 0 0 0 0 0 0 0 0 0 0 0 0 0 0 0 0 0 0 0 0 0 0 0 0 0 0 0 0 0 0 0 0 0 0 0 0 0 0 0 0 0 0 0 0 0 0 0 0 0 0 0 0 0 0 0 0 0 0 0 0 0 0 0 0 0 0 0 0 0 0 0 0 0 0 0 0 0 0 0 0 0 0 0 0 0 0 0 0 0 0 0 0 0 0 0 0 0 0 0 0 0 0 0 0 0 0 0 0 0 0 0 0 0 0 0 0 0 0 0 0 0 0 0 0 0 0 0 0 0 0 0 0 0 0 0 0 0 0 0 0 0 0 0 0 0 0 0 0 0 0 0 0 0 0 0 0 0 0 0 0 0 0 0 0 0 0 0 0 0 0 0 0 0 0 0 0 0 0 0 0 0 0 0 0 0 0 0 0 0 0 0 0 0 0 0 0 0 0 0 0 0 0 0 0 0 0 0 0 0 0 0 0 0 0 0 0 0 0 0 0 0 0 0 0 0 0 0 0 0 0 0 0 0 0 0 0 0 0 0 0 0 0 0 0 0 0 0 0 0 0 0 0 0 0 0 0 0 0 0 0 0 0 0 0 0 0 0 0 0 0 0 0 0 0 0 0 0 0 0 0 0 0 0 0 0 0 0 0 0 0 0 0 0 0 0 0 0 0 0 0 0 0 0 0 0 0 0 0 0 0 0 0 0 0 0 0 0 0 0 0 0 0 0 0 0 0 0 0 0 0 0 0 0 0 0 0 0 0 0 0 0 0 0 0 0 0 0 0 0 0 0 0 0 0 0 0 0 0 0 0 0 0 0 0 0 0 0 0 0 0 0 0 0 0 0 0 0 0 0 0 0 0 0 0 0 0 0 0 0 0 0 0 0 0 0 0 0 0 0 0 0 0 0 0 0 0 0 0 0 0 0 0 0 0 0 0 0 0 0 0 0 0 0 0 0 0 0 0 0 0 0 0 0 0 0 0 0 0 0 0 0 0 0 0 0 0 0 0 0 0 0 0 0 0 0 0 0 0 0 0 0 0 0 0 0 0 0 0 0 0 0 0 0 0 0 0 0 0 0 0 0 0 0 0 0 0 0 0 0 0 0 0 0 0 0 0 0 0 0 0 0 0 0 0 0 0 0 0 0 0 0 0 0 0 0 0 0 0 0 0 0 0 0 0 0 0 0 0 0 0 0 0 0 0 0 0 0 0 0 0 0 0 0 0 0 0 0 0 0 0 0 0 0 0 0 0 0 0 0 0 0 0 0 0 0 0 0 0 0 0 0 0 0 0 0 0 0 0 0 0 0 0 0 0 0 0 0 0 0 0 0 0 0 0 0 0 0 0 0 0 0 0 0 0 0 0 0 0 0 0 0 0 0 0 0 0 0 0 0 0 0 0 0 0 0 0 0 0 0 0 0 0 0 0 0 0 0 0 0 0 0 0 0 0 0 0 0 0 0 0 0 0 0 0 0 0 0 0 0 0 0 0 0 0 0 0 0 0 0 0 0 0 0 0 0 0 0 0 0 0 0 0 0 0 0 0 0 0 0 0 0 0 0 0 0 0 0 0 0 0 0 0 0 0 0 0 0 0 0 0 0 0 0 0 0 0 0 0 0 0 0 0 0 0 0 0 0 0 0 0 0 0 0 0 0 0 0 0 0 0 0 0 0 0 0 0 0 0 0 0 0 0 0 0 0 0 0 0 0 0 0 0 0 0 0 0 0 0 0 0 0 0 0 0 0 0 0 0 0 0 0 0 0 0 0 0 0 0 0 0 0 0 0 0 0 0 0 0 0 0 0 0 0 0 0 0 0 0 0 0 0 0 0 0 0 0 0 0 0 0 0 0 0 0 0 0 0 0 0 0 0 0 0 0 0 0 0 0 0 0 0 0 0 0 0 0 0 0 0 0 0 0 0 0 0 0 0 0 0 0 0 0 0 0 0 0 0 0 0 0 0 0 0 0 0 0 0 0 0 0 0 0 0 0 0 0 0 0 0 0 0 0 0 0 0 0 0 0 0 0 0 0 0 0 0 0 0 0 0 0 0 0 0 0 0 0 0 0 0 0 0 0 0 0 0 0 0 0 0 0 0 0 0 0 0 0 0 0 0 0 0 0 0 0 0 0 0 0 0 0 0 0 0 0 0 0 0 0 0 0 0 0 0 0 0 0 0 0 0 0 0 0 0 0 0 0 0 0 0 0 0 0 0 0 0 0 0 0 0 0 0 0 0 0 0 0 0 0 0 0 0 0 0 0 0 0 0 0 0 0 0 0 0 0 0 0 0 0 0 0 0 0 0 0 0 0 0 0 0 0 0 0 0 0 0 0 0 0 0 0 0 0 0 0 0 0 0 0 0 0 0 0 0 0 0 0 0 0 0 0 0 0 0 0 0 0 0 0 0 0 0 0 0 0 0 0 0 0 0 0 0 0 0 0 0 0 0 0 0 0 0 0 0 0 0 0 0 0 0 0 0 0 0 0 0 0 0 0 0 0 0 0 0 0 0 0 0 0 0 0 0 0 0 0 0 0 0 0 0 0 0 0 0 0 0 0 0 0 0 0 0 0 0 0 0 0 0 0 0 0 0 0 0 0 0 0 0 0 0 0 0 0 0 0 0 0 0 0 0 0 0 0 0 0 0 0 0 0 0 0 0 0 0 0 0 0 0 0 0 0 0 0 0 0 0 0 0 0 0 0 0 0 0 0 0 0 0 0 0 0 0 0 0 0 0 0 0 0 0 0 0 0 0 0 0 0 0 0 0 0 0 0 0 0 0 0 0 0 0 0 0 0 0 0 0 0 0 0 0 0 0 0 0 0 0 0 0 0 0 0 0 0 0 0 0 0 0 0 0 0 0 0 0 0 0 0 0 0 0 0 0 0 0 0 0 0 0 0 0 0 0 0 0 0 0 0 0 0 0 0 0 0 0 0 0 0 0 0 0 0 0 0 0 0 0 0 0 0 0 0 0 0 0 0 0 0 0 0 0 0 0 0 0 0 0 0 0 0 0 0 0 0 0 0 0 0 0 0 0 0 0 0 0 0 0 0 0 0 0 0 0 0 0 0 0 0 0 0 0 0 0 0 0 0 0 0 0 0 0 0 0 0 0 0 0 0 0 0 0 0 0 0 0 0 0 0 0 0 0 0 0 0 0 0 0 0 0 0 0 0 0 0 0 0 0 0 0 0 0 0 0 0 0 0 0 0 0 0 0 0 0 0 0 0 0 0 0 0 0 0 0 0 0 0 0 0 0 0 0 0 0 0 0 0 0 0 0 0 0 0 0 0 0 0 0 0 0 0 0 0 0 0 0 0 0 0 0 0 0 0 0 0 0 0 0 0 0 0 0 0 0 0 0 </DataArray>
        <DataArray type="Float64" Name="solution" format="ascii" NumberOfComponents="3">0.655976447286336 0.6556651144820339 0 0.6922154483532913 0.6919782462957367 0 0.7707110168791184 0.7707545992851892 0 0.8130424757732605 0.8136045516417577 0 0.6680561143086533 0.6677694917532671 0 0.6801357813309727 0.6798738690245023 0 0.6942213038172624 0.6940282760830847 0 0.7324661603481903 0.7323914376841369 0 0.7324911241599479 0.732520348077744 0 0.7727667999666035 0.7730624498597501 0 0.7848215031771655 0.7850379167373785 0 0.7989319894752118 0.799321234189567 0 0.7069779105981577 0.7068589667479712 0 0.7197345173790528 0.7196896574128576 0 0.7458997068876623 0.7459484417426755 0 0.7593332534271324 0.7595054458012123 0 0.6922154483532934 0.691978246295739 0 0.6968576233265327 0.6966299173336369 0 0.8130424757732591 0.8136045516417565 0 0.8136327924656165 0.8142272640732925 0 0.6937628400110391 0.6935288033083709 0 0.6953102316687862 0.6950793603210041 0 0.7324911241599478 0.7325203480777438 0 0.7727667999666036 0.7730624498597503 0 0.7357826797062278 0.7358290329135225 0 0.7747077360859214 0.7750281484934068 0 0.8131815222027714 0.8137544626437482 0 0.8133784389678664 0.8139621698181696 0 0.7335690674082835 0.7336040230868301 0 0.7346663007684802 0.7347069634867266 0 0.7733752948055277 0.7736792428652894 0 0.7740223698681732 0.7743345666524479 0 0.6968576233265349 0.6966299173336391 0 0.7086892462551581 0.7087185123027202 0 0.8136327924656152 0.8142272640732913 0 0.8125520975547788 0.8132466956931836 0 0.700801497636075 0.7006594489899985 0 0.7047453719456168 0.7046889806463597 0 0.7357826797062276 0.7358290329135224 0 0.7747077360859213 0.7750281484934066 0 0.7433101966883653 0.7435612400995417 0 0.7779311471215712 0.7784039678963619 0 0.8090108173503336 0.8096067298870826 0 0.8086283402101777 0.8092584440994283 0 0.7368712708741613 0.7369752092890266 0 0.7393730280338039 0.7395454684640493 0 0.7729410441122477 0.773290969588055 0 0.7740006841219909 0.7744019562817388 0 0.7086892462551597 0.7087185123027219 0 0.6950882025005828 0.6952070157627273 0 0.8125520975547778 0.8132466956931826 0 0.8135445672682048 0.8141677801317048 0 0.7041555650036334 0.704214680122723 0 0.6996218837521082 0.6997108479427252 0 0.7433101966883651 0.7435612400995415 0 0.7779311471215715 0.7784039678963621 0 0.7345736574231237 0.7348606038857201 0 0.7740591123456638 0.774514192008712 0 0.8085155634474693 0.8091710059641433 0 0.8088468981371369 0.8094818378696386 0 0.7389422311515788 0.7392001220698631 0 0.7360302218804512 0.7363011779183631 0 0.7737288972995244 0.7741855640170036 0 0.772438560008794 0.7728915078940006 0 0.6950882025005839 0.6952070157627284 0 0.6905345707962363 0.6905848820761135 0 0.8135445672682045 0.8141677801317045 0 0.8127619718178321 0.8133876463088285 0 0.6935703252658009 0.6936663045338562 0 0.6920524480310186 0.6921255933049849 0 0.7345736574231235 0.7348606038857198 0 0.774059112345664 0.7745141920087123 0 0.7312770378034351 0.7315191368203521 0 0.7720195048106337 0.7724533915645905 0 0.8132283468132004 0.8138516499429091 0 0.8129673956413846 0.8135915091377979 0 0.7334563324482676 0.7337280863368741 0 0.7323574305678077 0.7326142319159229 0 0.7733423396307342 0.7737898681398919 0 0.772662413104596 0.7731028705268602 0 0.6905345707962369 0.6905848820761142 0 0.654986780128381 0.6545023327180359 0 0.8127619718178322 0.8133876463088288 0 0.768386399367195 0.7688683487209473 0 0.6786853072402849 0.6785573656234213 0 0.666836043684333 0.6665298491707288 0 0.7312770378034351 0.7315191368203521 0 0.7720195048106336 0.7724533915645904 0 0.6927866532079856 0.6926243380523397 0 0.7305865262875904 0.7307463433866437 0 0.7979701143342863 0.7985478804462014 0 0.7831782568507407 0.7837081145835746 0 0.7184469096049519 0.7185542038976813 0 0.7056167814064688 0.7055892709750106 0 0.7582085119696192 0.7585510421719415 0 0.7443975191286047 0.7446486927792925 0 0.6949337802635571 0.6949337631531251 0 0.7329740137149021 0.7329958835966619 0 0.770754547480514 0.7707110706487904 0 0.8164782727061796 0.8164565923438416 0 0.7076138580806707 0.7076211366343027 0 0.7202939358977872 0.7203085101154831 0 0.7202073693358746 0.7201928656516787 0 0.7454809584081943 0.7454519681502345 0 0.7608087667119952 0.7608161198457224 0 0.7886435197090862 0.7886363560947811 0 0.7859957892224022 0.7859595778804738 0 0.8012370309642899 0.8012080851121566 0 0.7337411684612484 0.733733950383027 0 0.7472749675866217 0.7472750351143747 0 0.7598684788418258 0.7598467641317508 0 0.7742559992754555 0.7742415601132654 0 0.7329740137149052 0.7329958835966651 0 0.7707110168791182 0.7707545992851891 0 0.816478272706178 0.81645659234384 0 0.8164565945015372 0.8164782695699175 0 0.7455530147696415 0.7455821221595051 0 0.7581320158243805 0.7581683607223477 0 0.7608087667119949 0.7608161198457222 0 0.7886435197090866 0.7886363560947813 0 0.7859595427532583 0.7859958227134323 0 0.8012080686273967 0.801237046141674 0 0.8151379497141711 0.815131813643176 0 0.8152243145615043 0.8152325533433985 0 0.7687479930844856 0.7687653526540629 0 0.7771627820700889 0.7771897582626984 0 0.7919429713993288 0.7919485831486199 0 0.7961935483157965 0.7962111558030482 0 0.7707110168791211 0.770754599285192 0 0.8130424757732594 0.8136045516417567 0 0.8164565945015357 0.8164782695699162 0 0.8130424757732606 0.8136045516417578 0 0.784821503177166 0.7850379167373791 0 0.7989319894752129 0.7993212341895681 0 0.7859595427532581 0.7859958227134322 0 0.8012080686273971 0.8012370461416745 0 0.8130424757732602 0.8136045516417574 0 0.8130424757732593 0.8136045516417566 0 0.8148736893285844 0.8150576735259681 0 0.813512825368472 0.8138793943211885 0 0.7948388985609725 0.7950445023335756 0 0.8037922681062999 0.8041739542334422 0 0.8048562939447788 0.8050510879297724 0 0.808652546737386 0.8090266742773153 0 0.8127619718178328 0.8133876463088293 0 0.7683863993671948 0.7688683487209472 0 0.8127619718178323 0.8133876463088289 0 0.8159967828166513 0.816236771685513 0 0.7979701143342864 0.7985478804462016 0 0.7831782568507408 0.7837081145835747 0 0.8127619718178324 0.8133876463088289 0 0.8127619718178325 0.813387646308829 0 0.7842565271836803 0.7846578230424692 0 0.800126655000166 0.8004472973639913 0 0.8128836947158385 0.8131448910551718 0 0.8141547855492451 0.8142504694332557 0 0.802941307794804 0.8034135506491917 0 0.7935037664169087 0.7938888995334681 0 0.8079125012553212 0.8082792208521818 0 0.8038292759830767 0.8040696844833619 0 0.7683863993671952 0.7688683487209477 0 0.7306943304682096 0.7309362575433653 0 0.8159967828166514 0.816236771685513 0 0.8162367762527039 0.8159967737396379 0 0.7558223764008665 0.75622431832842 0 0.7432583534345378 0.7435802879358925 0 0.7842565271836803 0.7846578230424692 0 0.8001266550001659 0.8004472973639911 0 0.7592084790630409 0.7592897629421228 0 0.7877226276578728 0.7876432683408807 0 0.814948604960523 0.8150399229941612 0 0.8149435249020653 0.8148757041680137 0 0.7755311192540854 0.775829519883667 0 0.76715341059038 0.7673454266799324 0 0.7952398621073041 0.795434721438914 0 0.7910484677462228 0.7911105654239732 0 0.730694330468209 0.7309362575433648 0 0.6926993923449482 0.692699368476845 0 0.8162367762527042 0.8159967737396383 0 0.7688683146722018 0.7683864243600572 0 0.7180293510937891 0.718190627854525 0 0.7053643717193684 0.7054449981656848 0 0.7592084790630409 0.7592897629421228 0 0.7877226276578726 0.7876432683408807 0 0.7180890331206992 0.7179283871045822 0 0.7434786738964513 0.7431574057323205 0 0.8004472890592036 0.8001266572797783 0 0.7846578018657036 0.7842565408199185 0 0.7455019970822602 0.7455026376629423 0 0.7317955151014799 0.7317155123837624 0 0.7729746430707318 0.7728146474713602 0 0.7582266584835917 0.7579860266018406 0 0.6556650989741484 0.6559764460082039 0 0.7707545474805143 0.7707110706487907 0 0.6919782308558201 0.6922154603997606 0 0.8136045532858436 0.8130424790776285 0 0.6940282484762693 0.6942213208883985 0 0.7323913979783919 0.7324661957685947 0 0.6677694762680382 0.6680561174720553 0 0.6798738535619291 0.6801357889359079 0 0.7850378827489576 0.7848215401250702 0 0.7993212180173994 0.7989320096013481 0 0.7325203383324945 0.732491133292383 0 0.7730624458091679 0.7727668061850046 0 0.7068589450950113 0.7069779250230602 0 0.7459484139219842 0.7458997325740649 0 0.7196896417137533 0.7197345291577221 0 0.7595054298655759 0.7593332693795347 0 0.6919782308558226 0.6922154603997628 0 0.8136045532858424 0.8130424790776273 0 0.6966299019024267 0.6968576370798679 0 0.8142272716135187 0.8136327899775257 0 0.7325203383324946 0.7324911332923831 0 0.7730624458091687 0.7727668061850055 0 0.6935287878713563 0.6937628526264636 0 0.6950793448868916 0.6953102448531658 0 0.8137544663032638 0.8131815235102818 0 0.8139621754418997 0.8133784383459779 0 0.7358290251394574 0.7357826880457539 0 0.7750281483764867 0.7747077390116385 0 0.7336040140153257 0.7335690762544033 0 0.7736792401592945 0.7733752998823424 0 0.7347069550718951 0.7346663093507706 0 0.7743345652568969 0.7740223738483738 0 0.7707545474805165 0.770711070648793 0 0.8164782727061781 0.8164565923438403 0 0.8136045532858421 0.8130424790776271 0 0.8136045532858436 0.8130424790776285 0 0.7859957892224027 0.7859595778804744 0 0.801237030964291 0.8012080851121578 0 0.7850378827489575 0.78482154012507 0 0.7993212180174 0.7989320096013487 0 0.8150576731902889 0.8148736885393096 0 0.8138793935376784 0.8135128268017802 0 0.8136045532858425 0.8130424790776274 0 0.8136045532858415 0.8130424790776264 0 0.7950444795627347 0.7948389229298167 0 0.8050510763765114 0.8048563057345628 0 0.8041739431908266 0.803792282001493 0 0.809026668364252 0.8086525544016362 0 0.8162367762527032 0.8159967737396374 0 0.768868314672203 0.7683864243600583 0 0.8133876485359022 0.8127619727343636 0 0.8133876485359004 0.8127619727343619 0 0.8004472890592037 0.8001266572797783 0 0.7846578018657028 0.7842565408199178 0 0.8142504694826662 0.8141547843953877 0 0.813144890573454 0.8128836965053325 0 0.7837080926267683 0.7831782738181591 0 0.7985478705813354 0.7979701232762614 0 0.8133876485359016 0.8127619727343631 0 0.8133876485359023 0.8127619727343639 0 0.8040696771973668 0.8038292808696444 0 0.7938888849120674 0.7935037773439018 0 0.8082792172427469 0.8079125054289744 0 0.8034135439120416 0.8029413143526186 0 0.7688683146722012 0.7683864243600566 0 0.6545023207100599 0.654986779770825 0 0.8133876485359015 0.812761972734363 0 0.6905848773617748 0.6905345733949659 0 0.7307463166848212 0.7305865428303131 0 0.6926243186974399 0.6927866613005684 0 0.7837080926267684 0.7831782738181592 0 0.7985478705813351 0.7979701232762613 0 0.6665298395939645 0.666836044312205 0 0.6785573584778712 0.678685308853587 0 0.7724533914778593 0.7720195062878974 0 0.7315191344198189 0.7312770398414336 0 0.7446486749491665 0.7443975306495072 0 0.7055892572715656 0.7056167874808561 0 0.7585510332135126 0.758208518468702 0 0.7185541958456927 0.7184469136611452 0 0.8133876485358991 0.8127619727343606 0 0.6905848773617768 0.6905345733949678 0 0.8141677865823124 0.8135445653050323 0 0.6952070119826952 0.6950882054780092 0 0.7724533914778593 0.7720195062878973 0 0.7315191344198173 0.7312770398414319 0 0.813591512801134 0.8129673955689493 0 0.8138516550134525 0.8132283457814711 0 0.6921255889020825 0.6920524507559812 0 0.6936663004423907 0.693570328116997 0 0.7745141950491071 0.7740591120293583 0 0.7348606035159028 0.7345736587536854 0 0.7731028715014499 0.7726624139646262 0 0.7326142302017664 0.732357432360304 0 0.7737898701564307 0.7733423398933121 0 0.733728085299411 0.7334563340051549 0 0.6966299019024292 0.6968576370798705 0 0.8142272716135177 0.8136327899775246 0 0.7087185121947721 0.7086892509754886 0 0.8132466933110862 0.8125520979927833 0 0.7358290251394577 0.7357826880457541 0 0.775028148376488 0.7747077390116398 0 0.7006594386665426 0.7008015083784089 0 0.7046889754306571 0.7047453796769486 0 0.8096067326172423 0.8090108167276806 0 0.8092584438526567 0.8086283404160851 0 0.7435612392335433 0.7433101999812535 0 0.7784039662723139 0.7779311489870174 0 0.7369752033167756 0.736871277828166 0 0.7732909679670087 0.7729410472779231 0 0.7395454649046579 0.7393730332566615 0 0.7744019543786569 0.7740006868363729 0 0.8141677865823097 0.8135445653050296 0 0.6952070119826974 0.6950882054780114 0 0.8132466933110863 0.8125520979927832 0 0.7087185121947688 0.7086892509754873 0 0.774514195049107 0.7740591120293584 0 0.7348606035159011 0.7345736587536837 0 0.8094818406698951 0.8088468971579413 0 0.8091710059859656 0.8085155632679559 0 0.6997108453867203 0.6996218873105025 0 0.7042146787907465 0.7041555691429968 0 0.778403966272314 0.777931148987018 0 0.7435612392335433 0.7433101999812546 0 0.7728915089088361 0.7724385605421277 0 0.7363011771477788 0.7360302239263155 0 0.7741855635875579 0.7737288985596349 0 0.7392001211891528 0.7389422338513165 0 0.7087185121947739 0.7086892509754904 0 0.8132466933110856 0.8125520979927826 0 0.6952070119826967 0.6950882054780108 0 0.8141677865823134 0.8135445653050334 0 0.7435612392335434 0.7433101999812535 0 0.7784039662723148 0.7779311489870184 0 0.7042146787907474 0.7041555691429965 0 0.699710845386722 0.6996218873105036 0 0.8091710059859656 0.8085155632679564 0 0.8094818406698954 0.8088468971579418 0 0.7348606035159023 0.734573658753685 0 0.7745141950491075 0.7740591120293588 0 0.7392001211891532 0.7389422338513161 0 0.7741855635875595 0.7737288985596362 0 0.7363011771477801 0.7360302239263165 0 0.7728915089088377 0.7724385605421291 0 0.813246693311083 0.8125520979927798 0 0.7087185121947712 0.7086892509754896 0 0.8142272716135186 0.8136327899775255 0 0.6966299019024242 0.6968576370798679 0 0.7784039662723138 0.7779311489870178 0 0.7435612392335418 0.7433101999812528 0 0.8092584438526573 0.8086283404160858 0 0.809606732617242 0.8090108167276806 0 0.7046889754306548 0.7047453796769483 0 0.7006594386665412 0.7008015083784098 0 0.7750281483764874 0.77470773901164 0 0.7358290251394579 0.735782688045756 0 0.7744019543786553 0.7740006868363721 0 0.7395454649046553 0.7393730332566604 0 0.7732909679670068 0.7729410472779219 0 0.7369752033167749 0.7368712778281667 0 0.695207011982698 0.695088205478012 0 0.8141677865823128 0.8135445653050328 0 0.6905848773617761 0.6905345733949674 0 0.8133876485359017 0.8127619727343633 0 0.7348606035159022 0.7345736587536849 0 0.7745141950491077 0.7740591120293591 0 0.6936663004423902 0.6935703281169967 0 0.692125588902083 0.6920524507559818 0 0.8138516550134534 0.8132283457814721 0 0.8135915128011351 0.8129673955689504 0 0.7315191344198181 0.7312770398414327 0 0.77245339147786 0.7720195062878979 0 0.7337280852994112 0.733456334005155 0 0.7737898701564323 0.7733423398933135 0 0.7326142302017674 0.732357432360305 0 0.7731028715014514 0.772662413964628 0 0.6905848773617768 0.690534573394968 0 0.813387648535902 0.8127619727343635 0 0.654502320710058 0.6549867797708236 0 0.7688683146722024 0.7683864243600573 0 0.7315191344198181 0.7312770398414327 0 0.7724533914778601 0.7720195062878982 0 0.6785573584778702 0.6786853088535862 0 0.6665298395939642 0.666836044312205 0 0.7985478705813354 0.7979701232762614 0 0.7837080926267688 0.7831782738181592 0 0.6926243186974395 0.6927866613005682 0 0.730746316684821 0.7305865428303128 0 0.718554195845692 0.7184469136611447 0 0.7585510332135137 0.7582085184687031 0 0.7055892572715657 0.7056167874808565 0 0.7446486749491674 0.744397530649508 0 0.8133876485359022 0.8127619727343638 0 0.8133876485359015 0.812761972734363 0 0.7688683146722024 0.7683864243600572 0 0.8162367762527052 0.8159967737396399 0 0.8133876485359017 0.8127619727343633 0 0.8133876485359018 0.8127619727343633 0 0.7985478705813354 0.7979701232762613 0 0.783708092626769 0.7831782738181594 0 0.8131448905734524 0.8128836965053321 0 0.8142504694826644 0.8141547843953877 0 0.7846578018657033 0.7842565408199181 0 0.8004472890592043 0.8001266572797792 0 0.8034135439120411 0.8029413143526184 0 0.8082792172427465 0.807912505428975 0 0.7938888849120673 0.793503777343902 0 0.804069677197366 0.8038292808696449 0 0.8136045532858385 0.8130424790776237 0 0.8136045532858432 0.8130424790776283 0 0.8164782727061808 0.8164565923438412 0 0.7707545474805103 0.7707110706487889 0 0.8136045532858422 0.8130424790776274 0 0.8136045532858416 0.8130424790776266 0 0.8138793935376786 0.8135128268017805 0 0.8150576731902891 0.8148736885393097 0 0.799321218017398 0.7989320096013476 0 0.7850378827489565 0.7848215401250704 0 0.801237030964291 0.8012080851121575 0 0.7859957892224027 0.7859595778804751 0 0.809026668364251 0.8086525544016354 0 0.8041739431908252 0.8037922820014922 0 0.8050510763765101 0.8048563057345619 0 0.7950444795627342 0.7948389229298169 0 0.8142272716135146 0.8136327899775215 0 0.6966299019024267 0.6968576370798703 0 0.8136045532858435 0.8130424790776286 0 0.6919782308558171 0.6922154603997598 0 0.7750281483764871 0.7747077390116398 0 0.7358290251394559 0.7357826880457541 0 0.8139621754418997 0.8133784383459781 0 0.8137544663032638 0.8131815235102821 0 0.6950793448868893 0.6953102448531659 0 0.6935287878713552 0.6937628526264649 0 0.7730624458091681 0.7727668061850056 0 0.7325203383324947 0.7324911332923849 0 0.7743345652568958 0.7740223738483737 0 0.734706955071893 0.73466630935077 0 0.7736792401592929 0.7733752998823415 0 0.733604014015325 0.7335690762544043 0 0.8136045532858385 0.8130424790776237 0 0.6919782308558194 0.6922154603997621 0 0.7707545474805128 0.7707110706487913 0 0.6556650989741432 0.655976446008201 0 0.7730624458091679 0.7727668061850057 0 0.732520338332493 0.7324911332923831 0 0.7993212180173985 0.7989320096013481 0 0.7850378827489556 0.7848215401250697 0 0.6798738535619264 0.6801357889359076 0 0.6677694762680373 0.6680561174720567 0 0.7323913979783895 0.7324661957685945 0 0.6940282484762688 0.6942213208884003 0 0.7595054298655742 0.7593332693795344 0 0.7196896417137508 0.7197345291577215 0 0.7459484139219812 0.7458997325740636 0 0.7068589450950099 0.7069779250230609 0 0.7688683146722024 0.7683864243600572 0 0.8162367762527054 0.81599677373964 0 0.692699392344947 0.6926993684768438 0 0.7306943304682072 0.7309362575433622 0 0.7846578018657031 0.7842565408199179 0 0.8004472890592043 0.8001266572797789 0 0.7434786738964505 0.7431574057323194 0 0.7180890331206986 0.7179283871045813 0 0.7877226276578724 0.7876432683408805 0 0.7592084790630403 0.7592897629421219 0 0.7053643717193669 0.7054449981656831 0 0.7180293510937876 0.7181906278545231 0 0.7582266584835909 0.7579860266018394 0 0.7729746430707317 0.7728146474713602 0 0.7317955151014789 0.7317155123837611 0 0.7455019970822597 0.7455026376629416 0 0.8162367762527047 0.8159967737396394 0 0.8159967828166519 0.8162367716855137 0 0.7306943304682079 0.7309362575433629 0 0.7683863993671919 0.768868348720943 0 0.8149435249020656 0.8148757041680145 0 0.8149486049605233 0.8150399229941619 0 0.7877226276578725 0.7876432683408805 0 0.7592084790630402 0.7592897629421218 0 0.800126655000165 0.8004472973639899 0 0.7842565271836791 0.784657823042467 0 0.7432583534345362 0.7435802879358899 0 0.7558223764008649 0.7562243183284173 0 0.7910484677462221 0.7911105654239725 0 0.7952398621073036 0.7954347214389135 0 0.767153410590379 0.7673454266799311 0 0.7755311192540841 0.7758295198836653 0 0.8159967828166504 0.8162367716855122 0 0.8127619718178345 0.81338764630883 0 0.768386399367193 0.7688683487209441 0 0.8127619718178321 0.8133876463088276 0 0.8141547855492444 0.8142504694332563 0 0.8128836947158381 0.8131448910551722 0 0.8001266550001653 0.8004472973639901 0 0.7842565271836791 0.7846578230424671 0 0.8127619718178332 0.8133876463088286 0 0.8127619718178342 0.8133876463088296 0 0.7831782568507396 0.7837081145835723 0 0.7979701143342871 0.7985478804462012 0 0.8038292759830756 0.8040696844833609 0 0.8079125012553208 0.8082792208521814 0 0.7935037664169073 0.7938888995334663 0 0.8029413077948042 0.8034135506491916 0 0.8130424757732565 0.8136045516417536 0 0.8164565945015374 0.8164782695699173 0 0.8130424757732616 0.8136045516417587 0 0.7707110168791136 0.7707545992851885 0 0.8135128253684732 0.8138793943211903 0 0.8148736893285842 0.8150576735259683 0 0.8130424757732602 0.8136045516417573 0 0.8130424757732606 0.8136045516417578 0 0.8012080686273961 0.8012370461416742 0 0.7859595427532569 0.7859958227134334 0 0.7989319894752123 0.7993212341895687 0 0.7848215031771653 0.785037916737381 0 0.8086525467373851 0.8090266742773153 0 0.8048562939447772 0.8050510879297719 0 0.8037922681062983 0.8041739542334416 0 0.7948388985609717 0.7950445023335768 0 0.8164565945015332 0.8164782695699131 0 0.8164782727061812 0.8164565923438416 0 0.7707110168791164 0.7707545992851913 0 0.732974013714899 0.7329958835966619 0 0.8152243145615063 0.8152325533433991 0 0.8151379497141719 0.815131813643175 0 0.8012080686273961 0.8012370461416742 0 0.7859595427532559 0.7859958227134325 0 0.7886435197090861 0.7886363560947806 0 0.7608087667119947 0.7608161198457234 0 0.7581320158243769 0.7581683607223479 0 0.7455530147696404 0.7455821221595075 0 0.7961935483157953 0.7962111558030475 0 0.7919429713993272 0.7919485831486184 0 0.7771627820700857 0.7771897582626974 0 0.7687479930844843 0.7687653526540632 0 0.8164782727061759 0.8164565923438364 0 0.770754547480513 0.7707110706487915 0 0.7329740137149017 0.7329958835966647 0 0.6949337802635521 0.6949337631531219 0 0.8012370309642904 0.8012080851121568 0 0.7859957892224012 0.7859595778804737 0 0.7886435197090861 0.7886363560947808 0 0.7608087667119939 0.7608161198457226 0 0.7454809584081918 0.7454519681502342 0 0.7202073693358741 0.7201928656516803 0 0.7202939358977853 0.720308510115484 0 0.7076138580806712 0.7076211366343054 0 0.774255999275454 0.7742415601132644 0 0.7598684788418231 0.7598467641317495 0 0.747274967586619 0.7472750351143737 0 0.7337411684612475 0.7337339503830278 0 0.7683863993671913 0.7688683487209425 0 0.8127619718178345 0.81338764630883 0 0.6549867801283803 0.6545023327180333 0 0.6905345707962339 0.6905848820761118 0 0.7831782568507393 0.7837081145835719 0 0.7979701143342863 0.7985478804462004 0 0.7305865262875877 0.7307463433866395 0 0.6927866532079843 0.6926243380523367 0 0.7720195048106335 0.7724533915645898 0 0.7312770378034354 0.7315191368203525 0 0.6668360436843314 0.666529849170726 0 0.6786853072402845 0.6785573656234208 0 0.7443975191286027 0.7446486927792894 0 0.7582085119696182 0.7585510421719396 0 0.7056167814064668 0.7055892709750073 0 0.7184469096049515 0.7185542038976804 0 0.8127619718178312 0.8133876463088268 0 0.8135445672682071 0.8141677801317061 0 0.6905345707962358 0.6905848820761136 0 0.6950882025005799 0.6952070157627254 0 0.8129673956413862 0.8135915091377983 0 0.8132283468132018 0.8138516499429095 0 0.7720195048106335 0.7724533915645898 0 0.7312770378034348 0.7315191368203517 0 0.7740591123456643 0.7745141920087122 0 0.7345736574231239 0.7348606038857206 0 0.6920524480310171 0.692125593304984 0 0.6935703252658002 0.6936663045338565 0 0.7726624131045956 0.7731028705268594 0 0.7733423396307342 0.7737898681398915 0 0.7323574305678062 0.7326142319159217 0 0.7334563324482672 0.7337280863368741 0 0.8135445672682039 0.8141677801317031 0 0.8125520975547791 0.8132466956931839 0 0.6950882025005818 0.6952070157627273 0 0.7086892462551563 0.7087185123027206 0 0.8088468981371382 0.8094818378696391 0 0.8085155634474696 0.8091710059641432 0 0.7740591123456644 0.7745141920087124 0 0.7345736574231232 0.7348606038857199 0 0.7779311471215713 0.7784039678963626 0 0.7433101966883656 0.7435612400995434 0 0.6996218837521068 0.6997108479427252 0 0.7041555650036335 0.7042146801227249 0 0.7724385600087932 0.7728915078940001 0 0.7737288972995235 0.7741855640170032 0 0.7360302218804495 0.736301177918362 0 0.738942231151579 0.7392001220698645 0 0.8125520975547756 0.8132466956931805 0 0.813632792465618 0.8142272640732935 0 0.7086892462551584 0.7087185123027228 0 0.6968576233265302 0.6966299173336357 0 0.8086283402101784 0.8092584440994286 0 0.8090108173503339 0.8096067298870825 0 0.7779311471215713 0.7784039678963626 0 0.743310196688365 0.7435612400995428 0 0.7747077360859214 0.7750281484934068 0 0.7357826797062276 0.7358290329135231 0 0.7047453719456158 0.7046889806463605 0 0.700801497636075 0.7006594489900002 0 0.7740006841219897 0.7744019562817384 0 0.7729410441122466 0.7732909695880542 0 0.7393730280338023 0.739545468464049 0 0.7368712708741612 0.7369752092890275 0 0.8136327924656134 0.8142272640732888 0 0.8130424757732613 0.8136045516417585 0 0.6968576233265323 0.6966299173336379 0 0.6922154483532885 0.6919782462957352 0 0.8133784389678683 0.8139621698181709 0 0.8131815222027722 0.8137544626437485 0 0.7747077360859216 0.775028148493407 0 0.7357826797062269 0.7358290329135224 0 0.7727667999666032 0.7730624498597503 0 0.7324911241599483 0.7325203480777452 0 0.6953102316687847 0.6950793603210039 0 0.6937628400110404 0.6935288033083734 0 0.774022369868173 0.7743345666524477 0 0.7733752948055269 0.7736792428652888 0 0.7346663007684779 0.7347069634867252 0 0.7335690674082832 0.7336040230868307 0 0.8130424757732565 0.8136045516417536 0 0.7707110168791163 0.7707545992851912 0 0.6922154483532921 0.6919782462957388 0 0.6559764472863316 0.6556651144820304 0 0.7989319894752117 0.7993212341895681 0 0.7848215031771634 0.785037916737379 0 0.7727667999666032 0.7730624498597503 0 0.7324911241599474 0.7325203480777442 0 0.7324661603481875 0.7323914376841369 0 0.694221303817262 0.694028276083086 0 0.680135781330972 0.6798738690245026 0 0.6680561143086554 0.6677694917532701 0 0.7593332534271309 0.759505445801212 0 0.7458997068876596 0.7459484417426751 0 0.7197345173790507 0.7196896574128566 0 0.706977910598157 0.7068589667479721 0 1.58477960288949e-18 1.584779601540778e-18 0 7.937262882760678e-18 7.937262877815397e-18 0 5.824223412241356e-18 5.824223409094359e-18 0 0.03806513508819991 0.03806513505580491 0 4.758793764772881e-18 4.75879376132617e-18 0 4.763248720877288e-18 4.763248718030005e-18 0 3.70227402951322e-18 3.702274026965651e-18 0 -3.336735916113446e-18 -3.336735912067307e-18 0 0.01268837836273329 0.01268837835193496 0 0.02537675672546659 0.02537675670386992 0 0.01268837836273329 0.01268837835193495 0 0.02537675672546656 0.02537675670386989 0 0.004229459454244439 0.004229459450644993 0 0.008458918908488863 0.008458918901289974 0 0.008458918908488874 0.008458918901289985 0 0.01691783781697771 0.01691783780257993 0 2.131984619604971e-17 2.13198461797153e-17 0 8.792312803320645e-18 8.795780490944318e-18 0 0.03806513508819985 0.03806513505580485 0 0.07475995959071172 0.07479565574286343 0 1.78246372848253e-17 1.782793983543266e-17 0 1.112957862174416e-17 1.113238579412125e-17 0 0.01268837836273331 0.01268837835193497 0 0.02537675672546656 0.02537675670386989 0 0.02491998653023721 0.02493188524762112 0 0.04983997306047441 0.04986377049524222 0 0.05029674325570377 0.050308641951491 0 0.06252835142320762 0.06255214884717709 0 0.01676558108523462 0.0167695473171637 0 0.02084278380773591 0.0208507162823924 0 0.03353116217046923 0.03353909463432739 0 0.04168556761547176 0.04170143256478474 0 3.716340211271183e-17 3.71800800297392e-17 0 1.74467876594891e-17 1.745593801723106e-17 0 0.07475995959071156 0.07479565574286327 0 0.108602681794097 0.1086788484781179 0 3.106847553297708e-17 3.108349267672382e-17 0 1.742629990610881e-17 1.743394099363945e-17 0 0.02491998653023723 0.02493188524762113 0 0.04983997306047436 0.04986377049524218 0 0.03620089393136566 0.03622628282603929 0 0.07240178786273126 0.07245256565207853 0 0.08604086699184002 0.08609005332128146 0 0.09732177439296834 0.09738445089969951 0 0.02868028899728006 0.02869668444042721 0 0.03244059146432283 0.03246148363323323 0 0.05736057799456008 0.05739336888085438 0 0.06488118292864559 0.06492296726646637 0 5.299253086187286e-17 5.302630096623596e-17 0 1.744016623572523e-17 1.745135739630875e-17 0 0.1086026817940969 0.1086788484781178 0 0.1382610511409506 0.1383929668660889 0 4.291922161171096e-17 4.294840765922994e-17 0 2.305345387980198e-17 2.306735125456945e-17 0 0.03620089393136567 0.0362262828260393 0 0.0724017878627312 0.07245256565207847 0 0.0460870170469835 0.04613098895536296 0 0.09217403409396698 0.09226197791072589 0 0.1184888049097147 0.1185835546074415 0 0.1283749280253324 0.1284882607367649 0 0.0394962683032383 0.03952785153581388 0 0.04279164267511089 0.0428294202455884 0 0.07899253660647659 0.07905570307162774 0 0.08558328535022164 0.08565884049117668 0 6.020162196711577e-17 6.02541200579071e-17 0 1.977544406042718e-17 1.978951656502547e-17 0 0.1382610511409504 0.1383929668660888 0 0.1625823854786178 0.162768342084077 0 5.239683147706185e-17 5.244160665000574e-17 0 2.779230940137451e-17 2.781303550528259e-17 0 0.04608701704698352 0.04613098895536297 0 0.09217403409396688 0.0922619779107258 0 0.05419412849287255 0.05425611402802561 0 0.108388256985745 0.1085122280560512 0 0.1463681625868394 0.1465180919387514 0 0.1544752740327283 0.1546432170114139 0 0.04878938752894656 0.04883936397958388 0 0.05149175801090953 0.05154773900380472 0 0.09757877505789309 0.09767872795916774 0 0.1029835160218189 0.1030954780076093 0 7.888885917092257e-17 7.897102895679354e-17 0 2.636577964352467e-17 2.638296680986612e-17 0 0.1625823854786175 0.1627683420840767 0 0.1806502986731628 0.1808474122079074 0 6.321530938704183e-17 6.327585176903033e-17 0 3.179591713763101e-17 3.18202269689197e-17 0 0.05419412849287258 0.05425611402802565 0 0.108388256985745 0.1085122280560511 0 0.06021676622438758 0.06028247073596911 0 0.1204335324487751 0.1205649414719382 0 0.1686050232101325 0.1687946987920202 0 0.1746276609416474 0.1748210554999635 0 0.0562016744033776 0.05626489959734015 0 0.05820922031388256 0.05827368516665461 0 0.1124033488067552 0.1125297991946803 0 0.116418440627765 0.1165473703333091 0 8.620009238730601e-17 8.628272510440612e-17 0 2.743407917729227e-17 2.744064842550646e-17 0 0.1806502986731625 0.1808474122079071 0 0.1917980250555965 0.1919306552278397 0 6.646261214559701e-17 6.651682723192063e-17 0 3.679131812743091e-17 3.681151403414782e-17 0 0.06021676622438758 0.06028247073596911 0 0.120433532448775 0.1205649414719381 0 0.06393267501853216 0.06397688507594655 0 0.1278653500370643 0.127953770151893 0 0.1843662074673071 0.1845418265478846 0 0.1880821162614515 0.1882362408878619 0 0.06145540248910247 0.06151394218262829 0 0.06269403875381728 0.06274541362928739 0 0.1229108049782049 0.1230278843652565 0 0.1253880775076344 0.1254908272585747 0 9.110937985056527e-17 9.116131700197067e-17 0 2.734947306709049e-17 2.7343406472373e-17 0 0.1917980250555963 0.1919306552278395 0 0.1956370154654429 0.19563265394293 0 6.96732557809611e-17 6.970107499767342e-17 0 3.508727011796956e-17 3.509306250231818e-17 0 0.06393267501853217 0.06397688507594657 0 0.1278653500370642 0.127953770151893 0 0.06521233848848093 0.0652108846476433 0 0.1304246769769619 0.1304217692952866 0 0.1930776885255451 0.1931646547995363 0 0.1943573519954938 0.1943986543712329 0 0.06435922950851511 0.06438821826651217 0 0.06478578399849799 0.06479955145707771 0 0.1287184590170302 0.1287764365330243 0 0.1295715679969959 0.1295991029141553 0 9.268727775970814e-17 9.267342134727159e-17 0 2.109509434972538e-17 2.107921882858974e-17 0 0.1956370154654427 0.1956326539429298 0 0.1919933182506181 0.1918637894206517 0 7.288730876208099e-17 7.287259926399466e-17 0 3.49085049947325e-17 3.489811698328814e-17 0 0.06521233848848096 0.06521088464764332 0 0.1304246769769618 0.1304217692952865 0 0.063997772750206 0.06395459647355056 0 0.127995545500412 0.1279091929471012 0 0.1944224497271678 0.1943763657688371 0 0.1932078839888929 0.1931200775947444 0 0.06480748324238934 0.06479212192294577 0 0.06440262799629765 0.06437335919824813 0 0.1296149664847786 0.1295842438458915 0 0.1288052559925952 0.1287467183964962 0 7.964540809375284e-17 7.958766989259289e-17 0 2.437493506458809e-17 2.435168613321721e-17 0 0.191993318250618 0.1918637894206517 0 0.1809774980730158 0.1807663247813458 0 7.069545846611603e-17 7.064618296131244e-17 0 3.339034689359641e-17 3.336774814545484e-17 0 0.06399777275020604 0.06395459647355059 0 0.1279955455004119 0.127909192947101 0 0.06032583269100527 0.06025544159378193 0 0.1206516653820106 0.1205108831875639 0 0.1883213781914172 0.188164634540883 0 0.1846494381322165 0.1844654796611144 0 0.06277379273047246 0.06272154484696105 0 0.06154981271073885 0.06148849322037148 0 0.1255475854609449 0.125443089693922 0 0.1230996254214776 0.1229769864407429 0 7.481011500945514e-17 7.472976444145506e-17 0 2.138466547629955e-17 2.136420226674511e-17 0 0.1809774980730158 0.1807663247813458 0 0.1629800297699945 0.1627499937604366 0 6.575185680723706e-17 6.568262018061588e-17 0 3.058719105636985e-17 3.05593321139984e-17 0 0.06032583269100528 0.06025544159378195 0 0.1206516653820105 0.1205108831875638 0 0.05432667658999821 0.05424999792014558 0 0.1086533531799965 0.1084999958402912 0 0.1749783419720086 0.1747608811077093 0 0.1689791858710018 0.1687554374340732 0 0.0583261139906696 0.05825362703590317 0 0.05632639529033388 0.05625181247802435 0 0.1166522279813391 0.1165072540718062 0 0.1126527905806678 0.1125036249560487 0 7.600094001930401e-17 7.590420845785345e-17 0 1.371940985560387e-17 1.371047711701852e-17 0 0.1629800297699948 0.1627499937604369 0 0.1386808274883569 0.138481510632977 0 5.804694771964112e-17 5.79767911348708e-17 0 2.615469413657389e-17 2.61289468155379e-17 0 0.05432667658999824 0.05424999792014561 0 0.1086533531799964 0.1084999958402911 0 0.04622694249611903 0.04616050354432572 0 0.09245388499223824 0.09232100708865161 0 0.1548802956761154 0.1546604993846168 0 0.1467805615822365 0.1465710050087972 0 0.05162676522537181 0.05155349979487228 0 0.04892685386074542 0.048857001669599 0 0.1032535304507435 0.1031069995897445 0 0.09785370772149088 0.09771400333919804 0 6.330894481066888e-17 6.32286624879587e-17 0 1.389715939817363e-17 1.388846622610038e-17 0 0.1386808274883573 0.1384815106329773 0 0.1090105013341276 0.1088744613752058 0 4.634062433726254e-17 4.628650307499197e-17 0 2.104498770398303e-17 2.102624001414896e-17 0 0.04622694249611906 0.04616050354432575 0 0.09245388499223807 0.09232100708865143 0 0.03633683377804256 0.03629148712506863 0 0.07267366755608538 0.0725829742501375 0 0.1287907187702807 0.1286124942137201 0 0.1189006100522046 0.1187434777944635 0 0.0429302395900935 0.04287083140457332 0 0.03963353668406806 0.039581159264821 0 0.08586047918018695 0.08574166280914658 0 0.07926707336813625 0.07916231852964213 0 4.278112322308622e-17 4.27375985218209e-17 0 8.073168398849252e-18 8.073377234633364e-18 0 0.1090105013341281 0.1088744613752063 0 0.07511152116477887 0.0750510528383737 0 3.661559293916792e-17 3.658021101206806e-17 0 1.679118421699601e-17 1.677929666069871e-17 0 0.03633683377804262 0.03629148712506869 0 0.07267366755608523 0.07258297425013736 0 0.02503717372159306 0.02501701761279134 0 0.05007434744318632 0.05003403522558287 0 0.09771084127767823 0.09759999186292864 0 0.08641118122122933 0.08632552235065194 0 0.03257028042589269 0.03253333062097616 0 0.02880372707374286 0.02877517411688373 0 0.06514056085178535 0.06506666124195229 0 0.05760745414748598 0.05755034823376773 0 3.371758760063147e-17 3.369625808183776e-17 0 1.697707398876612e-18 1.70190325683019e-18 0 0.07511152116477945 0.07505105283837428 0 0.03829630397324921 0.03829630417291964 0 2.216431333643882e-17 2.215284474929011e-17 0 9.29422467391771e-18 9.291427467610136e-18 0 0.02503717372159307 0.02501701761279135 0 0.05007434744318624 0.05003403522558279 0 0.01276543465774981 0.01276543472430662 0 0.02553086931549996 0.02553086944861359 0 0.0628397821009361 0.06279946994988947 0 0.05056804303709345 0.05054788706140534 0 0.02094659403364527 0.02093315664996305 0 0.01685601434569758 0.01684929568713488 0 0.04189318806729044 0.04186631329992602 0 0.03371202869139539 0.03369859137426999 0 1.619709325139218e-17 1.620017028889276e-17 0 -2.657339901821582e-18 -2.657339915676502e-18 0 0.0382963039732499 0.03829630417292033 0 -7.929746119797921e-16 -7.929746162387943e-16 0 9.566778591474595e-18 9.566778633963013e-18 0 2.480361380825232e-18 2.480361390061845e-18 0 0.01276543465774982 0.01276543472430663 0 0.02553086931549986 0.02553086944861349 0 -1.146280561906473e-16 -1.146280568298209e-16 0 2.116851553276364e-16 2.116851563482821e-16 0 0.02553086931549972 0.02553086944861335 0 0.01276543465775055 0.01276543472430736 0 0.008510289771833129 0.008510289816204337 0 0.00425514488591655 0.004255144908102154 0 0.01702057954366624 0.01702057963240865 0 0.008510289771833487 0.008510289816204695 0 1.427638129431864e-17 1.427638128397851e-17 0 0.03806513508819988 0.03806513505580487 0 1.366446760857627e-17 1.365934862198065e-17 0 0.07479565580130629 0.07475995948515328 0 0.0126883783627333 0.01268837835193496 0 0.02537675672546658 0.02537675670386991 0 1.012951910943643e-17 1.012753756313464e-17 0 -8.493753952333292e-18 -8.489295476975608e-18 0 0.05030864199256866 0.05029674319892099 0 0.06255214889693742 0.06252835134203708 0 0.02493188526710206 0.02491998649505105 0 0.04986377053420406 0.04983997299010206 0 0.01676954733085625 0.01676558106630702 0 0.03353909466171244 0.03353116213261399 0 0.02085071629897917 0.02084278378067906 0 0.04170143259795825 0.04168556756135802 0 0.03806513508820006 0.03806513505580505 0 0.07475995959071158 0.07479565574286329 0 0.07479565580130612 0.07475995948515311 0 0.146784341405754 0.1467843413059557 0 0.05029674325570381 0.05030864195149105 0 0.06252835142320773 0.06255214884717721 0 0.05030864199256867 0.050296743198921 0 0.06255214889693736 0.06252835134203702 0 0.09876808686239236 0.09879188426389407 0 0.122776214134073 0.1227881127849247 0 0.09879188433612202 0.0987680867587539 0 0.1227881128709377 0.1227762140323545 0 0.06646179028250997 0.06646179022057876 0 0.08261493857245114 0.08262683724223638 0 0.08262683730931605 0.08261493848966639 0 0.1027015257216944 0.1027015256372954 0 0.07475995959071197 0.07479565574286368 0 0.1086026817940969 0.1086788484781178 0 0.1467843414057536 0.1467843413059553 0 0.2131640929096934 0.2132443454247987 0 0.08604086699184006 0.08609005332128151 0 0.09732177439296853 0.0973844508996997 0 0.09876808686239236 0.09879188426389407 0 0.122776214134073 0.1227881127849247 0 0.1434564854992957 0.1435340141270114 0 0.1783102892044942 0.1783891797759047 0 0.1689109252404001 0.1689376760122364 0 0.1910375090750463 0.1910910107185171 0 0.1136642197413602 0.1137059275515999 0 0.1285603526203279 0.1286199708393056 0 0.1412875724908803 0.1413218017819182 0 0.159798930847687 0.1598554907789113 0 0.1086026817940973 0.1086788484781182 0 0.1382610511409504 0.1383929668660888 0 0.2131640929096929 0.2132443454247982 0 0.2713510435202813 0.2715318091579244 0 0.1184888049097148 0.1185835546074415 0 0.1283749280253327 0.1284882607367652 0 0.1434564854992957 0.1435340141270114 0 0.1783102892044942 0.1783891797759047 0 0.1826243819340607 0.1827725809633673 0 0.2269877127271706 0.2271521950606454 0 0.2325597431132223 0.2326735000025068 0 0.2519553933167511 0.2521026545802149 0 0.1565124509775508 0.1566135364057968 0 0.1695684164558057 0.169693058684582 0 0.1945360970453866 0.1946435182041519 0 0.2107619048862783 0.2108978566323984 0 0.138261051140951 0.1383929668660894 0 0.1625823854786175 0.1627683420840767 0 0.2713510435202807 0.2715318091579237 0 0.3190788259665117 0.3193647211112988 0 0.1463681625868395 0.1465180919387515 0 0.1544752740327286 0.1546432170114142 0 0.1826243819340607 0.1827725809633673 0 0.2269877127271706 0.2271521950606454 0 0.2147478656412489 0.2149671350931507 0 0.2669133458038798 0.2671659281022243 0 0.2872603043356909 0.287476113142382 0 0.3031695651511006 0.3034204171268396 0 0.1933322098364568 0.1935040990066285 0 0.2040400377388528 0.2042356170498896 0 0.240296257086074 0.2404901060745054 0 0.2536048014449767 0.2538280170883646 0 0.1625823854786183 0.1627683420840775 0 0.1806502986731625 0.1808474122079071 0 0.319078825966511 0.3193647211112982 0 0.3544868526359213 0.3548166193588672 0 0.1686050232101326 0.1687946987920203 0 0.1746276609416477 0.1748210554999638 0 0.2147478656412489 0.2149671350931508 0 0.2669133458038798 0.2671659281022242 0 0.2385958166607488 0.2388371479248938 0 0.2965413346483345 0.29682688364188 0 0.3308815015229809 0.3311820205271543 0 0.3426841770794505 0.3429993199430101 0 0.222697182647749 0.2229238060370652 0 0.2306464996542488 0.2308804769809795 0 0.2767893420853652 0.2770529132821099 0 0.2866653383668495 0.2869398984619947 0 0.1806502986731633 0.1808474122079079 0 0.1917980250555963 0.1919306552278395 0 0.3544868526359206 0.3548166193588665 0 0.3763173645802788 0.3765032051649004 0 0.1843662074673072 0.1845418265478847 0 0.1880821162614519 0.1882362408878622 0 0.2385958166607488 0.2388371479248938 0 0.2965413346483346 0.29682688364188 0 0.2533044715638239 0.2534548385401931 0 0.3148109180720509 0.3149790218525463 0 0.3617636899507066 0.362045481294211 0 0.369040527265492 0.369274343229555 0 0.2434987016284406 0.243709711463327 0 0.2484015865961321 0.24858227500176 0 0.3026311957895737 0.3028775963787692 0 0.308721056930812 0.3089283091156575 0 0.1917980250555969 0.1919306552278401 0 0.1956370154654427 0.1956326539429298 0 0.3763173645802781 0.3765032051648998 0 0.3837445286239738 0.3836798928007688 0 0.1930776885255452 0.1931646547995364 0 0.194357351995494 0.1943986543712332 0 0.2533044715638238 0.2534548385401931 0 0.3148109180720509 0.3149790218525463 0 0.2583395198516197 0.2583150668955428 0 0.3210420242377964 0.3209974798481554 0 0.3787930859281765 0.3788954343768559 0 0.3812688072760747 0.3812876635888118 0 0.2549828209930891 0.2550749146586431 0 0.2566611704223544 0.2566949907770928 0 0.316887953460633 0.3169851745177497 0 0.3189649888492144 0.3189913271829523 0 0.1956370154654433 0.1956326539429304 0 0.1919933182506179 0.1918637894206516 0 0.3837445286239732 0.3836798928007683 0 0.3765295662289856 0.3762588389027339 0 0.1944224497271679 0.1943763657688372 0 0.1932078839888929 0.1931200775947444 0 0.2583395198516197 0.2583150668955428 0 0.3210420242377963 0.3209974798481554 0 0.2535054009100739 0.2533288059146791 0 0.3150174835695296 0.3147938224087063 0 0.3813395411589772 0.38120620816809 0 0.3789345536939812 0.3787325235354116 0 0.2567281468711045 0.2566529799019216 0 0.2551167738905891 0.2549908929083003 0 0.319033844015041 0.3189295940350059 0 0.317025663792285 0.3168617082218559 0 0.1919933182506184 0.191863789420652 0 0.1809774980730157 0.1807663247813457 0 0.3765295662289854 0.3762588389027336 0 0.3548301740664527 0.3544922284360848 0 0.1883213781914173 0.1881646345408831 0 0.1846494381322165 0.1844654796611144 0 0.2535054009100739 0.2533288059146791 0 0.3150174835695295 0.3147938224087062 0 0.2389283900708281 0.2386749593329254 0 0.2968792820686403 0.2965835938845051 0 0.3692964355081411 0.3690033020805173 0 0.3620633047872969 0.361747765258301 0 0.248646397296992 0.2484441903874279 0 0.2437873936839099 0.2435595748601766 0 0.3089714164025666 0.3087237462339727 0 0.3029253492356033 0.3026536700592388 0 0.180977498073016 0.180766324781346 0 0.1629800297699947 0.1627499937604368 0 0.3548301740664527 0.3544922284360848 0 0.3194827266311355 0.3191567590307359 0 0.1749783419720087 0.1747608811077094 0 0.1689791858710017 0.1687554374340731 0 0.2389283900708281 0.2386749593329255 0 0.2968792820686402 0.296583593884505 0 0.2151475953903749 0.2148855821838698 0 0.2673151610107553 0.2670211706073029 0 0.3430476915880136 0.3427137386343018 0 0.3312652091095748 0.3309352488325191 0 0.231001458510677 0.2307451669499068 0 0.2230745269505259 0.2228153745668883 0 0.2870245750493453 0.2867294527921043 0 0.2771698680300503 0.2768753116997036 0 0.1629800297699946 0.1627499937604367 0 0.1386808274883572 0.1384815106329772 0 0.3194827266311357 0.3191567590307361 0 0.2718148724732137 0.2715760455714225 0 0.1548802956761155 0.154660499384617 0 0.1467805615822363 0.146571005008797 0 0.215147595390375 0.2148855821838698 0 0.2673151610107553 0.2670211706073028 0 0.1830588424833094 0.182846355612459 0 0.227436857478262 0.2272112005919412 0 0.3035934419118284 0.3032965212109649 0 0.2877041571925216 0.2874362833911942 0 0.204451344421353 0.2042058399933995 0 0.1937550934523312 0.1935260978029293 0 0.2540223931665906 0.2537511806021821 0 0.2407296253224263 0.2404811905970616 0 0.1386808274883569 0.1384815106329769 0 0.109010501334128 0.1088744613752062 0 0.2718148724732143 0.2715760455714231 0 0.2136344235164754 0.2135229572355422 0 0.1287907187702806 0.1286124942137201 0 0.1189006100522043 0.1187434777944631 0 0.1830588424833094 0.1828463556124591 0 0.2274368574782617 0.2272112005919409 0 0.1438851420615772 0.1437572933286516 0 0.1787597827890269 0.1786401252820975 0 0.2524213894876345 0.2522250161261294 0 0.2330279065020558 0.2328739866808366 0 0.1700009423427318 0.169816668184523 0 0.1569430422021545 0.1567869807565873 0 0.211211165915183 0.211020842155326 0 0.1949854743521052 0.194830483718712 0 0.1090105013341273 0.1088744613752055 0 0.07511152116477941 0.07505105283837424 0 0.2136344235164763 0.2135229572355431 0 0.1471927560645375 0.147192756456997 0 0.09771084127767822 0.09759999186292864 0 0.08641118122122873 0.08632552235065134 0 0.1438851420615772 0.1437572933286516 0 0.1787597827890267 0.1786401252820973 0 0.09913859946469887 0.09909828737791528 0 0.1231656777646188 0.1231455219174568 0 0.1914872010324968 0.1914128903093612 0 0.1693399785485185 0.1693028233831805 0 0.1289696278626175 0.1288709580117392 0 0.1140541136636582 0.1139846226948272 0 0.1602284144475568 0.1601419241605499 0 0.1416970461060882 0.1416437230390038 0 0.07511152116477848 0.07505105283837332 0 0.03829630397324977 0.0382963041729202 0 0.1471927560645388 0.1471927564569983 0 0.07505105259225937 0.0751115215555023 0 0.06283978210093595 0.06279946994988932 0 0.05056804303709271 0.0505478870614046 0 0.09913859946469877 0.09909828737791518 0 0.1231656777646188 0.1231455219174568 0 0.05054788684625289 0.05056804330044748 0 0.06279946971925691 0.06283978242797568 0 0.1231455215737791 0.1231656781564998 0 0.09909828708302061 0.09913859985600242 0 0.08294169525854997 0.08292153935209243 0 0.06674479105240162 0.06674479132627016 0 0.1030436084161641 0.1030436087542957 0 0.08292153906771103 0.08294169559113621 0 0.03829630397324862 0.03829630417291905 0 3.645626492536969e-16 3.645626510298976e-16 0 0.07505105259226068 0.0751115215555036 0 -1.556643085348578e-15 -1.557932898015009e-15 0 0.02553086931549946 0.02553086944861309 0 0.01276543465774974 0.01276543472430655 0 0.05054788684625305 0.05056804330044766 0 0.0627994697192569 0.06283978242797567 0 -4.514176117668828e-16 -4.516106233873876e-16 0 4.073278862011423e-16 4.075645340633981e-16 0 0.05003403506150698 0.05007434770366893 0 0.02501701753075469 0.02503717385183567 0 0.03369859123083493 0.03371202886696466 0 0.01684929561541751 0.01685601443348237 0 0.04186631314617045 0.04189318828531629 0 0.02093315657308601 0.02094659414265894 0 2.540375233688349e-17 2.539235846340623e-17 0 0.07479565580130622 0.07475995948515321 0 1.921845199403238e-17 1.920868525688028e-17 0 0.1086788485201179 0.1086026815215561 0 0.02493188526710208 0.02491998649505108 0 0.04986377053420413 0.04983997299010213 0 1.706010128166825e-17 1.705290084848571e-17 0 -1.333663365307168e-17 -1.332464345857023e-17 0 0.08609005337424343 0.08604086683062082 0 0.09738445094718053 0.09732177417608832 0 0.03622628284003924 0.03620089384051865 0 0.07245256568007841 0.07240178768103721 0 0.02869668445808118 0.02868028894354031 0 0.05739336891616229 0.05736057788708056 0 0.03246148364906024 0.0324405913920295 0 0.06492296729812035 0.06488118278405888 0 0.07479565580130654 0.07475995948515353 0 0.1467843414057537 0.1467843413059554 0 0.1086788485201176 0.1086026815215558 0 0.2132443456089668 0.2131640928047915 0 0.09879188433612207 0.09876808675875395 0 0.1227881128709379 0.1227762140323547 0 0.08609005337424343 0.08604086683062083 0 0.09738445094718051 0.09732177417608831 0 0.1689376761401581 0.1689109251389007 0 0.1910910108745621 0.1910375089718458 0 0.1435340142164006 0.1434564852826343 0 0.1783891799126833 0.1783102890437125 0 0.1137059276295484 0.1136642196000476 0 0.1413218018848532 0.1412875723694741 0 0.1286199709229746 0.128560352441341 0 0.1598554908987682 0.1597989307065932 0 0.1467843414057544 0.1467843413059561 0 0.2131640929096928 0.2132443454247981 0 0.2132443456089662 0.2131640928047908 0 0.30966229882779 0.3096622989844288 0 0.1689109252404002 0.1689376760122364 0 0.1910375090750467 0.1910910107185174 0 0.168937676140158 0.1689109251389007 0 0.1910910108745621 0.1910375089718458 0 0.2453301615490588 0.2453836632780086 0 0.2774962301884239 0.2775229811312181 0 0.2453836633485741 0.2453301615313368 0 0.2775229810881814 0.2774962302578822 0 0.1944018379431251 0.1944018378519368 0 0.2198659997460918 0.2198927505649726 0 0.2198927506458497 0.2198659996916369 0 0.2486944904171365 0.2486944904114273 0 0.2131640929096939 0.2132443454247992 0 0.2713510435202807 0.2715318091579237 0 0.3096622988277892 0.309662298984428 0 0.3941372946493867 0.394297905875489 0 0.2325597431132224 0.232673500002507 0 0.2519553933167517 0.2521026545802155 0 0.2453301615490587 0.2453836632780085 0 0.2774962301884239 0.2775229811312181 0 0.3122797938966494 0.3124538413971122 0 0.3532085442730176 0.3533758736363001 0 0.3378206307683216 0.3378741679481149 0 0.3659789627088533 0.366086036911801 0 0.2676467056649224 0.2677403893177099 0 0.2899632497807859 0.290097115357411 0 0.3027336682166223 0.3028072786329127 0 0.3279711062448195 0.3280915761346059 0 0.2713510435202819 0.271531809157925 0 0.3190788259665109 0.319364721111298 0 0.3941372946493856 0.3942979058754879 0 0.4634919585698014 0.4637226392466439 0 0.2872603043356909 0.2874761131423821 0 0.3031695651511012 0.3034204171268402 0 0.3122797938966494 0.3124538413971122 0 0.3532085442730176 0.3533758736363001 0 0.3672165368342746 0.3674840271564135 0 0.4153542477020372 0.4156033332015279 0 0.4172555159561908 0.4174394836658732 0 0.4403737372629951 0.4405810614562575 0 0.3305920415425246 0.3307972366502128 0 0.3489042891883995 0.349140631903313 0 0.373923778749358 0.3741183601580432 0 0.3946390132256972 0.3948608466797852 0 0.3190788259665124 0.3193647211112995 0 0.3544868526359204 0.3548166193588663 0 0.4634919585698002 0.4637226392466427 0 0.5150067801964816 0.515309834133001 0 0.3308815015229811 0.3311820205271544 0 0.342684177079451 0.3429993199430106 0 0.3672165368342745 0.3674840271564134 0 0.4153542477020373 0.415603333201528 0 0.4079934951561077 0.4083143576169114 0 0.4615001376762939 0.4618120958749555 0 0.480663565778694 0.4809183708754288 0 0.4978351729875868 0.498114102504214 0 0.3808088562748857 0.3810941373099129 0 0.3944011757154966 0.3947042474634122 0 0.4307362110267901 0.4310062540926711 0 0.4461181743515416 0.4464091749838129 0 0.354486852635922 0.3548166193588678 0 0.376317364580278 0.3765032051648996 0 0.5150067801964804 0.5153098341329998 0 0.5464174463924865 0.5467303700688159 0 0.3617636899507067 0.3620454812942112 0 0.3690405272654926 0.3692743432295557 0 0.4079934951561077 0.4083143576169114 0 0.461500137676294 0.4618120958749555 0 0.4330173918510143 0.4332455934662052 0 0.4897174191217497 0.4899879817675098 0 0.5254770022618156 0.525783346111605 0 0.5359472243271501 0.5362568580902096 0 0.4163347940544101 0.4166247695666763 0 0.4246760929527121 0.4249351815164407 0 0.4709058981581132 0.4712040578391409 0 0.4803116586399311 0.480596019803325 0 0.3763173645802794 0.3765032051649011 0 0.383744528623973 0.383679892800768 0 0.5464174463924852 0.5467303700688146 0 0.5571967614204004 0.5568842376514648 0 0.3787930859281767 0.3788954343768561 0 0.381268807276075 0.3812876635888123 0 0.4330173918510143 0.4332455934662052 0 0.4897174191217498 0.4899879817675099 0 0.4415619395561157 0.4414146744176671 0 0.4993793504882574 0.4991494560345653 0 0.5500105514017903 0.5501149925963646 0 0.5536036564110945 0.5534996151239139 0 0.4358655744193815 0.4359686204500259 0 0.4387137569877486 0.4386916474338465 0 0.4929380629105861 0.4930418065231955 0 0.4961587066994214 0.4960956312788801 0 0.3837445286239742 0.3836798928007693 0 0.3765295662289853 0.3762588389027335 0 0.5571967614203995 0.5568842376514639 0 0.5464683587093175 0.546209561878319 0 0.3813395411589774 0.3812062081680901 0 0.3789345536939814 0.378732523535412 0 0.4415619395561156 0.4414146744176671 0 0.4993793504882574 0.4991494560345654 0 0.4331758303890961 0.4329090798945955 0 0.4898220945492066 0.4895593208864569 0 0.5536206271833722 0.5533260123937489 0 0.5500444929463444 0.5497677871360335 0 0.438766569833776 0.4385794762433101 0 0.435971200111436 0.4357442780689527 0 0.4961935985085741 0.4959527443185295 0 0.4930078465288901 0.492756032602493 0 0.3765295662289861 0.3762588389027344 0 0.3548301740664524 0.3544922284360845 0 0.546468358709317 0.5462095618783185 0 0.514859161893833 0.5144926787938937 0 0.3692964355081413 0.3690033020805175 0 0.362063304787297 0.3617477652583011 0 0.4331758303890961 0.4329090798945955 0 0.4898220945492064 0.4895593208864568 0 0.4081731700089127 0.4078257118886878 0 0.4615161659513728 0.4611591953412907 0 0.5359319597708222 0.5356372675168435 0 0.5253955608323275 0.5250649731553685 0 0.4248416102623684 0.4245479572259596 0 0.4165073901356405 0.4161868345573236 0 0.4803867850165954 0.4800926123714016 0 0.4709514754839839 0.470625903856346 0 0.3548301740664528 0.354492228436085 0 0.3194827266311358 0.3191567590307361 0 0.5148591618938329 0.5144926787938936 0 0.463557796109105 0.4632114763521359 0 0.3430476915880136 0.3427137386343018 0 0.3312652091095746 0.3309352488325188 0 0.4081731700089128 0.4078257118886878 0 0.4615161659513727 0.4611591953412906 0 0.3675077497904587 0.3671749981378692 0 0.415532772949782 0.4151932372450028 0 0.4977587066322567 0.4973989446466409 0 0.4806582513706812 0.4803052104993887 0 0.3946180299360948 0.3942754739717483 0 0.3810628898632768 0.3807252360548088 0 0.4461883682841757 0.4458372093091946 0 0.4308605706169789 0.4305152232770987 0 0.3194827266311355 0.3191567590307358 0 0.2718148724732142 0.271576045571423 0 0.4635577961091051 0.463211476352136 0 0.3943338697844824 0.3941814131126187 0 0.3035934419118284 0.3032965212109649 0 0.2877041571925213 0.2874362833911939 0 0.3675077497904587 0.3671749981378692 0 0.4155327729497819 0.4151932372450027 0 0.312654538243637 0.3124445014184882 0 0.3534942040140602 0.353312957265554 0 0.4404831540008975 0.4402014552722969 0 0.4174085118926906 0.4171914341924585 0 0.3492233459415179 0.3489314992314088 0 0.3309389420925775 0.3306880003249484 0 0.3948532499712076 0.3945664772518527 0 0.374173726992634 0.3739397172587035 0 0.2718148724732135 0.2715760455714222 0 0.213634423516476 0.2135229572355428 0 0.3943338697844831 0.3941814131126194 0 0.3099121760088833 0.3099121760132657 0 0.2524213894876347 0.2522250161261295 0 0.233027906502055 0.2328739866808358 0 0.312654538243637 0.3124445014184882 0 0.3534942040140598 0.3533129572655536 0 0.2457270076806117 0.2456526968281171 0 0.2778195918447485 0.2777824364206924 0 0.3661933051926165 0.3660916674128348 0 0.3380527406007512 0.3380019217130515 0 0.2903453613892948 0.2901805665550308 0 0.2680361845349536 0.2679166316915743 0 0.3282693332909553 0.3281361169839323 0 0.3030444625678522 0.3029592767023128 0 0.2136344235164748 0.2135229572355417 0 0.1471927560645386 0.1471927564569981 0 0.3099121760088845 0.3099121760132669 0 0.2135229569389315 0.2136344244205992 0 0.1914872010324966 0.191412890309361 0 0.1693399785485174 0.1693028233831794 0 0.2457270076806119 0.2456526968281172 0 0.277819591844748 0.2777824364206918 0 0.1693028230226697 0.1693399791115319 0 0.1914128899808017 0.1914872017660667 0 0.2777824363189004 0.2778195921490446 0 0.245652696628918 0.2457270082848239 0 0.2202522794612973 0.2202151242559217 0 0.1947775512419835 0.1947775516837268 0 0.2490173578900982 0.2490173582024824 0 0.2202151239354507 0.2202522799842753 0 0.1471927560645367 0.1471927564569963 0 0.07505105259226044 0.07511152155550337 0 0.2135229569389335 0.2136344244206012 0 0.1088744611048908 0.1090105020028138 0 0.1231455215737789 0.1231656781564995 0 0.09909828708301942 0.09913859985600122 0 0.1693028230226697 0.1693399791115319 0 0.1914128899808014 0.1914872017660664 0 0.08632552209647035 0.08641118170460663 0 0.09759999160068214 0.09771084185371173 0 0.1786401249942523 0.1787597836146718 0 0.143757293049574 0.1438851428087451 0 0.141643722713936 0.1416970466425563 0 0.1139846224052033 0.1140541141735816 0 0.1601419238540938 0.1602284151286137 0 0.1288709577273887 0.1289696284911634 0 0.07505105259225819 0.07511152155550112 0 5.795821450005952e-16 5.800126419934353e-16 0 0.1088744611048931 0.109010502002816 0 -2.259479642261443e-15 -2.262385612238924e-15 0 0.0500340350615062 0.05007434770366815 0 0.02501701753075312 0.0250371738518341 0 0.08632552209647065 0.0864111817046069 0 0.09759999160068164 0.09771084185371123 0 -7.706192237372649e-16 -7.714377938335199e-16 0 8.088052159113716e-16 8.096547381738691e-16 0 0.07258297406992828 0.0726736680018769 0 0.0362914870349657 0.03633683400094002 0 0.05755034806431315 0.05760745446973733 0 0.02877517403215657 0.02880372723486865 0 0.0650666610671199 0.06514056123580629 0 0.03253333053356135 0.03257028061790455 0 3.014867902300292e-17 3.013032353501519e-17 0 0.1086788485201178 0.108602681521556 0 1.63517141054404e-17 1.634258604990231e-17 0 0.1383929667544049 0.1382610506412 0 0.03622628284003927 0.03620089384051868 0 0.07245256568007853 0.07240178768103733 0 3.307434320643926e-17 3.305304658049551e-17 0 -1.766979273537162e-17 -1.764803125370423e-17 0 0.1185835545982134 0.1184888045614373 0 0.128488260676309 0.1283749276013185 0 0.04613098891813487 0.04608701688039993 0 0.09226197783626962 0.09217403376079975 0 0.03952785153273785 0.03949626818714581 0 0.07905570306547563 0.07899253637429154 0 0.04282942022543641 0.04279164253377292 0 0.08565884045087264 0.08558328506754567 0 0.1086788485201182 0.1086026815215564 0 0.2132443456089664 0.2131640928047911 0 0.1383929667544045 0.1382610506411997 0 0.2715318091711605 0.2713510430561102 0 0.1435340142164007 0.1434564852826344 0 0.1783891799126836 0.1783102890437128 0 0.1185835545982135 0.1184888045614374 0 0.128488260676309 0.1283749276013185 0 0.2326735001296977 0.232559742888564 0 0.2521026546504287 0.2519553929723368 0 0.182772580893323 0.1826243814461697 0 0.2271521950322411 0.2269877122511393 0 0.1566135364420417 0.1565124506704797 0 0.1946435182858696 0.1945360967795218 0 0.1696930586676825 0.1695684160583248 0 0.2108978566590554 0.2107619045153306 0 0.2132443456089673 0.2131640928047919 0 0.3096622988277896 0.3096622989844283 0 0.2715318091711597 0.2713510430561094 0 0.394297906591049 0.3941372953756447 0 0.2453836633485742 0.2453301615313369 0 0.277522981088182 0.2774962302578827 0 0.2326735001296977 0.2325597428885641 0 0.2521026546504287 0.2519553929723368 0 0.3378741680822095 0.3378206311148338 0 0.3660860373366286 0.3659789632452387 0 0.312453841644456 0.3122797938292877 0 0.3533758741177517 0.3532085446024654 0 0.2677403894472019 0.2676467056306542 0 0.3028072787647055 0.3027336683727439 0 0.2900971155458291 0.2899632497299711 0 0.3280915764412285 0.3279711064876045 0 0.3096622988277908 0.3096622989844295 0 0.394137294649386 0.3942979058754882 0 0.3942979065910482 0.394137295375644 0 0.5020025316447861 0.5020025325594375 0 0.3378206307683219 0.3378741679481152 0 0.3659789627088541 0.3660860369118019 0 0.3378741680822095 0.337820631114834 0 0.3660860373366286 0.3659789632452387 0 0.4300923736478527 0.4301994481034713 0 0.4660474526463186 0.4661009903314536 0 0.4301994482756272 0.4300923744369082 0 0.4661009899602054 0.4660474534981716 0 0.3686135699374241 0.3686135701110466 0 0.3993529717926383 0.3994065091072588 0 0.399406509106526 0.3993529722739777 0 0.4327269808764219 0.4327269813027153 0 0.3941372946493875 0.3942979058754898 0 0.4634919585698006 0.4637226392466431 0 0.5020025316447849 0.5020025325594363 0 0.5900720025682944 0.5903670688305872 0 0.4172555159561909 0.4174394836658733 0 0.4403737372629961 0.4405810614562585 0 0.4300923736478526 0.4301994481034713 0 0.4660474526463187 0.4661009903314537 0 0.5056853065692986 0.5059374491079578 0 0.5478786545687957 0.5481522589692718 0 0.5313590219526212 0.5314573779831531 0 0.5607155122604565 0.5609122234068689 0 0.4552900179550014 0.4554454484383003 0 0.48048766226215 0.4806914487731291 0 0.4933245199538118 0.4934514132107272 0 0.5206015872613032 0.520801836089999 0 0.4634919585698023 0.4637226392466448 0 0.5150067801964809 0.5153098341330004 0 0.5900720025682933 0.5903670688305861 0 0.655976447286335 0.6556651144820329 0 0.4806635657786942 0.480918370875429 0 0.4978351729875876 0.4981141025042148 0 0.5056853065692984 0.5059374491079578 0 0.5478786545687958 0.5481522589692719 0 0.5619966692264322 0.5620949275826778 0 0.6089865582563827 0.6088800210323544 0 0.6120401508076403 0.6121330840477348 0 0.6340082990469863 0.6338990992648825 0 0.5244557607883433 0.5246566085995313 0 0.5432262150073877 0.5433757680911044 0 0.5682479557979921 0.5683948463236334 0 0.5886172570271868 0.5886374336779934 0 0.5150067801964824 0.5153098341330018 0 0.5464174463924857 0.5467303700688151 0 0.6559764472863336 0.6556651144820316 0 0.6968576233265339 0.6966299173336381 0 0.5254770022618159 0.5257833461116054 0 0.535947224327151 0.5362568580902104 0 0.5619966692264322 0.5620949275826778 0 0.6089865582563829 0.6088800210323547 0 0.5965641720371685 0.5966968858237562 0 0.6467108976818503 0.6466634015786963 0 0.6696035059664002 0.6693200487659001 0 0.6832305646464658 0.682974983049768 0 0.5735191701633445 0.5736289136630375 0 0.5850416711002564 0.5851628997433967 0 0.6215613380648727 0.6214744812144692 0 0.6341361178733611 0.6340689413965823 0 0.5464174463924872 0.5467303700688166 0 0.5571967614203999 0.5568842376514642 0 0.6968576233265328 0.696629917333637 0 0.7086892462551589 0.7087185123027211 0 0.5500105514017906 0.550114992596365 0 0.5536036564110953 0.5534996151239148 0 0.5965641720371684 0.596696885823756 0 0.6467108976818505 0.6466634015786965 0 0.6076942563653196 0.6074956625352165 0 0.6581917513102387 0.6581070874189683 0 0.7008014976360746 0.7006594489899981 0 0.7047453719456157 0.7046889806463587 0 0.6002742001465523 0.6002964780609098 0 0.6039842282559359 0.603896070298063 0 0.6505378488913138 0.6504779635254543 0 0.6543648001007758 0.6542925254722108 0 0.557196761420401 0.5568842376514653 0 0.5464683587093172 0.5462095618783187 0 0.7086892462551582 0.7087185123027203 0 0.6950882025005835 0.6952070157627279 0 0.5536206271833723 0.5533260123937491 0 0.5500444929463449 0.549767787136034 0 0.6076942563653195 0.6074956625352165 0 0.6581917513102388 0.6581070874189683 0 0.5960083066397392 0.5958753798397884 0 0.645548254570161 0.6455411978012577 0 0.7041555650036331 0.7042146801227226 0 0.6996218837521075 0.6997108479427245 0 0.6037989397901262 0.6036222349700739 0 0.5999036232149327 0.5997488074049311 0 0.6539772523968798 0.6539184575463984 0 0.6497627534835202 0.6497298276738279 0 0.546468358709318 0.5462095618783195 0 0.514859161893833 0.5144926787938937 0 0.695088202500583 0.6952070157627275 0 0.6549867801283812 0.6545023327180362 0 0.5359319597708223 0.5356372675168437 0 0.5253955608323279 0.5250649731553688 0 0.5960083066397392 0.5958753798397884 0 0.6455482545701609 0.6455411978012577 0 0.5615683679720156 0.5611625634352744 0 0.6082775740501984 0.6078324480766553 0 0.6817210617098488 0.6816387880811634 0 0.6683539209191148 0.6680705603995997 0 0.5845283270838315 0.5843044410382841 0 0.5730483475279236 0.5727335022367791 0 0.6331246943968403 0.6329716145597237 0 0.6207011342235192 0.6204020313181895 0 0.5148591618938332 0.5144926787938939 0 0.4635577961091055 0.4632114763521364 0 0.6549867801283812 0.6545023327180362 0 0.5895467652600919 0.5894268362813626 0 0.497758706632257 0.4973989446466411 0 0.4806582513706809 0.4803052104993885 0 0.5615683679720156 0.5611625634352745 0 0.6082775740501982 0.607832448076655 0 0.505554119159434 0.5052832629952115 0 0.547550442209763 0.5473550496382872 0 0.6331734418389513 0.6328105005724782 0 0.6113601035495217 0.6111186684269206 0 0.542896951701155 0.5425361299552534 0 0.5242255354302945 0.5239096964752324 0 0.588035196770053 0.5876733152638657 0 0.5677928194899082 0.5675141824510765 0 0.4635577961091047 0.4632114763521356 0 0.3943338697844833 0.3941814131126196 0 0.5895467652600923 0.5894268362813631 0 0.5015469467341057 0.5015469433840599 0 0.4404831540008977 0.440201455272297 0 0.41740851189269 0.4171914341924579 0 0.505554119159434 0.5052832629952115 0 0.547550442209763 0.5473550496382871 0 0.4300715621010237 0.4299699232030993 0 0.4658092544175655 0.4657584332935805 0 0.5602134924180966 0.5601335386489286 0 0.530880219576102 0.530840241016495 0 0.4803932668066302 0.4801788163978404 0 0.4552324144538272 0.4550743698004701 0 0.5203033796123634 0.5201561775233844 0 0.4930563170149648 0.4929573054084827 0 0.3943338697844818 0.3941814131126181 0 0.3099121760088843 0.3099121760132666 0 0.5015469467341066 0.5015469433840608 0 0.3941814131774612 0.3943338716171102 0 0.3661933051926165 0.3660916674128348 0 0.3380527406007502 0.3380019217130505 0 0.4300715621010238 0.4299699232030995 0 0.465809254417565 0.4657584332935799 0 0.3380019217317431 0.3380527412145478 0 0.3660916674546035 0.3661933064158303 0 0.4657584355485584 0.4658092527950775 0 0.4299699243630112 0.4300715622060953 0 0.3993816819779298 0.3993308625402485 0 0.3686918018548367 0.3686918018773984 0 0.4325700587632436 0.4325700576676625 0 0.399330863108924 0.3993816820417468 0 0.3099121760088822 0.3099121760132645 0 0.2135229569389331 0.2136344244206007 0 0.3941814131774629 0.3943338716171119 0 0.2715760450457507 0.2718148739806637 0 0.2777824363189 0.2778195921490442 0 0.2456526966289161 0.2457270082848221 0 0.3380019217317433 0.3380527412145479 0 0.3660916674546029 0.3661933064158297 0 0.2328739863078723 0.2330279076072884 0 0.2522250156768127 0.2524213907939772 0 0.353312957133559 0.353494205738296 0 0.3124445010896574 0.3126545398594824 0 0.3029592765904522 0.3030444633454605 0 0.2679166314491622 0.2680361854763744 0 0.328136116862005 0.3282693345418777 0 0.2901805662694098 0.2903453626679285 0 0.2135229569389304 0.213634424420598 0 0.1088744611048926 0.1090105020028155 0 0.2715760450457526 0.2718148739806657 0 0.1384815101654828 0.1386808285756291 0 0.1786401249942522 0.1787597836146716 0 0.1437572930495719 0.1438851428087431 0 0.2328739863078725 0.2330279076072886 0 0.2522250156768127 0.2524213907939772 0 0.1187434774584222 0.1189006108604196 0 0.1286124938119544 0.1287907197180263 0 0.2272112000856631 0.2274368588456539 0 0.182846355125576 0.1830588437106446 0 0.194830483358055 0.1949854753583316 0 0.1567869804082389 0.1569430431093759 0 0.2110208417218581 0.2112111671019918 0 0.1698166677669074 0.1700009434100102 0 0.1088744611048891 0.109010502002812 0 8.439842756670428e-16 8.449561482412656e-16 0 0.1384815101654855 0.1386808285756319 0 -2.874791827289557e-15 -2.879052760574714e-15 0 0.07258297406992717 0.07267366800187579 0 0.03629148703496362 0.03633683400093793 0 0.1187434774584222 0.1189006108604196 0 0.1286124938119544 0.1287907197180263 0 -1.065846965065718e-15 -1.067355399126351e-15 0 8.338931787550109e-16 8.349375311008702e-16 0 0.09232100677699005 0.09245388571708761 0 0.04616050338849749 0.04622694285854628 0 0.07916231830561428 0.07926707390694587 0 0.03958115915280692 0.03963353695347272 0 0.08574166254130111 0.08586047981201569 0 0.04287083127065219 0.04293023990600948 0 5.202194546025276e-17 5.197780160413057e-17 0 0.1383929667544047 0.1382610506411999 0 1.052854095738849e-17 1.052529111701827e-17 0 0.1627683414534784 0.1625823847991769 0 0.04613098891813493 0.04608701688039999 0 0.09226197783626978 0.09217403376079991 0 4.080531845315978e-17 4.07717774006666e-17 0 -2.132187917171593e-17 -2.128949964966986e-17 0 0.1465180916540959 0.1463681620271922 0 0.154643216553787 0.1544752734131844 0 0.05425611381782609 0.05419412826639224 0 0.108512227635652 0.1083882565327843 0 0.04883936388469869 0.04878938734239745 0 0.09767872776939726 0.09757877468479478 0 0.05154773885126245 0.0514917578043949 0 0.1030954777025247 0.1029835156087896 0 0.1383929667544052 0.1382610506412004 0 0.2715318091711599 0.2713510430561096 0 0.162768341453478 0.1625823847991765 0 0.3193647200180807 0.319078825367068 0 0.1827725808933232 0.1826243814461699 0 0.2271521950322416 0.2269877122511398 0 0.146518091654096 0.1463681620271922 0 0.154643216553787 0.1544752734131843 0 0.2874761127868001 0.287260303826429 0 0.30342041640244 0.3031695645967481 0 0.2149671343083455 0.2147478649884736 0 0.2671659271632125 0.2669133451777702 0 0.1935040986983308 0.1933322092936046 0 0.2404901057425655 0.2402962565600168 0 0.2042356165033383 0.2040400371410393 0 0.2538280164528889 0.2536048008688935 0 0.271531809171161 0.2713510430561107 0 0.3942979065910482 0.3941372953756439 0 0.3193647200180798 0.3190788253670671 0 0.4637226384045801 0.463491957691723 0 0.3124538416444562 0.3122797938292879 0 0.3533758741177524 0.3532085446024661 0 0.2874761127868001 0.287260303826429 0 0.30342041640244 0.3031695645967482 0 0.4174394838622257 0.4172555161476705 0 0.4405810611334023 0.4403737369196962 0 0.3674840261469133 0.3672165361419525 0 0.4156033322757458 0.4153542469168369 0 0.3307972364786088 0.330592041266843 0 0.3741183601704172 0.3739237787072567 0 0.3491406313127613 0.348904288704398 0 0.3948608462230815 0.3946390128120467 0 0.39429790659105 0.3941372953756457 0 0.502002531644785 0.5020025325594364 0 0.4637226384045791 0.463491957691722 0 0.5903670740745465 0.5900720059827554 0 0.4301994482756276 0.4300923744369086 0 0.4661009899602065 0.4660474534981727 0 0.4174394838622256 0.4172555161476705 0 0.4405810611334023 0.4403737369196963 0 0.5314573791213724 0.5313590237005429 0 0.5609122265979587 0.5607155148416484 0 0.5059374502945682 0.5056853071220665 0 0.5481522621845561 0.5478786565524097 0 0.4554454489486081 0.4552900186652947 0 0.4934514140349903 0.493324521182919 0 0.4806914496215885 0.4804876628936811 0 0.520801838109773 0.5206015888676642 0 0.5020025316447871 0.5020025325594385 0 0.5900720025682933 0.5903670688305861 0 0.590367074074545 0.590072005982754 0 0.6949337802635551 0.6949337631531231 0 0.5313590219526214 0.5314573779831533 0 0.5607155122604577 0.56091222340687 0 0.5314573791213723 0.5313590237005428 0 0.5609122265979587 0.5607155148416485 0 0.6250259284667143 0.6252226336047655 0 0.6599798543651338 0.6600781983789434 0 0.6252226428042151 0.6250259250395438 0 0.6600782115338839 0.6599798440963321 0 0.5626468955698197 0.5626468936686172 0 0.593836412018267 0.5939347636366913 0 0.593934769187018 0.593836409354081 0 0.6269573117760754 0.6269573038665117 0 0.5900720025682957 0.5903670688305885 0 0.6559764472863335 0.6556651144820315 0 0.6949337802635538 0.6949337631531217 0 0.7707110168791199 0.7707545992851907 0 0.6120401508076405 0.612133084047735 0 0.6340082990469874 0.6338990992648836 0 0.6250259284667141 0.6252226336047654 0 0.6599798543651341 0.6600781983789437 0 0.6942213038172627 0.6940282760830849 0 0.7324661603481903 0.7323914376841369 0 0.7201928591354091 0.7202073751971447 0 0.7454519380072632 0.7454809872411664 0 0.6480910535835638 0.6481578477642054 0 0.6711561787004131 0.671093061923645 0 0.6841419563594868 0.6841826114806755 0 0.708304058353838 0.7082870245824056 0 0.6549867801283812 0.6545023327180362 0 0.5895467652600922 0.5894268362813629 0 0.7683863993671949 0.7688683487209473 0 0.6926993923449474 0.6926993684768442 0 0.6331734418389514 0.6328105005724783 0 0.6113601035495216 0.6111186684269204 0 0.6927866532079856 0.6926243380523398 0 0.7305865262875904 0.7307463433866437 0 0.6239309742883772 0.6238510136798566 0 0.6583151833166628 0.658275191078351 0 0.7431573970264459 0.7434786886395798 0 0.7179283946856972 0.7180890285582127 0 0.6698347602347828 0.6696998965948454 0 0.6468828672615801 0.646775455137351 0 0.7064960786306141 0.7065892926172124 0 0.6824056309736387 0.682432241847782 0 0.5895467652600912 0.5894268362813619 0 0.5015469467341066 0.5015469433840608 0 0.6926993923449478 0.6926993684768447 0 0.5894268361586402 0.5895467719070748 0 0.5602134924180968 0.5601335386489287 0 0.5308802195761012 0.5308402410164943 0 0.6239309742883772 0.6238510136798567 0 0.6583151833166627 0.6582751910783509 0 0.5308402432089511 0.5308802195583988 0 0.5601335396837969 0.560213495732738 0 0.6582752069495125 0.6583151696202552 0 0.6238510215540777 0.6239309707636663 0 0.5929007305952345 0.5928607489727034 0 0.5618704869020931 0.5618704842655513 0 0.6255879687723734 0.6255879592964791 0 0.5928607542280854 0.592900727514609 0 0.5015469467341048 0.501546943384059 0 0.3941814131774624 0.3943338716171114 0 0.5894268361586421 0.5895467719070767 0 0.463211474448802 0.4635577984116492 0 0.4657584355485581 0.4658092527950773 0 0.4299699243630099 0.4300715622060939 0 0.5308402432089511 0.5308802195583988 0 0.5601335396837964 0.5602134957327376 0 0.4171914336012422 0.4174085138819573 0 0.4402014540250236 0.4404831561468047 0 0.5473550489220284 0.5475504474086005 0 0.5052832616854169 0.5055541229101266 0 0.4929573066730474 0.4930563176662509 0 0.4550743701371451 0.4552324157741044 0 0.5201561777975379 0.5203033825374256 0 0.4801788159112813 0.4803932693421157 0 0.3941814131774599 0.3943338716171089 0 0.2715760450457525 0.2718148739806656 0 0.4632114744488038 0.463557798411651 0 0.3191567574061544 0.3194827289572588 0 0.3533129571335584 0.3534942057382954 0 0.312444501089655 0.31265453985948 0 0.4171914336012422 0.4174085138819573 0 0.4402014540250228 0.4404831561468039 0 0.2874362824992197 0.2877041589728633 0 0.3032965199526885 0.3035934439650625 0 0.4151932354345873 0.4155327752601869 0 0.3671749964203739 0.3675077521087259 0 0.3739397165672337 0.3741737289122583 0 0.3306879995332266 0.3309389439425607 0 0.3945664760009098 0.3948532520862219 0 0.3489314979768005 0.3492233480256435 0 0.2715760450457485 0.2718148739806616 0 0.1384815101654855 0.1386808285756318 0 0.3191567574061569 0.3194827289572614 0 0.1627499928786922 0.1629800311136561 0 0.2272112000856623 0.2274368588456531 0 0.1828463551255737 0.1830588437106422 0 0.2874362824992199 0.2877041589728635 0 0.3032965199526885 0.3035934439650625 0 0.1465710044032201 0.1467805627549723 0 0.1546604986409583 0.1548802969343164 0 0.2670211692303352 0.2673151630093928 0 0.2148855810545171 0.2151475970615279 0 0.2404811898005521 0.2407296269002319 0 0.1935260971018864 0.1937550948276024 0 0.2537511795154431 0.2540223949548117 0 0.2042058390782018 0.2044513459445652 0 0.1384815101654806 0.1386808285756269 0 1.067954923481955e-15 1.069368268224741e-15 0 0.1627499928786951 0.162980031113659 0 -3.379266790553253e-15 -3.384187373372097e-15 0 0.09232100677698911 0.09245388571708667 0 0.04616050338849435 0.04622694285854313 0 0.1465710044032204 0.1467805627549725 0 0.1546604986409578 0.1548802969343159 0 -7.955239483396808e-16 -7.967923526266831e-16 0 1.002731339498402e-15 1.004018856253839e-15 0 0.1084999952524624 0.1086533540757717 0 0.05424999762623399 0.05432667703788863 0 0.09771400293547934 0.09785370850331414 0 0.04885700146773993 0.04892685425165733 0 0.1031069990939698 0.1032535312895418 0 0.05155349954698714 0.05162676564477316 0 5.141361955731063e-17 5.136341773568157e-17 0 0.1627683414534783 0.1625823847991767 0 3.073343066066174e-17 3.071118552769586e-17 0 0.180847410835035 0.1806502982911048 0 0.05425611381782611 0.05419412826639226 0 0.1085122276356522 0.1083882565327845 0 2.830566147018264e-17 2.828450007070028e-17 0 -2.414801660417884e-17 -2.41104938946993e-17 0 0.1687946979139972 0.1686050226298194 0 0.1748210543745159 0.174627660460462 0 0.06028247027834493 0.06021676609703485 0 0.1205649405566898 0.1204335321940696 0 0.05626489930466578 0.05620167420993985 0 0.1125297986093314 0.1124033484198796 0 0.05827368479150542 0.05820922015348741 0 0.1165473695830106 0.1164184403069746 0 0.162768341453479 0.1625823847991774 0 0.31936472001808 0.3190788253670673 0 0.1808474108350347 0.1806502982911044 0 0.3548166160460928 0.3544868523881018 0 0.2149671343083456 0.2147478649884737 0 0.267165927163213 0.2669133451777707 0 0.1687946979139972 0.1686050226298195 0 0.1748210543745159 0.1746276604604619 0 0.3311820186940843 0.3308815010407455 0 0.342999317370088 0.3426841767144232 0 0.2388371459053872 0.2385958163234368 0 0.2968268809757394 0.2965413343557687 0 0.2229238048406931 0.2226971821001283 0 0.2770529117673887 0.2767893415704369 0 0.2308804753730403 0.2306464992117827 0 0.2869398963715639 0.2866653379631027 0 0.3193647200180815 0.3190788253670687 0 0.4637226384045791 0.4634919576917221 0 0.354816616046092 0.3544868523881011 0 0.5153098275306418 0.5150067814640537 0 0.3674840261469133 0.3672165361419525 0 0.4156033322757467 0.4153542469168378 0 0.3311820186940843 0.3308815010407455 0 0.3429993173700882 0.3426841767144232 0 0.480918368113267 0.4806635656158329 0 0.4981140978219537 0.4978351735399426 0 0.4083143532076084 0.4079934954134184 0 0.4618120903691242 0.4615001384387352 0 0.3810941351671454 0.3808088558991082 0 0.4310062516402061 0.4307362107574705 0 0.3947042441873773 0.3944011756562636 0 0.446409171004665 0.4461181745981027 0 0.4637226384045813 0.4634919576917243 0 0.5903670740745451 0.5900720059827541 0 0.5153098275306408 0.5150067814640527 0 0.6556650989741473 0.6559764460082028 0 0.5059374502945684 0.5056853071220667 0 0.5481522621845573 0.547878656552411 0 0.480918368113267 0.4806635656158329 0 0.4981140978219538 0.4978351735399427 0 0.6121330823744129 0.612040152657904 0 0.6338990906742793 0.6340082993330527 0 0.5620949180118096 0.5619966696454359 0 0.6088800084929772 0.6089865578268181 0 0.5246566062003158 0.5244557612965235 0 0.5683948442873643 0.5682479569772136 0 0.543375762106063 0.54322621547098 0 0.5886374263901706 0.5886172574020158 0 0.5903670740745479 0.5900720059827569 0 0.6949337802635542 0.6949337631531222 0 0.6556650989741463 0.6559764460082018 0 0.7707545474805154 0.7707110706487919 0 0.6252226428042154 0.6250259250395439 0 0.6600782115338855 0.6599798440963337 0 0.6121330823744129 0.612040152657904 0 0.6338990906742794 0.6340082993330528 0 0.7202073693358749 0.7201928656516789 0 0.7454809584081938 0.7454519681502341 0 0.6940282484762688 0.6942213208883981 0 0.7323913979783907 0.7324661957685936 0 0.6481578446949003 0.6480910569891624 0 0.6841826070153874 0.6841419613204205 0 0.6710930465855851 0.6711561889387808 0 0.7082870024968891 0.7083040785445071 0 0.6926993923449469 0.6926993684768438 0 0.5894268361586418 0.5895467719070764 0 0.7688683146722027 0.7683864243600581 0 0.6545023207100583 0.6549867797708235 0 0.6582752069495124 0.6583151696202552 0 0.6238510215540766 0.6239309707636653 0 0.7180890331206993 0.7179283871045823 0 0.7434786738964511 0.7431574057323203 0 0.611118664342447 0.6113601078616585 0 0.632810492526254 0.6331734438162422 0 0.7307463166848214 0.7305865428303133 0 0.6926243186974411 0.6927866613005697 0 0.682432243527948 0.6824056273569405 0 0.6467754539351978 0.6468828676092997 0 0.7065892801063844 0.7064960850936268 0 0.6696998863163196 0.6698347644549348 0 0.5894268361586393 0.5895467719070739 0 0.4632114744488034 0.4635577984116506 0 0.65450232071006 0.6549867797708251 0 0.5144926736428939 0.5148591651431278 0 0.547355048922028 0.5475504474086001 0 0.5052832616854155 0.5055541229101251 0 0.6111186643424471 0.6113601078616586 0 0.6328104925262535 0.6331734438162417 0 0.4803052075135 0.4806582539888095 0 0.4973989405781987 0.4977587095659704 0 0.6078324383543376 0.6082775748949257 0 0.5611625559986181 0.561568370019029 0 0.5675141787327976 0.567792823237375 0 0.5239096931231492 0.5242255386130927 0 0.587673308543567 0.5880351990661498 0 0.5425361245608837 0.5428969543160609 0 0.4632114744488002 0.4635577984116475 0 0.3191567574061568 0.3194827289572613 0 0.5144926736428961 0.51485916514313 0 0.354492225589719 0.3548301762527935 0 0.4151932354345866 0.4155327752601862 0 0.3671749964203711 0.3675077521087232 0 0.4803052075135 0.4806582539888095 0 0.4973989405781978 0.4977587095659695 0 0.3309352468006773 0.3312652113891051 0 0.3427137361952001 0.3430476938209512 0 0.4611591909585037 0.4615161688463512 0 0.4078257082741142 0.4081731725495752 0 0.4305152206092245 0.4308605731222401 0 0.3807252337049511 0.3810628922556729 0 0.4458372057838634 0.4461883709842948 0 0.3942754709895331 0.3946180324026244 0 0.3191567574061525 0.3194827289572569 0 0.1627499928786946 0.1629800311136585 0 0.354492225589722 0.3548301762527964 0 0.1807663234247687 0.1809774994878703 0 0.2670211692303344 0.267315163009392 0 0.2148855810545135 0.2151475970615243 0 0.3309352468006773 0.331265211389105 0 0.3427137361951998 0.343047693820951 0 0.1687554363940516 0.1689791872383948 0 0.1747608799094129 0.1749783433631353 0 0.2965835915347376 0.296879283997821 0 0.238674957479757 0.2389283917428495 0 0.2768753099984679 0.2771698700055341 0 0.2228153731962602 0.2230745286219649 0 0.2867294507666016 0.2870245770016764 0 0.2307451653380087 0.2310014601824073 0 0.1627499928786891 0.162980031113653 0 1.544278190706268e-15 1.546316803223229e-15 0 0.1807663234247723 0.1809774994878739 0 -3.753925014170937e-15 -3.758445395464691e-15 0 0.108499995252461 0.1086533540757703 0 0.05424999762623056 0.05432667703788519 0 0.1687554363940522 0.1689791872383953 0 0.1747608799094124 0.1749783433631348 0 -1.510515682519701e-15 -1.512658073059888e-15 0 1.448216149886145e-15 1.449881949871098e-15 0 0.1205108822831807 0.1206516663252484 0 0.06025544114159308 0.06032583316262696 0 0.1125036242627003 0.1126527914922624 0 0.05625181213134985 0.05632639574613089 0 0.1165072532729396 0.1166522289087545 0 0.05825362663647184 0.0583261144543793 0 5.650011056198058e-17 5.645009771757462e-17 0 0.1808474108350349 0.1806502982911047 0 2.170334010848529e-17 2.169806586999327e-17 0 0.1919306533952802 0.1917980252576032 0 0.060282470278345 0.06021676609703492 0 0.1205649405566899 0.1204335321940697 0 3.086745590440127e-17 3.084855501895287e-17 0 -2.603755914733368e-17 -2.600731645067082e-17 0 0.1845418250217833 0.1843662072799374 0 0.1882362392085316 0.1880821162687702 0 0.06397688446509331 0.06393267508586764 0 0.1279537689301865 0.1278653501717352 0 0.06151394167392783 0.06145540242664588 0 0.1230278833478555 0.1229108048532916 0 0.06274541306951062 0.06269403875625681 0 0.125490826139021 0.1253880775125134 0 0.1808474108350355 0.1806502982911053 0 0.3548166160460923 0.3544868523881013 0 0.1919306533952798 0.1917980252576028 0 0.3765032008647687 0.3763173659036312 0 0.2388371459053874 0.238595816323437 0 0.2968268809757399 0.2965413343557692 0 0.1845418250217833 0.1843662072799375 0 0.1882362392085316 0.1880821162687701 0 0.3620454776523178 0.3617636902266113 0 0.3692743392585428 0.3690405280651208 0 0.2534548358851094 0.2533044721396122 0 0.3149790183749385 0.3148109190216211 0 0.2437097092319616 0.2434987015954955 0 0.3028775934421395 0.3026311959110534 0 0.2485822725585356 0.248401586867554 0 0.308928305908539 0.3087210574663372 0 0.3548166160460935 0.3544868523881026 0 0.5153098275306411 0.515006781464053 0 0.376503200864768 0.3763173659036304 0 0.5467303620057471 0.5464174494412337 0 0.4083143532076087 0.4079934954134187 0 0.461812090369125 0.4615001384387359 0 0.3620454776523178 0.3617636902266113 0 0.3692743392585428 0.3690405280651208 0 0.5257833390223431 0.5254770041231132 0 0.5362568505140445 0.5359472267821729 0 0.433245587911761 0.4330173937494982 0 0.4899879749587531 0.489717421595365 0 0.4166247647756598 0.4163347948587788 0 0.4712040518990015 0.4709058994909461 0 0.4249351763437106 0.4246760943041387 0 0.4805960134288771 0.4803116605431554 0 0.5153098275306429 0.5150067814640547 0 0.6556650989741463 0.6559764460082018 0 0.5467303620057461 0.5464174494412327 0 0.6966299019024281 0.6968576370798694 0 0.5620949180118099 0.5619966696454363 0 0.6088800084929782 0.6089865578268192 0 0.5257833390223432 0.5254770041231134 0 0.5362568505140446 0.5359472267821729 0 0.6693200332835738 0.6696035096987579 0 0.6829749675930001 0.6832305733893128 0 0.59669687530464 0.5965641786541115 0 0.6466633886035328 0.6467109078669891 0 0.5736289037760869 0.5735191726483284 0 0.6214744685298301 0.6215613411735429 0 0.5851628895403639 0.5850416756512203 0 0.6340689285666814 0.6341361245202659 0 0.6545023207100572 0.6549867797708223 0 0.5144926736428959 0.5148591651431298 0 0.6952070119826973 0.6950882054780113 0 0.5462095574320901 0.5464683606599492 0 0.6078324383543372 0.6082775748949253 0 0.5611625559986165 0.5615683700190275 0 0.6680705511342719 0.6683539216732201 0 0.6816387815584841 0.6817210635756151 0 0.5250649682392937 0.5253955636487361 0 0.5356372628356935 0.5359319621543441 0 0.6455411937991619 0.6455482572053243 0 0.5958753756156284 0.5960083089326391 0 0.6204020235026115 0.6207011356650577 0 0.5727334958709529 0.5730483496568972 0 0.6329716086508855 0.6331246964351898 0 0.5843044357432909 0.5845283292947684 0 0.5144926736428918 0.5148591651431257 0 0.3544922255897214 0.3548301762527959 0 0.5462095574320931 0.5464683606599522 0 0.3762588355601467 0.3765295685341081 0 0.461159190958503 0.4615161688463504 0 0.4078257082741117 0.4081731725495727 0 0.5250649682392936 0.525395563648736 0 0.5356372628356929 0.5359319621543437 0 0.36174776224653 0.3620633070132335 0 0.3690032989033404 0.3692964377736729 0 0.4895593168081106 0.4898220966180039 0 0.4329090761841324 0.4331758325760598 0 0.4706258995750378 0.4709514781035671 0 0.4161868309107838 0.4165073925584002 0 0.4800926081915734 0.4803867873607847 0 0.4245479535474586 0.4248416125672305 0 0.3544922255897168 0.3548301762527912 0 0.1807663234247717 0.1809774994878733 0 0.3762588355601503 0.3765295685341118 0 0.1918637877713394 0.1919933194245133 0 0.2965835915347367 0.2968792839978202 0 0.2386749574797538 0.2389283917428463 0 0.3617477622465299 0.3620633070132334 0 0.3690032989033404 0.3692964377736729 0 0.18446547820696 0.1846494394667524 0 0.1881646329891527 0.1883213794456359 0 0.3147938196305464 0.3150174854975787 0 0.2533288037009472 0.2535054024610504 0 0.3026536675666724 0.3029253511644055 0 0.2435595728868164 0.2437873953155791 0 0.3087237435986087 0.3089714183309914 0 0.248444188293882 0.248646398888315 0 0.1807663234247655 0.180977499487867 0 1.393297398102693e-15 1.394791247669881e-15 0 0.1918637877713432 0.1919933194245172 0 -3.984916892591794e-15 -3.987694476743973e-15 0 0.1205108822831791 0.1206516663252468 0 0.0602554411415896 0.06032583316262346 0 0.1844654782069607 0.184649439466753 0 0.1881646329891521 0.1883213794456352 0 -1.645898341464382e-15 -1.647654033127691e-15 0 1.559282395070918e-15 1.560482779712263e-15 0 0.1279091918475615 0.1279955462830108 0 0.06395459592378386 0.06399777314150851 0 0.1229769854713058 0.1230996263111674 0 0.06148849273565289 0.06154981315558368 0 0.1254430886594322 0.1255475862970876 0 0.06272154432971883 0.06277379314854654 0 5.940352282063612e-17 5.937486679243411e-17 0 0.1919306533952801 0.1917980252576031 0 1.112221645116243e-17 1.11304547708047e-17 0 0.1956326521127504 0.1956370163194589 0 0.06397688446509338 0.06393267508586771 0 0.1279537689301866 0.1278653501717353 0 3.760119838499824e-17 3.759039713622467e-17 0 -2.692262210974943e-17 -2.691396427380114e-17 0 0.1931646529677701 0.1930776889448883 0 0.1943986525402602 0.1943573526321735 0 0.06521088403758343 0.06521233877315293 0 0.1304217680751668 0.1304246775463058 0 0.06438821765592342 0.06435922964829614 0 0.1287764353118467 0.1287184592965922 0 0.06479955084675347 0.06478578421072458 0 0.1295991016935068 0.129571568421449 0 0.1919306533952806 0.1917980252576036 0 0.3765032008647682 0.3763173659036306 0 0.1956326521127502 0.1956370163194587 0 0.3836798889989782 0.3837445305190402 0 0.2534548358851095 0.2533044721396123 0 0.314979018374939 0.3148109190216216 0 0.1931646529677702 0.1930776889448884 0 0.1943986525402601 0.1943573526321734 0 0.3788954302428382 0.3787930874421006 0 0.3812876596209078 0.38126880898057 0 0.2583150644081594 0.2583395210526525 0 0.3209974767035684 0.3210420257858458 0 0.2550749120594596 0.2549828217772925 0 0.3169851711511489 0.3168879546096965 0 0.2566949882338097 0.2566611714149725 0 0.3189913239273585 0.3189649901977711 0 0.3765032008647695 0.3763173659036319 0 0.5467303620057463 0.5464174494412329 0 0.3836798889989776 0.3837445305190396 0 0.5568842328091574 0.5571967661944018 0 0.4332455879117612 0.4330173937494983 0 0.4899879749587539 0.4897174215953658 0 0.3788954302428382 0.3787930874421005 0 0.3812876596209079 0.38126880898057 0 0.5501149856068837 0.5500105550256228 0 0.5534996092080201 0.5536036606100119 0 0.4414146702690375 0.441561942410827 0 0.4991494515390968 0.4993793543026137 0 0.4359686153641869 0.4358655766366082 0 0.4930418004855351 0.4929380658311154 0 0.4386916428166123 0.4387137595237176 0 0.4960956260123158 0.4961587100668644 0 0.546730362005748 0.5464174494412346 0 0.696629901902427 0.6968576370798683 0 0.5568842328091568 0.5571967661944012 0 0.708718512194773 0.7086892509754895 0 0.5966968753046403 0.5965641786541118 0 0.646663388603534 0.6467109078669903 0 0.5501149856068837 0.5500105550256229 0 0.5534996092080201 0.5536036606100119 0 0.7006594386665427 0.7008015083784089 0 0.7046889754306571 0.7047453796769485 0 0.6074956592710288 0.6076942611214305 0 0.6581070857328998 0.6581917560484589 0 0.6002964699601033 0.6002742061432184 0 0.650477954313323 0.6505378572608136 0 0.6038960646155662 0.6039842336323247 0 0.6542925200231113 0.6543648066546361 0 0.695207011982694 0.695088205478008 0 0.5462095574320925 0.5464683606599516 0 0.7087185121947712 0.7086892509754896 0 0.5568842328091547 0.5571967661944013 0 0.6455411937991612 0.6455482572053235 0 0.5958753756156266 0.5960083089326373 0 0.6997108453867211 0.6996218873105033 0 0.7042146787907457 0.7041555691429959 0 0.5497677825577791 0.5500444958381008 0 0.5533260076834692 0.5536206310162533 0 0.6581070857328988 0.65819175604846 0 0.6074956592710294 0.6076942611214333 0 0.6497298244437394 0.6497627568197013 0 0.5997488035007595 0.5999036263289014 0 0.6539184550883184 0.6539772564340798 0 0.6036222313858947 0.6037989437251674 0 0.5462095574320882 0.5464683606599473 0 0.3762588355601501 0.3765295685341116 0 0.5568842328091576 0.5571967661944042 0 0.3836798889989755 0.3837445305190393 0 0.48955931680811 0.4898220966180034 0 0.4329090761841297 0.4331758325760571 0 0.5497677825577792 0.5500444958381008 0 0.5533260076834684 0.5536206310162525 0 0.3787325200397577 0.37893455586242 0 0.381206204519369 0.3813395431907322 0 0.4991494515390965 0.4993793543026155 0 0.4414146702690401 0.4415619424108316 0 0.4927560283851043 0.4930078491795395 0 0.4357442742124316 0.4359712025209804 0 0.4959527399620998 0.4961936017410769 0 0.438579472240736 0.4387665724659061 0 0.3762588355601443 0.3765295685341059 0 0.1918637877713429 0.1919933194245169 0 0.3836798889989789 0.3837445305190427 0 0.1956326521127481 0.1956370163194576 0 0.3147938196305458 0.3150174854975781 0 0.2533288037009437 0.2535054024610468 0 0.3787325200397587 0.378934555862421 0 0.381206204519369 0.3813395431907322 0 0.1931200758851434 0.1932078850561625 0 0.1943763639989489 0.1944224506878132 0 0.3209974767035685 0.3210420257858475 0 0.2583150644081628 0.2583395210526571 0 0.3168617053215527 0.3170256655936672 0 0.2549908906033483 0.2551167753249152 0 0.3189295910125596 0.3190338456897564 0 0.2566529775057561 0.2567281481887866 0 0.1918637877713362 0.1919933194245101 0 1.830196972610118e-15 1.831346130169432e-15 0 0.1956326521127521 0.1956370163194616 0 -4.063724288278964e-15 -4.063826365569727e-15 0 0.1279091918475595 0.1279955462830088 0 0.06395459592377981 0.06399777314150445 0 0.193120075885144 0.1932078850561632 0 0.1943763639989486 0.1944224506878129 0 -1.723033589721101e-15 -1.723870826455165e-15 0 1.260066054416377e-15 1.260334799688752e-15 0 0.1304217680751675 0.1304246775463071 0 0.06521088403758656 0.06521233877315638 0 0.1287467172567613 0.1288052567041074 0 0.06437335862838067 0.06440262835205371 0 0.1295842426659629 0.1296149671252057 0 0.06479212133298429 0.06480748356260572 0 6.002553863701891e-17 6.003613457007599e-17 0 0.1956326521127505 0.1956370163194589 0 1.586143812282276e-17 1.58661663922137e-17 0 0.1918637877713412 0.1919933194245144 0 0.06521088403758347 0.06521233877315297 0 0.1304217680751669 0.1304246775463059 0 2.691025481450977e-17 2.69175663967676e-17 0 -2.677857922576548e-17 -2.679506056861292e-17 0 0.1943763639989473 0.1944224506878107 0 0.1931200758851443 0.1932078850561625 0 0.06395459592378039 0.06399777314150479 0 0.1279091918475608 0.1279955462830096 0 0.0647921213329825 0.06480748356260362 0 0.1295842426659649 0.1296149671252071 0 0.06437335862838148 0.06440262835205424 0 0.1287467172567628 0.1288052567041084 0 0.1956326521127508 0.1956370163194593 0 0.3836798889989779 0.3837445305190398 0 0.1918637877713412 0.1919933194245143 0 0.3762588355601491 0.376529568534109 0 0.2583150644081595 0.2583395210526525 0 0.3209974767035687 0.3210420257858462 0 0.1943763639989474 0.1944224506878107 0 0.1931200758851442 0.1932078850561625 0 0.3812062045193683 0.3813395431907295 0 0.3787325200397585 0.378934555862419 0 0.2533288037009437 0.2535054024610457 0 0.3147938196305461 0.3150174854975771 0 0.2566529775057544 0.2567281481887838 0 0.3189295910125613 0.3190338456897566 0 0.2549908906033491 0.2551167753249148 0 0.3168617053215537 0.3170256655936667 0 0.3836798889989788 0.3837445305190407 0 0.5568842328091569 0.5571967661944013 0 0.3762588355601487 0.3765295685341086 0 0.5462095574320917 0.5464683606599489 0 0.4414146702690376 0.441561942410827 0 0.4991494515390974 0.4993793543026144 0 0.3812062045193683 0.3813395431907295 0 0.3787325200397584 0.378934555862419 0 0.5533260076834688 0.5536206310162508 0 0.54976778255778 0.5500444958380996 0 0.4329090761841298 0.4331758325760555 0 0.4895593168081107 0.4898220966180021 0 0.4385794722407353 0.4387665724659034 0 0.495952739962102 0.4961936017410771 0 0.4357442742124326 0.4359712025209794 0 0.492756028385106 0.4930078491795393 0 0.5568842328091583 0.5571967661944027 0 0.7087185121947723 0.7086892509754888 0 0.5462095574320915 0.5464683606599489 0 0.6952070119826974 0.6950882054780114 0 0.6074956592710291 0.6076942611214309 0 0.6581070857329008 0.6581917560484599 0 0.5533260076834688 0.5536206310162509 0 0.54976778255778 0.5500444958380996 0 0.7042146787907474 0.7041555691429965 0 0.699710845386722 0.6996218873105036 0 0.5958753756156266 0.5960083089326361 0 0.6455411937991613 0.6455482572053231 0 0.6036222313858952 0.6037989437251662 0 0.6539184550883212 0.6539772564340811 0 0.599748803500761 0.5999036263289013 0 0.6497298244437413 0.6497627568197022 0 0.708718512194767 0.7086892509754855 0 0.5568842328091571 0.5571967661944037 0 0.6966299019024268 0.6968576370798704 0 0.5467303620057439 0.5464174494412325 0 0.6581070857328983 0.6581917560484595 0 0.6074956592710274 0.6076942611214313 0 0.7046889754306549 0.7047453796769484 0 0.7006594386665406 0.700801508378409 0 0.5534996092080184 0.5536036606100123 0 0.5501149856068838 0.550010555025625 0 0.6466633886035325 0.646710907866991 0 0.5966968753046411 0.5965641786541147 0 0.6542925200231084 0.6543648066546354 0 0.6038960646155639 0.6039842336323243 0 0.6504779543133193 0.650537857260812 0 0.6002964699601027 0.6002742061432196 0 0.5568842328091523 0.557196766194399 0 0.3836798889989785 0.3837445305190424 0 0.5467303620057473 0.5464174494412359 0 0.3765032008647657 0.3763173659036302 0 0.4991494515390958 0.4993793543026149 0 0.4414146702690372 0.4415619424108287 0 0.553499609208019 0.553603660610013 0 0.5501149856068829 0.5500105550256241 0 0.3812876596209075 0.3812688089805715 0 0.378895430242839 0.3787930874421033 0 0.4899879749587534 0.4897174215953674 0 0.4332455879117632 0.4330173937495024 0 0.4960956260123139 0.4961587100668646 0 0.4386916428166108 0.4387137595237182 0 0.4930418004855323 0.4929380658311145 0 0.4359686153641873 0.4358655766366106 0 0.3836798889989728 0.3837445305190366 0 0.1956326521127519 0.1956370163194613 0 0.3765032008647695 0.376317365903634 0 0.1919306533952777 0.1917980252576016 0 0.3209974767035678 0.3210420257858469 0 0.2583150644081594 0.2583395210526537 0 0.3812876596209075 0.3812688089805715 0 0.3788954302428389 0.3787930874421032 0 0.1943986525402593 0.1943573526321735 0 0.1931646529677717 0.1930776889448907 0 0.3149790183749384 0.3148109190216227 0 0.2534548358851122 0.2533044721396163 0 0.3189913239273567 0.3189649901977709 0 0.2566949882338087 0.2566611714149728 0 0.3169851711511465 0.3168879546096957 0 0.2550749120594608 0.2549828217772949 0 0.1956326521127449 0.1956370163194543 0 1.512779795774744e-15 1.512802120092179e-15 0 0.1919306533952821 0.191798025257606 0 -3.987374705814646e-15 -3.984546029263674e-15 0 0.1304217680751654 0.130424677546305 0 0.0652108840375831 0.06521233877315293 0 0.1943986525402599 0.1943573526321742 0 0.1931646529677707 0.1930776889448897 0 -1.734387840599379e-15 -1.733992245029292e-15 0 1.60062413742677e-15 1.599957312432312e-15 0 0.1279537689301872 0.1278653501717364 0 0.06397688446509674 0.06393267508587137 0 0.1295991016935052 0.129571568421448 0 0.06479955084675296 0.06478578421072438 0 0.1287764353118447 0.1287184592965907 0 0.06438821765592484 0.06435922964829788 0 5.272777852745703e-17 5.276069482613227e-17 0 0.1918637877713413 0.1919933194245145 0 9.813226816200901e-18 9.81511522252868e-18 0 0.1807663234247708 0.1809774994878714 0 0.06395459592378044 0.06399777314150484 0 0.1279091918475608 0.1279955462830096 0 5.221301226099047e-17 5.224819464725905e-17 0 -2.56142977895282e-17 -2.564966176285807e-17 0 0.188164632989151 0.1883213794456334 0 0.184465478206961 0.1846494394667524 0 0.06025544114159025 0.06032583316262381 0 0.1205108822831805 0.1206516663252476 0 0.06272154432971708 0.06277379314854452 0 0.125443088659434 0.1255475862970889 0 0.06148849273565369 0.06154981315558418 0 0.1229769854713073 0.1230996263111683 0 0.1918637877713414 0.1919933194245147 0 0.3762588355601489 0.3765295685341088 0 0.1807663234247707 0.1809774994878713 0 0.3544922255897205 0.3548301762527936 0 0.2533288037009438 0.2535054024610459 0 0.3147938196305464 0.3150174854975773 0 0.1881646329891512 0.1883213794456335 0 0.1844654782069609 0.1846494394667524 0 0.3690032989033394 0.3692964377736704 0 0.3617477622465298 0.3620633070132319 0 0.2386749574797539 0.2389283917428454 0 0.2965835915347371 0.2968792839978194 0 0.2484441882938806 0.2486463988883125 0 0.3087237435986099 0.3089714183309913 0 0.2435595728868173 0.243787395315579 0 0.3026536675666736 0.3029253511644053 0 0.3762588355601496 0.3765295685341094 0 0.5462095574320915 0.5464683606599487 0 0.3544922255897203 0.3548301762527934 0 0.5144926736428939 0.514859165143127 0 0.4329090761841298 0.4331758325760555 0 0.4895593168081107 0.4898220966180022 0 0.3690032989033395 0.3692964377736704 0 0.3617477622465298 0.3620633070132319 0 0.5356372628356925 0.5359319621543417 0 0.5250649682392932 0.5253955636487344 0 0.4078257082741115 0.4081731725495713 0 0.4611591909585028 0.4615161688463492 0 0.4245479535474572 0.4248416125672276 0 0.4800926081915747 0.4803867873607844 0 0.4161868309107845 0.4165073925583995 0 0.4706258995750386 0.4709514781035667 0 0.546209557432092 0.5464683606599492 0 0.695207011982697 0.695088205478011 0 0.514492673642894 0.5148591651431271 0 0.6545023207100582 0.6549867797708239 0 0.595875375615627 0.5960083089326365 0 0.645541193799162 0.6455482572053237 0 0.5356372628356927 0.5359319621543418 0 0.5250649682392932 0.5253955636487344 0 0.6816387815584841 0.6817210635756153 0 0.6680705511342711 0.6683539216732195 0 0.5611625559986152 0.5615683700190259 0 0.6078324383543365 0.6082775748949247 0 0.5843044357432898 0.5845283292947664 0 0.6329716086508869 0.6331246964351909 0 0.5727334958709526 0.5730483496568962 0 0.6204020235026118 0.6207011356650578 0 0.6966299019024224 0.6968576370798659 0 0.5467303620057463 0.5464174494412349 0 0.6556650989741456 0.6559764460082035 0 0.5153098275306378 0.5150067814640515 0 0.6466633886035321 0.6467109078669908 0 0.5966968753046383 0.5965641786541119 0 0.6829749675929986 0.6832305733893136 0 0.6693200332835719 0.6696035096987585 0 0.5362568505140426 0.5359472267821729 0 0.5257833390223439 0.5254770041231158 0 0.608880008492977 0.6089865578268202 0 0.5620949180118107 0.5619966696454392 0 0.6340689285666786 0.6341361245202655 0 0.5851628895403614 0.58504167565122 0 0.621474468529827 0.621561341173542 0 0.5736289037760863 0.5735191726483299 0 0.5467303620057414 0.5464174494412301 0 0.3765032008647685 0.376317365903633 0 0.5153098275306414 0.5150067814640551 0 0.3548166160460898 0.3544868523881003 0 0.4899879749587521 0.489717421595366 0 0.4332455879117603 0.4330173937494995 0 0.5362568505140437 0.535947226782174 0 0.5257833390223425 0.5254770041231145 0 0.3692743392585418 0.3690405280651216 0 0.3620454776523181 0.3617636902266133 0 0.4618120903691247 0.4615001384387373 0 0.4083143532076112 0.4079934954134228 0 0.4805960134288751 0.4803116605431553 0 0.4249351763437084 0.4246760943041385 0 0.4712040518989985 0.470905899490945 0 0.4166247647756602 0.416334794858781 0 0.3765032008647629 0.3763173659036274 0 0.1919306533952811 0.191798025257605 0 0.354816616046093 0.3544868523881035 0 0.1808474108350324 0.180650298291103 0 0.3149790183749377 0.3148109190216219 0 0.2534548358851092 0.2533044721396133 0 0.3692743392585425 0.3690405280651223 0 0.3620454776523181 0.3617636902266132 0 0.1882362392085308 0.1880821162687702 0 0.1845418250217843 0.1843662072799393 0 0.2968268809757401 0.2965413343557706 0 0.2388371459053906 0.2385958163234412 0 0.3089283059085373 0.3087210574663369 0 0.2485822725585347 0.2484015868675543 0 0.3028775934421375 0.3026311959110526 0 0.2437097092319629 0.2434987015954979 0 0.1919306533952744 0.1917980252575983 0 1.478379598405456e-15 1.477435196525868e-15 0 0.1808474108350357 0.1806502982911063 0 -3.757679436668255e-15 -3.753465791669948e-15 0 0.1279537689301858 0.1278653501717351 0 0.06397688446509261 0.06393267508586725 0 0.1882362392085308 0.1880821162687703 0 0.184541825021784 0.184366207279939 0 -1.679373064186496e-15 -1.677900914393324e-15 0 1.196118678129426e-15 1.195089589139531e-15 0 0.1205649405566903 0.1204335321940707 0 0.06028247027834813 0.06021676609703832 0 0.1254908261390191 0.125388077512512 0 0.06274541306950972 0.0626940387562562 0 0.1230278833478534 0.1229108048532901 0 0.06151394167392912 0.06145540242664747 0 5.445532619202416e-17 5.451374322969592e-17 0 0.1807663234247709 0.1809774994878716 0 8.645965732890004e-18 8.64640200825452e-18 0 0.162749992878693 0.1629800311136566 0 0.06025544114159028 0.06032583316262383 0 0.1205108822831805 0.1206516663252476 0 3.842098540476598e-17 3.845763662013093e-17 0 -2.347225172660377e-17 -2.351563680588536e-17 0 0.1747608799094115 0.1749783433631331 0 0.1687554363940524 0.1689791872383951 0 0.05424999762623103 0.05432667703788557 0 0.1084999952524621 0.1086533540757712 0 0.05825362663647053 0.05832611445437774 0 0.116507253272941 0.1166522289087554 0 0.0562518121313508 0.05632639574613169 0 0.1125036242627016 0.1126527914922634 0 0.1807663234247709 0.1809774994878716 0 0.3544922255897205 0.3548301762527937 0 0.1627499928786932 0.1629800311136567 0 0.3191567574061551 0.3194827289572589 0 0.238674957479754 0.2389283917428455 0 0.2965835915347372 0.2968792839978195 0 0.1747608799094116 0.1749783433631332 0 0.1687554363940523 0.1689791872383949 0 0.3427137361951985 0.3430476938209485 0 0.3309352468006771 0.3312652113891039 0 0.2148855810545138 0.2151475970615241 0 0.2670211692303346 0.2673151630093916 0 0.2307451653380072 0.231001460182405 0 0.2867294507666029 0.2870245770016768 0 0.2228153731962605 0.2230745286219646 0 0.2768753099984688 0.2771698700055342 0 0.3544922255897206 0.3548301762527937 0 0.5144926736428941 0.5148591651431272 0 0.3191567574061553 0.319482728957259 0 0.4632114744488009 0.4635577984116478 0 0.4078257082741115 0.4081731725495713 0 0.4611591909585028 0.4615161688463493 0 0.3427137361951987 0.3430476938209487 0 0.3309352468006769 0.3312652113891038 0 0.4973989405781965 0.4977587095659675 0 0.4803052075134991 0.4806582539888082 0 0.3671749964203707 0.3675077521087221 0 0.4151932354345862 0.4155327752601854 0 0.3942754709895312 0.3946180324026215 0 0.4458372057838638 0.4461883709842945 0 0.3807252337049509 0.3810628922556719 0 0.430515220609225 0.43086057312224 0 0.5144926736428941 0.5148591651431274 0 0.6545023207100583 0.654986779770824 0 0.4632114744488015 0.4635577984116484 0 0.5894268361586398 0.5895467719070745 0 0.5611625559986154 0.5615683700190262 0 0.6078324383543368 0.608277574894925 0 0.4973989405781966 0.4977587095659677 0 0.4803052075134989 0.4806582539888079 0 0.6328104925262519 0.6331734438162405 0 0.6111186643424462 0.611360107861658 0 0.5052832616854144 0.5055541229101238 0 0.5473550489220272 0.5475504474085994 0 0.5425361245608816 0.5428969543160586 0 0.5876733085435668 0.5880351990661496 0 0.5239096931231481 0.5242255386130912 0 0.5675141787327971 0.5677928232373746 0 0.6545023207100583 0.654986779770824 0 0.7688683146722027 0.7683864243600576 0 0.5894268361586402 0.5895467719070749 0 0.6926993923449458 0.6926993684768425 0 0.6926243186974395 0.6927866613005682 0 0.7307463166848212 0.7305865428303129 0 0.632810492526252 0.6331734438162406 0 0.6111186643424459 0.6113601078616575 0 0.7434786738964506 0.7431574057323193 0 0.7180890331206988 0.7179283871045816 0 0.6238510215540755 0.6239309707636642 0 0.6582752069495117 0.6583151696202544 0 0.6696998863163178 0.6698347644549331 0 0.7065892801063841 0.7064960850936264 0 0.6467754539351969 0.6468828676092989 0 0.6824322435279481 0.6824056273569405 0 0.7707545474805083 0.7707110706487869 0 0.6556650989741458 0.6559764460082037 0 0.6949337802635551 0.6949337631531249 0 0.5903670740745431 0.5900720059827532 0 0.7323913979783891 0.7324661957685942 0 0.6940282484762665 0.6942213208883981 0 0.7454809584081921 0.7454519681502343 0 0.7202073693358735 0.7201928656516796 0 0.6338990906742773 0.6340082993330526 0 0.6121330823744129 0.6120401526579056 0 0.6600782115338845 0.6599798440963344 0 0.6252226428042168 0.6250259250395468 0 0.7082870024968861 0.7083040785445061 0 0.6710930465855822 0.6711561889387798 0 0.6841826070153848 0.6841419613204197 0 0.6481578446948998 0.6480910569891636 0 0.6556650989741408 0.6559764460081987 0 0.5153098275306407 0.5150067814640544 0 0.590367074074546 0.5900720059827561 0 0.4637226384045772 0.4634919576917215 0 0.6088800084929765 0.6089865578268197 0 0.5620949180118077 0.561996669645436 0 0.633899090674278 0.6340082993330531 0 0.612133082374412 0.6120401526579047 0 0.4981140978219528 0.4978351735399434 0 0.4809183681132676 0.480663565615835 0 0.5481522621845563 0.5478786565524112 0 0.5059374502945702 0.5056853071220697 0 0.5886374263901681 0.5886172574020152 0 0.5433757621060606 0.5432262154709795 0 0.5683948442873618 0.5682479569772128 0 0.5246566062003161 0.5244557612965253 0 0.5153098275306354 0.5150067814640491 0 0.354816616046093 0.3544868523881035 0 0.4637226384045809 0.4634919576917251 0 0.319364720018078 0.3190788253670663 0 0.4618120903691234 0.4615001384387361 0 0.408314353207608 0.4079934954134196 0 0.4981140978219529 0.4978351735399434 0 0.4809183681132665 0.4806635656158339 0 0.3429993173700876 0.342684176714424 0 0.3311820186940849 0.3308815010407473 0 0.4156033322757463 0.4153542469168386 0 0.3674840261469161 0.3672165361419564 0 0.4464091710046632 0.4461181745981024 0 0.3947042441873756 0.3944011756562634 0 0.4310062516402037 0.4307362107574694 0 0.3810941351671461 0.3808088558991102 0 0.3548166160460867 0.3544868523880971 0 0.1808474108350358 0.1806502982911064 0 0.3193647200180817 0.3190788253670701 0 0.1627683414534762 0.1625823847991752 0 0.2968268809757387 0.2965413343557692 0 0.2388371459053864 0.238595816323437 0 0.3429993173700879 0.3426841767144244 0 0.3311820186940848 0.3308815010407472 0 0.1748210543745149 0.1746276604604616 0 0.1687946979139985 0.1686050226298214 0 0.267165927163213 0.2669133451777715 0 0.2149671343083486 0.2147478649884774 0 0.2869398963715624 0.2866653379631022 0 0.2308804753730394 0.2306464992117827 0 0.2770529117673865 0.2767893415704357 0 0.2229238048406941 0.2226971821001301 0 0.180847410835029 0.1806502982910996 0 1.066083114187679e-15 1.065039154980759e-15 0 0.1627683414534802 0.1625823847991792 0 -3.382597893485523e-15 -3.378617730891844e-15 0 0.120564940556689 0.1204335321940694 0 0.06028247027834423 0.06021676609703442 0 0.1748210543745149 0.1746276604604616 0 0.1687946979139978 0.1686050226298207 0 -9.481712690516548e-16 -9.470012523204103e-16 0 1.093964446346802e-15 1.092853730207419e-15 0 0.1085122276356523 0.108388256532785 0 0.05425611381782931 0.05419412826639565 0 0.116547369583009 0.1164184403069735 0 0.05827368479150453 0.05820922015348678 0 0.1125297986093295 0.1124033484198781 0 0.05626489930466731 0.05620167420994159 0 3.909971207823099e-17 3.914606382999128e-17 0 0.1627499928786933 0.1629800311136569 0 1.91258111296301e-17 1.914226561350651e-17 0 0.1384815101654841 0.13868082857563 0 0.05424999762623103 0.05432667703788557 0 0.108499995252462 0.1086533540757711 0 2.555707859264521e-17 2.558119688977758e-17 0 -2.043039453672299e-17 -2.04712515332053e-17 0 0.1546604986409568 0.1548802969343145 0 0.1465710044032207 0.1467805627549726 0 0.04616050338849478 0.04622694285854344 0 0.09232100677698972 0.09245388571708701 0 0.0515534995469856 0.05162676564477151 0 0.1031069990939712 0.103253531289543 0 0.0488570014677402 0.04892685425165748 0 0.09771400293548049 0.09785370850331507 0 0.162749992878693 0.1629800311136567 0 0.3191567574061556 0.3194827289572593 0 0.1384815101654844 0.1386808285756303 0 0.2715760450457512 0.2718148739806635 0 0.2148855810545138 0.2151475970615241 0 0.2670211692303345 0.2673151630093915 0 0.1546604986409569 0.1548802969343146 0 0.1465710044032205 0.1467805627549724 0 0.3032965199526871 0.3035934439650604 0 0.2874362824992198 0.2877041589728626 0 0.1828463551255734 0.1830588437106415 0 0.2272112000856628 0.227436858845653 0 0.2042058390782003 0.2044513459445631 0 0.2537511795154437 0.2540223949548118 0 0.1935260971018868 0.1937550948276023 0 0.2404811898005534 0.2407296269002325 0 0.3191567574061551 0.3194827289572589 0 0.4632114744488016 0.4635577984116485 0 0.2715760450457516 0.2718148739806639 0 0.3941814131774609 0.3943338716171092 0 0.3671749964203705 0.367507752108722 0 0.415193235434586 0.4155327752601852 0 0.3032965199526872 0.3035934439650605 0 0.2874362824992196 0.2877041589728623 0 0.4402014540250213 0.4404831561468019 0 0.4171914336012419 0.4174085138819564 0 0.3124445010896549 0.3126545398594792 0 0.3533129571335586 0.3534942057382949 0 0.3489314979767985 0.3492233480256409 0 0.39456647600091 0.3948532520862215 0 0.3306879995332266 0.33093894394256 0 0.3739397165672343 0.3741737289122582 0 0.4632114744488011 0.463557798411648 0 0.5894268361586404 0.5895467719070752 0 0.3941814131774617 0.39433387161711 0 0.5015469467341042 0.5015469433840576 0 0.5052832616854143 0.5055541229101238 0 0.547355048922027 0.547550447408599 0 0.4402014540250214 0.4404831561468022 0 0.4171914336012416 0.417408513881956 0 0.5601335396837946 0.5602134957327356 0 0.5308402432089507 0.5308802195583979 0 0.4299699243630094 0.4300715622060928 0 0.4657584355485583 0.4658092527950766 0 0.4801788159112789 0.4803932693421131 0 0.520156177797537 0.5203033825374245 0 0.4550743701371441 0.4552324157741028 0 0.4929573066730475 0.4930563176662505 0 0.5894268361586393 0.5895467719070742 0 0.6926993923449472 0.6926993684768439 0 0.5015469467341054 0.5015469433840588 0 0.5895467652600901 0.5894268362813602 0 0.6238510215540752 0.623930970763664 0 0.658275206949511 0.6583151696202537 0 0.5601335396837946 0.5602134957327356 0 0.5308402432089503 0.5308802195583975 0 0.6583151833166608 0.6582751910783488 0 0.6239309742883767 0.6238510136798556 0 0.5308802195761004 0.5308402410164927 0 0.5602134924180964 0.5601335386489276 0 0.5928607542280832 0.5929007275146064 0 0.6255879687723723 0.6255879592964779 0 0.5618704869020914 0.5618704842655492 0 0.5929007305952345 0.5928607489727028 0 0.6926993923449452 0.6926993684768419 0 0.768386399367193 0.7688683487209441 0 0.5895467652600912 0.5894268362813613 0 0.6549867801283791 0.6545023327180319 0 0.717928394685695 0.7180890285582099 0 0.7431573970264437 0.7434786886395766 0 0.6583151833166609 0.6582751910783488 0 0.6239309742883763 0.6238510136798552 0 0.7305865262875878 0.7307463433866395 0 0.6927866532079847 0.6926243380523371 0 0.6113601035495205 0.6111186684269183 0 0.6331734418389511 0.6328105005724765 0 0.6824056309736363 0.6824322418477787 0 0.7064960786306123 0.7065892926172094 0 0.6468828672615783 0.6467754551373484 0 0.6698347602347819 0.6696998965948431 0 0.770711016879112 0.770754599285187 0 0.6949337802635549 0.6949337631531247 0 0.6559764472863349 0.6556651144820336 0 0.590072002568292 0.5903670688305854 0 0.7454519380072612 0.7454809872411677 0 0.7201928591354072 0.7202073751971454 0 0.7324661603481877 0.7323914376841372 0 0.6942213038172612 0.6940282760830854 0 0.659979854365133 0.660078198378944 0 0.625025928466715 0.6252226336047673 0 0.634008299046987 0.633899099264884 0 0.6120401508076424 0.6121330840477376 0 0.7083040583538353 0.7082870245824052 0 0.6841419563594844 0.6841826114806749 0 0.6711561787004107 0.6710930619236442 0 0.6480910535835638 0.6481578477642067 0 0.69493378026355 0.6949337631531198 0 0.590367074074546 0.5900720059827561 0 0.5900720025682947 0.5903670688305882 0 0.5020025316447838 0.5020025325594355 0 0.6600782115338842 0.6599798440963341 0 0.6252226428042138 0.6250259250395438 0 0.6599798543651333 0.6600781983789443 0 0.625025928466714 0.6252226336047663 0 0.5609122265979577 0.5607155148416484 0 0.5314573791213734 0.5313590237005444 0 0.5607155122604579 0.5609122234068707 0 0.5313590219526236 0.531457377983156 0 0.6269573117760739 0.6269573038665115 0 0.5939347691870163 0.5938364093540803 0 0.5938364120182652 0.5939347636366903 0 0.5626468955698204 0.5626468936686185 0 0.5903670740745407 0.5900720059827508 0 0.4637226384045804 0.4634919576917247 0 0.5020025316447868 0.5020025325594385 0 0.3942979065910464 0.3941372953756423 0 0.5481522621845558 0.5478786565524106 0 0.5059374502945677 0.5056853071220672 0 0.560912226597958 0.5607155148416486 0 0.5314573791213724 0.5313590237005436 0 0.4405810611334018 0.4403737369196966 0 0.4174394838622271 0.4172555161476725 0 0.466100989960207 0.4660474534981735 0 0.4301994482756305 0.4300923744369116 0 0.5208018381097718 0.5206015888676638 0 0.4806914496215872 0.4804876628936805 0 0.4934514140349884 0.4933245211829176 0 0.4554454489486092 0.4552900186652964 0 0.4637226384045743 0.4634919576917186 0 0.3193647200180815 0.3190788253670699 0 0.3942979065910497 0.3941372953756456 0 0.2715318091711583 0.2713510430561084 0 0.4156033322757454 0.4153542469168376 0 0.3674840261469127 0.367216536141953 0 0.440581061133402 0.4403737369196967 0 0.4174394838622261 0.4172555161476714 0 0.3034204164024397 0.3031695645967486 0 0.2874761127868016 0.2872603038264311 0 0.3533758741177528 0.3532085446024668 0 0.3124538416444593 0.3122797938292913 0 0.39486084622308 0.3946390128120462 0 0.3491406313127598 0.3489042887043973 0 0.3741183601704154 0.3739237787072556 0 0.3307972364786099 0.3305920412668448 0 0.3193647200180753 0.3190788253670636 0 0.1627683414534799 0.1625823847991789 0 0.2715318091711614 0.2713510430561115 0 0.1383929667544033 0.1382610506411986 0 0.267165927163212 0.2669133451777705 0 0.2149671343083455 0.2147478649884743 0 0.3034204164024398 0.3031695645967487 0 0.287476112786801 0.2872603038264305 0 0.1546432165537862 0.154475273413184 0 0.1465180916540973 0.1463681620271939 0 0.227152195032242 0.2269877122511405 0 0.182772580893326 0.182624381446173 0 0.2538280164528878 0.253604800868893 0 0.2042356165033371 0.2040400371410386 0 0.2404901057425642 0.240296256560016 0 0.193504098698332 0.1933322092936062 0 0.1627683414534732 0.1625823847991722 0 1.550929449381336e-15 1.549273332056491e-15 0 0.1383929667544063 0.1382610506412016 0 -2.876642821354711e-15 -2.873816126236915e-15 0 0.1085122276356509 0.1083882565327835 0 0.05425611381782546 0.05419412826639181 0 0.1546432165537867 0.1544752734131845 0 0.1465180916540967 0.1463681620271932 0 -1.383838471544073e-15 -1.382230802823867e-15 0 1.213967067894679e-15 1.212818776147754e-15 0 0.09226197783627009 0.09217403376080031 0 0.04613098891813749 0.0460870168804026 0 0.103095477702523 0.1029835156087882 0 0.05154773885126143 0.05149175780439402 0 0.09767872776939565 0.09757877468479335 0 0.04883936388469984 0.04878938734239869 0 4.061591530716321e-17 4.066357346595118e-17 0 0.1384815101654845 0.1386808285756304 0 1.718425977926143e-17 1.71973143319067e-17 0 0.1088744611048915 0.1090105020028141 0 0.04616050338849478 0.04622694285854343 0 0.09232100677698954 0.09245388571708683 0 2.116154625862812e-17 2.118074787448689e-17 0 -1.660146582122342e-17 -1.663228783466539e-17 0 0.1286124938119534 0.128790719718025 0 0.1187434774584229 0.1189006108604199 0 0.03629148703496396 0.03633683400093815 0 0.07258297406992811 0.07267366800187651 0 0.04287083127065113 0.04293023990600829 0 0.08574166254130228 0.08586047981201661 0 0.03958115915280753 0.03963353695347321 0 0.07916231830561526 0.07926707390694664 0 0.138481510165484 0.13868082857563 0 0.2715760450457517 0.271814873980664 0 0.108874461104892 0.1090105020028146 0 0.2135229569389316 0.2136344244205987 0 0.1828463551255734 0.1830588437106415 0 0.2272112000856624 0.2274368588456526 0 0.1286124938119536 0.1287907197180251 0 0.1187434774584226 0.1189006108604197 0 0.2522250156768116 0.2524213907939755 0 0.2328739863078724 0.2330279076072879 0 0.143757293049572 0.1438851428087428 0 0.1786401249942527 0.1787597836146717 0 0.169816667766906 0.1700009434100083 0 0.2110208417218589 0.211211167101992 0 0.1567869804082389 0.1569430431093754 0 0.1948304833580559 0.1949854753583319 0 0.271576045045751 0.2718148739806633 0 0.3941814131774617 0.39433387161711 0 0.2135229569389327 0.2136344244205999 0 0.3099121760088822 0.3099121760132646 0 0.3124445010896548 0.3126545398594791 0 0.353312957133558 0.3534942057382944 0 0.2522250156768118 0.2524213907939756 0 0.2328739863078722 0.2330279076072878 0 0.3660916674546019 0.3661933064158282 0 0.3380019217317431 0.3380527412145475 0 0.245652696628916 0.2457270082848216 0 0.2777824363189004 0.2778195921490443 0 0.290180566269408 0.2903453626679261 0 0.3281361168620052 0.3282693345418773 0 0.2679166314491618 0.2680361854763735 0 0.3029592765904529 0.3030444633454609 0 0.3941814131774606 0.3943338716171089 0 0.5015469467341054 0.5015469433840588 0 0.3099121760088838 0.3099121760132662 0 0.3943338697844803 0.3941814131126162 0 0.4299699243630094 0.4300715622060927 0 0.4657584355485572 0.4658092527950756 0 0.3660916674546022 0.3661933064158285 0 0.3380019217317427 0.3380527412145471 0 0.4658092544175635 0.4657584332935777 0 0.4300715621010234 0.4299699232030985 0 0.3380527406007494 0.3380019217130495 0 0.3661933051926166 0.3660916674128346 0 0.3993308631089221 0.3993816820417444 0 0.432570058763243 0.4325700576676613 0 0.3686918018548355 0.3686918018773968 0 0.3993816819779299 0.3993308625402481 0 0.5015469467341034 0.5015469433840568 0 0.5895467652600913 0.5894268362813614 0 0.3943338697844823 0.3941814131126182 0 0.4635577961091024 0.4632114763521326 0 0.5308802195761 0.5308402410164923 0 0.5602134924180955 0.5601335386489267 0 0.465809254417564 0.4657584332935782 0 0.430071562101023 0.4299699232030981 0 0.5475504422097616 0.5473550496382851 0 0.5055541191594337 0.5052832629952105 0 0.4174085118926891 0.4171914341924564 0 0.4404831540008976 0.4402014552722964 0 0.4930563170149623 0.4929573054084797 0 0.5203033796123623 0.5201561775233826 0 0.4552324144538256 0.4550743698004679 0 0.4803932668066303 0.4801788163978398 0 0.5895467652600892 0.5894268362813593 0 0.6549867801283801 0.654502332718033 0 0.4635577961091048 0.463211476352135 0 0.5148591618938296 0.5144926787938894 0 0.6113601035495202 0.6111186684269179 0 0.63317344183895 0.6328105005724752 0 0.5475504422097621 0.5473550496382855 0 0.5055541191594329 0.5052832629952098 0 0.6082775740501963 0.6078324480766515 0 0.5615683679720154 0.5611625634352728 0 0.4806582513706797 0.4803052104993864 0 0.4977587066322574 0.4973989446466406 0 0.5677928194899059 0.5675141824510733 0 0.5880351967700516 0.5876733152638628 0 0.5242255354302923 0.5239096964752292 0 0.5428969517011546 0.5425361299552519 0 0.6549867801283779 0.6545023327180308 0 0.6950882025005817 0.6952070157627271 0 0.5148591618938323 0.514492678793892 0 0.5464683587093141 0.5462095618783162 0 0.6683539209191134 0.6680705603995971 0 0.6817210617098469 0.6816387880811616 0 0.6082775740501971 0.6078324480766523 0 0.5615683679720146 0.5611625634352722 0 0.6455482545701589 0.6455411978012565 0 0.5960083066397387 0.5958753798397886 0 0.525395560832327 0.5250649731553675 0 0.5359319597708228 0.535637267516844 0 0.620701134223517 0.6204020313181864 0 0.6331246943968382 0.6329716145597217 0 0.573048347527921 0.5727335022367759 0 0.5845283270838308 0.5843044410382833 0 0.6950882025005787 0.6952070157627241 0 0.7086892462551581 0.7087185123027224 0 0.5464683587093169 0.5462095618783189 0 0.5571967614203971 0.5568842376514631 0 0.6996218837521064 0.6997108479427248 0 0.7041555650036319 0.7042146801227233 0 0.6455482545701594 0.6455411978012571 0 0.5960083066397381 0.595875379839788 0 0.6581917513102374 0.658107087418969 0 0.6076942563653197 0.6074956625352185 0 0.5500444929463438 0.5497677871360339 0 0.5536206271833737 0.5533260123937518 0 0.6497627534835175 0.6497298276738265 0 0.653977252396878 0.6539184575463983 0 0.59990362321493 0.5997488074049294 0 0.603798939790126 0.6036222349700753 0 0.7086892462551547 0.7087185123027191 0 0.6968576233265322 0.6966299173336378 0 0.5571967614204005 0.5568842376514666 0 0.5464174463924834 0.546730370068813 0 0.7047453719456154 0.7046889806463601 0 0.700801497636073 0.7006594489899982 0 0.6581917513102382 0.6581070874189697 0 0.6076942563653192 0.6074956625352179 0 0.6467108976818489 0.6466634015786957 0 0.596564172037169 0.5966968858237574 0 0.5536036564110953 0.5534996151239158 0 0.5500105514017933 0.5501149925963685 0 0.6543648001007738 0.6542925254722104 0 0.6505378488913119 0.6504779635254537 0 0.6039842282559333 0.6038960702980621 0 0.6002742001465525 0.600296478060911 0 0.6968576233265282 0.6966299173336338 0 0.6559764472863345 0.6556651144820332 0 0.546417446392487 0.5467303700688166 0 0.5150067801964784 0.5153098341329978 0 0.6832305646464656 0.6829749830497688 0 0.6696035059663996 0.6693200487659007 0 0.6467108976818492 0.6466634015786962 0 0.5965641720371683 0.5966968858237565 0 0.6089865582563819 0.6088800210323542 0 0.5619966692264334 0.5620949275826793 0 0.5359472243271509 0.5362568580902105 0 0.5254770022618185 0.5257833461116079 0 0.634136117873359 0.634068941396581 0 0.621561338064871 0.6214744812144682 0 0.5850416711002543 0.5851628997433951 0 0.5735191701633451 0.5736289136630384 0 0.6559764472863293 0.655665114482028 0 0.5900720025682946 0.5903670688305881 0 0.5150067801964823 0.5153098341330017 0 0.4634919585697984 0.4637226392466414 0 0.6340082990469867 0.6338990992648837 0 0.6120401508076397 0.6121330840477349 0 0.6089865582563823 0.6088800210323546 0 0.5619966692264322 0.5620949275826781 0 0.5478786545687951 0.5481522589692719 0 0.5056853065692997 0.5059374491079595 0 0.4978351729875876 0.4981141025042148 0 0.4806635657786965 0.4809183708754317 0 0.5886172570271855 0.5886374336779926 0 0.568247955797991 0.5683948463236328 0 0.5432262150073857 0.5433757680911029 0 0.5244557607883441 0.5246566085995326 0 0.5900720025682895 0.590367068830583 0 0.5020025316447864 0.5020025325594381 0 0.4634919585698019 0.463722639246645 0 0.394137294649384 0.3942979058754863 0 0.5607155122604573 0.5609122234068702 0 0.531359021952621 0.5314573779831532 0 0.5478786545687958 0.5481522589692726 0 0.5056853065692991 0.5059374491079589 0 0.4660474526463185 0.4661009903314537 0 0.4300923736478544 0.4301994481034732 0 0.4403737372629961 0.4405810614562589 0 0.4172555159561934 0.417439483665876 0 0.5206015872613023 0.5208018360899985 0 0.4933245199538108 0.4934514132107265 0 0.4804876622621481 0.4806914487731276 0 0.4552900179550026 0.4554454484383018 0 0.5020025316447814 0.5020025325594331 0 0.3942979065910494 0.3941372953756453 0 0.3941372946493871 0.3942979058754894 0 0.3096622988277876 0.3096622989844264 0 0.4661009899602065 0.4660474534981729 0 0.4301994482756272 0.4300923744369084 0 0.4660474526463192 0.4661009903314544 0 0.4300923736478533 0.4301994481034721 0 0.3660860373366288 0.365978963245239 0 0.3378741680822106 0.3378206311148351 0 0.3659789627088548 0.3660860369118026 0 0.3378206307683245 0.3378741679481179 0 0.4327269808764205 0.432726981302714 0 0.3994065091065252 0.3993529722739771 0 0.3993529717926364 0.3994065091072571 0 0.3686135699374253 0.368613570111048 0 0.394297906591044 0.3941372953756399 0 0.2715318091711611 0.2713510430561112 0 0.3096622988277913 0.3096622989844302 0 0.2132443456089646 0.2131640928047895 0 0.3533758741177519 0.3532085446024659 0 0.3124538416444561 0.3122797938292881 0 0.366086037336629 0.3659789632452393 0 0.3378741680822098 0.3378206311148343 0 0.2521026546504281 0.2519553929723365 0 0.232673500129699 0.2325597428885657 0 0.277522981088182 0.2774962302578829 0 0.2453836633485771 0.2453301615313401 0 0.3280915764412272 0.3279711064876035 0 0.2900971155458283 0.2899632497299706 0 0.302807278764704 0.3027336683727426 0 0.2677403894472032 0.2676467056306558 0 0.2715318091711557 0.2713510430561058 0 0.138392966754406 0.1382610506412013 0 0.2132443456089681 0.213164092804793 0 0.1086788485201163 0.1086026815215546 0 0.2271521950322411 0.2269877122511396 0 0.182772580893323 0.1826243814461699 0 0.2521026546504286 0.2519553929723369 0 0.2326735001296985 0.2325597428885652 0 0.1284882606763084 0.1283749276013181 0 0.1185835545982148 0.1184888045614388 0 0.1783891799126837 0.1783102890437132 0 0.1435340142164032 0.1434564852826371 0 0.2108978566590543 0.2107619045153298 0 0.1696930586676818 0.1695684160583244 0 0.1946435182858683 0.1945360967795208 0 0.1566135364420428 0.1565124506704811 0 0.1383929667544001 0.1382610506411954 0 1.065080772413011e-15 1.06414936335048e-15 0 0.108678848520119 0.1086026815215573 0 -2.259702422777881e-15 -2.25806861500332e-15 0 0.0922619778362688 0.09217403376079902 0 0.04613098891813442 0.04608701688039953 0 0.128488260676309 0.1283749276013187 0 0.1185835545982143 0.1184888045614382 0 -1.153793173166826e-15 -1.152704271226408e-15 0 9.825001629686675e-16 9.8177458452048e-16 0 0.07245256568007898 0.07240178768103786 0 0.03622628284004159 0.03620089384052103 0 0.08565884045087158 0.08558328506754469 0 0.04282942022543584 0.04279164253377239 0 0.0790557030654743 0.0789925363742903 0 0.03952785153273883 0.03949626818714683 0 3.119794554968993e-17 3.12275378311137e-17 0 0.1088744611048921 0.1090105020028147 0 3.388768674299553e-18 3.387020722176699e-18 0 0.07505105259225968 0.07511152155550248 0 0.03629148703496395 0.03633683400093814 0 0.07258297406992786 0.07267366800187626 0 1.657606071703082e-17 1.658906674819983e-17 0 -1.212934274328776e-17 -1.214633505582811e-17 0 0.09759999160068107 0.09771084185371039 0 0.08632552209647089 0.08641118170460696 0 0.02501701753075334 0.02503717385183428 0 0.0500340350615071 0.05007434770366897 0 0.03253333053356038 0.03257028061790349 0 0.06506666106712072 0.06514056123580694 0 0.02877517403215683 0.02880372723486885 0 0.05755034806431393 0.05760745446973797 0 0.1088744611048914 0.109010502002814 0 0.2135229569389328 0.2136344244205999 0 0.07505105259226025 0.07511152155550305 0 0.1471927560645373 0.1471927564569966 0 0.1437572930495718 0.1438851428087426 0 0.1786401249942521 0.1787597836146711 0 0.09759999160068128 0.09771084185371061 0 0.08632552209647068 0.08641118170460674 0 0.1914128899808009 0.1914872017660655 0 0.16930282302267 0.1693399791115319 0 0.09909828708301938 0.09913859985600099 0 0.1231455215737796 0.1231656781565 0 0.1288709577273875 0.1289696284911619 0 0.160141923854094 0.1602284151286134 0 0.1139846224052032 0.1140541141735812 0 0.1416437227139369 0.1416970466425568 0 0.2135229569389312 0.2136344244205984 0 0.3099121760088837 0.3099121760132661 0 0.1471927560645384 0.1471927564569976 0 0.2136344235164745 0.2135229572355414 0 0.2456526966289158 0.2457270082848214 0 0.2777824363188994 0.2778195921490434 0 0.1914128899808008 0.1914872017660654 0 0.1693028230226697 0.1693399791115316 0 0.277819591844747 0.2777824364206909 0 0.2457270076806121 0.2456526968281174 0 0.1693399785485172 0.169302823383179 0 0.1914872010324979 0.1914128903093622 0 0.2202151239354489 0.2202522799842733 0 0.249017357890098 0.249017358202482 0 0.1947775512419828 0.1947775516837259 0 0.220252279461298 0.2202151242559222 0 0.3099121760088817 0.309912176013264 0 0.3943338697844823 0.3941814131126182 0 0.2136344235164762 0.2135229572355431 0 0.2718148724732122 0.2715760455714205 0 0.3380527406007492 0.3380019217130494 0 0.3661933051926156 0.3660916674128336 0 0.2778195918447474 0.2777824364206912 0 0.2457270076806117 0.2456526968281171 0 0.3534942040140584 0.3533129572655518 0 0.312654538243637 0.3124445014184877 0 0.233027906502055 0.2328739866808356 0 0.2524213894876357 0.2522250161261302 0 0.3030444625678503 0.3029592767023106 0 0.3282693332909544 0.3281361169839313 0 0.2680361845349523 0.2679166316915729 0 0.2903453613892953 0.290180566555031 0 0.3943338697844793 0.3941814131126151 0 0.4635577961091043 0.4632114763521345 0 0.2718148724732141 0.2715760455714223 0 0.3194827266311335 0.3191567590307332 0 0.4174085118926888 0.4171914341924561 0 0.4404831540008961 0.4402014552722948 0 0.3534942040140588 0.3533129572655522 0 0.3126545382436363 0.3124445014184871 0 0.4155327729497804 0.4151932372450004 0 0.3675077497904584 0.3671749981378682 0 0.2877041571925208 0.2874362833911928 0 0.3035934419118298 0.3032965212109657 0 0.3741737269926317 0.3739397172587006 0 0.394853249971206 0.3945664772518504 0 0.3309389420925757 0.3306880003249462 0 0.3492233459415184 0.3489314992314085 0 0.463557796109101 0.4632114763521311 0 0.5148591618938323 0.514492678793892 0 0.319482726631136 0.3191567590307357 0 0.35483017406645 0.3544922284360817 0 0.4806582513706795 0.4803052104993862 0 0.4977587066322553 0.4973989446466385 0 0.4155327729497809 0.4151932372450009 0 0.3675077497904585 0.3671749981378684 0 0.4615161659513708 0.4611591953412879 0 0.4081731700089126 0.4078257118886871 0 0.3312652091095741 0.3309352488325178 0 0.3430476915880156 0.3427137386343033 0 0.4308605706169764 0.4305152232770954 0 0.4461883682841736 0.4458372093091917 0 0.3810628898632745 0.3807252360548059 0 0.3946180299360948 0.3942754739717478 0 0.5148591618938281 0.5144926787938878 0 0.5464683587093171 0.5462095618783191 0 0.3548301740664529 0.3544922284360846 0 0.3765295662289824 0.3762588389027312 0 0.5253955608323262 0.5250649731553667 0 0.5359319597708209 0.5356372675168422 0 0.461516165951372 0.4611591953412891 0 0.4081731700089122 0.4078257118886867 0 0.4898220945492046 0.4895593208864555 0 0.4331758303890959 0.4329090798945958 0 0.3620633047872962 0.3617477652583003 0 0.3692964355081433 0.3690033020805198 0 0.4709514754839815 0.4706259038563433 0 0.480386785016593 0.4800926123713994 0 0.4165073901356383 0.4161868345573212 0 0.4248416102623685 0.4245479572259598 0 0.5464683587093127 0.5462095618783147 0 0.5571967614204003 0.5568842376514663 0 0.3765295662289859 0.3762588389027347 0 0.3837445286239708 0.3836798928007661 0 0.5500444929463431 0.5497677871360331 0 0.5536206271833713 0.5533260123937495 0 0.4898220945492054 0.4895593208864564 0 0.433175830389095 0.4329090798945949 0 0.4993793504882563 0.4991494560345655 0 0.4415619395561163 0.4414146744176686 0 0.3789345536939808 0.3787325235354118 0 0.3813395411589796 0.3812062081680928 0 0.493007846528888 0.4927560326024917 0 0.4961935985085726 0.495952744318529 0 0.4359712001114337 0.4357442780689511 0 0.4387665698337764 0.4385794762433112 0 0.5571967614203953 0.5568842376514613 0 0.5464174463924865 0.5467303700688161 0 0.3837445286239741 0.3836798928007695 0 0.3763173645802764 0.3765032051648983 0 0.5536036564110945 0.5534996151239151 0 0.55001055140179 0.5501149925963651 0 0.4993793504882567 0.4991494560345658 0 0.4415619395561151 0.4414146744176674 0 0.4897174191217493 0.4899879817675096 0 0.4330173918510155 0.4332455934662066 0 0.3812688072760749 0.3812876635888124 0 0.3787930859281801 0.3788954343768597 0 0.4961587066994199 0.4960956312788795 0 0.4929380629105844 0.4930418065231943 0 0.4387137569877467 0.4386916474338453 0 0.4358655744193825 0.4359686204500274 0 0.546417446392481 0.5467303700688108 0 0.5150067801964821 0.5153098341330015 0 0.3763173645802799 0.3765032051649017 0 0.3544868526359189 0.3548166193588645 0 0.5359472243271501 0.5362568580902096 0 0.5254770022618157 0.5257833461116053 0 0.4897174191217499 0.4899879817675102 0 0.4330173918510148 0.4332455934662059 0 0.4615001376762933 0.4618120958749548 0 0.4079934951561088 0.4083143576169125 0 0.3690405272654929 0.369274343229556 0 0.3617636899507096 0.3620454812942139 0 0.4803116586399298 0.4805960198033239 0 0.4709058981581117 0.4712040578391395 0 0.4246760929527105 0.4249351815164392 0 0.4163347940544115 0.4166247695666775 0 0.5150067801964763 0.5153098341329958 0 0.4634919585698023 0.4637226392466454 0 0.3544868526359221 0.3548166193588677 0 0.3190788259665097 0.3193647211112965 0 0.4978351729875871 0.4981141025042144 0 0.4806635657786936 0.4809183708754288 0 0.4615001376762939 0.4618120958749555 0 0.4079934951561082 0.4083143576169117 0 0.4153542477020369 0.4156033332015279 0 0.3672165368342759 0.3674840271564148 0 0.3426841770794514 0.3429993199430108 0 0.3308815015229844 0.3311820205271575 0 0.4461181743515408 0.4464091749838121 0 0.4307362110267889 0.4310062540926701 0 0.3944011757154952 0.3947042474634105 0 0.380808856274887 0.3810941373099141 0 0.4634919585697968 0.4637226392466399 0 0.3941372946493873 0.3942979058754896 0 0.3190788259665133 0.3193647211113002 0 0.2713510435202796 0.2715318091579224 0 0.4403737372629959 0.4405810614562587 0 0.4172555159561908 0.4174394836658734 0 0.4153542477020375 0.4156033332015285 0 0.3672165368342754 0.3674840271564143 0 0.3532085442730173 0.3533758736362998 0 0.3122797938966512 0.3124538413971137 0 0.3031695651511018 0.3034204171268406 0 0.2872603043356946 0.2874761131423854 0 0.3946390132256963 0.3948608466797844 0 0.3739237787493571 0.3741183601580424 0 0.3489042891883981 0.3491406319033115 0 0.3305920415425261 0.3307972366502142 0 0.3941372946493816 0.394297905875484 0 0.3096622988277911 0.30966229898443 0 0.2713510435202828 0.2715318091579255 0 0.2131640929096917 0.2132443454247969 0 0.3659789627088539 0.3660860369118018 0 0.3378206307683214 0.3378741679481148 0 0.3532085442730181 0.3533758736363005 0 0.3122797938966504 0.312453841397113 0 0.2774962301884242 0.2775229811312185 0 0.24533016154906 0.2453836632780097 0 0.2519553933167524 0.252102654580216 0 0.2325597431132257 0.2326735000025101 0 0.3279711062448186 0.328091576134605 0 0.3027336682166217 0.302807278632912 0 0.2899632497807847 0.2900971153574097 0 0.2676467056649237 0.267740389317711 0 0.3096622988277858 0.3096622989844247 0 0.2132443456089678 0.2131640928047928 0 0.2131640929096945 0.2132443454247997 0 0.1467843414057526 0.1467843413059543 0 0.2775229810881817 0.2774962302578826 0 0.2453836633485744 0.2453301615313374 0 0.2774962301884243 0.2775229811312186 0 0.2453301615490594 0.2453836632780091 0 0.1910910108745617 0.1910375089718456 0 0.168937676140159 0.1689109251389018 0 0.1910375090750471 0.1910910107185178 0 0.168910925240403 0.1689376760122392 0 0.2486944904171355 0.2486944904114263 0 0.2198927506458488 0.2198659996916362 0 0.2198659997460906 0.2198927505649714 0 0.1944018379431267 0.1944018378519384 0 0.2132443456089623 0.2131640928047873 0 0.1086788485201191 0.1086026815215574 0 0.146784341405755 0.1467843413059567 0 0.07479565580130511 0.07475995948515214 0 0.1783891799126832 0.1783102890437126 0 0.1435340142164006 0.1434564852826344 0 0.1910910108745624 0.1910375089718463 0 0.1689376761401589 0.1689109251389017 0 0.09738445094718012 0.09732177417608803 0 0.08609005337424412 0.08604086683062159 0 0.1227881128709382 0.122776214032355 0 0.09879188433612446 0.09876808675875638 0 0.159855490898767 0.1597989307065922 0 0.1286199709229741 0.1285603524413406 0 0.1413218018848521 0.1412875723694731 0 0.1137059276295496 0.1136642196000489 0 0.1086788485201143 0.1086026815215526 0 1.032337622226423e-15 1.031662928622493e-15 0 0.07479565580130726 0.07475995948515429 0 -1.556079201062626e-15 -1.555312507785428e-15 0 0.07245256568007775 0.07240178768103664 0 0.0362262828400393 0.03620089384051875 0 0.09738445094718068 0.09732177417608859 0 0.08609005337424433 0.0860408668306218 0 -8.685250489039808e-16 -8.679269906613791e-16 0 5.577892965330822e-16 5.575016135868147e-16 0 0.04986377053420451 0.04983997299010253 0 0.02493188526710366 0.02491998649505267 0 0.06492296729811947 0.06488118278405806 0 0.03246148364905999 0.03244059139202929 0 0.05739336891616142 0.05736057788707973 0 0.02869668445808194 0.0286802889435411 0 1.577985909514664e-17 1.578496533325159e-17 0 0.07505105259226029 0.07511152155550309 0 1.276280001725603e-18 1.27488138060917e-18 0 0.03829630397324909 0.0382963041729194 0 0.02501701753075334 0.02503717385183427 0 0.05003403506150663 0.0500743477036685 0 1.080172100372721e-17 1.080675606191422e-17 0 -7.182957793391315e-18 -7.187153695534366e-18 0 0.06279946971925635 0.06283978242797499 0 0.05054788684625342 0.05056804330044789 0 0.0127654346577499 0.01276543472430667 0 0.02553086931550017 0.02553086944861371 0 0.02093315657308542 0.0209465941426583 0 0.04186631314617092 0.04189318828531667 0 0.01684929561541761 0.01685601443348243 0 0.03369859123083559 0.03371202886696524 0 0.07505105259225928 0.07511152155550208 0 0.1471927560645384 0.1471927564569976 0 0.03829630397324989 0.0382963041729202 0 0.0751115211647784 0.07505105283837311 0 0.09909828708301932 0.09913859985600094 0 0.1231455215737786 0.1231656781564991 0 0.06279946971925655 0.06283978242797519 0 0.05054788684625321 0.05056804330044769 0 0.1231656777646179 0.1231455219174556 0 0.0991385994646993 0.09909828737791554 0 0.05056804303709289 0.05054788706140467 0 0.06283978210093689 0.06279946994989014 0 0.08292153906771026 0.08294169559113525 0 0.1030436084161641 0.1030436087542954 0 0.06674479105240133 0.06674479132626972 0 0.08294169525855066 0.08292153935209297 0 0.1471927560645366 0.1471927564569959 0 0.213634423516476 0.2135229572355429 0 0.07511152116477983 0.07505105283837454 0 0.1090105013341265 0.1088744613752045 0 0.169339978548517 0.1693028233831787 0 0.1914872010324963 0.1914128903093607 0 0.1231656777646184 0.1231455219174561 0 0.09913859946469905 0.09909828737791528 0 0.1787597827890255 0.1786401252820961 0 0.1438851420615781 0.1437572933286524 0 0.08641118122122915 0.08632552235065161 0 0.09771084127767965 0.09759999186292988 0 0.1416970461060873 0.1416437230390026 0 0.1602284144475567 0.1601419241605497 0 0.1140541136636576 0.1139846226948266 0 0.1289696278626183 0.1288709580117399 0 0.2136344235164731 0.21352295723554 0 0.271814872473214 0.2715760455714223 0 0.1090105013341287 0.1088744613752067 0 0.1386808274883555 0.1384815106329751 0 0.2330279065020545 0.2328739866808352 0 0.2524213894876339 0.2522250161261284 0 0.1787597827890263 0.1786401252820968 0 0.1438851420615777 0.143757293328652 0 0.2274368574782606 0.2272112005919393 0 0.1830588424833101 0.1828463556124593 0 0.1189006100522048 0.1187434777944633 0 0.1287907187702825 0.1286124942137216 0 0.1949854743521038 0.1948304837187104 0 0.2112111659151823 0.211020842155325 0 0.1569430422021534 0.156786980756586 0 0.1700009423427327 0.1698166681845235 0 0.2718148724732106 0.2715760455714188 0 0.3194827266311356 0.3191567590307353 0 0.1386808274883577 0.1384815106329774 0 0.1629800297699924 0.162749993760434 0 0.2877041571925204 0.2874362833911925 0 0.3035934419118275 0.3032965212109634 0 0.227436857478261 0.2272112005919398 0 0.1830588424833096 0.1828463556124588 0 0.2673151610107542 0.2670211706073012 0 0.2151475953903756 0.2148855821838699 0 0.1467805615822362 0.1465710050087965 0 0.1548802956761175 0.1546604993846185 0 0.2407296253224245 0.2404811905970593 0 0.2540223931665899 0.2537511806021808 0 0.1937550934523297 0.1935260978029273 0 0.2044513444213539 0.2042058399933999 0 0.3194827266311316 0.3191567590307313 0 0.3548301740664526 0.3544922284360843 0 0.1629800297699956 0.1627499937604373 0 0.1809774980730133 0.1807663247813429 0 0.3312652091095736 0.3309352488325173 0 0.3430476915880125 0.3427137386343002 0 0.2673151610107545 0.2670211706073015 0 0.2151475953903757 0.21488558218387 0 0.2968792820686386 0.2965835938845029 0 0.238928390070829 0.238674959332926 0 0.1689791858710026 0.1687554374340736 0 0.174978341972011 0.1747608811077113 0 0.2771698680300484 0.2768753116997012 0 0.2870245750493438 0.2867294527921024 0 0.2230745269505243 0.2228153745668863 0 0.2310014585106778 0.2307451669499072 0 0.3548301740664477 0.3544922284360795 0 0.3765295662289856 0.3762588389027344 0 0.1809774980730167 0.1807663247813464 0 0.1919933182506154 0.1918637894206494 0 0.3620633047872954 0.3617477652582995 0 0.3692964355081399 0.3690033020805164 0 0.2968792820686392 0.2965835938845036 0 0.2389283900708287 0.2386749593329257 0 0.3150174835695279 0.3147938224087051 0 0.2535054009100749 0.2533288059146804 0 0.1846494381322165 0.1844654796611142 0 0.1883213781914199 0.1881646345408858 0 0.302925349235601 0.3026536700592363 0 0.3089714164025652 0.3087237462339715 0 0.2437873936839084 0.243559574860175 0 0.2486463972969927 0.2484441903874288 0 0.3765295662289799 0.3762588389027287 0 0.3837445286239739 0.3836798928007693 0 0.1919933182506187 0.1918637894206527 0 0.1956370154654403 0.1956326539429275 0 0.3789345536939804 0.3787325235354115 0 0.3813395411589766 0.3812062081680898 0 0.3150174835695288 0.314793822408706 0 0.2535054009100742 0.2533288059146798 0 0.3210420242377955 0.3209974798481548 0 0.2583395198516207 0.258315066895544 0 0.1932078839888925 0.1931200775947443 0 0.1944224497271707 0.1943763657688402 0 0.3170256637922831 0.3168617082218543 0 0.3190338440150392 0.3189295940350045 0 0.2551167738905868 0.2549908929082983 0 0.2567281468711057 0.2566529799019232 0 0.3837445286239681 0.3836798928007635 0 0.3763173645802793 0.3765032051649011 0 0.1956370154654443 0.1956326539429315 0 0.1917980250555942 0.1919306552278374 0 0.3812688072760746 0.3812876635888122 0 0.3787930859281762 0.3788954343768559 0 0.3210420242377955 0.3209974798481548 0 0.2583395198516204 0.2583150668955436 0 0.3148109180720497 0.3149790218525453 0 0.2533044715638255 0.2534548385401949 0 0.1943573519954942 0.1943986543712334 0 0.1930776885255481 0.1931646547995393 0 0.3189649888492126 0.3189913271829506 0 0.3168879534606318 0.3169851745177487 0 0.2566611704223527 0.2566949907770913 0 0.2549828209930904 0.2550749146586445 0 0.3763173645802735 0.3765032051648954 0 0.3544868526359219 0.3548166193588676 0 0.1917980250555979 0.1919306552278412 0 0.1806502986731607 0.180847412207905 0 0.3690405272654922 0.3692743432295553 0 0.3617636899507064 0.3620454812942108 0 0.3148109180720503 0.314979021852546 0 0.2533044715638248 0.2534548385401942 0 0.2965413346483342 0.2968268836418794 0 0.2385958166607508 0.2388371479248956 0 0.1880821162614522 0.1882362408878625 0 0.1843662074673109 0.1845418265478882 0 0.3087210569308111 0.3089283091156566 0 0.3026311957895727 0.302877596378768 0 0.2484015865961303 0.2485822750017582 0 0.2434987016284423 0.2437097114633286 0 0.3544868526359161 0.3548166193588617 0 0.3190788259665131 0.3193647211112999 0 0.1806502986731646 0.1808474122079089 0 0.1625823854786154 0.1627683420840744 0 0.3426841770794509 0.3429993199430103 0 0.330881501522981 0.3311820205271542 0 0.2965413346483348 0.29682688364188 0 0.2385958166607495 0.2388371479248943 0 0.2669133458038795 0.2671659281022238 0 0.214747865641251 0.2149671350931525 0 0.1746276609416482 0.1748210554999641 0 0.1686050232101356 0.168794698792023 0 0.2866653383668482 0.286939898461993 0 0.2767893420853647 0.2770529132821092 0 0.2306464996542472 0.2308804769809776 0 0.2226971826477504 0.2229238060370664 0 0.3190788259665069 0.3193647211112937 0 0.2713510435202827 0.2715318091579254 0 0.1625823854786191 0.1627683420840781 0 0.1382610511409491 0.1383929668660873 0 0.3031695651511013 0.3034204171268401 0 0.2872603043356913 0.287476113142382 0 0.2669133458038799 0.2671659281022242 0 0.2147478656412503 0.2149671350931519 0 0.2269877127271703 0.2271521950606449 0 0.1826243819340622 0.1827725809633686 0 0.1544752740327291 0.1546432170114145 0 0.1463681625868427 0.1465180919387545 0 0.2536048014449755 0.2538280170883632 0 0.2402962570860732 0.2404901060745043 0 0.2040400377388517 0.2042356170498882 0 0.1933322098364583 0.1935040990066297 0 0.271351043520277 0.2715318091579197 0 0.2131640929096941 0.2132443454247993 0 0.1382610511409522 0.1383929668660904 0 0.1086026817940956 0.1086788484781165 0 0.2519553933167519 0.2521026545802155 0 0.2325597431132226 0.232673500002507 0 0.2269877127271709 0.2271521950606455 0 0.1826243819340617 0.1827725809633681 0 0.1783102892044937 0.1783891797759042 0 0.1434564854992971 0.1435340141270127 0 0.1283749280253338 0.1284882607367663 0 0.1184888049097172 0.1185835546074439 0 0.2107619048862773 0.2108978566323972 0 0.1945360970453864 0.1946435182041515 0 0.1695684164558046 0.1696930586845807 0 0.1565124509775521 0.156613536405798 0 0.2131640929096891 0.2132443454247943 0 0.146784341405755 0.1467843413059567 0 0.108602681794098 0.1086788484781189 0 0.07475995959071052 0.07479565574286229 0 0.1910375090750468 0.1910910107185175 0 0.1689109252404003 0.1689376760122365 0 0.1783102892044946 0.1783891797759051 0 0.1434564854992966 0.1435340141270123 0 0.122776214134073 0.1227881127849247 0 0.09876808686239341 0.09879188426389515 0 0.09732177439296895 0.09738445089970015 0 0.08604086699184227 0.08609005332128375 0 0.1597989308476863 0.1598554907789106 0 0.1412875724908797 0.1413218017819177 0 0.128560352620327 0.1286199708393047 0 0.1136642197413614 0.1137059275516011 0 0.1467843414057505 0.1467843413059522 0 0.0747956558013072 0.07475995948515424 0 0.0747599595907128 0.07479565574286456 0 0.03806513508819918 0.03806513505580415 0 0.1227881128709381 0.1227762140323549 0 0.09879188433612221 0.09876808675875413 0 0.1227762141340732 0.122788112784925 0 0.09876808686239308 0.09879188426389482 0 0.06255214889693718 0.06252835134203685 0 0.05030864199256959 0.05029674319892191 0 0.06252835142320808 0.06255214884717758 0 0.0502967432557054 0.05030864195149263 0 0.1027015257216937 0.1027015256372947 0 0.08262683730931569 0.08261493848966606 0 0.08261493857245028 0.08262683724223555 0 0.06646179028251087 0.06646179022057966 0 0.07479565580130317 0.0747599594851502 0 5.759691842195591e-16 5.757183548559149e-16 0 0.03806513508820051 0.03806513505580547 0 -7.932337339076704e-16 -7.932312562871736e-16 0 0.04986377053420366 0.04983997299010168 0 0.02493188526710184 0.02491998649505086 0 0.06255214889693718 0.06252835134203685 0 0.05030864199256928 0.05029674319892161 0 -5.576956028978044e-16 -5.57468716051703e-16 0 4.167709119303311e-16 4.166799258875718e-16 0 0.02537675672546685 0.02537675670387016 0 0.01268837836273414 0.0126883783519358 0 0.04170143259795785 0.04168556756135763 0 0.02085071629897876 0.02084278378067865 0 0.03353909466171179 0.03353116213261334 0 0.01676954733085676 0.01676558106630753 0 9.142454974069098e-18 9.138259160597477e-18 0 0.03829630397324974 0.03829630417292005 0 -1.240091954183397e-18 -1.240091960649022e-18 0 -7.919116760190637e-16 -7.919116802725214e-16 0 0.01276543465774982 0.01276543472430659 0 0.02553086931549966 0.0255308694486132 0 4.606410774740945e-18 4.606410791366838e-18 0 -1.948538455544076e-18 -1.948538469398987e-18 0 0.02553086931549947 0.02553086944861301 0 0.01276543465775029 0.01276543472430706 0 6.713399309395025e-17 6.713399340245293e-17 0 4.832652932938041e-16 4.832652957304211e-16 0 0.008510289771833155 0.008510289816204334 0 0.01702057954366637 0.01702057963240873 0 0.004255144885916511 0.004255144908102101 0 0.008510289771833492 0.008510289816204672 0 0.03829630397324857 0.03829630417291888 0 0.07511152116477975 0.07505105283837446 0 3.64562649253697e-16 3.645626510298966e-16 0 -1.555848126161657e-15 -1.55456000543999e-15 0 0.05056804303709257 0.05054788706140434 0 0.06283978210093577 0.06279946994988901 0 0.02553086931549962 0.02553086944861315 0 0.01276543465775001 0.01276543472430678 0 0.05007434744318556 0.05003403522558204 0 0.02503717372159359 0.02501701761279183 0 2.694504188559768e-16 2.693555936560859e-16 0 1.302145395650713e-15 1.301335041771004e-15 0 0.03371202869139472 0.03369859137426925 0 0.04189318806729034 0.04186631329992584 0 0.01685601434569714 0.0168492956871344 0 0.02094659403364592 0.02093315664996367 0 0.07511152116477708 0.0750510528383718 0 0.1090105013341278 0.1088744613752058 0 4.455248389205248e-16 4.452017597645357e-16 0 -2.259359948735931e-15 -2.256457774699045e-15 0 0.08641118122122823 0.0863255223506507 0 0.09771084127767798 0.09759999186292821 0 0.05007434744318583 0.05003403522558231 0 0.02503717372159332 0.02501701761279156 0 0.07267366755608434 0.07258297425013634 0 0.03633683377804352 0.03629148712506951 0 4.59509283861558e-16 4.591083932372396e-16 0 1.848515454523812e-15 1.846487217088468e-15 0 0.05760745414748512 0.05755034823376678 0 0.06514056085178496 0.06506666124195179 0 0.0288037270737421 0.02877517411688292 0 0.03257028042589363 0.03253333062097705 0 0.1090105013341247 0.1088744613752027 0 0.1386808274883571 0.1384815106329768 0 1.037343178805487e-15 1.036132454124985e-15 0 -2.87905273733659e-15 -2.874791837279996e-15 0 0.1189006100522038 0.1187434777944623 0 0.1287907187702801 0.1286124942137192 0 0.07267366755608473 0.07258297425013674 0 0.03633683377804314 0.03629148712506915 0 0.092453884992237 0.0923210070886501 0 0.04622694249612046 0.04616050354432701 0 6.331881815369233e-16 6.324498199639586e-16 0 2.66860112636073e-15 2.665019404633202e-15 0 0.07926707336813515 0.07916231852964085 0 0.0858604791801864 0.0857416628091458 0 0.03963353668406695 0.0395811592648198 0 0.0429302395900945 0.0428708314045742 0 0.1386808274883532 0.1384815106329728 0 0.162980029769995 0.1627499937604367 0 1.069368260511946e-15 1.06795492679892e-15 0 -3.384187344636107e-15 -3.379266809393403e-15 0 0.1467805615822354 0.1465710050087957 0 0.1548802956761144 0.1546604993846155 0 0.09245388499223747 0.09232100708865057 0 0.04622694249611949 0.04616050354432603 0 0.108653353179995 0.1084999958402895 0 0.05432667658999925 0.05424999792014647 0 7.819869140251664e-16 7.810013246517194e-16 0 3.209186614350669e-15 3.20476965769179e-15 0 0.09785370772148955 0.09771400333919643 0 0.1032535304507427 0.1031069995897434 0 0.04892685386074402 0.04885700166959746 0 0.05162676522537292 0.05155349979487325 0 0.16298002976999 0.1627499937604317 0 0.1809774980730155 0.1807663247813451 0 1.54631679131098e-15 1.544278198538154e-15 0 -3.758445365192332e-15 -3.753925043168068e-15 0 0.1689791858710008 0.1687554374340718 0 0.1749783419720077 0.174760881107708 0 0.1086533531799956 0.10849999584029 0 0.05432667658999898 0.0542499979201462 0 0.1206516653820089 0.120510883187562 0 0.06032583269100671 0.06025544159378325 0 9.001561217214948e-16 8.991030452346204e-16 0 3.310052416681049e-15 3.306075030982452e-15 0 0.1126527905806662 0.1125036249560469 0 0.1166522279813377 0.1165072540718046 0 0.05632639529033221 0.05625181247802254 0 0.05832611399067077 0.05825362703590421 0 0.1809774980730103 0.1807663247813399 0 0.1919933182506187 0.1918637894206527 0 1.390267633112906e-15 1.388780187965589e-15 0 -3.987694451606368e-15 -3.984916927865973e-15 0 0.1846494381322152 0.1844654796611129 0 0.1883213781914158 0.1881646345408817 0 0.1206516653820096 0.1205108831875626 0 0.06032583269100609 0.06025544159378263 0 0.1279955455004103 0.1279091929470996 0 0.06399777275020721 0.06395459647355187 0 9.840089369114435e-16 9.831423583502374e-16 0 3.562462569191576e-15 3.559596338303348e-15 0 0.1230996254214759 0.1229769864407411 0 0.1255475854609436 0.1254430896939208 0 0.06154981271073697 0.06148849322036955 0 0.06277379273047404 0.06272154484696266 0 0.1919933182506122 0.1918637894206462 0 0.1956370154654436 0.1956326539429308 0 1.820688349600232e-15 1.819546407491984e-15 0 -4.058396329295978e-15 -4.058294430512027e-15 0 0.1932078839888915 0.1931200775947433 0 0.1944224497271668 0.1943763657688363 0 0.1279955455004109 0.1279091929471002 0 0.06399777275020652 0.06395459647355117 0 0.1304246769769605 0.1304217692952853 0 0.06521233848848222 0.06521088464764463 0 1.029805391494637e-15 1.029390563115715e-15 0 4.02867399848818e-15 4.027750255712584e-15 0 0.1288052559925934 0.1287467183964946 0 0.1296149664847773 0.1295842438458903 0 0.06440262799629569 0.06437335919824626 0 0.064807483242391 0.06479212192294749 0 0.1956370154654367 0.1956326539429239 0 0.1917980250555973 0.1919306552278405 0 1.154420927632392e-15 1.154406612111157e-15 0 -3.984546024895563e-15 -3.987374745030433e-15 0 0.1943573519954928 0.194398654371232 0 0.1930776885255441 0.1931646547995353 0 0.1304246769769605 0.1304217692952853 0 0.06521233848848153 0.06521088464764392 0 0.1278653500370628 0.1279537701518917 0 0.06393267501853384 0.06397688507594826 0 1.036101362250737e-15 1.036293771029659e-15 0 3.652429803228924e-15 3.654021764193601e-15 0 0.1295715679969942 0.1295991029141537 0 0.128718459017029 0.1287764365330232 0 0.06478578399849609 0.06479955145707583 0 0.06435922950851652 0.0643882182665136 0 0.1917980250555909 0.1919306552278341 0 0.1806502986731643 0.1808474122079086 0 1.818065893121835e-15 1.819248442743512e-15 0 -3.753465799805281e-15 -3.757679466079005e-15 0 0.1880821162614508 0.1882362408878611 0 0.184366207467307 0.1845418265478843 0 0.1278653500370635 0.1279537701518923 0 0.06393267501853352 0.06397688507594793 0 0.1204335324487741 0.1205649414719371 0 0.06021676622438923 0.06028247073597068 0 1.002788774083901e-15 1.003512969301453e-15 0 3.817598005465349e-15 3.821125535024886e-15 0 0.1253880775076327 0.1254908272585729 0 0.1229108049782036 0.1230278843652551 0 0.06269403875381549 0.0627454136292856 0 0.0614554024891039 0.06151394218262966 0 0.1806502986731571 0.1808474122079015 0 0.1625823854786186 0.1627683420840776 0 1.06503915703609e-15 1.066083121395707e-15 0 -3.37410517771701e-15 -3.378080178005009e-15 0 0.1746276609416466 0.1748210554999625 0 0.1686050232101319 0.1687946987920193 0 0.1204335324487745 0.1205649414719374 0 0.0602167662243889 0.06028247073597035 0 0.1083882569857442 0.1085122280560502 0 0.05419412849287407 0.05425611402802707 0 9.313362650813569e-16 9.322463613873302e-16 0 3.49113150654815e-15 3.494940257224968e-15 0 0.1164184406277637 0.1165473703333076 0 0.1124033488067543 0.1125297991946793 0 0.05820922031388091 0.05827368516665288 0 0.05620167440337924 0.05626489959734172 0 0.1625823854786126 0.1627683420840716 0 0.1382610511409514 0.1383929668660896 0 1.540248202740036e-15 1.541893996901951e-15 0 -2.873816136943819e-15 -2.876642823780706e-15 0 0.1544752740327279 0.1546432170114133 0 0.1463681625868393 0.1465180919387511 0 0.1083882569857445 0.1085122280560505 0 0.05419412849287348 0.05425611402802647 0 0.09217403409396625 0.09226197791072505 0 0.04608701704698484 0.04613098895536424 0 8.240512693054131e-16 8.248426187623238e-16 0 2.768318732829685e-15 2.771059829314004e-15 0 0.102983516021818 0.1030954780076083 0 0.09757877505789232 0.09767872795916685 0 0.05149175801090808 0.0515477390038032 0 0.04878938752894776 0.04883936397958502 0 0.1382610511409459 0.1383929668660841 0 0.1086026817940972 0.1086788484781182 0 1.064149366880069e-15 1.06508077318187e-15 0 -2.258068620851338e-15 -2.259702421889767e-15 0 0.1283749280253321 0.1284882607367645 0 0.1184888049097146 0.1185835546074413 0 0.09217403409396654 0.09226197791072535 0 0.04608701704698429 0.0461309889553637 0 0.07240178786273078 0.07245256565207805 0 0.03620089393136658 0.03622628282604021 0 6.847700836130764e-16 6.853040389682394e-16 0 2.242726223620008e-15 2.24445982441432e-15 0 0.08558328535022065 0.08565884049117561 0 0.07899253660647579 0.0790557030716269 0 0.04279164267510964 0.04282942024558712 0 0.03949626830323928 0.03952785153581483 0 0.1086026817940932 0.1086788484781141 0 0.07475995959071248 0.07479565574286424 0 8.349082993939926e-16 8.354440295996413e-16 0 -1.553237504344475e-15 -1.554003203334425e-15 0 0.0973217743929682 0.09738445089969938 0 0.08604086699183969 0.08609005332128117 0 0.07240178786273117 0.07245256565207844 0 0.03620089393136613 0.03622628282603976 0 0.04983997306047405 0.04986377049524189 0 0.02491998653023787 0.02493188524762179 0 5.193069906350673e-16 5.196024182939834e-16 0 1.782290880631942e-15 1.783278532874184e-15 0 0.06488118292864481 0.06492296726646561 0 0.0573605779945596 0.05739336888085392 0 0.03244059146432189 0.03246148363323229 0 0.02868028899728084 0.028696684440428 0 0.07475995959070851 0.07479565574286028 0 0.03806513508820058 0.03806513505580554 0 5.74582674118079e-16 5.748336348425277e-16 0 -7.932312569854896e-16 -7.932337332126238e-16 0 0.0625283514232074 0.0625521488471769 0 0.05029674325570342 0.05030864195149066 0 0.0498399730604744 0.04986377049524224 0 0.02491998653023773 0.02493188524762165 0 0.02537675672546627 0.02537675670386958 0 0.0126883783627337 0.01268837835193535 0 3.338856140720342e-16 3.339980661045839e-16 0 9.517122067574691e-16 9.51929514645248e-16 0 0.04168556761547117 0.04170143256478417 0 0.03353116217046891 0.03353909463432706 0 0.02084278380773527 0.02085071628239177 0 0.01676558108523514 0.01676954731716421 0 0.03806513508819788 0.03806513505580284 0 3.587126031070511e-16 3.587147494905144e-16 0 2.910974867163226e-16 2.910953398227175e-16 0 -2.641299338150216e-18 -2.641299335902359e-18 0 0.02537675672546627 0.02537675670386957 0 0.01268837836273314 0.0126883783519348 0 0.02537675672546641 0.02537675670386972 0 0.01268837836273372 0.01268837835193537 0 -2.26015236814352e-16 -2.260152366084483e-16 0 8.192027274823288e-17 8.192027268529287e-17 0 9.199720349880795e-17 9.199720343406966e-17 0 2.622329742325497e-16 2.62232974016156e-16 0 0.01691783781697738 0.01691783780257958 0 0.008458918908488773 0.008458918901289875 0 0.008458918908488525 0.008458918901289629 0 0.004229459454244688 0.00422945945064524 0 </DataArray>
      </PointData>
    </Piece>
  </UnstructuredGrid>
</VTKFile>
